state,date,mob_total
AK,2019-01-26,1946248.4846279926
AK,2019-02-02,2140458.7188407895
AK,2019-02-09,2103370.387606398
AK,2019-02-16,1912779.0817868882
AK,2019-02-23,1768465.554322071
AK,2019-03-02,2138703.243717661
AK,2019-03-09,2888600.7214979487
AK,2019-03-16,2887557.673237606
AK,2019-03-23,2575907.2248490825
AK,2019-03-30,2742445.939895455
AK,2019-04-06,3009385.7441203105
AK,2019-04-13,3333161.1063396097
AK,2019-04-20,2994001.924743455
AK,2019-04-27,2730531.5025298223
AK,2019-05-04,5686205.749517809
AK,2019-05-11,5588197.656044385
AK,2019-05-18,5552244.7517245095
AK,2019-05-25,5732165.567503712
AK,2019-06-01,6094699.042612488
AK,2019-06-08,7153114.012968161
AK,2019-06-15,6577810.558357928
AK,2019-06-22,7529408.660949108
AK,2019-06-29,6628713.2915813755
AK,2019-07-06,9094420.746652985
AK,2019-07-13,8407289.576503899
AK,2019-07-20,7365462.56603874
AK,2019-07-27,7240302.108317204
AK,2019-08-03,10210460.17744396
AK,2019-08-10,9554096.565022184
AK,2019-08-17,8187961.478747154
AK,2019-08-24,6550696.196227652
AK,2019-08-31,6756697.696126968
AK,2019-09-07,10709312.693802794
AK,2019-09-14,8903590.430385415
AK,2019-09-21,8000354.538690804
AK,2019-09-28,7202001.150602492
AK,2019-10-05,8268804.308984264
AK,2019-10-12,6754967.417936395
AK,2019-10-19,5609203.754102962
AK,2019-10-26,6035617.870323663
AK,2019-11-02,5456665.899573803
AK,2019-11-09,7499644.774899178
AK,2019-11-16,6126043.266863216
AK,2019-11-23,6977616.978025124
AK,2019-11-30,5649220.003768717
AK,2019-12-07,7904718.418530487
AK,2019-12-14,7721648.355779689
AK,2019-12-21,8399626.001372216
AK,2019-12-28,5386976.795960771
AK,2020-01-04,6996954.106141027
AK,2020-01-11,7632319.7642617645
AK,2020-01-18,7247510.246480357
AK,2020-01-25,7172053.436282825
AK,2020-02-01,7577046.022083167
AK,2020-02-08,9000750.466787983
AK,2020-02-15,9410015.425583582
AK,2020-02-22,8308578.431578917
AK,2020-02-29,7862924.499608144
AK,2020-03-07,9689967.481726903
AK,2020-03-14,8247464.113052782
AK,2020-03-21,7233153.251257385
AK,2020-03-28,4854606.151300302
AK,2020-04-04,6269043.74744761
AK,2020-04-11,6650846.094586162
AK,2020-04-18,6005377.338071109
AK,2020-04-25,6935852.6492668735
AK,2020-05-02,7078383.474738829
AK,2020-05-09,8804982.423606798
AK,2020-05-16,9641937.099705327
AK,2020-05-23,8495420.38306169
AK,2020-05-30,8865026.45240973
AK,2020-06-06,9946675.968011672
AK,2020-06-13,9330219.48618852
AK,2020-06-20,9310457.9819034
AK,2020-06-27,9230074.219771627
AK,2020-07-04,11132026.180901049
AK,2020-07-11,10356027.790913116
AK,2020-07-18,9484385.16763525
AK,2020-07-25,9061734.001768742
AK,2020-08-01,8245849.865923719
AK,2020-08-08,9810814.062325977
AK,2020-08-15,9792194.912456825
AK,2020-08-22,8064371.6664283695
AK,2020-08-29,7523888.432966562
AK,2020-09-05,9852687.21724047
AK,2020-09-12,9151806.28276109
AK,2020-09-19,8353599.967441303
AK,2020-09-26,8000679.2502351245
AK,2020-10-03,9833701.156014029
AK,2020-10-10,9510505.211095585
AK,2020-10-17,9064579.578683447
AK,2020-10-24,8754797.474679045
AK,2020-10-31,8136286.268122587
AK,2020-11-07,7289308.523219591
AK,2020-11-14,6958963.10364477
AK,2020-11-21,6719860.254599889
AK,2020-11-28,5527798.610127054
AK,2020-12-05,8767214.1718241
AK,2020-12-12,7861666.96941959
AK,2020-12-19,7536943.636190299
AK,2020-12-26,6315869.702812658
AK,2021-01-09,7849242.196919433
AK,2021-01-16,7032272.810673612
AK,2021-01-23,6835525.157696431
AK,2021-01-30,7142844.352578495
AK,2021-02-06,9146901.574346079
AK,2021-02-13,8085303.067489977
AK,2021-02-20,7760576.587594683
AK,2021-02-27,7999448.790620509
AK,2021-03-06,10003950.25799433
AK,2021-03-13,8830688.175226087
AK,2021-03-20,8225383.587322797
AK,2021-03-27,7876479.665171731
AK,2021-04-03,8590076.54038962
AK,2021-04-10,8406836.31438168
AK,2021-04-17,9399192.338853225
AK,2021-04-24,8108249.116294018
AK,2021-05-01,8309125.220137535
AK,2021-05-08,10166438.340605864
AK,2021-05-15,9310350.72639348
AK,2021-05-22,7551204.883087419
AK,2021-05-29,9797011.002959954
AK,2021-06-05,12293095.098854309
AK,2021-06-12,10746666.025012601
AK,2021-06-19,10153149.22389733
AK,2021-06-26,10148812.290852187
AK,2021-07-03,12791732.584344655
AK,2021-07-10,11903003.67639101
AK,2021-07-17,11412291.040563427
AK,2021-07-24,10671608.752058914
AK,2021-07-31,11588609.675785884
AK,2021-08-07,12736401.512281839
AK,2021-08-14,11198718.709601944
AK,2021-08-21,10549146.92745128
AK,2021-08-28,9813654.49623676
AK,2021-09-04,11394892.598898016
AK,2021-09-11,10544497.25482089
AK,2021-09-18,10492460.248843143
AK,2021-09-25,8850887.839556336
AK,2021-10-02,7883283.95073934
AK,2021-10-09,9348501.592386343
AK,2021-10-16,9478615.299895482
AK,2021-10-23,8344758.968675866
AK,2021-10-30,9192244.876404421
AK,2021-11-06,10071866.566001575
AK,2021-11-13,10238070.91474196
AK,2021-11-20,7801367.51078091
AK,2021-11-27,7483834.889701956
AK,2021-12-04,10764075.457346894
AK,2021-12-11,10156953.248083664
AK,2021-12-18,9584093.307233175
AK,2021-12-25,8075774.988954736
AK,2022-01-01,7087574.908848702
AK,2022-01-08,8839742.345281065
AK,2022-01-15,10014338.598067679
AK,2022-01-22,8515438.073972559
AK,2022-01-29,9530212.42072219
AK,2022-02-05,10845369.762132362
AK,2022-02-12,10549556.056406349
AK,2022-02-19,11474614.225205943
AK,2022-02-26,10839439.06524965
AK,2022-03-05,12579285.168672325
AK,2022-03-12,10768481.16793144
AK,2022-03-19,10362294.755224265
AK,2022-03-26,9721018.663127646
AK,2022-04-02,10221096.952718765
AK,2022-04-09,11075295.669486627
AK,2022-04-16,10352730.263354268
AK,2022-04-23,11268057.634637086
AK,2022-04-30,9631365.225905513
AK,2022-05-07,12886540.5358531
AK,2022-05-14,12376241.636029432
AK,2022-05-21,14286930.002493529
AK,2022-05-28,12693334.741447173
AK,2022-06-04,15580841.038527198
AK,2022-06-11,15118018.472677339
AK,2022-06-18,12099560.115025973
AK,2022-06-25,10057623.060720569
AK,2022-07-02,10131137.253078282
AK,2022-07-09,13751191.784731109
AK,2022-07-16,12901952.97778802
AK,2022-07-23,12186457.79370726
AK,2022-07-30,12345543.868794493
AK,2022-08-06,15338568.581007514
AK,2022-08-13,15478075.796903217
AK,2022-08-20,12737044.329874324
AK,2022-08-27,11322772.154813513
AK,2022-09-03,13188212.65003113
AK,2022-09-10,12050384.781290563
AK,2022-09-17,12221797.329231527
AK,2022-09-24,10563020.096877469
AK,2022-10-01,9220292.348199772
AK,2022-10-08,10996229.20204929
AK,2022-10-15,9967194.53055939
AK,2022-10-22,9351206.706844622
AK,2022-10-29,9172328.364290675
AK,2022-11-05,12019132.220805652
AK,2022-11-12,11477222.191696445
AK,2022-11-19,10215324.557816986
AK,2022-11-26,9009610.67281621
AK,2022-12-03,11319967.955157302
AK,2022-12-10,10892668.162824815
AK,2022-12-17,10962428.749990843
AK,2022-12-24,8810805.45285927
AK,2022-12-31,9822731.444511278
AK,2023-01-07,22020400.496994857
AK,2023-01-14,21682789.494118765
AK,2023-01-21,16570093.847517729
AK,2023-01-28,17068005.028351456
AK,2023-02-04,15873237.20609903
AK,2023-02-11,17253745.506188385
AK,2023-02-18,18721617.247687344
AK,2023-02-25,17322674.626147177
AK,2023-03-04,8172042.768734466
AK,2023-03-11,7794832.891190098
AK,2023-03-18,5894171.343474774
AK,2023-03-25,6011788.507946837
AK,2023-04-01,5385106.439645088
AK,2023-04-08,7163038.3558669165
AK,2023-04-15,7140002.164137317
AK,2023-04-22,6077424.811032961
AK,2023-04-29,5156271.73198005
AK,2023-05-06,6208835.7509886315
AK,2023-05-13,5783303.206995868
AK,2023-05-20,5945823.885047062
AK,2023-05-27,6063725.121672932
AK,2023-06-03,7099910.861964511
AK,2023-06-10,5419678.098734522
AK,2023-06-17,5339842.5349902995
AK,2023-06-24,5329534.764148541
AK,2023-07-01,4723340.636739525
AK,2023-07-08,5355014.731405746
AK,2023-07-15,5148648.206268156
AK,2023-07-22,4549222.900109923
AK,2023-07-29,4137260.0332515435
AK,2023-08-05,4808758.049601288
AK,2023-08-12,4376173.757769818
AK,2023-08-19,4074686.8788811644
AK,2023-08-26,3742992.1644631014
AK,2023-09-02,3789994.398770625
AK,2023-09-09,3634296.397910152
AK,2023-09-16,3102119.279794231
AK,2023-09-23,2723021.9385045846
AK,2023-09-30,2514746.1151412316
AK,2023-10-07,2750331.726193203
AK,2023-10-14,2639301.548037624
AK,2023-10-21,2128727.520816361
AK,2023-10-28,2257384.8254026407
AK,2023-11-04,2782601.931662882
AK,2023-11-11,2691125.260219438
AK,2023-11-18,3107596.4607207994
AK,2023-11-25,2588871.2614296214
AK,2023-12-02,2474026.006017803
AK,2023-12-09,3525578.0055714506
AK,2023-12-16,3442588.5560687436
AK,2023-12-23,3168101.376353414
AK,2023-12-30,2771187.0675416365
AK,2024-01-06,3243028.146226598
AK,2024-01-13,3568872.0514615695
AK,2024-01-20,3532958.924304129
AK,2024-01-27,7364207.004929896
AK,2024-02-03,13090418.602333598
AK,2024-02-10,7354058.0573783545
AK,2024-02-17,6737992.186463554
AK,2024-02-24,6078693.902610739
AK,2024-03-02,6813339.597376294
AK,2024-03-09,12922889.89801736
AK,2024-03-16,17602602.755142774
AK,2024-03-23,10640784.059950052
AK,2024-03-30,10591279.771918464
AK,2024-04-06,16441782.026737042
AK,2024-04-13,13897230.870268181
AK,2024-04-20,14492102.885250757
AK,2024-04-27,8596922.649251623
AK,2024-05-04,18606984.379215837
AK,2024-05-11,18622870.251408868
AK,2024-05-18,11785822.889862053
AK,2024-05-25,11069876.708499687
AK,2024-06-01,12431589.859806597
AK,2024-06-08,11875188.416189076
AK,2024-06-15,13485629.517133728
AK,2024-06-22,95558.28540660093
AK,2024-06-29,39890.20271198243
AK,2024-07-06,109458.3397173549
AK,2024-07-13,76095.51409129107
AK,2024-07-20,84440.34375120282
AK,2024-07-27,58809.14260459027
AK,2024-08-03,241754.3817216274
AK,2024-08-10,98529.71183030312
AK,2024-08-17,68997.95573988624
AK,2024-08-24,57716.6135982448
AK,2024-08-31,59664.65199366464
AK,2024-09-07,130373.54221283861
AK,2024-09-14,104597.65177739196
AK,2024-09-21,82337.3618571813
AK,2024-09-28,71208.9703414125
AK,2024-10-05,161042.6311439249
AK,2024-10-12,6162029.561434875
AK,2024-10-19,4187076.0312020765
AK,2024-10-26,3808451.0055128788
AK,2024-11-02,5246603.399901615
AK,2024-11-09,8848289.906842137
AK,2024-11-16,2399774.316312028
AK,2024-11-23,2428555.0655929022
AK,2024-11-30,2180128.2936248775
AK,2024-12-07,2905372.5530805895
AK,2024-12-14,3085355.1622676025
AK,2024-12-21,2854256.978713414
AK,2024-12-28,2925212.642825059
AK,2025-01-04,3318880.0582984923
AK,2025-01-11,3556877.0878438125
AK,2025-01-18,3240804.095801945
AK,2025-01-25,3287642.4179509683
AK,2025-02-01,2729938.864249807
AK,2025-02-08,2856798.9579113983
AK,2025-02-15,3336889.4931524387
AK,2025-02-22,2780395.304403942
AK,2025-03-01,2461874.9369874694
AK,2025-03-08,2319919.883092852
AK,2025-03-15,1715912.8917879188
AK,2025-03-22,2093817.7118385527
AK,2025-03-29,1916797.8212887412
AK,2025-04-05,3410532.540191055
AK,2025-04-12,3002183.272591914
AK,2025-04-19,3143602.5489306883
AK,2025-04-26,3503795.4065583046
AK,2025-05-03,3835225.1253059884
AL,2019-01-26,7816689.904896059
AL,2019-02-02,7369234.2206581915
AL,2019-02-09,8919407.794033403
AL,2019-02-16,8837845.465158101
AL,2019-02-23,7781280.364740582
AL,2019-03-02,8133896.969192153
AL,2019-03-09,9459902.88620076
AL,2019-03-16,8824138.976547783
AL,2019-03-23,8867687.786585987
AL,2019-03-30,8270554.5889187
AL,2019-04-06,9186888.994621994
AL,2019-04-13,8664470.463939136
AL,2019-04-20,9489168.577223014
AL,2019-04-27,8103255.378982823
AL,2019-05-04,13877588.40575546
AL,2019-05-11,13966120.280458612
AL,2019-05-18,13252611.95650768
AL,2019-05-25,12628748.928988721
AL,2019-06-01,10741700.255585648
AL,2019-06-08,12668425.33576619
AL,2019-06-15,12755867.256143851
AL,2019-06-22,11862711.369669512
AL,2019-06-29,12058714.483934656
AL,2019-07-06,12743581.02102641
AL,2019-07-13,12695876.476928335
AL,2019-07-20,12521123.822359262
AL,2019-07-27,12874731.721955817
AL,2019-08-03,16428415.679409303
AL,2019-08-10,15964570.90915621
AL,2019-08-17,14705818.79504535
AL,2019-08-24,15097645.288111033
AL,2019-08-31,14706459.130023457
AL,2019-09-07,19826643.418629285
AL,2019-09-14,20132358.804629784
AL,2019-09-21,20042984.26493891
AL,2019-09-28,20527740.88814552
AL,2019-10-05,20626228.47188016
AL,2019-10-12,18459557.77134043
AL,2019-10-19,16086653.159923583
AL,2019-10-26,16491821.321854986
AL,2019-11-02,17195498.898210075
AL,2019-11-09,17227745.61280245
AL,2019-11-16,16792538.486239124
AL,2019-11-23,16851283.388900477
AL,2019-11-30,16787191.33649359
AL,2019-12-07,20024885.194039196
AL,2019-12-14,20377050.298184346
AL,2019-12-21,19242827.874600403
AL,2019-12-28,15539032.624073558
AL,2020-01-04,17304622.744123016
AL,2020-01-11,18370812.699278537
AL,2020-01-18,17648962.8551178
AL,2020-01-25,16656242.38630981
AL,2020-02-01,17402782.017545044
AL,2020-02-08,19250935.805597875
AL,2020-02-15,22155901.031668242
AL,2020-02-22,19445094.536348287
AL,2020-02-29,20477789.367345527
AL,2020-03-07,22503224.79562015
AL,2020-03-14,19720491.48818355
AL,2020-03-21,13210976.408489775
AL,2020-03-28,10085253.201843835
AL,2020-04-04,11305346.493978322
AL,2020-04-11,10255036.596197475
AL,2020-04-18,10464202.304060394
AL,2020-04-25,11978055.932106113
AL,2020-05-02,11920521.611777592
AL,2020-05-09,16925962.736707296
AL,2020-05-16,15587578.099234799
AL,2020-05-23,16540266.997325992
AL,2020-05-30,15744252.169483505
AL,2020-06-06,18726269.180031285
AL,2020-06-13,18081915.339978103
AL,2020-06-20,17342885.482789695
AL,2020-06-27,16699297.164935442
AL,2020-07-04,16904090.063973207
AL,2020-07-11,17137125.04337205
AL,2020-07-18,16424725.250243362
AL,2020-07-25,16489741.995063193
AL,2020-08-01,15831325.807527477
AL,2020-08-08,16408943.685429247
AL,2020-08-15,16896793.310430046
AL,2020-08-22,17493089.182070844
AL,2020-08-29,15172796.969554974
AL,2020-09-05,18486152.983608864
AL,2020-09-12,17016536.13518832
AL,2020-09-19,16124479.9535918
AL,2020-09-26,16332405.514092555
AL,2020-10-03,19321507.962395463
AL,2020-10-10,18411686.501638837
AL,2020-10-17,16501601.076189885
AL,2020-10-24,16911619.90882291
AL,2020-10-31,16501307.65674216
AL,2020-11-07,16616890.086388174
AL,2020-11-14,15665068.280467058
AL,2020-11-21,15637802.555617878
AL,2020-11-28,12787381.465998491
AL,2020-12-05,16984785.74834842
AL,2020-12-12,16226615.61107058
AL,2020-12-19,15665938.641753519
AL,2020-12-26,13328115.950908285
AL,2021-01-09,16211856.274642568
AL,2021-01-16,14399065.352283208
AL,2021-01-23,14510897.609692851
AL,2021-01-30,13774844.24984098
AL,2021-02-06,17216647.408081915
AL,2021-02-13,17971086.09649209
AL,2021-02-20,12897082.209886605
AL,2021-02-27,16756884.136225598
AL,2021-03-06,19181943.20831675
AL,2021-03-13,19104844.916631576
AL,2021-03-20,18679191.824307997
AL,2021-03-27,17424380.224046126
AL,2021-04-03,20391506.264949415
AL,2021-04-10,21905179.407263935
AL,2021-04-17,19611323.948689442
AL,2021-04-24,17806738.936942384
AL,2021-05-01,17936619.46307647
AL,2021-05-08,21092285.29066714
AL,2021-05-15,19069744.35480147
AL,2021-05-22,18536276.574657895
AL,2021-05-29,19593195.097403534
AL,2021-06-05,21261479.397586033
AL,2021-06-12,19847726.64191466
AL,2021-06-19,19392758.018235035
AL,2021-06-26,18973383.5160397
AL,2021-07-03,21976729.016858976
AL,2021-07-10,19826000.604714826
AL,2021-07-17,19777756.75982564
AL,2021-07-24,18873220.719284095
AL,2021-07-31,19204916.32927661
AL,2021-08-07,23806314.750572324
AL,2021-08-14,22692058.645175908
AL,2021-08-21,20359303.836580116
AL,2021-08-28,19601326.590391386
AL,2021-09-04,22276101.483640675
AL,2021-09-11,20660822.458321195
AL,2021-09-18,19582741.86127707
AL,2021-09-25,21156952.860001314
AL,2021-10-02,22066261.769218225
AL,2021-10-09,22257623.332256027
AL,2021-10-16,22390389.60702674
AL,2021-10-23,22185326.00615848
AL,2021-10-30,21325870.108287387
AL,2021-11-06,22042122.73469984
AL,2021-11-13,21559506.00537072
AL,2021-11-20,22088197.939529028
AL,2021-11-27,20031958.623248365
AL,2021-12-04,23943463.2327357
AL,2021-12-11,21084988.018309563
AL,2021-12-18,24644786.03948649
AL,2021-12-25,19441236.784773085
AL,2022-01-01,16619502.30596636
AL,2022-01-08,19140285.0157379
AL,2022-01-15,17904348.693771984
AL,2022-01-22,18889666.47588242
AL,2022-01-29,19587180.106413145
AL,2022-02-05,23826908.355151758
AL,2022-02-12,23031081.362794913
AL,2022-02-19,21619357.32678053
AL,2022-02-26,21348036.569393788
AL,2022-03-05,24380532.771198146
AL,2022-03-12,22728671.806097668
AL,2022-03-19,21722136.92070817
AL,2022-03-26,20743697.091305602
AL,2022-04-02,21366895.42949676
AL,2022-04-09,22616501.753754396
AL,2022-04-16,22784236.633526187
AL,2022-04-23,21685757.75334217
AL,2022-04-30,20999674.09774186
AL,2022-05-07,25437917.591235217
AL,2022-05-14,23532583.934667643
AL,2022-05-21,24017968.45898714
AL,2022-05-28,22796353.35916093
AL,2022-06-04,22490917.54460619
AL,2022-06-11,22671225.80713965
AL,2022-06-18,17720553.08896238
AL,2022-06-25,15716428.111385694
AL,2022-07-02,15405909.114217
AL,2022-07-09,17461762.056212835
AL,2022-07-16,19378659.177327827
AL,2022-07-23,17031228.605273537
AL,2022-07-30,17556489.623859014
AL,2022-08-06,24390161.075264495
AL,2022-08-13,22202914.034239016
AL,2022-08-20,21567314.611484703
AL,2022-08-27,20515459.053715166
AL,2022-09-03,22929352.817170896
AL,2022-09-10,22873021.283492006
AL,2022-09-17,23423265.953781947
AL,2022-09-24,22375034.18556644
AL,2022-10-01,24012793.702323224
AL,2022-10-08,24919110.06735842
AL,2022-10-15,24014003.92480494
AL,2022-10-22,24213756.921952844
AL,2022-10-29,23094147.70897321
AL,2022-11-05,24965608.067061204
AL,2022-11-12,24499517.983758565
AL,2022-11-19,24708805.775170438
AL,2022-11-26,22267700.116021056
AL,2022-12-03,24632856.54926618
AL,2022-12-10,23107961.2444552
AL,2022-12-17,23338251.04950239
AL,2022-12-24,20106954.19622352
AL,2022-12-31,18394103.39469683
AL,2023-01-07,19791487.61604505
AL,2023-01-14,18260139.826416954
AL,2023-01-21,18872061.104020596
AL,2023-01-28,18716823.955924902
AL,2023-02-04,35198351.02004831
AL,2023-02-11,33522415.271473978
AL,2023-02-18,32768892.79248515
AL,2023-02-25,30743069.170425523
AL,2023-03-04,57708709.772101186
AL,2023-03-11,54730579.27304748
AL,2023-03-18,50452996.29274461
AL,2023-03-25,43923955.99053639
AL,2023-04-01,45385152.200786404
AL,2023-04-08,34846151.2544152
AL,2023-04-15,32039291.428020585
AL,2023-04-22,28488041.18344245
AL,2023-04-29,30828508.56467572
AL,2023-05-06,52318588.18690183
AL,2023-05-13,52522321.066039026
AL,2023-05-20,48032616.10615154
AL,2023-05-27,41380042.92221955
AL,2023-06-03,70103992.26882331
AL,2023-06-10,37188762.40385229
AL,2023-06-17,38929072.050098844
AL,2023-06-24,37894520.403973885
AL,2023-07-01,34925937.5890228
AL,2023-07-08,37793744.16494103
AL,2023-07-15,31864550.68281931
AL,2023-07-22,26067014.383260544
AL,2023-07-29,25173366.25103944
AL,2023-08-05,20741822.320972804
AL,2023-08-12,29634796.25198693
AL,2023-08-19,29309021.29740766
AL,2023-08-26,25401838.08296945
AL,2023-09-02,25096236.031486496
AL,2023-09-09,27083899.34493571
AL,2023-09-16,26494140.02674382
AL,2023-09-23,22903642.639291044
AL,2023-09-30,20392960.52077443
AL,2023-10-07,24434008.759435028
AL,2023-10-14,23738956.025729895
AL,2023-10-21,21267989.705985025
AL,2023-10-28,26758700.83062676
AL,2023-11-04,18937163.39653539
AL,2023-11-11,18709021.720970593
AL,2023-11-18,18952878.51478535
AL,2023-11-25,19696737.698651373
AL,2023-12-02,16424653.45910298
AL,2023-12-09,19038786.394395802
AL,2023-12-16,18072209.580492046
AL,2023-12-23,17937076.838252608
AL,2023-12-30,15173052.542317409
AL,2024-01-06,16581990.954633538
AL,2024-01-13,18610430.22903219
AL,2024-01-20,15289503.05899772
AL,2024-01-27,56150268.893622786
AL,2024-02-03,62207989.63967408
AL,2024-02-10,44436535.69197389
AL,2024-02-17,36661543.29940337
AL,2024-02-24,30843493.613582335
AL,2024-03-02,32773184.079237502
AL,2024-03-09,82008362.84820259
AL,2024-03-16,74892858.94641018
AL,2024-03-23,72780324.40278801
AL,2024-03-30,60796400.26229678
AL,2024-04-06,93552701.61252885
AL,2024-04-13,92008684.9674782
AL,2024-04-20,65196166.79904342
AL,2024-04-27,51874728.46733013
AL,2024-05-04,96420304.82576522
AL,2024-05-11,83792254.62397939
AL,2024-05-18,75363411.57835203
AL,2024-05-25,71775529.08153388
AL,2024-06-01,84140055.43057115
AL,2024-06-08,74825373.7491149
AL,2024-06-15,66273240.76464542
AL,2024-07-06,183.9227979913819
AL,2024-07-13,175.45882726811914
AL,2024-07-20,140.3878538455471
AL,2024-07-27,149.61318105013558
AL,2024-08-03,115.51563844346013
AL,2024-08-10,192.80403732216482
AL,2024-08-17,241.4589145620032
AL,2024-08-24,110.458116681745
AL,2024-08-31,242.0222530508916
AL,2024-10-05,107.09001654327386
AL,2024-10-12,47361294.98568371
AL,2024-10-19,35452137.2807409
AL,2024-10-26,30208234.391795136
AL,2024-11-02,31779696.405208405
AL,2024-11-09,55583308.74009599
AL,2024-11-16,13365350.551489078
AL,2024-11-23,13572914.722515956
AL,2024-11-30,12701854.645229045
AL,2024-12-07,12635581.053696519
AL,2024-12-14,13337633.627884543
AL,2024-12-21,12710056.83745602
AL,2024-12-28,12028566.400833929
AL,2025-01-04,11954314.752459282
AL,2025-01-11,11143735.2155078
AL,2025-01-18,11500629.474616725
AL,2025-01-25,10908913.31917595
AL,2025-02-01,10718828.402930727
AL,2025-02-08,11069894.84355803
AL,2025-02-15,12186044.183476426
AL,2025-02-22,10653412.119893018
AL,2025-03-01,10362888.102226382
AL,2025-03-08,11835354.744792344
AL,2025-03-15,13025978.116159024
AL,2025-03-22,11025928.636645313
AL,2025-03-29,13051849.645285685
AL,2025-04-05,11845419.106197624
AL,2025-04-12,11133517.301978633
AL,2025-04-19,10729353.031257836
AL,2025-04-26,11027574.897151576
AL,2025-05-03,12845828.84414711
AR,2019-01-26,7289591.504446626
AR,2019-02-02,7282143.480885577
AR,2019-02-09,7833377.710993757
AR,2019-02-16,7707344.652110825
AR,2019-02-23,7296556.996183813
AR,2019-03-02,7582958.317798142
AR,2019-03-09,8302092.453960028
AR,2019-03-16,8681165.514577014
AR,2019-03-23,7280613.462841648
AR,2019-03-30,8130421.347735722
AR,2019-04-06,8104147.614460417
AR,2019-04-13,8328217.321312689
AR,2019-04-20,8051924.366993485
AR,2019-04-27,7985154.539535567
AR,2019-05-04,12695907.206634622
AR,2019-05-11,12516378.933794552
AR,2019-05-18,11839413.354611767
AR,2019-05-25,11733085.038583431
AR,2019-06-01,10859737.940599488
AR,2019-06-08,12076504.76283473
AR,2019-06-15,11538837.76901794
AR,2019-06-22,11110132.34931544
AR,2019-06-29,11135712.826974276
AR,2019-07-06,11996171.997460235
AR,2019-07-13,11928165.119720558
AR,2019-07-20,11603539.057829091
AR,2019-07-27,10956117.23504218
AR,2019-08-03,14987621.175506948
AR,2019-08-10,14432290.63434599
AR,2019-08-17,13766824.103080517
AR,2019-08-24,12927630.358877836
AR,2019-08-31,13909947.107030844
AR,2019-09-07,17855150.00858856
AR,2019-09-14,17931442.268522535
AR,2019-09-21,17804097.307308618
AR,2019-09-28,17799777.827034034
AR,2019-10-05,19132228.68081092
AR,2019-10-12,17386468.819339395
AR,2019-10-19,16717569.218745533
AR,2019-10-26,15583817.231676273
AR,2019-11-02,15961833.806682793
AR,2019-11-09,16803884.58573894
AR,2019-11-16,15590027.67829991
AR,2019-11-23,14814003.667289423
AR,2019-11-30,14536714.215399032
AR,2019-12-07,18175053.25580387
AR,2019-12-14,18112728.64012197
AR,2019-12-21,18062490.842902023
AR,2019-12-28,13548384.741015244
AR,2020-01-04,15835847.294349521
AR,2020-01-11,16163180.566627592
AR,2020-01-18,16030312.836659597
AR,2020-01-25,14281886.047893194
AR,2020-02-01,15235741.264987394
AR,2020-02-08,17913308.123642955
AR,2020-02-15,18012099.731996335
AR,2020-02-22,16272497.872726087
AR,2020-02-29,18365748.17992438
AR,2020-03-07,19961566.949614804
AR,2020-03-14,18089672.16493679
AR,2020-03-21,11702011.215435857
AR,2020-03-28,9002199.142920932
AR,2020-04-04,9580560.488669688
AR,2020-04-11,9109167.553710695
AR,2020-04-18,9953188.283157147
AR,2020-04-25,10946574.88713793
AR,2020-05-02,11217922.685593074
AR,2020-05-09,14559008.920402339
AR,2020-05-16,12385223.384371703
AR,2020-05-23,13898239.841200618
AR,2020-05-30,13989992.419017503
AR,2020-06-06,16332850.13146645
AR,2020-06-13,15498644.342713319
AR,2020-06-20,15527529.355061186
AR,2020-06-27,14117763.542254118
AR,2020-07-04,15759025.063568622
AR,2020-07-11,16416111.713588472
AR,2020-07-18,15657900.427986408
AR,2020-07-25,14110666.880317476
AR,2020-08-01,13844347.154620098
AR,2020-08-08,15065889.422047436
AR,2020-08-15,15191357.202721063
AR,2020-08-22,14926504.192447465
AR,2020-08-29,13567581.105460212
AR,2020-09-05,16579240.630099608
AR,2020-09-12,15586669.084070884
AR,2020-09-19,14978252.857400978
AR,2020-09-26,14289118.743804283
AR,2020-10-03,16967905.852423336
AR,2020-10-10,16255192.6436274
AR,2020-10-17,15132847.762290174
AR,2020-10-24,14725851.282729361
AR,2020-10-31,14518361.51090455
AR,2020-11-07,14969558.425526513
AR,2020-11-14,13671518.627689894
AR,2020-11-21,13225451.156078203
AR,2020-11-28,11781633.119212544
AR,2020-12-05,14752713.958969587
AR,2020-12-12,14189273.075680487
AR,2020-12-19,14630615.056267237
AR,2020-12-26,11964632.219958741
AR,2021-01-09,13600233.741197841
AR,2021-01-16,13474929.546317669
AR,2021-01-23,12628395.61016013
AR,2021-01-30,12037409.545279857
AR,2021-02-06,14870054.17018403
AR,2021-02-13,13529589.521107802
AR,2021-02-20,7373405.121549473
AR,2021-02-27,14551223.670835443
AR,2021-03-06,17507357.529879622
AR,2021-03-13,17066005.274245158
AR,2021-03-20,18587664.26483405
AR,2021-03-27,14991072.911481168
AR,2021-04-03,19770712.5544241
AR,2021-04-10,18655152.454591166
AR,2021-04-17,16566564.964876652
AR,2021-04-24,15934451.119094588
AR,2021-05-01,15574604.270132493
AR,2021-05-08,19460959.73025018
AR,2021-05-15,18042774.32389725
AR,2021-05-22,16029256.481933016
AR,2021-05-29,17106862.798334848
AR,2021-06-05,19008285.67788329
AR,2021-06-12,17652016.03283865
AR,2021-06-19,17556796.06856368
AR,2021-06-26,16645421.238494048
AR,2021-07-03,19206788.777224
AR,2021-07-10,17453418.048163224
AR,2021-07-17,18423416.798470877
AR,2021-07-24,17448604.65929116
AR,2021-07-31,16905838.303750597
AR,2021-08-07,20102608.86985654
AR,2021-08-14,19930536.6229037
AR,2021-08-21,19179572.15379695
AR,2021-08-28,18122820.110858865
AR,2021-09-04,20410920.27598577
AR,2021-09-11,18612088.289136548
AR,2021-09-18,19787187.021099117
AR,2021-09-25,18552985.410639163
AR,2021-10-02,18230205.054150913
AR,2021-10-09,20748932.356586624
AR,2021-10-16,20588355.521262936
AR,2021-10-23,21269612.266177617
AR,2021-10-30,19669139.499829527
AR,2021-11-06,20718382.009418122
AR,2021-11-13,19872984.889650457
AR,2021-11-20,19489675.318947762
AR,2021-11-27,17553345.156550318
AR,2021-12-04,21704277.9868169
AR,2021-12-11,20418035.80080542
AR,2021-12-18,21143451.07529816
AR,2021-12-25,18316864.016076002
AR,2022-01-01,16401113.800003346
AR,2022-01-08,17082079.769257646
AR,2022-01-15,15516002.291608589
AR,2022-01-22,15991949.054076292
AR,2022-01-29,17314587.911299
AR,2022-02-05,16495196.674559278
AR,2022-02-12,21156389.266596932
AR,2022-02-19,19953640.773961484
AR,2022-02-26,16861343.38289678
AR,2022-03-05,22726921.851028465
AR,2022-03-12,20920820.08863447
AR,2022-03-19,21457669.61987948
AR,2022-03-26,18223945.321723826
AR,2022-04-02,19528753.91115539
AR,2022-04-09,20745097.99724989
AR,2022-04-16,20274392.251335233
AR,2022-04-23,19235001.433520522
AR,2022-04-30,18752238.87705082
AR,2022-05-07,22864922.535330445
AR,2022-05-14,21888247.185892016
AR,2022-05-21,19690673.74938421
AR,2022-05-28,20494043.812317032
AR,2022-06-04,21737163.10155706
AR,2022-06-11,20175531.859740473
AR,2022-06-18,16804610.467849147
AR,2022-06-25,13378749.908032523
AR,2022-07-02,14572246.799723716
AR,2022-07-09,16564495.02069293
AR,2022-07-16,16519695.817691958
AR,2022-07-23,16272019.837367192
AR,2022-07-30,16676652.05160081
AR,2022-08-06,20785277.344983928
AR,2022-08-13,21086909.901340187
AR,2022-08-20,20523313.755109183
AR,2022-08-27,18163729.561925698
AR,2022-09-03,21571717.089640424
AR,2022-09-10,20996835.584981255
AR,2022-09-17,21889522.80498301
AR,2022-09-24,20260996.653312393
AR,2022-10-01,21045219.320649557
AR,2022-10-08,22798814.885514878
AR,2022-10-15,21342094.28589972
AR,2022-10-22,23466789.5276533
AR,2022-10-29,21612837.25143223
AR,2022-11-05,22784215.16354586
AR,2022-11-12,22734942.54000235
AR,2022-11-19,21657724.694199167
AR,2022-11-26,18008590.595668696
AR,2022-12-03,21493637.122087996
AR,2022-12-10,19561520.09227798
AR,2022-12-17,21534286.215261437
AR,2022-12-24,17900863.985954586
AR,2022-12-31,16601655.98919305
AR,2023-01-07,18138577.150863323
AR,2023-01-14,15936217.060479358
AR,2023-01-21,17552765.066535506
AR,2023-01-28,17695335.833790112
AR,2023-02-04,31011556.971314944
AR,2023-02-11,32195941.10736899
AR,2023-02-18,28461409.993705213
AR,2023-02-25,27157568.378443446
AR,2023-03-04,48675662.14204668
AR,2023-03-11,44461388.554748684
AR,2023-03-18,41493607.92542955
AR,2023-03-25,37620369.73621794
AR,2023-04-01,33435283.28647608
AR,2023-04-08,27862497.113340974
AR,2023-04-15,26754841.094402876
AR,2023-04-22,24965490.20036215
AR,2023-04-29,24772067.38712798
AR,2023-05-06,35070261.917475216
AR,2023-05-13,37132890.28697323
AR,2023-05-20,33572839.16615178
AR,2023-05-27,32166312.809842076
AR,2023-06-03,53501172.36544998
AR,2023-06-10,31497077.603756484
AR,2023-06-17,33260774.40985931
AR,2023-06-24,32232896.59991985
AR,2023-07-01,31373611.1446318
AR,2023-07-08,30965120.57936395
AR,2023-07-15,28182568.703674816
AR,2023-07-22,25396617.708177745
AR,2023-07-29,23812825.28558278
AR,2023-08-05,20336482.821219545
AR,2023-08-12,26270933.43842535
AR,2023-08-19,29115455.055730924
AR,2023-08-26,23435297.05539351
AR,2023-09-02,24260447.58804774
AR,2023-09-09,26712139.55742408
AR,2023-09-16,32052691.513182305
AR,2023-09-23,26655253.618198797
AR,2023-09-30,23396729.71073103
AR,2023-10-07,22844509.418322615
AR,2023-10-14,22689248.445785414
AR,2023-10-21,18027702.54703536
AR,2023-10-28,22697645.606025916
AR,2023-11-04,15830714.289640374
AR,2023-11-11,15918626.096602349
AR,2023-11-18,16097179.917416818
AR,2023-11-25,15217719.549764201
AR,2023-12-02,15099198.72741082
AR,2023-12-09,17550072.770261038
AR,2023-12-16,17228065.237456713
AR,2023-12-23,17057967.778628524
AR,2023-12-30,14119658.406041551
AR,2024-01-06,16456654.503743725
AR,2024-01-13,18547901.534817092
AR,2024-01-20,15222333.295737252
AR,2024-01-27,52155543.89491703
AR,2024-02-03,52292131.52000884
AR,2024-02-10,42674166.864144966
AR,2024-02-17,33219062.656203028
AR,2024-02-24,28708237.777192462
AR,2024-03-02,31980237.905358702
AR,2024-03-09,75815031.55329214
AR,2024-03-16,69092894.59748329
AR,2024-03-23,68052496.6103681
AR,2024-03-30,54805077.919181705
AR,2024-04-06,78646155.16195881
AR,2024-04-13,72340462.85993426
AR,2024-04-20,57863066.88477338
AR,2024-04-27,47074762.21464468
AR,2024-05-04,74003532.59406771
AR,2024-05-11,66914844.32715647
AR,2024-05-18,64333248.185214505
AR,2024-05-25,58560384.62592365
AR,2024-06-01,66743831.96571209
AR,2024-06-08,63711850.24093595
AR,2024-06-15,58227772.36732818
AR,2024-06-22,215.0485997801475
AR,2024-07-13,184.37962545378969
AR,2024-07-20,50.36231279991637
AR,2024-07-27,382.9374437864438
AR,2024-08-03,7.415190957090698
AR,2024-08-17,19.47216294472276
AR,2024-09-07,38.20205483915942
AR,2024-09-14,30.183920763864393
AR,2024-09-28,4.784714280592841
AR,2024-10-12,48029326.43805525
AR,2024-10-19,39039204.532307245
AR,2024-10-26,32637189.17025584
AR,2024-11-02,36012403.41301789
AR,2024-11-09,46940244.73944136
AR,2024-11-16,12121182.33889861
AR,2024-11-23,12759326.079005282
AR,2024-11-30,11137413.211245403
AR,2024-12-07,10298251.732175842
AR,2024-12-14,10365383.89719042
AR,2024-12-21,10584229.30735551
AR,2024-12-28,10234750.28328889
AR,2025-01-04,10605210.534612883
AR,2025-01-11,9885190.361467024
AR,2025-01-18,11007507.1318107
AR,2025-01-25,10164917.016821045
AR,2025-02-01,10050761.828211706
AR,2025-02-08,9901050.237305494
AR,2025-02-15,11185936.666263916
AR,2025-02-22,9476700.250432128
AR,2025-03-01,9621313.30285322
AR,2025-03-08,10878228.728854436
AR,2025-03-15,11423543.749542808
AR,2025-03-22,10492921.551978039
AR,2025-03-29,11196863.260738064
AR,2025-04-05,10820294.930939408
AR,2025-04-12,9785307.46988725
AR,2025-04-19,9940419.8351169
AR,2025-04-26,10533882.700236335
AR,2025-05-03,10627216.044784108
AZ,2019-01-26,1491545.2729125842
AZ,2019-02-02,1139933.0797071224
AZ,2019-02-09,1264751.3125609015
AZ,2019-02-16,1283706.240012108
AZ,2019-02-23,943404.8298603477
AZ,2019-03-02,1405087.8290245142
AZ,2019-03-09,1439700.290672636
AZ,2019-03-16,1351956.5668035373
AZ,2019-03-23,1567927.6335621034
AZ,2019-03-30,1564755.0930500985
AZ,2019-04-06,1587307.6272946883
AZ,2019-04-13,1299439.9268689363
AZ,2019-04-20,1185500.5055188143
AZ,2019-04-27,1190968.4780931913
AZ,2019-05-04,2176486.7434767424
AZ,2019-05-11,1770014.071657237
AZ,2019-05-18,2006186.146885907
AZ,2019-05-25,1621977.2484291082
AZ,2019-06-01,2214414.751768956
AZ,2019-06-08,1910180.7521103479
AZ,2019-06-15,2344914.9621229917
AZ,2019-06-22,2381377.819943581
AZ,2019-06-29,1838920.451484528
AZ,2019-07-06,2588838.6575879273
AZ,2019-07-13,2122678.39777991
AZ,2019-07-20,2224778.0689507835
AZ,2019-07-27,2184659.3917667433
AZ,2019-08-03,2667116.0454964247
AZ,2019-08-10,2346983.6932899742
AZ,2019-08-17,2288919.8243874544
AZ,2019-08-24,2335179.0459235716
AZ,2019-08-31,2287843.6493540406
AZ,2019-09-07,3336593.0120318243
AZ,2019-09-14,3569956.3838281264
AZ,2019-09-21,3283294.7907195776
AZ,2019-09-28,2926771.548623917
AZ,2019-10-05,3251404.742224879
AZ,2019-10-12,3403754.4384122994
AZ,2019-10-19,2251896.1013050396
AZ,2019-10-26,2358331.1535169445
AZ,2019-11-02,2738923.0277425507
AZ,2019-11-09,2828329.783092742
AZ,2019-11-16,2344380.7466094107
AZ,2019-11-23,2912995.849108827
AZ,2019-11-30,2669568.7155115423
AZ,2019-12-07,2811323.6211871984
AZ,2019-12-14,2803309.5515096798
AZ,2019-12-21,3159950.7475997685
AZ,2019-12-28,2250831.44836527
AZ,2020-01-04,2856295.1144144693
AZ,2020-01-11,2823585.4454006813
AZ,2020-01-18,2482339.713749989
AZ,2020-01-25,2556417.4556240723
AZ,2020-02-01,2631309.3427660917
AZ,2020-02-08,2747573.982492047
AZ,2020-02-15,3074247.0482118335
AZ,2020-02-22,2921807.943249666
AZ,2020-02-29,3617611.736976764
AZ,2020-03-07,3136502.8444930897
AZ,2020-03-14,2926104.1855257833
AZ,2020-03-21,2429570.366781492
AZ,2020-03-28,1508714.372468193
AZ,2020-04-04,1568837.78174814
AZ,2020-04-11,1328544.4847091227
AZ,2020-04-18,1664396.0404141108
AZ,2020-04-25,1271277.074787022
AZ,2020-05-02,1499899.0168793711
AZ,2020-05-09,2187604.2810624526
AZ,2020-05-16,1977122.1935384113
AZ,2020-05-23,2545980.554023006
AZ,2020-05-30,2528624.426288463
AZ,2020-06-06,3389234.6035230346
AZ,2020-06-13,2263892.6294028573
AZ,2020-06-20,2525254.0257913345
AZ,2020-06-27,2459880.214581795
AZ,2020-07-04,3089309.615117921
AZ,2020-07-11,2385239.2642672597
AZ,2020-07-18,2598474.5381529545
AZ,2020-07-25,2382860.9503984135
AZ,2020-08-01,2544278.705886292
AZ,2020-08-08,2917597.884049824
AZ,2020-08-15,2014474.8028143346
AZ,2020-08-22,2768778.5085341684
AZ,2020-08-29,2267315.265532009
AZ,2020-09-05,2640689.5095589766
AZ,2020-09-12,3082378.187843549
AZ,2020-09-19,2398333.747242183
AZ,2020-09-26,2163447.2521545067
AZ,2020-10-03,2960482.6238030205
AZ,2020-10-10,3134979.269592821
AZ,2020-10-17,2680118.0619737366
AZ,2020-10-24,2405595.0171934916
AZ,2020-10-31,2273792.79032144
AZ,2020-11-07,2386330.619869791
AZ,2020-11-14,2241273.764104385
AZ,2020-11-21,2391730.840040571
AZ,2020-11-28,1990214.5245159657
AZ,2020-12-05,2564358.8573889798
AZ,2020-12-12,2647810.019253359
AZ,2020-12-19,2108169.5937000583
AZ,2020-12-26,1946975.6716646217
AZ,2021-01-09,2075944.4751373432
AZ,2021-01-16,1841964.1874937925
AZ,2021-01-23,1642537.606442776
AZ,2021-01-30,1847645.7866241662
AZ,2021-02-06,2558350.117806565
AZ,2021-02-13,2605468.239802258
AZ,2021-02-20,2253332.053347754
AZ,2021-02-27,2007544.382102958
AZ,2021-03-06,2614952.42546857
AZ,2021-03-13,2710556.7387476866
AZ,2021-03-20,2199319.420114899
AZ,2021-03-27,2194622.0706523526
AZ,2021-04-03,2952615.534975946
AZ,2021-04-10,2916872.320156479
AZ,2021-04-17,2172423.296949921
AZ,2021-04-24,2176795.9067365974
AZ,2021-05-01,1921332.1587348906
AZ,2021-05-08,2877689.6532222554
AZ,2021-05-15,2614891.472670754
AZ,2021-05-22,2066023.2209973673
AZ,2021-05-29,2292480.968163255
AZ,2021-06-05,3089812.3276488488
AZ,2021-06-12,4182672.822164064
AZ,2021-06-19,2872880.412200764
AZ,2021-06-26,2954363.9236204033
AZ,2021-07-03,3812853.8825683156
AZ,2021-07-10,3069856.8230911023
AZ,2021-07-17,2793550.93151176
AZ,2021-07-24,3346402.1989885867
AZ,2021-07-31,2783680.429170074
AZ,2021-08-07,3489797.047319156
AZ,2021-08-14,2816697.469477961
AZ,2021-08-21,2287459.2619094737
AZ,2021-08-28,2344884.0081159677
AZ,2021-09-04,2886748.4680644213
AZ,2021-09-11,2687614.485066374
AZ,2021-09-18,2613208.5348083484
AZ,2021-09-25,2835691.7425566507
AZ,2021-10-02,2760495.8137331097
AZ,2021-10-09,3048698.3999460516
AZ,2021-10-16,3558389.118945019
AZ,2021-10-23,2595900.692537829
AZ,2021-10-30,3284460.1784256482
AZ,2021-11-06,2773834.062816777
AZ,2021-11-13,2642075.4609400737
AZ,2021-11-20,2943996.733365469
AZ,2021-11-27,3319981.703232813
AZ,2021-12-04,2953675.4256668533
AZ,2021-12-11,2627994.929101238
AZ,2021-12-18,3591528.7712306622
AZ,2021-12-25,2480581.4037930197
AZ,2022-01-01,2286488.1874120976
AZ,2022-01-08,2779621.298710202
AZ,2022-01-15,2668524.2712824144
AZ,2022-01-22,2750006.869949004
AZ,2022-01-29,3106853.7876964137
AZ,2022-02-05,3492768.204590403
AZ,2022-02-12,3273474.7951116553
AZ,2022-02-19,3160318.334675475
AZ,2022-02-26,3025021.042137083
AZ,2022-03-05,4036496.4632579163
AZ,2022-03-12,3631665.4816158586
AZ,2022-03-19,3114882.189272739
AZ,2022-03-26,3276631.4450725173
AZ,2022-04-02,3361037.9690986844
AZ,2022-04-09,3482065.7283455296
AZ,2022-04-16,3513305.3897995036
AZ,2022-04-23,3354759.1219761237
AZ,2022-04-30,3041808.1407592767
AZ,2022-05-07,3576047.8584601325
AZ,2022-05-14,3225803.764820496
AZ,2022-05-21,3580078.1662346725
AZ,2022-05-28,3948632.531522198
AZ,2022-06-04,3661985.6168893846
AZ,2022-06-11,3410405.7539704
AZ,2022-06-18,3074351.394349171
AZ,2022-06-25,2531230.101429475
AZ,2022-07-02,2765029.7653849525
AZ,2022-07-09,2510503.4248353173
AZ,2022-07-16,2496844.05382798
AZ,2022-07-23,2929409.2715146667
AZ,2022-07-30,2988891.3921638327
AZ,2022-08-06,3155221.401175865
AZ,2022-08-13,2913718.316495199
AZ,2022-08-20,2496240.6144897053
AZ,2022-08-27,2818367.6009235913
AZ,2022-09-03,3161761.4732779153
AZ,2022-09-10,3382096.998640687
AZ,2022-09-17,2862720.72971963
AZ,2022-09-24,3137254.056790118
AZ,2022-10-01,2539969.625508373
AZ,2022-10-08,3627839.386625235
AZ,2022-10-15,3500956.5124704503
AZ,2022-10-22,3022370.84388703
AZ,2022-10-29,2952772.086525536
AZ,2022-11-05,2811185.0124396537
AZ,2022-11-12,3133598.3411310054
AZ,2022-11-19,3005360.6823876495
AZ,2022-11-26,3251564.553942587
AZ,2022-12-03,3464322.9415938496
AZ,2022-12-10,2957311.8688775944
AZ,2022-12-17,2978064.057401496
AZ,2022-12-24,2541936.505988565
AZ,2022-12-31,2510603.7171775973
AZ,2023-01-07,4105413.0730138617
AZ,2023-01-14,4058088.4698211565
AZ,2023-01-21,3962210.233259379
AZ,2023-01-28,3708326.3874596823
AZ,2023-02-04,3086330.2855346743
AZ,2023-02-11,3363542.598808047
AZ,2023-02-18,2849979.380388392
AZ,2023-02-25,3021737.102196217
AZ,2023-03-04,5328150.5042136
AZ,2023-03-11,4851357.867370159
AZ,2023-03-18,5520051.464686366
AZ,2023-03-25,4554637.629910841
AZ,2023-04-01,4033778.796813688
AZ,2023-04-08,3690323.046550666
AZ,2023-04-15,3383823.613603331
AZ,2023-04-22,2878152.635568924
AZ,2023-04-29,3057681.282609362
AZ,2023-05-06,2773135.4813422565
AZ,2023-05-13,3031581.920387326
AZ,2023-05-20,2629229.6522207567
AZ,2023-05-27,2332242.072079133
AZ,2023-06-03,6410860.689032548
AZ,2023-06-10,2190549.090389157
AZ,2023-06-17,2299002.728616558
AZ,2023-06-24,2963576.458009381
AZ,2023-07-01,2284835.810918899
AZ,2023-07-08,3233579.764964921
AZ,2023-07-15,2830995.1994036175
AZ,2023-07-22,2883601.916383103
AZ,2023-07-29,2259110.795750643
AZ,2023-08-05,1558502.8533477222
AZ,2023-08-12,1793315.6977370395
AZ,2023-08-19,1809390.0057223192
AZ,2023-08-26,1867863.9680474782
AZ,2023-09-02,1925689.7510771854
AZ,2023-09-09,2388366.5113586495
AZ,2023-09-16,2677328.4943385785
AZ,2023-09-23,2328638.788983075
AZ,2023-09-30,1874763.7110313717
AZ,2023-10-07,1767536.3480925171
AZ,2023-10-14,1498037.1679713407
AZ,2023-10-21,1560825.8884972262
AZ,2023-10-28,1761237.5334276098
AZ,2023-11-04,1765248.4667822213
AZ,2023-11-11,1680244.7140816476
AZ,2023-11-18,2111753.4435142237
AZ,2023-11-25,1586806.9772845814
AZ,2023-12-02,1414485.5953061057
AZ,2023-12-09,2144921.4279420082
AZ,2023-12-16,2000703.1380863928
AZ,2023-12-23,2034674.065178758
AZ,2023-12-30,1926682.3877101731
AZ,2024-01-06,1775004.9811194676
AZ,2024-01-13,1772626.8280234563
AZ,2024-01-20,1537690.319012456
AZ,2024-01-27,2958766.6649354426
AZ,2024-02-03,2668725.582936058
AZ,2024-02-10,1614760.1320163545
AZ,2024-02-17,1680827.919758683
AZ,2024-02-24,1591716.0665897217
AZ,2024-03-02,1456928.4591879086
AZ,2024-03-09,2078050.6667391267
AZ,2024-03-16,1917390.3271521542
AZ,2024-03-23,2854098.7134568165
AZ,2024-03-30,1758217.9915622645
AZ,2024-04-06,5428035.599135184
AZ,2024-04-13,4314016.526254542
AZ,2024-04-20,2193397.8037552005
AZ,2024-04-27,2194218.6640780573
AZ,2024-05-04,3973263.509220337
AZ,2024-05-11,3799978.201190655
AZ,2024-05-18,3473716.354958658
AZ,2024-05-25,2903641.450003616
AZ,2024-06-01,3079250.350352667
AZ,2024-06-08,5067379.510896748
AZ,2024-06-15,5246196.2834428875
AZ,2024-08-17,14.805658187045056
AZ,2024-08-24,9.39905645564828
AZ,2024-08-31,34.83289542827115
AZ,2024-09-28,6.515243826520025
AZ,2024-10-12,2518776.725777499
AZ,2024-10-19,1552488.325504465
AZ,2024-10-26,1596035.4917708358
AZ,2024-11-02,1786292.0843565268
AZ,2024-11-09,2891892.8783343383
AZ,2024-11-16,1326353.9703429393
AZ,2024-11-23,1064446.6740043815
AZ,2024-11-30,1216223.2292280958
AZ,2024-12-07,1062968.4085758822
AZ,2024-12-14,1132358.2820907058
AZ,2024-12-21,1089851.8592273884
AZ,2024-12-28,1384262.4465327465
AZ,2025-01-04,1246348.7482685556
AZ,2025-01-11,1540567.9424918063
AZ,2025-01-18,1524342.9470718526
AZ,2025-01-25,1358607.059062432
AZ,2025-02-01,1493282.5503355702
AZ,2025-02-08,1105291.0772114745
AZ,2025-02-15,1164378.856210356
AZ,2025-02-22,1204504.688613415
AZ,2025-03-01,1075632.5550070992
AZ,2025-03-08,1227553.0562725803
AZ,2025-03-15,1306595.3798276726
AZ,2025-03-22,1170561.5160774458
AZ,2025-03-29,1271320.6665193073
AZ,2025-04-05,1265672.630915129
AZ,2025-04-12,985839.4861169355
AZ,2025-04-19,949327.2807982884
AZ,2025-04-26,1180954.8178917551
AZ,2025-05-03,947019.0942214051
CA,2019-01-26,2502114.2593701733
CA,2019-02-02,2360560.629955753
CA,2019-02-09,2428831.270198088
CA,2019-02-16,2382645.0568927773
CA,2019-02-23,2278673.6123820907
CA,2019-03-02,2329201.253827584
CA,2019-03-09,2828259.194399695
CA,2019-03-16,2906907.8928388474
CA,2019-03-23,2612472.2936114008
CA,2019-03-30,2761726.5686927997
CA,2019-04-06,3208764.9282431374
CA,2019-04-13,2952281.019164642
CA,2019-04-20,2941391.20827278
CA,2019-04-27,2671436.704738459
CA,2019-05-04,5203832.803240047
CA,2019-05-11,4883134.642376836
CA,2019-05-18,4098284.441894055
CA,2019-05-25,4574299.486533101
CA,2019-06-01,4544770.991367175
CA,2019-06-08,5361269.769995243
CA,2019-06-15,5387294.7490590345
CA,2019-06-22,4707235.955845254
CA,2019-06-29,5552812.839873536
CA,2019-07-06,6084380.562805425
CA,2019-07-13,5746696.160581594
CA,2019-07-20,5506348.549126709
CA,2019-07-27,5136704.312475717
CA,2019-08-03,7303079.666565451
CA,2019-08-10,6486545.038358819
CA,2019-08-17,6271748.614351833
CA,2019-08-24,5026613.442413045
CA,2019-08-31,5690929.2994855
CA,2019-09-07,7527953.493953208
CA,2019-09-14,7508325.718183448
CA,2019-09-21,6891998.79103608
CA,2019-09-28,6222440.416808809
CA,2019-10-05,7811387.113017382
CA,2019-10-12,6595172.258041321
CA,2019-10-19,6384569.755701695
CA,2019-10-26,5470598.274181849
CA,2019-11-02,5022592.113669916
CA,2019-11-09,5994500.0331206145
CA,2019-11-16,5786290.2229914
CA,2019-11-23,5696648.00799484
CA,2019-11-30,5026569.2216665745
CA,2019-12-07,6073156.422113677
CA,2019-12-14,6083979.333931099
CA,2019-12-21,6294093.4710212
CA,2019-12-28,5322769.503848396
CA,2020-01-04,7045158.0846171295
CA,2020-01-11,5865385.606813889
CA,2020-01-18,5618784.936793244
CA,2020-01-25,5757203.574997936
CA,2020-02-01,5529574.638466633
CA,2020-02-08,6374086.212554721
CA,2020-02-15,7688868.498638762
CA,2020-02-22,6810007.103794043
CA,2020-02-29,6018664.697118798
CA,2020-03-07,6873620.643205691
CA,2020-03-14,6623275.479242924
CA,2020-03-21,3869950.045972041
CA,2020-03-28,2706017.749896744
CA,2020-04-04,2501174.387262008
CA,2020-04-11,2721737.1069792365
CA,2020-04-18,2884523.704960911
CA,2020-04-25,2682942.2811110285
CA,2020-05-02,2885773.0713571347
CA,2020-05-09,3991959.0252305497
CA,2020-05-16,3557378.9772280897
CA,2020-05-23,4371843.403314598
CA,2020-05-30,4015575.6938116318
CA,2020-06-06,5184015.661459628
CA,2020-06-13,5897089.904074566
CA,2020-06-20,6498175.428341533
CA,2020-06-27,5849373.67068847
CA,2020-07-04,7184257.155289676
CA,2020-07-11,5928133.406590216
CA,2020-07-18,5512130.3757814
CA,2020-07-25,5264082.7541814195
CA,2020-08-01,5959749.501238211
CA,2020-08-08,7438434.547736093
CA,2020-08-15,5933660.927987438
CA,2020-08-22,4927663.960279077
CA,2020-08-29,4666785.576742856
CA,2020-09-05,6208424.2592425775
CA,2020-09-12,5294588.419796771
CA,2020-09-19,4258709.265323451
CA,2020-09-26,4437968.468140304
CA,2020-10-03,5484897.706813474
CA,2020-10-10,5728360.566142343
CA,2020-10-17,5400700.06361807
CA,2020-10-24,5167657.092880592
CA,2020-10-31,5247438.771717992
CA,2020-11-07,4476500.117634792
CA,2020-11-14,4542277.781289395
CA,2020-11-21,4338160.298852271
CA,2020-11-28,4643742.671517548
CA,2020-12-05,4408571.855600401
CA,2020-12-12,3872686.3674521158
CA,2020-12-19,3798406.411000244
CA,2020-12-26,3366500.8932824396
CA,2021-01-09,4215387.735471304
CA,2021-01-16,3826885.614028046
CA,2021-01-23,3523415.1827944666
CA,2021-01-30,3370110.9666319066
CA,2021-02-06,4857751.427141447
CA,2021-02-13,4720894.842443892
CA,2021-02-20,5378156.13785352
CA,2021-02-27,4484940.907239869
CA,2021-03-06,5984440.777855853
CA,2021-03-13,5428361.819899824
CA,2021-03-20,5463672.065030314
CA,2021-03-27,6135318.879291607
CA,2021-04-03,7378455.766970572
CA,2021-04-10,6508798.620697192
CA,2021-04-17,5527346.921014825
CA,2021-04-24,5314399.074018416
CA,2021-05-01,5498646.351428946
CA,2021-05-08,7445228.922989094
CA,2021-05-15,6300842.87988125
CA,2021-05-22,6181879.045286729
CA,2021-05-29,6929466.940647656
CA,2021-06-05,7699886.154654726
CA,2021-06-12,7440449.190439908
CA,2021-06-19,8493656.494134096
CA,2021-06-26,8150017.300547202
CA,2021-07-03,9393504.157061322
CA,2021-07-10,8232039.413690364
CA,2021-07-17,8330464.770058409
CA,2021-07-24,7959583.007634077
CA,2021-07-31,7381026.401955302
CA,2021-08-07,9281768.917520396
CA,2021-08-14,7900930.208568278
CA,2021-08-21,6854106.386414818
CA,2021-08-28,6428402.211624401
CA,2021-09-04,7491035.819676414
CA,2021-09-11,6715297.282110745
CA,2021-09-18,6817520.359941133
CA,2021-09-25,6428245.656774814
CA,2021-10-02,6610092.615326921
CA,2021-10-09,7065046.892581959
CA,2021-10-16,7523383.261783279
CA,2021-10-23,6730032.299499939
CA,2021-10-30,6576155.664817848
CA,2021-11-06,7019682.591504507
CA,2021-11-13,6096975.649929427
CA,2021-11-20,7234862.637085489
CA,2021-11-27,6192790.116152272
CA,2021-12-04,7198752.949170378
CA,2021-12-11,5852803.794708974
CA,2021-12-18,6617404.167056159
CA,2021-12-25,5951162.688986224
CA,2022-01-01,5908460.329980414
CA,2022-01-08,6789637.464196382
CA,2022-01-15,6210657.164533797
CA,2022-01-22,5908647.401162536
CA,2022-01-29,6350800.057325046
CA,2022-02-05,7134299.460476415
CA,2022-02-12,7439634.783896701
CA,2022-02-19,7266891.490646676
CA,2022-02-26,7708978.114538035
CA,2022-03-05,7303287.171685485
CA,2022-03-12,7393989.502197416
CA,2022-03-19,8023219.988127003
CA,2022-03-26,8023997.40448461
CA,2022-04-02,7637882.47038154
CA,2022-04-09,8838659.309255706
CA,2022-04-16,7354331.458337533
CA,2022-04-23,7527506.717198657
CA,2022-04-30,7193168.559292839
CA,2022-05-07,8501067.387203483
CA,2022-05-14,8163751.161700301
CA,2022-05-21,7841690.162370062
CA,2022-05-28,8117968.387364157
CA,2022-06-04,9212552.017766848
CA,2022-06-11,9852150.17951406
CA,2022-06-18,7879995.996172493
CA,2022-06-25,6551272.322518386
CA,2022-07-02,6800638.978136754
CA,2022-07-09,7274264.315928964
CA,2022-07-16,7486472.414072184
CA,2022-07-23,7467834.0055615185
CA,2022-07-30,6170341.491936196
CA,2022-08-06,9997594.854683585
CA,2022-08-13,8436041.043488108
CA,2022-08-20,8283054.13347877
CA,2022-08-27,7512083.768844917
CA,2022-09-03,8761138.039588712
CA,2022-09-10,8244195.67302791
CA,2022-09-17,7800951.463834805
CA,2022-09-24,7853661.062908164
CA,2022-10-01,7719452.408590971
CA,2022-10-08,8875241.574275991
CA,2022-10-15,8001560.582068554
CA,2022-10-22,8369433.053902426
CA,2022-10-29,7216755.865350427
CA,2022-11-05,8268058.527732053
CA,2022-11-12,8700621.308471689
CA,2022-11-19,7774565.615470685
CA,2022-11-26,8008904.843396257
CA,2022-12-03,7347499.785782577
CA,2022-12-10,6425262.652890794
CA,2022-12-17,7163072.94358475
CA,2022-12-24,5669834.239841643
CA,2022-12-31,5456631.677499877
CA,2023-01-07,5733748.255044481
CA,2023-01-14,4904645.614825818
CA,2023-01-21,5031921.606098337
CA,2023-01-28,5560735.5125209335
CA,2023-02-04,7820839.882667617
CA,2023-02-11,7445256.392560138
CA,2023-02-18,7468588.083928318
CA,2023-02-25,6757818.256130492
CA,2023-03-04,11774756.503437692
CA,2023-03-11,10694443.620724153
CA,2023-03-18,8871381.019451868
CA,2023-03-25,9252748.277823297
CA,2023-04-01,10028631.463835564
CA,2023-04-08,8541097.962559167
CA,2023-04-15,8806362.016223563
CA,2023-04-22,8099903.524056118
CA,2023-04-29,7607297.405940685
CA,2023-05-06,14271441.100905312
CA,2023-05-13,13813484.667766232
CA,2023-05-20,12128544.986464504
CA,2023-05-27,10683733.11305221
CA,2023-06-03,20666924.098732498
CA,2023-06-10,9134828.100742513
CA,2023-06-17,10017341.534474542
CA,2023-06-24,10749206.220206274
CA,2023-07-01,7709229.087739765
CA,2023-07-08,7698467.696155626
CA,2023-07-15,7574490.9408226
CA,2023-07-22,6385000.659935745
CA,2023-07-29,5491899.694888131
CA,2023-08-05,5745361.652289004
CA,2023-08-12,7421532.37442421
CA,2023-08-19,8784999.277398657
CA,2023-08-26,7277507.607697203
CA,2023-09-02,6381927.402722725
CA,2023-09-09,4619349.371720075
CA,2023-09-16,5585248.525649526
CA,2023-09-23,5538427.720931902
CA,2023-09-30,4699114.829321288
CA,2023-10-07,4370983.977144609
CA,2023-10-14,3959632.613992414
CA,2023-10-21,3172080.7943318826
CA,2023-10-28,3881438.1799253067
CA,2023-11-04,4435692.65137674
CA,2023-11-11,3605075.157344404
CA,2023-11-18,4637511.359788894
CA,2023-11-25,3706429.6287465445
CA,2023-12-02,3507186.4463476534
CA,2023-12-09,3926255.3465042873
CA,2023-12-16,3954574.8191883103
CA,2023-12-23,3553048.4922024384
CA,2023-12-30,2832502.6178005626
CA,2024-01-06,3709124.2754529216
CA,2024-01-13,4134828.4818574963
CA,2024-01-20,3979606.328480663
CA,2024-01-27,8104728.278115851
CA,2024-02-03,8966209.18369065
CA,2024-02-10,7685094.9476645775
CA,2024-02-17,9495465.653484942
CA,2024-02-24,5185385.668589276
CA,2024-03-02,9333372.087366028
CA,2024-03-09,7705653.605870415
CA,2024-03-16,10368535.283998234
CA,2024-03-23,7530546.074960331
CA,2024-03-30,7928129.836469497
CA,2024-04-06,14881332.978222491
CA,2024-04-13,13774723.531164696
CA,2024-04-20,10108123.139709637
CA,2024-04-27,11437077.02186926
CA,2024-05-04,17940519.669420823
CA,2024-05-11,14889096.474837823
CA,2024-05-18,15737724.84640284
CA,2024-05-25,12464336.093961233
CA,2024-06-01,17531724.784098554
CA,2024-06-08,22007584.046540607
CA,2024-06-15,20366265.678346876
CA,2024-07-06,47.931973433693535
CA,2024-07-13,157.8190950228189
CA,2024-07-20,93.36092632732552
CA,2024-07-27,247.87107457211312
CA,2024-09-07,19837.49982895461
CA,2024-09-14,6897.969849821605
CA,2024-09-21,3355.7758256939333
CA,2024-09-28,8036.8580741252035
CA,2024-10-12,11165248.184088405
CA,2024-10-19,7528913.783406316
CA,2024-10-26,5690507.999362783
CA,2024-11-02,8602297.480126154
CA,2024-11-09,9535260.807225976
CA,2024-11-16,2893504.7042010846
CA,2024-11-23,2484882.3751475653
CA,2024-11-30,2481505.4202372907
CA,2024-12-07,2830695.154075963
CA,2024-12-14,2722066.570123501
CA,2024-12-21,2566277.8990973756
CA,2024-12-28,2369424.8294714373
CA,2025-01-04,2103513.082494777
CA,2025-01-11,2743906.4512407323
CA,2025-01-18,2409817.6042300616
CA,2025-01-25,2271345.048473517
CA,2025-02-01,2339546.7280101776
CA,2025-02-08,2234417.6342891846
CA,2025-02-15,2370285.0401008893
CA,2025-02-22,2206130.9072013977
CA,2025-03-01,1928905.5362463186
CA,2025-03-08,1279652.9490605257
CA,2025-03-15,1208750.7379970509
CA,2025-03-22,1205210.0908997655
CA,2025-03-29,1333767.5555991316
CA,2025-04-05,1994237.080072263
CA,2025-04-12,1530492.4979905863
CA,2025-04-19,1499617.9002622566
CA,2025-04-26,1678398.0181520206
CA,2025-05-03,3172147.7867189134
CO,2019-01-26,3549515.43502231
CO,2019-02-02,3846386.5654014796
CO,2019-02-09,4128798.8826823654
CO,2019-02-16,4363677.775365777
CO,2019-02-23,3727133.749053089
CO,2019-03-02,3747433.482972928
CO,2019-03-09,4548785.031040627
CO,2019-03-16,5189046.624918781
CO,2019-03-23,4953060.45512871
CO,2019-03-30,4517141.769687111
CO,2019-04-06,4202994.875045325
CO,2019-04-13,3982141.626957214
CO,2019-04-20,3730858.1654152754
CO,2019-04-27,3639964.5070308326
CO,2019-05-04,6523802.913386022
CO,2019-05-11,6649801.5775432
CO,2019-05-18,5667676.629060282
CO,2019-05-25,6779478.317118505
CO,2019-06-01,6426062.968710997
CO,2019-06-08,6815270.803935383
CO,2019-06-15,7169107.3207114935
CO,2019-06-22,6989665.690750348
CO,2019-06-29,7284289.491950399
CO,2019-07-06,8658904.29134518
CO,2019-07-13,7652693.10277339
CO,2019-07-20,7557825.033310782
CO,2019-07-27,8111273.671390972
CO,2019-08-03,9677217.261837423
CO,2019-08-10,7502638.435742102
CO,2019-08-17,7872325.3109714035
CO,2019-08-24,7122622.480396419
CO,2019-08-31,6843311.532645515
CO,2019-09-07,10592238.292907497
CO,2019-09-14,10028981.624034999
CO,2019-09-21,9483312.28635224
CO,2019-09-28,8660826.200178778
CO,2019-10-05,10184077.30790223
CO,2019-10-12,9097551.88759015
CO,2019-10-19,7877732.9930381
CO,2019-10-26,7406144.704137908
CO,2019-11-02,6457976.897956662
CO,2019-11-09,7850280.46422266
CO,2019-11-16,8019527.717148954
CO,2019-11-23,7098921.2012898745
CO,2019-11-30,8041433.617240351
CO,2019-12-07,10360114.176249238
CO,2019-12-14,10100024.228174843
CO,2019-12-21,12081358.442261456
CO,2019-12-28,10810788.23076657
CO,2020-01-04,13326618.769986631
CO,2020-01-11,9606689.204990767
CO,2020-01-18,8782808.294360645
CO,2020-01-25,9209533.513830494
CO,2020-02-01,8054103.331604533
CO,2020-02-08,9586160.859639434
CO,2020-02-15,11567305.267699823
CO,2020-02-22,10088642.32301212
CO,2020-02-29,10149133.489852421
CO,2020-03-07,11284815.557293838
CO,2020-03-14,10726839.898471797
CO,2020-03-21,4913158.439406348
CO,2020-03-28,3270069.202773455
CO,2020-04-04,3318577.287629839
CO,2020-04-11,3421176.7989572496
CO,2020-04-18,3144278.731330245
CO,2020-04-25,3831144.2432664796
CO,2020-05-02,4327680.647823698
CO,2020-05-09,5775328.957788908
CO,2020-05-16,5756013.537848518
CO,2020-05-23,6916731.69920717
CO,2020-05-30,6920580.792647332
CO,2020-06-06,7746138.619118718
CO,2020-06-13,7326329.444098354
CO,2020-06-20,8620488.047963854
CO,2020-06-27,8626475.33761066
CO,2020-07-04,9948419.825717408
CO,2020-07-11,9319141.459947724
CO,2020-07-18,9743764.298399149
CO,2020-07-25,10058005.954120932
CO,2020-08-01,8704224.862229045
CO,2020-08-08,10461109.342144202
CO,2020-08-15,8477896.44934627
CO,2020-08-22,8124121.202382028
CO,2020-08-29,7310262.940019222
CO,2020-09-05,8856078.930491662
CO,2020-09-12,8341999.961641074
CO,2020-09-19,8223532.456469823
CO,2020-09-26,8139848.329015732
CO,2020-10-03,8775633.89562363
CO,2020-10-10,8911867.53609733
CO,2020-10-17,8713006.530824713
CO,2020-10-24,7198689.707796521
CO,2020-10-31,6652598.776952596
CO,2020-11-07,6866413.277858193
CO,2020-11-14,6517537.116396612
CO,2020-11-21,6356779.282314827
CO,2020-11-28,5545719.477421859
CO,2020-12-05,7555509.056551678
CO,2020-12-12,7640784.004856445
CO,2020-12-19,8996227.552211976
CO,2020-12-26,8286718.445873551
CO,2021-01-09,7927299.570766023
CO,2021-01-16,7450718.341297974
CO,2021-01-23,6438561.412051788
CO,2021-01-30,6632919.338418224
CO,2021-02-06,7441938.9695511535
CO,2021-02-13,8734237.466380965
CO,2021-02-20,8336438.090446968
CO,2021-02-27,7622910.093329497
CO,2021-03-06,10644804.328163825
CO,2021-03-13,8398774.076693173
CO,2021-03-20,11020457.316222984
CO,2021-03-27,8247546.71458582
CO,2021-04-03,9428330.270590635
CO,2021-04-10,7729780.8109683255
CO,2021-04-17,7696448.770780892
CO,2021-04-24,7199120.76919219
CO,2021-05-01,7240391.8188561695
CO,2021-05-08,9550253.478351668
CO,2021-05-15,8853979.593806194
CO,2021-05-22,8146753.629246339
CO,2021-05-29,8707562.04701689
CO,2021-06-05,10068012.085733363
CO,2021-06-12,10008890.483961456
CO,2021-06-19,10241582.653413381
CO,2021-06-26,10204928.52239836
CO,2021-07-03,12844522.001430735
CO,2021-07-10,11614594.447846277
CO,2021-07-17,11243306.135199431
CO,2021-07-24,11379398.093005914
CO,2021-07-31,10405970.721439973
CO,2021-08-07,12141987.162602486
CO,2021-08-14,11984058.195158225
CO,2021-08-21,10050247.096500034
CO,2021-08-28,8562225.294945445
CO,2021-09-04,11034218.488895599
CO,2021-09-11,9857501.819391362
CO,2021-09-18,10256647.69971163
CO,2021-09-25,9182093.394251999
CO,2021-10-02,9333125.348495359
CO,2021-10-09,10378654.481105212
CO,2021-10-16,8934996.674523085
CO,2021-10-23,11459400.02732687
CO,2021-10-30,9009861.474920584
CO,2021-11-06,10680664.801974442
CO,2021-11-13,10286269.630226946
CO,2021-11-20,9337125.289861742
CO,2021-11-27,9564247.302493868
CO,2021-12-04,11569002.852909293
CO,2021-12-11,11111627.717788126
CO,2021-12-18,12163394.220808735
CO,2021-12-25,12505733.153342303
CO,2022-01-01,10486732.775578145
CO,2022-01-08,10727121.143481372
CO,2022-01-15,10539668.90378967
CO,2022-01-22,8724980.025745682
CO,2022-01-29,9313176.790065717
CO,2022-02-05,11128382.820474721
CO,2022-02-12,12178152.397363404
CO,2022-02-19,11628180.322992662
CO,2022-02-26,11120883.540575463
CO,2022-03-05,11880294.986005582
CO,2022-03-12,12675196.738530934
CO,2022-03-19,13947519.29042504
CO,2022-03-26,11304896.799245466
CO,2022-04-02,10179286.550035663
CO,2022-04-09,10439384.539020048
CO,2022-04-16,9990215.273934472
CO,2022-04-23,9767248.83853929
CO,2022-04-30,9159097.90102884
CO,2022-05-07,12977331.051385038
CO,2022-05-14,11270972.14154383
CO,2022-05-21,11374883.925997112
CO,2022-05-28,12973146.393500865
CO,2022-06-04,12440888.411418565
CO,2022-06-11,12492084.72244821
CO,2022-06-18,10320585.091152515
CO,2022-06-25,9037968.609261088
CO,2022-07-02,9668495.292224636
CO,2022-07-09,10022101.89861689
CO,2022-07-16,9475135.175540252
CO,2022-07-23,9173828.240539875
CO,2022-07-30,9606914.77226939
CO,2022-08-06,12017801.500497378
CO,2022-08-13,11442729.894309718
CO,2022-08-20,11289337.747045286
CO,2022-08-27,9146013.246158117
CO,2022-09-03,11499357.822567169
CO,2022-09-10,11334379.147129593
CO,2022-09-17,10753471.361320859
CO,2022-09-24,9834326.135325542
CO,2022-10-01,11081455.95983334
CO,2022-10-08,11726008.242167996
CO,2022-10-15,11290006.07764371
CO,2022-10-22,10162261.363859573
CO,2022-10-29,10235365.069915876
CO,2022-11-05,11843992.036333496
CO,2022-11-12,12206803.898357643
CO,2022-11-19,10292985.206905723
CO,2022-11-26,12070547.906355474
CO,2022-12-03,10807933.596309006
CO,2022-12-10,9381634.365353307
CO,2022-12-17,9901358.601703016
CO,2022-12-24,9280917.202664291
CO,2022-12-31,10651127.133666398
CO,2023-01-07,13636961.006721381
CO,2023-01-14,12424934.27270747
CO,2023-01-21,11969129.725448698
CO,2023-01-28,11761106.70981209
CO,2023-02-04,15493026.93849907
CO,2023-02-11,16959303.24325411
CO,2023-02-18,16075317.343543515
CO,2023-02-25,14526856.495362133
CO,2023-03-04,24071402.574951027
CO,2023-03-11,22459877.870487392
CO,2023-03-18,24408631.204517476
CO,2023-03-25,18619340.34683554
CO,2023-04-01,16859913.50768682
CO,2023-04-08,16093514.932603914
CO,2023-04-15,14104261.540296294
CO,2023-04-22,12534812.532096574
CO,2023-04-29,12829158.148905925
CO,2023-05-06,19517517.98698312
CO,2023-05-13,19405758.08982706
CO,2023-05-20,16707431.648820026
CO,2023-05-27,16380913.112734536
CO,2023-06-03,21201113.00882677
CO,2023-06-10,14869094.269781323
CO,2023-06-17,14714836.046701323
CO,2023-06-24,14996575.808362603
CO,2023-07-01,14352670.278561434
CO,2023-07-08,15459253.812449217
CO,2023-07-15,13637973.474671846
CO,2023-07-22,11536304.437984355
CO,2023-07-29,10851355.380447371
CO,2023-08-05,14155920.002614086
CO,2023-08-12,17228218.88739277
CO,2023-08-19,16068851.342458796
CO,2023-08-26,14517839.55231247
CO,2023-09-02,15257396.216997623
CO,2023-09-09,14467782.353162507
CO,2023-09-16,16472723.207234483
CO,2023-09-23,16399521.821837693
CO,2023-09-30,11683464.420358073
CO,2023-10-07,15364393.6211687
CO,2023-10-14,13683934.348969761
CO,2023-10-21,11919880.73864737
CO,2023-10-28,15616790.997862373
CO,2023-11-04,10688719.148825677
CO,2023-11-11,9639511.8037474
CO,2023-11-18,9528179.693920052
CO,2023-11-25,9210327.796557799
CO,2023-12-02,9370647.104332145
CO,2023-12-09,12703596.156217707
CO,2023-12-16,12364233.697663207
CO,2023-12-23,12675457.38727756
CO,2023-12-30,12098068.175601944
CO,2024-01-06,11980217.064126875
CO,2024-01-13,11546287.877916262
CO,2024-01-20,10972440.518862672
CO,2024-01-27,23611902.076934423
CO,2024-02-03,26664361.35951705
CO,2024-02-10,26898311.40169957
CO,2024-02-17,22185137.11228768
CO,2024-02-24,19151196.164524525
CO,2024-03-02,19795514.095284626
CO,2024-03-09,40075560.27920791
CO,2024-03-16,39162794.654302
CO,2024-03-23,33771248.05767961
CO,2024-03-30,32035288.98511782
CO,2024-04-06,48677490.90113365
CO,2024-04-13,46617600.2545132
CO,2024-04-20,25699862.135538075
CO,2024-04-27,24169473.813798834
CO,2024-05-04,41466358.68344693
CO,2024-05-11,43490666.478289865
CO,2024-05-18,34610017.21151138
CO,2024-05-25,30927195.751112297
CO,2024-06-01,32986099.15578845
CO,2024-06-08,32854198.046332043
CO,2024-06-15,27368825.7150499
CO,2024-07-06,5.846494391523864
CO,2024-08-03,16.31646341053989
CO,2024-08-31,25.59008997375857
CO,2024-09-14,114.08158874946041
CO,2024-09-21,27.489803610285954
CO,2024-10-12,17668490.531661917
CO,2024-10-19,13253069.41752058
CO,2024-10-26,10121948.314228762
CO,2024-11-02,11338666.744993696
CO,2024-11-09,17156890.33672666
CO,2024-11-16,7189426.2955370145
CO,2024-11-23,7183460.308118798
CO,2024-11-30,6227666.412377245
CO,2024-12-07,7129255.8289222745
CO,2024-12-14,7057574.434500246
CO,2024-12-21,8022128.3647561
CO,2024-12-28,8061322.873829984
CO,2025-01-04,9179786.852433821
CO,2025-01-11,8848073.162597416
CO,2025-01-18,7978481.16994011
CO,2025-01-25,8027532.1211318
CO,2025-02-01,7628665.796168502
CO,2025-02-08,6400376.638209835
CO,2025-02-15,7699301.983486834
CO,2025-02-22,6863415.937061614
CO,2025-03-01,6433299.407937977
CO,2025-03-08,8135332.083012212
CO,2025-03-15,8830386.188205611
CO,2025-03-22,7917420.661640399
CO,2025-03-29,7901930.248766565
CO,2025-04-05,8229323.224145927
CO,2025-04-12,7139127.557919661
CO,2025-04-19,6537696.870638013
CO,2025-04-26,6931290.676043852
CO,2025-05-03,8740912.03550923
CT,2019-01-26,243922.50816875463
CT,2019-02-02,249865.31029700465
CT,2019-02-09,292982.9330316314
CT,2019-02-16,244796.27692555828
CT,2019-02-23,269133.720395666
CT,2019-03-02,306331.05456061504
CT,2019-03-09,276668.4258061958
CT,2019-03-16,351357.96244282014
CT,2019-03-23,325511.61345862143
CT,2019-03-30,305620.4544627711
CT,2019-04-06,339443.04058927903
CT,2019-04-13,268370.6384349457
CT,2019-04-20,276015.8179263413
CT,2019-04-27,323218.8295007743
CT,2019-05-04,605567.642325178
CT,2019-05-11,523617.064413552
CT,2019-05-18,511247.6457183104
CT,2019-05-25,526095.3445558703
CT,2019-06-01,568054.4266021767
CT,2019-06-08,563558.4003349027
CT,2019-06-15,527889.2214172092
CT,2019-06-22,583050.7802692371
CT,2019-06-29,506696.45433540904
CT,2019-07-06,536322.2442437989
CT,2019-07-13,418270.0973171738
CT,2019-07-20,565490.3658453269
CT,2019-07-27,476505.0109811069
CT,2019-08-03,844906.8853370628
CT,2019-08-10,493312.8612430822
CT,2019-08-17,719711.611747965
CT,2019-08-24,905447.6475769344
CT,2019-08-31,709811.8996527313
CT,2019-09-07,845262.4282886182
CT,2019-09-14,792760.1892151582
CT,2019-09-21,867298.7876947024
CT,2019-09-28,866843.422489385
CT,2019-10-05,850176.8323002788
CT,2019-10-12,738371.1048120552
CT,2019-10-19,644160.5118067309
CT,2019-10-26,528368.4014218289
CT,2019-11-02,657670.4536475111
CT,2019-11-09,703781.7466331318
CT,2019-11-16,657987.9254271523
CT,2019-11-23,559923.4539695362
CT,2019-11-30,608103.9574251381
CT,2019-12-07,797491.6096971566
CT,2019-12-14,717955.6548192136
CT,2019-12-21,672478.2474635141
CT,2019-12-28,532228.8508123362
CT,2020-01-04,486362.36692128365
CT,2020-01-11,817152.7914282446
CT,2020-01-18,586975.1315435104
CT,2020-01-25,754409.0254905421
CT,2020-02-01,872005.1005508617
CT,2020-02-08,887787.4465188097
CT,2020-02-15,622211.9013217761
CT,2020-02-22,674593.6200761725
CT,2020-02-29,754071.1151271713
CT,2020-03-07,1342054.3626222613
CT,2020-03-14,896737.7544399668
CT,2020-03-21,337075.2011526658
CT,2020-03-28,201690.42777512444
CT,2020-04-04,244910.58257320058
CT,2020-04-11,115641.67146929321
CT,2020-04-18,164052.9675444544
CT,2020-04-25,177156.62327603612
CT,2020-05-02,251940.5116345911
CT,2020-05-09,360864.6582823377
CT,2020-05-16,318834.01520978665
CT,2020-05-23,403059.6050978757
CT,2020-05-30,331848.8639177271
CT,2020-06-06,664871.8152205853
CT,2020-06-13,423549.7009651251
CT,2020-06-20,471649.8851508282
CT,2020-06-27,362303.89434239006
CT,2020-07-04,616634.4749472163
CT,2020-07-11,811807.897885367
CT,2020-07-18,429259.36583966704
CT,2020-07-25,548880.0342323129
CT,2020-08-01,292967.92875012633
CT,2020-08-08,731137.1858098179
CT,2020-08-15,552545.9410560557
CT,2020-08-22,818509.1483124442
CT,2020-08-29,588984.4235428369
CT,2020-09-05,522226.5475496184
CT,2020-09-12,480293.5290232506
CT,2020-09-19,718360.0583630939
CT,2020-09-26,663497.7857252541
CT,2020-10-03,1001783.7150834166
CT,2020-10-10,748894.5566767417
CT,2020-10-17,742357.2257091469
CT,2020-10-24,561356.1619376128
CT,2020-10-31,721369.6291957471
CT,2020-11-07,505309.2398064277
CT,2020-11-14,451250.09832216694
CT,2020-11-21,377457.89136148803
CT,2020-11-28,298850.66605437576
CT,2020-12-05,300504.73852476774
CT,2020-12-12,528740.1484783028
CT,2020-12-19,429429.30377158837
CT,2020-12-26,534766.1437409354
CT,2021-01-09,318730.37984306127
CT,2021-01-16,336914.6926861116
CT,2021-01-23,547992.0938621456
CT,2021-01-30,385795.42824813933
CT,2021-02-06,370744.8405541077
CT,2021-02-13,407494.4202975038
CT,2021-02-20,308649.1711321283
CT,2021-02-27,412787.85843549646
CT,2021-03-06,748976.7473687691
CT,2021-03-13,576828.3795872307
CT,2021-03-20,627377.0205621162
CT,2021-03-27,337352.8449869577
CT,2021-04-03,563980.0176738659
CT,2021-04-10,744052.4013312098
CT,2021-04-17,604353.2810152805
CT,2021-04-24,441168.50950947654
CT,2021-05-01,338710.5380147986
CT,2021-05-08,673416.1251248594
CT,2021-05-15,517787.22957664507
CT,2021-05-22,575305.0199653176
CT,2021-05-29,463609.46853542887
CT,2021-06-05,652843.1959690592
CT,2021-06-12,645076.2566398697
CT,2021-06-19,564239.6858236494
CT,2021-06-26,684633.516550337
CT,2021-07-03,533701.094166867
CT,2021-07-10,657509.2229335398
CT,2021-07-17,473626.69662553637
CT,2021-07-24,531470.070883189
CT,2021-07-31,525291.0664904559
CT,2021-08-07,547197.7317966509
CT,2021-08-14,661058.0961525108
CT,2021-08-21,492183.487313706
CT,2021-08-28,771002.7562093331
CT,2021-09-04,619702.228284515
CT,2021-09-11,793410.7047948302
CT,2021-09-18,739791.0548381613
CT,2021-09-25,900397.9529482757
CT,2021-10-02,622537.8388342545
CT,2021-10-09,810842.7416480945
CT,2021-10-16,518536.234480269
CT,2021-10-23,1407871.0355494062
CT,2021-10-30,972318.8419275829
CT,2021-11-06,761953.3896902036
CT,2021-11-13,501551.39164829766
CT,2021-11-20,538063.5688720983
CT,2021-11-27,471250.27771086665
CT,2021-12-04,461528.00430230366
CT,2021-12-11,405917.81708546256
CT,2021-12-18,1054924.66101597
CT,2021-12-25,611625.8828796189
CT,2022-01-01,327048.29953487555
CT,2022-01-08,28120.376338284153
CT,2022-01-15,36381.34489907661
CT,2022-01-22,17874.065135817484
CT,2022-01-29,19991.065690599637
CT,2022-02-05,35469.71985030469
CT,2022-02-12,23297.078045302886
CT,2022-02-19,27104.412232702827
CT,2022-02-26,67534.88223138322
CT,2022-03-05,150683.78690751252
CT,2022-03-12,38306.754463203455
CT,2022-03-19,99873.83545959814
CT,2022-03-26,98198.78883367087
CT,2022-04-02,61677.63757334164
CT,2022-04-09,63319.895830888316
CT,2022-04-16,64237.73011723949
CT,2022-04-23,40639.51375913634
CT,2022-04-30,146082.82700405762
CT,2022-05-07,86391.9195398252
CT,2022-05-14,193833.0156284023
CT,2022-05-21,98275.29520585756
CT,2022-05-28,70451.08598990217
CT,2022-06-04,54787.12180974616
CT,2022-06-11,59733.92515754299
CT,2022-06-18,60974.11852481952
CT,2022-06-25,60132.91538585732
CT,2022-07-02,95991.04140013891
CT,2022-07-09,39714.5649495778
CT,2022-07-16,129862.43514133953
CT,2022-07-23,49729.59349038373
CT,2022-07-30,44003.062175908206
CT,2022-08-06,214658.65340574973
CT,2022-08-13,35840.00739296592
CT,2022-08-20,103581.11465778774
CT,2022-08-27,78669.311022031
CT,2022-09-03,89411.46425400727
CT,2022-09-10,47886.038087170375
CT,2022-09-17,118138.12473923624
CT,2022-09-24,78548.13061900581
CT,2022-10-01,82924.43532640293
CT,2022-10-08,86165.27509649287
CT,2022-10-15,89996.34360471777
CT,2022-10-22,77247.15958336274
CT,2022-10-29,61810.89360240114
CT,2022-11-05,116088.56838206401
CT,2022-11-12,29663.990305949992
CT,2022-11-19,55369.60481857916
CT,2022-11-26,35229.07678335419
CT,2022-12-03,40500.205476689436
CT,2022-12-10,54202.2040232618
CT,2022-12-17,125108.63915838575
CT,2022-12-24,39156.12261384842
CT,2022-12-31,91104.37871264342
CT,2023-01-07,87376.14173883258
CT,2023-01-14,114938.61971070615
CT,2023-01-21,108174.19207988701
CT,2023-01-28,102857.67101732884
CT,2023-02-04,68289.58576203334
CT,2023-02-11,108872.91415166498
CT,2023-02-18,74692.0345404966
CT,2023-02-25,145711.02541520534
CT,2023-03-04,130327.53848897161
CT,2023-03-11,95438.88356194134
CT,2023-03-18,70033.48875422885
CT,2023-03-25,75769.25657347063
CT,2023-04-01,121526.83805527676
CT,2023-04-08,96913.08827054586
CT,2023-04-15,110019.95293657505
CT,2023-04-22,151581.88123698285
CT,2023-04-29,55240.458816348655
CT,2023-05-06,176193.86340099474
CT,2023-05-13,195640.5696654939
CT,2023-05-20,176609.13300618954
CT,2023-05-27,167163.26274426832
CT,2023-06-03,151915.7435400026
CT,2023-06-10,84078.51883118108
CT,2023-06-17,91982.24269305234
CT,2023-06-24,77869.58164711288
CT,2023-07-01,74129.84760765659
CT,2023-07-08,89652.47452978147
CT,2023-07-15,123745.71692915181
CT,2023-07-22,95164.2197604286
CT,2023-07-29,66606.03242501333
CT,2023-08-05,44434.30244089568
CT,2023-08-12,58555.93280728356
CT,2023-08-19,86535.40613600564
CT,2023-08-26,36561.820986183484
CT,2023-09-02,63923.79446788652
CT,2023-09-09,37919.45306207171
CT,2023-09-16,27308.2329829496
CT,2023-09-23,23377.262992214637
CT,2023-09-30,29074.427030758223
CT,2023-10-07,31464.227098068615
CT,2023-10-14,55910.510465991094
CT,2023-10-21,32626.196208476085
CT,2023-10-28,26603.322202698942
CT,2023-11-04,39746.99968524381
CT,2023-11-11,20869.593526680983
CT,2023-11-18,29263.357710458342
CT,2023-11-25,19471.718579032782
CT,2023-12-02,24447.539145965457
CT,2023-12-09,23669.366307727956
CT,2023-12-16,13307.25705985067
CT,2023-12-23,49985.607787227294
CT,2023-12-30,31295.717166175873
CT,2024-01-06,15393.99007511818
CT,2024-01-13,28820.19080739425
CT,2024-01-20,16792.10005882481
CT,2024-01-27,17412.348388203853
CT,2024-02-03,36943.84546573142
CT,2024-02-10,13558.223803362767
CT,2024-02-17,16498.333275431483
CT,2024-02-24,9756.173721491374
CT,2024-03-02,18452.086153750613
CT,2024-03-09,25754.162071850078
CT,2024-03-16,34772.38288773869
CT,2024-03-23,39764.90347218683
CT,2024-03-30,23527.900554464137
CT,2024-04-06,16510.905271956977
CT,2024-04-13,52194.77749354164
CT,2024-04-20,7591.373163078909
CT,2024-04-27,67754.14356099324
CT,2024-05-04,12416.393881131964
CT,2024-05-11,22923.10599826575
CT,2024-05-18,18647.35747672807
CT,2024-05-25,16601.94979753766
CT,2024-06-01,28325.362193966565
CT,2024-06-08,46833.96649639587
CT,2024-06-15,24220.30842444823
CT,2024-10-12,31383.853501355712
CT,2024-10-19,13783.639066584525
CT,2024-10-26,5622.136169944273
CT,2024-11-02,5085.499747733978
CT,2024-11-09,27506.721078486917
CT,2024-11-16,7591.413652648214
CT,2024-11-23,14260.892934767317
CT,2024-11-30,10582.109242575618
CT,2024-12-07,11714.838013426535
CT,2024-12-14,4235.751082686782
CT,2024-12-21,8835.401284019063
CT,2024-12-28,10005.659373479233
CT,2025-01-04,4895.788151782027
CT,2025-01-11,3933.3212292823937
CT,2025-01-18,11985.45221103386
CT,2025-01-25,2152.917589737612
CT,2025-02-01,6306.461370654588
CT,2025-02-08,22049.609501991094
CT,2025-02-15,10337.653819827787
CT,2025-02-22,4466.377236291791
CT,2025-03-01,4028.5446322069984
CT,2025-03-08,5267.146390513943
CT,2025-03-15,7571.152529189261
CT,2025-03-22,11764.400584935094
CT,2025-03-29,23863.06367900915
CT,2025-04-05,4578.050648522531
CT,2025-04-12,4252.860648093119
CT,2025-04-19,7466.162637172663
CT,2025-04-26,9539.22851608697
CT,2025-05-03,6149.716194966638
DE,2019-01-26,65390.307658927886
DE,2019-02-02,74552.47168208801
DE,2019-02-09,67050.48986865403
DE,2019-02-16,72638.72584154615
DE,2019-02-23,47104.90689778636
DE,2019-03-02,92354.59590904426
DE,2019-03-09,73955.18668448608
DE,2019-03-16,99494.36686535637
DE,2019-03-23,65572.7748686112
DE,2019-03-30,65759.30263530601
DE,2019-04-06,68400.5526259912
DE,2019-04-13,73011.1244082003
DE,2019-04-20,85981.81475972338
DE,2019-04-27,83540.44888716187
DE,2019-05-04,222859.2344941101
DE,2019-05-11,170951.59110587972
DE,2019-05-18,187991.43840386337
DE,2019-05-25,127377.77976219749
DE,2019-06-01,143168.23785734214
DE,2019-06-08,155042.9353871779
DE,2019-06-15,152423.69115103644
DE,2019-06-22,176505.19920490682
DE,2019-06-29,187624.08084629578
DE,2019-07-06,84022.66386301199
DE,2019-07-13,156042.25973719382
DE,2019-07-20,204567.03141069048
DE,2019-07-27,92178.64690563567
DE,2019-08-03,196363.68056781826
DE,2019-08-10,239329.97943956128
DE,2019-08-17,108082.95293027852
DE,2019-08-24,158965.79105617473
DE,2019-08-31,216605.21706526636
DE,2019-09-07,201034.9110336531
DE,2019-09-14,128529.78321929886
DE,2019-09-21,257408.75053269023
DE,2019-09-28,251076.18587112293
DE,2019-10-05,290011.22393129056
DE,2019-10-12,149847.45966167745
DE,2019-10-19,127531.70447189194
DE,2019-10-26,276668.30798539193
DE,2019-11-02,223749.96083762194
DE,2019-11-09,120877.63785030264
DE,2019-11-16,165915.97360732654
DE,2019-11-23,197648.13067639555
DE,2019-11-30,139565.17986570223
DE,2019-12-07,206302.8368630568
DE,2019-12-14,153120.43090106256
DE,2019-12-21,189336.47166261083
DE,2019-12-28,103103.23734701435
DE,2020-01-04,190223.64117921964
DE,2020-01-11,104955.39757546439
DE,2020-01-18,195849.72543417852
DE,2020-01-25,196120.34435053266
DE,2020-02-01,187967.5451094074
DE,2020-02-08,236126.13871022945
DE,2020-02-15,223998.88555220288
DE,2020-02-22,344723.2662791861
DE,2020-02-29,327628.2341438392
DE,2020-03-07,247237.22764904398
DE,2020-03-14,106516.39827576085
DE,2020-03-21,103760.9143583254
DE,2020-03-28,51977.759383669276
DE,2020-04-04,76775.99775167738
DE,2020-04-11,30819.0171588009
DE,2020-04-18,26576.031229037617
DE,2020-04-25,21386.3908653207
DE,2020-05-02,56736.84058863067
DE,2020-05-09,86886.51998169333
DE,2020-05-16,52081.30561079414
DE,2020-05-23,72630.6173027134
DE,2020-05-30,89626.67693504241
DE,2020-06-06,207784.06750359287
DE,2020-06-13,131511.70639463083
DE,2020-06-20,230474.21778523832
DE,2020-06-27,151926.88342159858
DE,2020-07-04,244199.4923722153
DE,2020-07-11,108774.84385248882
DE,2020-07-18,93392.54263789438
DE,2020-07-25,207763.55071367876
DE,2020-08-01,179098.0576482104
DE,2020-08-08,88934.31211460901
DE,2020-08-15,115214.00334761859
DE,2020-08-22,258562.80461315706
DE,2020-08-29,165894.64504988768
DE,2020-09-05,134787.3131634936
DE,2020-09-12,94493.7040393063
DE,2020-09-19,103176.60800748056
DE,2020-09-26,125480.59543862163
DE,2020-10-03,198403.90486283082
DE,2020-10-10,105197.7441612455
DE,2020-10-17,95668.97342362229
DE,2020-10-24,197841.03034419246
DE,2020-10-31,215079.39959747347
DE,2020-11-07,193105.01586134112
DE,2020-11-14,136652.83965201475
DE,2020-11-21,117654.5904425079
DE,2020-11-28,79764.45145394145
DE,2020-12-05,71324.97128344006
DE,2020-12-12,128505.77487747022
DE,2020-12-19,100081.78312723158
DE,2020-12-26,37845.621120514086
DE,2021-01-09,89037.71947547616
DE,2021-01-16,127559.96577021362
DE,2021-01-23,146376.179656948
DE,2021-01-30,66076.35480099828
DE,2021-02-06,80275.44813613141
DE,2021-02-13,84372.76236061631
DE,2021-02-20,69099.92381924369
DE,2021-02-27,101692.49524048851
DE,2021-03-06,130186.60039120239
DE,2021-03-13,87082.09268913984
DE,2021-03-20,70084.075223807
DE,2021-03-27,161639.8578972916
DE,2021-04-03,121869.26596516806
DE,2021-04-10,34142.4128833756
DE,2021-04-17,107627.17259907187
DE,2021-04-24,93499.44051250558
DE,2021-05-01,150936.75401387108
DE,2021-05-08,173905.6935187167
DE,2021-05-15,150732.2970526373
DE,2021-05-22,102260.63799396815
DE,2021-05-29,161682.91478257623
DE,2021-06-05,108837.99815332182
DE,2021-06-12,392812.9735395045
DE,2021-06-19,43645.01515890442
DE,2021-06-26,193790.21774816548
DE,2021-07-03,186519.51480027928
DE,2021-07-10,165946.37006969977
DE,2021-07-17,248949.94163577928
DE,2021-07-24,271648.5324481985
DE,2021-07-31,135117.39493366113
DE,2021-08-07,177497.88484003142
DE,2021-08-14,112542.6488086128
DE,2021-08-21,164518.38434085122
DE,2021-08-28,116860.69963384363
DE,2021-09-04,166536.20957537985
DE,2021-09-11,231476.76792700175
DE,2021-09-18,140040.7791840699
DE,2021-09-25,186945.05415724925
DE,2021-10-02,78015.00658602054
DE,2021-10-09,200274.53199083518
DE,2021-10-16,148533.0386631343
DE,2021-10-23,124377.45558550539
DE,2021-10-30,205146.91618523162
DE,2021-11-06,151270.34449112383
DE,2021-11-13,255444.4876547173
DE,2021-11-20,260740.68299867457
DE,2021-11-27,90705.71492732558
DE,2021-12-04,139868.3591439278
DE,2021-12-11,99017.00777734579
DE,2021-12-18,131015.6038389062
DE,2021-12-25,224997.81257424838
DE,2022-01-01,174464.56776999158
DE,2022-01-08,86778.8823892823
DE,2022-01-15,144394.70673680236
DE,2022-01-22,114856.7157539565
DE,2022-01-29,62084.446540652345
DE,2022-02-05,111668.7242879602
DE,2022-02-12,111018.24419591339
DE,2022-02-19,211051.14951229468
DE,2022-02-26,89245.49242675965
DE,2022-03-05,270572.68629320874
DE,2022-03-12,132333.55419434313
DE,2022-03-19,252206.82514283902
DE,2022-03-26,278518.2729578237
DE,2022-04-02,274521.4299702175
DE,2022-04-09,199807.06796277696
DE,2022-04-16,290989.0271610513
DE,2022-04-23,147857.27887861134
DE,2022-04-30,255603.6272377008
DE,2022-05-07,187680.2861908799
DE,2022-05-14,148084.95031446085
DE,2022-05-21,475373.93780370255
DE,2022-05-28,210828.89588651402
DE,2022-06-04,83630.80961859523
DE,2022-06-11,230356.81484123587
DE,2022-06-18,137361.8747506239
DE,2022-06-25,168622.9953852475
DE,2022-07-02,135059.9356991385
DE,2022-07-09,232705.438023688
DE,2022-07-16,213662.86274056463
DE,2022-07-23,198462.91754061496
DE,2022-07-30,364698.41694554756
DE,2022-08-06,265541.5277463214
DE,2022-08-13,185564.93063916877
DE,2022-08-20,115050.64210253618
DE,2022-08-27,170971.2945148417
DE,2022-09-03,294453.4758440783
DE,2022-09-10,101782.53760267535
DE,2022-09-17,320040.450811051
DE,2022-09-24,212169.2610324158
DE,2022-10-01,223074.12270857254
DE,2022-10-08,144348.99686722318
DE,2022-10-15,189229.51203494013
DE,2022-10-22,268124.9195750895
DE,2022-10-29,236581.63477020644
DE,2022-11-05,186264.3347843979
DE,2022-11-12,328002.749648854
DE,2022-11-19,198676.06605286276
DE,2022-11-26,242888.85133568762
DE,2022-12-03,180524.41592132533
DE,2022-12-10,120340.34709326399
DE,2022-12-17,137382.45334633012
DE,2022-12-24,174913.5078108276
DE,2022-12-31,104316.8597485799
DE,2023-01-07,259657.3248271776
DE,2023-01-14,462798.6709829837
DE,2023-01-21,317627.9443804023
DE,2023-01-28,273263.1907124521
DE,2023-02-04,142502.33210560988
DE,2023-02-11,93665.26655202697
DE,2023-02-18,176650.57699286612
DE,2023-02-25,36347.308542691826
DE,2023-03-04,380153.9912945866
DE,2023-03-11,562218.5004947588
DE,2023-03-18,245302.8876609793
DE,2023-03-25,131978.34987551262
DE,2023-04-01,353626.9335342089
DE,2023-04-08,258257.41612665943
DE,2023-04-15,256098.185780342
DE,2023-04-22,265196.0688488265
DE,2023-04-29,452681.8079901002
DE,2023-05-06,141216.75479472594
DE,2023-05-13,224313.31845385293
DE,2023-05-20,248419.44584816077
DE,2023-05-27,263065.8406289164
DE,2023-06-03,155207.78041305658
DE,2023-06-10,18377.907233520204
DE,2023-06-17,76154.23249755592
DE,2023-06-24,6714.177897743101
DE,2023-07-01,6109.031112336648
DE,2023-07-08,36036.924795450876
DE,2023-07-15,168797.51421376027
DE,2023-07-22,12807.204308481223
DE,2023-07-29,35476.03779800126
DE,2023-08-05,67565.4319137964
DE,2023-08-12,105423.27266262172
DE,2023-08-19,108804.77668491748
DE,2023-08-26,61729.18783731586
DE,2023-09-02,23346.09591316897
DE,2023-09-09,120599.8850615624
DE,2023-09-16,39050.40035070858
DE,2023-09-23,23536.763986583297
DE,2023-09-30,24995.16961112557
DE,2023-10-07,10805.013636592554
DE,2023-10-14,41210.95396948415
DE,2023-10-21,146677.34606269092
DE,2023-10-28,54271.652617207896
DE,2023-11-04,3230.57941074029
DE,2023-11-11,30541.128554585128
DE,2023-11-18,60949.895864407874
DE,2023-11-25,163423.28515916332
DE,2023-12-02,90514.00500527723
DE,2023-12-09,43746.960878949685
DE,2023-12-16,39386.52905210944
DE,2023-12-23,14457.663719075299
DE,2023-12-30,22271.167966814588
DE,2024-01-06,22432.957027436434
DE,2024-01-13,72441.8138976543
DE,2024-01-20,45709.32912628117
DE,2024-01-27,381010.7554018029
DE,2024-02-03,80441.50552592965
DE,2024-02-10,43557.16430683283
DE,2024-02-17,34636.41720175482
DE,2024-02-24,17070.44742000551
DE,2024-03-02,127413.4756912184
DE,2024-03-09,105196.20015705918
DE,2024-03-16,288408.75594361883
DE,2024-03-23,14314.5061112705
DE,2024-03-30,116094.74100588053
DE,2024-04-06,10036.00211305375
DE,2024-04-13,31715.97606546953
DE,2024-04-20,10343.500859677264
DE,2024-04-27,11868.750250870002
DE,2024-05-04,194773.7762736115
DE,2024-05-11,52038.417527092046
DE,2024-05-18,2908.2710744318742
DE,2024-05-25,389539.9756424403
DE,2024-06-01,17495.656588777412
DE,2024-06-15,152355.2397018755
DE,2024-10-12,56513.089975225725
DE,2024-10-19,46980.77589189225
DE,2024-10-26,8758.520012303848
DE,2024-11-02,31383.694540466906
DE,2024-11-09,1085.3212891566423
DE,2024-11-16,58.13742024840045
DE,2024-11-23,468.3476548477137
DE,2024-11-30,6498.566247126318
DE,2024-12-07,1370.473461189023
DE,2024-12-14,2015.8498244758805
DE,2024-12-21,776.6379093099742
DE,2024-12-28,1326.9035368007142
DE,2025-01-04,40687.06957815534
DE,2025-01-11,20007.04848449146
DE,2025-01-18,35679.81106119052
DE,2025-01-25,9829.58551798657
DE,2025-02-01,28200.331680733947
DE,2025-02-08,42305.83778503511
DE,2025-02-15,33022.47437176843
DE,2025-02-22,58149.17650023171
DE,2025-03-01,24599.048311551844
DE,2025-03-08,391.5667716615935
DE,2025-03-15,610.5210938380659
DE,2025-03-29,1361.0504464620965
DE,2025-04-05,4687.542990924469
DE,2025-04-12,16128.438026685519
DE,2025-04-19,35508.16650048994
DE,2025-04-26,65753.43717710814
DE,2025-05-03,17347.270621079948
FL,2019-01-26,5709080.858799489
FL,2019-02-02,5963095.389732051
FL,2019-02-09,6697348.13726457
FL,2019-02-16,6274141.363219954
FL,2019-02-23,5409889.3587914305
FL,2019-03-02,5868855.153940174
FL,2019-03-09,6457485.876834548
FL,2019-03-16,6949470.458469382
FL,2019-03-23,6956998.879102933
FL,2019-03-30,6134195.0215793885
FL,2019-04-06,7304762.325043995
FL,2019-04-13,6764022.771821605
FL,2019-04-20,6679903.848064205
FL,2019-04-27,6309058.793743347
FL,2019-05-04,9671228.49552434
FL,2019-05-11,9906073.480469845
FL,2019-05-18,7843591.642386008
FL,2019-05-25,9201682.052861022
FL,2019-06-01,8309072.136918683
FL,2019-06-08,9468167.62613145
FL,2019-06-15,9284999.431328567
FL,2019-06-22,8835112.746477706
FL,2019-06-29,9739157.131736485
FL,2019-07-06,10277925.421684654
FL,2019-07-13,10456682.368448285
FL,2019-07-20,8857815.557091996
FL,2019-07-27,8742510.414691802
FL,2019-08-03,12691379.831355574
FL,2019-08-10,11415933.778606553
FL,2019-08-17,10672773.093939165
FL,2019-08-24,10980596.01979775
FL,2019-08-31,10818237.172539521
FL,2019-09-07,12070822.018421121
FL,2019-09-14,13865124.900977092
FL,2019-09-21,14107259.54270511
FL,2019-09-28,12802137.37590462
FL,2019-10-05,13107379.055507341
FL,2019-10-12,13506842.329494486
FL,2019-10-19,11289701.12386624
FL,2019-10-26,11694891.867411194
FL,2019-11-02,10530604.401649456
FL,2019-11-09,12068228.920396635
FL,2019-11-16,11780009.476653816
FL,2019-11-23,9886299.690119231
FL,2019-11-30,10112170.823106207
FL,2019-12-07,12205401.98846968
FL,2019-12-14,12208367.09252594
FL,2019-12-21,13072591.296766689
FL,2019-12-28,9612005.968005417
FL,2020-01-04,12638329.80364372
FL,2020-01-11,11796328.64405651
FL,2020-01-18,11910413.415473863
FL,2020-01-25,10851238.255653637
FL,2020-02-01,11511687.537516087
FL,2020-02-08,14078516.234139584
FL,2020-02-15,13069779.808178345
FL,2020-02-22,13701151.714877225
FL,2020-02-29,13160464.77217614
FL,2020-03-07,13281956.44257476
FL,2020-03-14,13334050.970024645
FL,2020-03-21,9504610.699018816
FL,2020-03-28,6458342.3490857715
FL,2020-04-04,7320598.4314169325
FL,2020-04-11,5704571.971764253
FL,2020-04-18,6595358.9093054915
FL,2020-04-25,7028828.177384335
FL,2020-05-02,7362087.492437234
FL,2020-05-09,11687758.901583545
FL,2020-05-16,9620676.490259616
FL,2020-05-23,11052628.98112138
FL,2020-05-30,10577180.927419795
FL,2020-06-06,12029460.998633754
FL,2020-06-13,12144475.008056263
FL,2020-06-20,11769058.08782181
FL,2020-06-27,10561100.835170418
FL,2020-07-04,12785682.085469812
FL,2020-07-11,11021984.130887853
FL,2020-07-18,10323285.12141783
FL,2020-07-25,9907465.340367272
FL,2020-08-01,9264846.779682176
FL,2020-08-08,10242215.982759133
FL,2020-08-15,11318931.248003602
FL,2020-08-22,9973375.561997868
FL,2020-08-29,9608798.336818988
FL,2020-09-05,11752571.758384284
FL,2020-09-12,10618567.663189316
FL,2020-09-19,10036614.378638828
FL,2020-09-26,10254111.933778282
FL,2020-10-03,10795503.324573224
FL,2020-10-10,11668953.364348007
FL,2020-10-17,10606792.507109508
FL,2020-10-24,10743005.292798549
FL,2020-10-31,10440787.449134616
FL,2020-11-07,11004741.297987387
FL,2020-11-14,9768304.241835784
FL,2020-11-21,9141224.925494893
FL,2020-11-28,8912021.475084476
FL,2020-12-05,10671236.775559833
FL,2020-12-12,10420354.669577146
FL,2020-12-19,10064055.671818707
FL,2020-12-26,9308440.387328543
FL,2021-01-09,10312796.886065116
FL,2021-01-16,9776415.942684373
FL,2021-01-23,8442676.13871915
FL,2021-01-30,9145161.070135985
FL,2021-02-06,9464647.463066712
FL,2021-02-13,9674318.702569148
FL,2021-02-20,10247825.796605658
FL,2021-02-27,10976645.207799902
FL,2021-03-06,11579061.277509576
FL,2021-03-13,11788115.378537405
FL,2021-03-20,10493266.639530607
FL,2021-03-27,10282721.457049252
FL,2021-04-03,12990490.035974825
FL,2021-04-10,11362746.46118843
FL,2021-04-17,10389799.066820985
FL,2021-04-24,10371953.504995646
FL,2021-05-01,10036667.55201694
FL,2021-05-08,11049859.802758858
FL,2021-05-15,10327013.783435473
FL,2021-05-22,9480156.656062713
FL,2021-05-29,10621247.687900988
FL,2021-06-05,12803756.300665148
FL,2021-06-12,12171792.83338194
FL,2021-06-19,11865651.507531604
FL,2021-06-26,11332830.170438008
FL,2021-07-03,13513406.309286805
FL,2021-07-10,12013390.655952793
FL,2021-07-17,12194860.436201865
FL,2021-07-24,12238746.51283449
FL,2021-07-31,11513481.18599006
FL,2021-08-07,12260254.233099768
FL,2021-08-14,12313535.98472782
FL,2021-08-21,9969431.14153786
FL,2021-08-28,10407976.228143426
FL,2021-09-04,12666959.783275038
FL,2021-09-11,12179406.18262788
FL,2021-09-18,11646333.619763428
FL,2021-09-25,10658531.943164892
FL,2021-10-02,10961429.4143386
FL,2021-10-09,13198854.33102628
FL,2021-10-16,13071383.712169822
FL,2021-10-23,11963190.644811014
FL,2021-10-30,12095218.217292873
FL,2021-11-06,12873644.638453545
FL,2021-11-13,13236361.941196464
FL,2021-11-20,12758762.666362347
FL,2021-11-27,11521892.788584916
FL,2021-12-04,13642862.25213071
FL,2021-12-11,13077478.950367697
FL,2021-12-18,14370614.077579968
FL,2021-12-25,10661369.695675496
FL,2022-01-01,10576833.870899124
FL,2022-01-08,12750223.78051587
FL,2022-01-15,11802728.942507729
FL,2022-01-22,12070835.80021168
FL,2022-01-29,11666660.929433636
FL,2022-02-05,13350644.486173978
FL,2022-02-12,14056832.317892388
FL,2022-02-19,13818282.147956766
FL,2022-02-26,13848687.337966248
FL,2022-03-05,15406322.919848293
FL,2022-03-12,14678340.109622795
FL,2022-03-19,15715846.212183269
FL,2022-03-26,14655892.583481299
FL,2022-04-02,14539418.897588346
FL,2022-04-09,15427062.91679794
FL,2022-04-16,13941465.955591952
FL,2022-04-23,12682850.394529045
FL,2022-04-30,11856124.278419115
FL,2022-05-07,15863714.705004554
FL,2022-05-14,13951497.895811258
FL,2022-05-21,14444921.197706176
FL,2022-05-28,14255665.933257954
FL,2022-06-04,16232906.787719022
FL,2022-06-11,13834481.504341565
FL,2022-06-18,11156248.127470499
FL,2022-06-25,9659448.707217438
FL,2022-07-02,9787227.821626682
FL,2022-07-09,10512750.580074606
FL,2022-07-16,10332519.509003337
FL,2022-07-23,9763913.55584428
FL,2022-07-30,10344053.401373137
FL,2022-08-06,13099904.673898567
FL,2022-08-13,12909555.247557292
FL,2022-08-20,12946118.55635582
FL,2022-08-27,10798134.803970082
FL,2022-09-03,13947317.37317984
FL,2022-09-10,13230176.971086117
FL,2022-09-17,13413912.690622
FL,2022-09-24,13082920.788636567
FL,2022-10-01,10938222.892491644
FL,2022-10-08,14550256.191483298
FL,2022-10-15,13531968.364650775
FL,2022-10-22,12730594.399389453
FL,2022-10-29,13065662.957740793
FL,2022-11-05,14851477.500081586
FL,2022-11-12,14214207.650063487
FL,2022-11-19,14574843.647115814
FL,2022-11-26,13556123.430990724
FL,2022-12-03,15178819.687503308
FL,2022-12-10,13804813.539466111
FL,2022-12-17,13842276.74819011
FL,2022-12-24,13151722.905319612
FL,2022-12-31,11845278.95667057
FL,2023-01-07,19289634.42728672
FL,2023-01-14,17454209.723533064
FL,2023-01-21,18276627.234975908
FL,2023-01-28,18848420.837888565
FL,2023-02-04,16839002.79322378
FL,2023-02-11,17370750.477380864
FL,2023-02-18,16708152.343041487
FL,2023-02-25,15084192.227938764
FL,2023-03-04,20351251.679338932
FL,2023-03-11,19237528.280831758
FL,2023-03-18,18196065.839294642
FL,2023-03-25,16443070.224639984
FL,2023-04-01,16313587.278670484
FL,2023-04-08,14021564.507216128
FL,2023-04-15,13365839.460601103
FL,2023-04-22,11231524.625688776
FL,2023-04-29,13047965.521330982
FL,2023-05-06,15537576.946047343
FL,2023-05-13,16147768.06710304
FL,2023-05-20,14472192.024506468
FL,2023-05-27,13839446.79036304
FL,2023-06-03,18120994.867848277
FL,2023-06-10,12050096.697834626
FL,2023-06-17,12505564.397156963
FL,2023-06-24,12173083.813904539
FL,2023-07-01,10705299.695962848
FL,2023-07-08,10907091.391083388
FL,2023-07-15,10228798.77011621
FL,2023-07-22,9453672.539176118
FL,2023-07-29,8620606.225862881
FL,2023-08-05,9206150.129727472
FL,2023-08-12,9911365.643499702
FL,2023-08-19,9554313.648827638
FL,2023-08-26,9066968.70237904
FL,2023-09-02,8631991.865686387
FL,2023-09-09,8283162.50110314
FL,2023-09-16,8016917.722059509
FL,2023-09-23,7275355.756515802
FL,2023-09-30,6856167.259560644
FL,2023-10-07,7723369.95477006
FL,2023-10-14,7775416.261004596
FL,2023-10-21,7372685.057887559
FL,2023-10-28,8873598.638987323
FL,2023-11-04,7861074.829776328
FL,2023-11-11,8069759.305541886
FL,2023-11-18,8275767.785023358
FL,2023-11-25,8399953.538450882
FL,2023-12-02,7126988.384204144
FL,2023-12-09,8116138.482549297
FL,2023-12-16,7799345.963826335
FL,2023-12-23,8491018.057233956
FL,2023-12-30,7587930.239475313
FL,2024-01-06,7456679.757165239
FL,2024-01-13,8628962.353200974
FL,2024-01-20,7293099.650226523
FL,2024-01-27,10637205.758024683
FL,2024-02-03,11781325.54386036
FL,2024-02-10,10087598.813130189
FL,2024-02-17,8234529.145852757
FL,2024-02-24,8456693.582905078
FL,2024-03-02,8359853.5510106115
FL,2024-03-09,13232749.342388898
FL,2024-03-16,12285327.704909677
FL,2024-03-23,11782321.325379858
FL,2024-03-30,11146886.150272485
FL,2024-04-06,15427396.119304575
FL,2024-04-13,12219709.453807546
FL,2024-04-20,9711862.441350669
FL,2024-04-27,9617662.316354085
FL,2024-05-04,16322898.41220138
FL,2024-05-11,13602232.36149119
FL,2024-05-18,13249758.850388147
FL,2024-05-25,13060403.965860797
FL,2024-06-01,13696891.88570672
FL,2024-06-08,12705974.77422524
FL,2024-06-15,12866545.078202335
FL,2024-07-06,15.2274045493207
FL,2024-07-13,27.053197629958355
FL,2024-07-20,6.411257795330931
FL,2024-07-27,34.60809871009723
FL,2024-09-14,28.38583656366837
FL,2024-09-21,28.538532933410004
FL,2024-10-05,73.32735328379371
FL,2024-10-12,7234168.772081469
FL,2024-10-19,5952505.361474679
FL,2024-10-26,4827772.421229822
FL,2024-11-02,5561473.691893893
FL,2024-11-09,6091842.911412698
FL,2024-11-16,3865445.9260254465
FL,2024-11-23,3984787.868012275
FL,2024-11-30,3466515.6235317104
FL,2024-12-07,4962587.013530012
FL,2024-12-14,5336791.777783737
FL,2024-12-21,5139084.601089405
FL,2024-12-28,5299929.207873813
FL,2025-01-04,4470449.531313384
FL,2025-01-11,4199412.418441148
FL,2025-01-18,4448150.15502317
FL,2025-01-25,4206037.281343429
FL,2025-02-01,4202174.490947901
FL,2025-02-08,4141353.2071098797
FL,2025-02-15,4792847.14521292
FL,2025-02-22,4462551.091427073
FL,2025-03-01,4055070.714251948
FL,2025-03-08,4712987.283578269
FL,2025-03-15,4877411.620036498
FL,2025-03-22,4495446.493733318
FL,2025-03-29,4986252.905516907
FL,2025-04-05,4645113.217148989
FL,2025-04-12,4066858.230083111
FL,2025-04-19,4332794.70778106
FL,2025-04-26,4070857.7938274955
FL,2025-05-03,5677613.178392549
GA,2019-01-26,18848160.04813481
GA,2019-02-02,19023982.446828127
GA,2019-02-09,20923410.075697366
GA,2019-02-16,21217709.986211725
GA,2019-02-23,19783191.516665585
GA,2019-03-02,19661286.02690322
GA,2019-03-09,22914734.85149275
GA,2019-03-16,22385451.757374648
GA,2019-03-23,21134477.9020085
GA,2019-03-30,21020511.958539538
GA,2019-04-06,20268876.324776746
GA,2019-04-13,21567412.584385317
GA,2019-04-20,21881768.49274392
GA,2019-04-27,20471697.873692635
GA,2019-05-04,34688660.83755848
GA,2019-05-11,34407654.08220099
GA,2019-05-18,31176964.968349695
GA,2019-05-25,30972682.653036404
GA,2019-06-01,28785941.572876856
GA,2019-06-08,31308589.23719749
GA,2019-06-15,30273704.78835662
GA,2019-06-22,29707540.153237
GA,2019-06-29,30255951.65927872
GA,2019-07-06,32208702.245031606
GA,2019-07-13,32616574.555190776
GA,2019-07-20,30990124.23998663
GA,2019-07-27,31015389.910580017
GA,2019-08-03,41470332.12401378
GA,2019-08-10,40089892.24434947
GA,2019-08-17,37005947.20435481
GA,2019-08-24,37928037.32943562
GA,2019-08-31,34964142.63497291
GA,2019-09-07,50132655.82538036
GA,2019-09-14,48861659.190675005
GA,2019-09-21,48551481.13872916
GA,2019-09-28,46732930.14976272
GA,2019-10-05,49742527.12866977
GA,2019-10-12,45440703.94514388
GA,2019-10-19,42090093.366524614
GA,2019-10-26,42019241.80071706
GA,2019-11-02,40603897.07705736
GA,2019-11-09,42822543.26773294
GA,2019-11-16,42206129.8811404
GA,2019-11-23,39281187.354936644
GA,2019-11-30,39506855.543564856
GA,2019-12-07,47422806.330879316
GA,2019-12-14,48190035.764529906
GA,2019-12-21,50492296.50635932
GA,2019-12-28,36574844.37198592
GA,2020-01-04,40990020.23324229
GA,2020-01-11,43668458.62925146
GA,2020-01-18,41258781.401209034
GA,2020-01-25,41890981.34614708
GA,2020-02-01,40448382.3633632
GA,2020-02-08,47563737.4076479
GA,2020-02-15,50638769.84578703
GA,2020-02-22,43054515.841437206
GA,2020-02-29,48483853.073631056
GA,2020-03-07,50472027.248384416
GA,2020-03-14,48399370.00419419
GA,2020-03-21,29358084.856710847
GA,2020-03-28,22215754.924118623
GA,2020-04-04,24112295.589793794
GA,2020-04-11,20424597.40792265
GA,2020-04-18,23150268.263177548
GA,2020-04-25,23450547.720607627
GA,2020-05-02,27874173.670859475
GA,2020-05-09,34356138.79988193
GA,2020-05-16,33885539.91368799
GA,2020-05-23,35773299.86837723
GA,2020-05-30,35425379.19805452
GA,2020-06-06,42418551.95485527
GA,2020-06-13,39272047.192657225
GA,2020-06-20,39846042.5703091
GA,2020-06-27,37954640.06371217
GA,2020-07-04,40060216.98587642
GA,2020-07-11,38852143.01852374
GA,2020-07-18,38227741.83840416
GA,2020-07-25,34913851.52927476
GA,2020-08-01,36264979.360633805
GA,2020-08-08,40819156.364960976
GA,2020-08-15,41070757.834197335
GA,2020-08-22,38286798.080544226
GA,2020-08-29,36273232.80838173
GA,2020-09-05,43105900.805605695
GA,2020-09-12,40448731.65080659
GA,2020-09-19,37645953.265066266
GA,2020-09-26,37636322.80500791
GA,2020-10-03,45356837.09118709
GA,2020-10-10,43060183.29909381
GA,2020-10-17,40400589.32633297
GA,2020-10-24,41115906.32973791
GA,2020-10-31,39442613.74339041
GA,2020-11-07,39814820.706528105
GA,2020-11-14,37732478.22498537
GA,2020-11-21,36717464.67254914
GA,2020-11-28,30657016.774519768
GA,2020-12-05,42150737.89304402
GA,2020-12-12,40042793.64912269
GA,2020-12-19,39313859.822522454
GA,2020-12-26,31791036.59344663
GA,2021-01-09,36673165.94456182
GA,2021-01-16,33767038.71159803
GA,2021-01-23,33559722.10570872
GA,2021-01-30,31227385.987569734
GA,2021-02-06,36372526.53220141
GA,2021-02-13,39600124.59482195
GA,2021-02-20,36078402.04121048
GA,2021-02-27,38812034.756404154
GA,2021-03-06,46819689.10100565
GA,2021-03-13,44720514.19627853
GA,2021-03-20,43217791.93403518
GA,2021-03-27,39907483.88753644
GA,2021-04-03,46501316.80739317
GA,2021-04-10,40688186.01368994
GA,2021-04-17,43543506.79892836
GA,2021-04-24,39162180.64816437
GA,2021-05-01,41740740.38420419
GA,2021-05-08,49837890.6066719
GA,2021-05-15,43924506.31296105
GA,2021-05-22,41517482.81297152
GA,2021-05-29,45134062.24372774
GA,2021-06-05,45754272.36267896
GA,2021-06-12,43357506.59489015
GA,2021-06-19,44041569.53115117
GA,2021-06-26,40558892.04748993
GA,2021-07-03,48493648.936976984
GA,2021-07-10,43243742.82526347
GA,2021-07-17,45388337.791569546
GA,2021-07-24,44859915.082873695
GA,2021-07-31,44703978.080016136
GA,2021-08-07,53840804.22350148
GA,2021-08-14,49043760.624880455
GA,2021-08-21,45674707.792040616
GA,2021-08-28,42071462.278735936
GA,2021-09-04,48181584.532171294
GA,2021-09-11,48583352.147914454
GA,2021-09-18,46428991.07527594
GA,2021-09-25,46476943.095291115
GA,2021-10-02,46551812.744879365
GA,2021-10-09,52155533.60854997
GA,2021-10-16,49999880.25510703
GA,2021-10-23,52816142.57987165
GA,2021-10-30,48346140.704314046
GA,2021-11-06,53661216.283289716
GA,2021-11-13,51630286.669220366
GA,2021-11-20,51361463.32037706
GA,2021-11-27,45017076.40004369
GA,2021-12-04,54988942.038489245
GA,2021-12-11,52494443.045706116
GA,2021-12-18,55543482.04528031
GA,2021-12-25,45032193.05628674
GA,2022-01-01,37811980.24020245
GA,2022-01-08,46319832.516539894
GA,2022-01-15,42328237.01699588
GA,2022-01-22,42905110.055256575
GA,2022-01-29,45009573.77407249
GA,2022-02-05,51195506.01212952
GA,2022-02-12,55125073.36555935
GA,2022-02-19,51909571.21422604
GA,2022-02-26,49775667.36194587
GA,2022-03-05,56423557.551222034
GA,2022-03-12,50067791.425920434
GA,2022-03-19,52230374.5682716
GA,2022-03-26,51035627.4223054
GA,2022-04-02,50210307.82575962
GA,2022-04-09,48980150.22210224
GA,2022-04-16,52986569.85106891
GA,2022-04-23,50939881.70571351
GA,2022-04-30,49664279.99155341
GA,2022-05-07,58209376.06268951
GA,2022-05-14,56853343.855045035
GA,2022-05-21,53238096.37447919
GA,2022-05-28,52498283.84798606
GA,2022-06-04,54669404.63621479
GA,2022-06-11,53615473.42195115
GA,2022-06-18,42007275.52843544
GA,2022-06-25,36257181.07782651
GA,2022-07-02,36003623.662957996
GA,2022-07-09,38515816.70904893
GA,2022-07-16,39271070.503310315
GA,2022-07-23,40116972.84396639
GA,2022-07-30,42621199.82065218
GA,2022-08-06,55300807.042105936
GA,2022-08-13,50293988.175813
GA,2022-08-20,50631630.246906176
GA,2022-08-27,48297220.15393662
GA,2022-09-03,56104444.994260274
GA,2022-09-10,50994203.21923251
GA,2022-09-17,53729773.481782906
GA,2022-09-24,50272143.17484122
GA,2022-10-01,54136250.82342059
GA,2022-10-08,57283879.63494693
GA,2022-10-15,54410790.864424035
GA,2022-10-22,54209750.76182557
GA,2022-10-29,54674043.35319535
GA,2022-11-05,61601429.75126819
GA,2022-11-12,57159667.94900009
GA,2022-11-19,56958612.665632375
GA,2022-11-26,50538292.52371196
GA,2022-12-03,56948169.99207093
GA,2022-12-10,52333396.80497944
GA,2022-12-17,53965900.26337817
GA,2022-12-24,46746867.081352696
GA,2022-12-31,40330839.57501882
GA,2023-01-07,46774957.524337344
GA,2023-01-14,42535830.52172277
GA,2023-01-21,42286999.33304553
GA,2023-01-28,43369464.42154906
GA,2023-02-04,82276264.35507661
GA,2023-02-11,80318051.89161511
GA,2023-02-18,77764088.9230845
GA,2023-02-25,72600413.97594857
GA,2023-03-04,123651777.2493797
GA,2023-03-11,118832301.57512437
GA,2023-03-18,109794274.74548331
GA,2023-03-25,97586465.19782051
GA,2023-04-01,90141256.62561771
GA,2023-04-08,77268050.63127768
GA,2023-04-15,73593883.4720553
GA,2023-04-22,66997966.63875739
GA,2023-04-29,69129682.39380309
GA,2023-05-06,112485293.43419054
GA,2023-05-13,119357817.1368384
GA,2023-05-20,98730496.89284581
GA,2023-05-27,89183211.86822204
GA,2023-06-03,145744655.00057566
GA,2023-06-10,79612092.83813518
GA,2023-06-17,84592073.97302544
GA,2023-06-24,87617738.47173426
GA,2023-07-01,74993523.15464944
GA,2023-07-08,78134241.49502982
GA,2023-07-15,73564378.11265057
GA,2023-07-22,61268407.39633777
GA,2023-07-29,55672695.935603395
GA,2023-08-05,47327001.786617085
GA,2023-08-12,60356676.84788768
GA,2023-08-19,61104143.70025645
GA,2023-08-26,56961629.47317336
GA,2023-09-02,53146197.0383714
GA,2023-09-09,52716849.46330514
GA,2023-09-16,49259087.22124246
GA,2023-09-23,42619172.885961734
GA,2023-09-30,36945948.31091894
GA,2023-10-07,52007220.96263557
GA,2023-10-14,47316804.421311155
GA,2023-10-21,45279843.58305968
GA,2023-10-28,56067818.47417547
GA,2023-11-04,42250796.72457488
GA,2023-11-11,41587266.724218674
GA,2023-11-18,42376229.18099913
GA,2023-11-25,41382091.66089627
GA,2023-12-02,37999150.197147675
GA,2023-12-09,41993479.89433281
GA,2023-12-16,42848247.54347483
GA,2023-12-23,43375767.8351928
GA,2023-12-30,35964327.719249256
GA,2024-01-06,38541896.45866242
GA,2024-01-13,41774794.590303965
GA,2024-01-20,35682610.29204147
GA,2024-01-27,87605094.73495671
GA,2024-02-03,119665828.54763404
GA,2024-02-10,91097799.44031444
GA,2024-02-17,72507564.17090508
GA,2024-02-24,62626110.67517372
GA,2024-03-02,68745792.47054155
GA,2024-03-09,154665116.31787556
GA,2024-03-16,138093753.54405078
GA,2024-03-23,135502810.7024134
GA,2024-03-30,116119395.14733505
GA,2024-04-06,180408751.24472633
GA,2024-04-13,171563019.04993373
GA,2024-04-20,122845660.89904346
GA,2024-04-27,95676385.6571574
GA,2024-05-04,171789066.5973205
GA,2024-05-11,172332921.30973205
GA,2024-05-18,142352196.26469532
GA,2024-05-25,144686017.869628
GA,2024-06-01,147953106.58183497
GA,2024-06-08,149773337.53468648
GA,2024-06-15,125177852.64456731
GA,2024-06-22,7.0697209949766995
GA,2024-07-06,5227.706351016171
GA,2024-07-13,4121.555271355729
GA,2024-07-20,3514.798513235596
GA,2024-07-27,4395.478083659065
GA,2024-08-03,5453.218616095908
GA,2024-08-10,4308.129983001866
GA,2024-08-17,3416.1392108687874
GA,2024-08-24,3612.0758480153536
GA,2024-08-31,3254.043068272263
GA,2024-09-21,33.632873891314176
GA,2024-09-28,5.292464017991005
GA,2024-10-05,4941.375571425909
GA,2024-10-12,80695271.01540257
GA,2024-10-19,59724005.98046445
GA,2024-10-26,53585043.65485286
GA,2024-11-02,57486573.21668427
GA,2024-11-09,84577727.46467768
GA,2024-11-16,27779842.26949554
GA,2024-11-23,28880196.99952357
GA,2024-11-30,25593617.422561318
GA,2024-12-07,29753903.936776906
GA,2024-12-14,29026312.28208436
GA,2024-12-21,28697847.307361368
GA,2024-12-28,27191948.77406777
GA,2025-01-04,27968354.197604705
GA,2025-01-11,27507256.465615716
GA,2025-01-18,28839216.805090196
GA,2025-01-25,25030085.44504282
GA,2025-02-01,25433480.163292184
GA,2025-02-08,25498875.61526773
GA,2025-02-15,27400852.492454406
GA,2025-02-22,24946440.329420738
GA,2025-03-01,24044129.221791595
GA,2025-03-08,25963595.538845617
GA,2025-03-15,27247765.88816405
GA,2025-03-22,25007855.573706392
GA,2025-03-29,27420013.12559074
GA,2025-04-05,26729988.411231946
GA,2025-04-12,24598494.508881297
GA,2025-04-19,26057845.60707847
GA,2025-04-26,26561907.18758687
GA,2025-05-03,30617764.861730993
HI,2019-01-26,470905.06140779733
HI,2019-02-02,456479.6285349001
HI,2019-02-09,456609.5981931816
HI,2019-02-16,686743.6085412387
HI,2019-02-23,343098.9258160297
HI,2019-03-02,405523.4240021608
HI,2019-03-09,491450.52276656526
HI,2019-03-16,498611.7896014212
HI,2019-03-23,688369.8072095825
HI,2019-03-30,564847.0053247119
HI,2019-04-06,808412.6673165458
HI,2019-04-13,468943.2991680666
HI,2019-04-20,742373.4948725057
HI,2019-04-27,596008.2813462188
HI,2019-05-04,1132424.782958556
HI,2019-05-11,1074630.8501678924
HI,2019-05-18,676125.1205055345
HI,2019-05-25,906164.9362451871
HI,2019-06-01,1171914.3095742369
HI,2019-06-08,950498.3930848418
HI,2019-06-15,1186836.4427174423
HI,2019-06-22,1386845.0461322328
HI,2019-06-29,1358639.796614525
HI,2019-07-06,1457722.5133538966
HI,2019-07-13,1389529.2686581046
HI,2019-07-20,1447145.5287682835
HI,2019-07-27,1321102.338113111
HI,2019-08-03,1734399.3523744694
HI,2019-08-10,1828788.049556416
HI,2019-08-17,1311079.9396236052
HI,2019-08-24,1169598.2400152136
HI,2019-08-31,1107453.2336730037
HI,2019-09-07,1261115.1240616604
HI,2019-09-14,876485.5059914341
HI,2019-09-21,890473.0069588602
HI,2019-09-28,1360150.9909216021
HI,2019-10-05,1351912.0224318227
HI,2019-10-12,1409216.3766846764
HI,2019-10-19,979342.0681608963
HI,2019-10-26,978388.1681854072
HI,2019-11-02,836166.704960614
HI,2019-11-09,1184560.1883768197
HI,2019-11-16,1156642.9095927116
HI,2019-11-23,1050908.3590683374
HI,2019-11-30,1402302.2434144344
HI,2019-12-07,1071424.7197127368
HI,2019-12-14,1457350.422820805
HI,2019-12-21,1501536.821452748
HI,2019-12-28,1292901.083211256
HI,2020-01-04,2001784.4040571998
HI,2020-01-11,1145801.9416293022
HI,2020-01-18,1331302.5530768642
HI,2020-01-25,1144040.288903414
HI,2020-02-01,1165608.4168950417
HI,2020-02-08,1689681.7154056854
HI,2020-02-15,1614679.929334899
HI,2020-02-22,1471225.8976205136
HI,2020-02-29,1048511.6327842514
HI,2020-03-07,1179056.1511396442
HI,2020-03-14,1407217.8245310723
HI,2020-03-21,739041.9330247465
HI,2020-03-28,372761.131921857
HI,2020-04-04,203124.0419400047
HI,2020-04-11,226550.42043918968
HI,2020-04-18,198687.92990778392
HI,2020-04-25,139801.86743968198
HI,2020-05-02,328231.035670328
HI,2020-05-09,572903.2731581304
HI,2020-05-16,566564.015409754
HI,2020-05-23,724739.1641381189
HI,2020-05-30,697747.031410532
HI,2020-06-06,974117.2973892455
HI,2020-06-13,809164.7724849485
HI,2020-06-20,847388.0517669625
HI,2020-06-27,493842.8143128756
HI,2020-07-04,1044602.208532433
HI,2020-07-11,805132.4290009943
HI,2020-07-18,830809.211753934
HI,2020-07-25,755177.7933293383
HI,2020-08-01,1098857.9572468495
HI,2020-08-08,857626.8327555744
HI,2020-08-15,690102.3380004677
HI,2020-08-22,692549.5269778672
HI,2020-08-29,587799.4426139892
HI,2020-09-05,1057406.3899554864
HI,2020-09-12,794948.5025555957
HI,2020-09-19,384976.76384393923
HI,2020-09-26,703249.4812688164
HI,2020-10-03,698346.5675836244
HI,2020-10-10,932740.2478068866
HI,2020-10-17,958006.908302515
HI,2020-10-24,966377.6983412252
HI,2020-10-31,730249.743035001
HI,2020-11-07,811169.6252729204
HI,2020-11-14,1013210.0335715894
HI,2020-11-21,1079896.0515425303
HI,2020-11-28,733531.2463287219
HI,2020-12-05,902646.1231674689
HI,2020-12-12,512733.3522046205
HI,2020-12-19,749580.5616598602
HI,2020-12-26,614126.3334325196
HI,2021-01-09,1029374.141626398
HI,2021-01-16,683172.1300084933
HI,2021-01-23,619562.8912836754
HI,2021-01-30,573112.4907956927
HI,2021-02-06,781102.3190921667
HI,2021-02-13,726033.6189796566
HI,2021-02-20,861526.5604006243
HI,2021-02-27,758512.86351483
HI,2021-03-06,997709.8918603131
HI,2021-03-13,817949.591508568
HI,2021-03-20,1189765.6488371699
HI,2021-03-27,885442.1172041803
HI,2021-04-03,1182837.100235498
HI,2021-04-10,1481102.1444390966
HI,2021-04-17,1029896.696979979
HI,2021-04-24,756295.676126283
HI,2021-05-01,1191482.8836957137
HI,2021-05-08,1107693.5340140061
HI,2021-05-15,1352510.4638688657
HI,2021-05-22,718878.4038142391
HI,2021-05-29,1299971.3379984784
HI,2021-06-05,2094541.2398012101
HI,2021-06-12,1944106.652819653
HI,2021-06-19,2110777.167928277
HI,2021-06-26,1949051.8873096672
HI,2021-07-03,1778640.2934302397
HI,2021-07-10,2412356.7568747904
HI,2021-07-17,1501999.14350888
HI,2021-07-24,2304401.6468375223
HI,2021-07-31,1815393.2056910875
HI,2021-08-07,2706603.1902014404
HI,2021-08-14,2146097.957099841
HI,2021-08-21,1333815.5242696682
HI,2021-08-28,1127830.240392815
HI,2021-09-04,1956127.6934119426
HI,2021-09-11,1389566.7221069606
HI,2021-09-18,1026132.4101667033
HI,2021-09-25,1022995.8209373878
HI,2021-10-02,1135225.0227164624
HI,2021-10-09,1721734.4193044587
HI,2021-10-16,1207952.7947698333
HI,2021-10-23,1017814.5423935105
HI,2021-10-30,1617396.9561605572
HI,2021-11-06,1188778.1791004466
HI,2021-11-13,1183810.5051417658
HI,2021-11-20,1691677.2637127398
HI,2021-11-27,1663707.7539247414
HI,2021-12-04,1545628.4638012585
HI,2021-12-11,1101791.5532345795
HI,2021-12-18,1609173.4342566044
HI,2021-12-25,1431702.1719356407
HI,2022-01-01,1353814.8160312488
HI,2022-01-08,1579583.945239403
HI,2022-01-15,1468419.5976991705
HI,2022-01-22,1047865.3426740983
HI,2022-01-29,1104460.6143655616
HI,2022-02-05,1353642.5333110273
HI,2022-02-12,1531335.2087828836
HI,2022-02-19,1151524.4008368093
HI,2022-02-26,1598814.6947657578
HI,2022-03-05,1547204.2343824261
HI,2022-03-12,1680806.321431378
HI,2022-03-19,1641527.8971285329
HI,2022-03-26,1655473.0240134797
HI,2022-04-02,1628453.879647165
HI,2022-04-09,2067573.126565876
HI,2022-04-16,2385923.2154107117
HI,2022-04-23,2141707.8853523606
HI,2022-04-30,1358709.8858167871
HI,2022-05-07,1821069.5261932388
HI,2022-05-14,1781595.59891418
HI,2022-05-21,2333609.7554802326
HI,2022-05-28,2394183.7407395183
HI,2022-06-04,2428960.947024747
HI,2022-06-11,2576651.557124613
HI,2022-06-18,2119887.053690188
HI,2022-06-25,2053421.1603491171
HI,2022-07-02,1605097.625051525
HI,2022-07-09,1519006.0315560156
HI,2022-07-16,1745421.4364219438
HI,2022-07-23,2610840.942127017
HI,2022-07-30,2524000.775985655
HI,2022-08-06,2234079.570607366
HI,2022-08-13,2148449.890321817
HI,2022-08-20,1917083.4977964358
HI,2022-08-27,1537489.1077847236
HI,2022-09-03,1587761.4130199896
HI,2022-09-10,2086415.1815695507
HI,2022-09-17,1626231.3720657858
HI,2022-09-24,2018001.6645502085
HI,2022-10-01,1541082.326181371
HI,2022-10-08,1800766.3418722083
HI,2022-10-15,1319846.4722663513
HI,2022-10-22,2365066.8339931364
HI,2022-10-29,1509789.9335246386
HI,2022-11-05,2356672.6335259327
HI,2022-11-12,1728271.32455373
HI,2022-11-19,1671357.1467335937
HI,2022-11-26,2065496.7764252494
HI,2022-12-03,1846270.0919361436
HI,2022-12-10,1041828.0625219189
HI,2022-12-17,1039477.0110472348
HI,2022-12-24,1495163.793866521
HI,2022-12-31,1713153.3966139196
HI,2023-01-07,1165469.019908654
HI,2023-01-14,991335.2814312669
HI,2023-01-21,1386132.4195520352
HI,2023-01-28,1094061.3807258308
HI,2023-02-04,1343121.2189588023
HI,2023-02-11,1126834.1256943503
HI,2023-02-18,1166400.9976353596
HI,2023-02-25,837932.1876694704
HI,2023-03-04,427934.49753336323
HI,2023-03-11,485983.8054917881
HI,2023-03-18,324611.3259823991
HI,2023-03-25,446306.1490809065
HI,2023-04-01,433155.2971360446
HI,2023-04-08,708355.7601566366
HI,2023-04-15,710001.2153518373
HI,2023-04-22,627365.6315381242
HI,2023-04-29,614102.6273948996
HI,2023-05-06,812639.2563666101
HI,2023-05-13,1047441.301727466
HI,2023-05-20,795542.5371490604
HI,2023-05-27,625137.7914280484
HI,2023-06-03,946114.1271895033
HI,2023-06-10,897928.5299446904
HI,2023-06-17,701550.8058823686
HI,2023-06-24,536635.2960663643
HI,2023-07-01,523022.6610751487
HI,2023-07-08,1298724.0618673724
HI,2023-07-15,623561.8927144861
HI,2023-07-22,642335.1742986605
HI,2023-07-29,707620.2628041914
HI,2023-08-05,650513.9644045086
HI,2023-08-12,533629.4782403809
HI,2023-08-19,485686.6392441763
HI,2023-08-26,358162.8091257426
HI,2023-09-02,655378.4659500517
HI,2023-09-09,494034.8681334429
HI,2023-09-16,644236.2465884915
HI,2023-09-23,512634.29662716476
HI,2023-09-30,479951.99386926746
HI,2023-10-07,216033.60331144533
HI,2023-10-14,146388.8093845531
HI,2023-10-21,243729.3689728046
HI,2023-10-28,180766.6720491334
HI,2023-11-04,489173.7528624065
HI,2023-11-11,387816.34314394876
HI,2023-11-18,490885.452392194
HI,2023-11-25,394524.73256055074
HI,2023-12-02,405622.4017828373
HI,2023-12-09,445503.76413110166
HI,2023-12-16,381069.6840960801
HI,2023-12-23,462507.81236933457
HI,2023-12-30,369756.21718778874
HI,2024-01-06,573488.2881906228
HI,2024-01-13,474064.5644996963
HI,2024-01-20,569233.0036421781
HI,2024-01-27,526754.609427416
HI,2024-02-03,347397.2113361774
HI,2024-02-10,835877.6729817989
HI,2024-02-17,413871.7960326336
HI,2024-02-24,436620.3952032237
HI,2024-03-02,294115.24132763
HI,2024-03-09,725420.5358288635
HI,2024-03-16,1156157.1459654532
HI,2024-03-23,915317.7658724296
HI,2024-03-30,508361.5570798969
HI,2024-04-06,129732.28798812833
HI,2024-04-13,189008.69453959883
HI,2024-04-20,166921.90170965192
HI,2024-04-27,178813.4420904956
HI,2024-05-04,1745383.9353825382
HI,2024-05-11,514650.6650720025
HI,2024-05-18,430477.02779634035
HI,2024-05-25,512656.5584519847
HI,2024-06-01,709627.073277971
HI,2024-06-08,1026703.1281948296
HI,2024-06-15,345750.18624293455
HI,2024-10-12,470699.2335028379
HI,2024-10-19,908683.5149187776
HI,2024-10-26,568472.5537518065
HI,2024-11-02,357113.93448854116
HI,2024-11-09,327503.7217198266
HI,2024-11-16,223034.9103669298
HI,2024-11-23,284809.2363348122
HI,2024-11-30,390621.11455094925
HI,2024-12-07,466523.321312697
HI,2024-12-14,131139.3572324228
HI,2024-12-21,212911.80706599905
HI,2024-12-28,303115.87671704957
HI,2025-01-04,215228.50957777072
HI,2025-01-11,265254.78091168846
HI,2025-01-18,323691.92748554866
HI,2025-01-25,239649.34457031242
HI,2025-02-01,253686.54680848462
HI,2025-02-08,166780.48862359827
HI,2025-02-15,124989.92860998382
HI,2025-02-22,175913.08520031063
HI,2025-03-01,176443.58972670508
HI,2025-03-08,241010.43976856244
HI,2025-03-15,229668.29343304818
HI,2025-03-22,238775.8226710685
HI,2025-03-29,208938.25028313987
HI,2025-04-05,253435.024618408
HI,2025-04-12,341712.59514955676
HI,2025-04-19,225094.83471869098
HI,2025-04-26,334204.480229846
HI,2025-05-03,332344.3264457804
IA,2019-01-26,7479109.000510615
IA,2019-02-02,7014751.182267972
IA,2019-02-09,7975203.381792575
IA,2019-02-16,8052718.2735888455
IA,2019-02-23,6952649.957133201
IA,2019-03-02,8313352.117417298
IA,2019-03-09,8434072.808002086
IA,2019-03-16,7993756.969343308
IA,2019-03-23,7409060.259631979
IA,2019-03-30,8068787.738032743
IA,2019-04-06,8103946.78041103
IA,2019-04-13,7983682.715023918
IA,2019-04-20,8263739.138413239
IA,2019-04-27,8090914.293938626
IA,2019-05-04,13276044.688842345
IA,2019-05-11,14218659.772603607
IA,2019-05-18,12570082.415363133
IA,2019-05-25,13271073.755464204
IA,2019-06-01,12065458.318925615
IA,2019-06-08,13897866.911847191
IA,2019-06-15,12158579.63713277
IA,2019-06-22,11734545.245160233
IA,2019-06-29,11953815.140220445
IA,2019-07-06,13378279.691069605
IA,2019-07-13,13249149.29174669
IA,2019-07-20,13211294.41688094
IA,2019-07-27,12123184.10100307
IA,2019-08-03,15151747.756104229
IA,2019-08-10,15509988.90390578
IA,2019-08-17,14771188.237865359
IA,2019-08-24,15196857.551965103
IA,2019-08-31,14618199.662505759
IA,2019-09-07,18784531.31549245
IA,2019-09-14,19451569.44202573
IA,2019-09-21,20751403.807052847
IA,2019-09-28,19489567.84624216
IA,2019-10-05,21793175.009503063
IA,2019-10-12,19004901.24302088
IA,2019-10-19,18002405.74992037
IA,2019-10-26,17305274.1969918
IA,2019-11-02,18018105.631397147
IA,2019-11-09,17757153.680648275
IA,2019-11-16,17385409.5757791
IA,2019-11-23,17168595.404990815
IA,2019-11-30,16043946.553941049
IA,2019-12-07,21930360.346422777
IA,2019-12-14,22423850.92571098
IA,2019-12-21,22214598.93987821
IA,2019-12-28,15334539.570676845
IA,2020-01-04,17921097.559527174
IA,2020-01-11,17989185.20558379
IA,2020-01-18,14828566.253375662
IA,2020-01-25,18297289.984798864
IA,2020-02-01,17430777.855536614
IA,2020-02-08,21831612.372689296
IA,2020-02-15,21167689.339917667
IA,2020-02-22,20545783.28530579
IA,2020-02-29,20641972.420548666
IA,2020-03-07,23879597.48591073
IA,2020-03-14,20492046.587461248
IA,2020-03-21,10544999.79265425
IA,2020-03-28,8681955.386825422
IA,2020-04-04,9405556.067640677
IA,2020-04-11,8542014.646100195
IA,2020-04-18,8537194.13488056
IA,2020-04-25,9327419.06149339
IA,2020-05-02,10113110.054944724
IA,2020-05-09,12001190.207151083
IA,2020-05-16,12589962.731619898
IA,2020-05-23,14130890.385102777
IA,2020-05-30,13890168.175051635
IA,2020-06-06,16116986.011258895
IA,2020-06-13,17805215.451211877
IA,2020-06-20,16708643.336458452
IA,2020-06-27,16311333.38217
IA,2020-07-04,15849154.567490945
IA,2020-07-11,16413177.034244925
IA,2020-07-18,15503419.405307502
IA,2020-07-25,15992453.60113086
IA,2020-08-01,15200727.437571708
IA,2020-08-08,17498180.296114717
IA,2020-08-15,17336459.361400414
IA,2020-08-22,16577294.731164867
IA,2020-08-29,17046269.745850258
IA,2020-09-05,17577728.343676623
IA,2020-09-12,18150090.17904077
IA,2020-09-19,17761509.167467054
IA,2020-09-26,16352150.297335932
IA,2020-10-03,19240335.456710525
IA,2020-10-10,19579963.520900663
IA,2020-10-17,17306892.019206133
IA,2020-10-24,15968422.861605264
IA,2020-10-31,16469585.991566373
IA,2020-11-07,15865018.992932042
IA,2020-11-14,14814752.448266864
IA,2020-11-21,13022580.773127267
IA,2020-11-28,11434687.040170616
IA,2020-12-05,15580528.68592098
IA,2020-12-12,15508072.781209905
IA,2020-12-19,16616471.261835277
IA,2020-12-26,12969046.682807535
IA,2021-01-09,16391262.02509354
IA,2021-01-16,15045885.017931463
IA,2021-01-23,15267900.468234403
IA,2021-01-30,13846076.446254855
IA,2021-02-06,15240954.156365678
IA,2021-02-13,16190701.433551246
IA,2021-02-20,16234656.238019507
IA,2021-02-27,16644962.288966749
IA,2021-03-06,19459505.20325052
IA,2021-03-13,18149658.543934297
IA,2021-03-20,17478390.020268675
IA,2021-03-27,17723848.817752104
IA,2021-04-03,20019573.780764636
IA,2021-04-10,20115193.155893713
IA,2021-04-17,17974816.20392082
IA,2021-04-24,18543402.50266411
IA,2021-05-01,18819541.754996944
IA,2021-05-08,21936013.680339508
IA,2021-05-15,19448183.42862791
IA,2021-05-22,19682820.443798527
IA,2021-05-29,20500775.510458592
IA,2021-06-05,19862181.820401847
IA,2021-06-12,20564305.202801213
IA,2021-06-19,20615147.68555142
IA,2021-06-26,18676098.974017143
IA,2021-07-03,22406434.584004708
IA,2021-07-10,19650873.711434275
IA,2021-07-17,19582926.847259235
IA,2021-07-24,18678443.648978073
IA,2021-07-31,17267213.537390616
IA,2021-08-07,21931286.8214211
IA,2021-08-14,21626198.048369437
IA,2021-08-21,21267597.07996173
IA,2021-08-28,20789904.980743885
IA,2021-09-04,23885629.618416294
IA,2021-09-11,21433000.737611085
IA,2021-09-18,21382908.180125974
IA,2021-09-25,21503970.103546474
IA,2021-10-02,22253396.19312862
IA,2021-10-09,23089956.817596782
IA,2021-10-16,23056675.329903357
IA,2021-10-23,22436880.994813092
IA,2021-10-30,22658422.723823216
IA,2021-11-06,23696924.960236423
IA,2021-11-13,23080141.647939913
IA,2021-11-20,21495907.373394035
IA,2021-11-27,20420019.715033945
IA,2021-12-04,25881822.84051379
IA,2021-12-11,22681622.494589828
IA,2021-12-18,24467283.084143724
IA,2021-12-25,19919786.393544607
IA,2022-01-01,18350654.454303443
IA,2022-01-08,18773470.362140775
IA,2022-01-15,18247441.73368828
IA,2022-01-22,22071309.559450507
IA,2022-01-29,19855608.865152173
IA,2022-02-05,23417684.021362003
IA,2022-02-12,24067695.498545084
IA,2022-02-19,22614860.90657805
IA,2022-02-26,20580027.543317266
IA,2022-03-05,26393421.306316447
IA,2022-03-12,23025263.530385453
IA,2022-03-19,22018354.974851716
IA,2022-03-26,24258582.567151085
IA,2022-04-02,23112818.55459154
IA,2022-04-09,24082798.632799663
IA,2022-04-16,23939925.779885747
IA,2022-04-23,22341172.161656436
IA,2022-04-30,23400532.809582382
IA,2022-05-07,26131363.909106445
IA,2022-05-14,24540043.857054107
IA,2022-05-21,24777578.49506441
IA,2022-05-28,24107114.698162463
IA,2022-06-04,24178483.730086815
IA,2022-06-11,22944163.142355755
IA,2022-06-18,18516447.20941557
IA,2022-06-25,15900067.175060261
IA,2022-07-02,15809483.391945057
IA,2022-07-09,17472791.11744686
IA,2022-07-16,17685039.832269646
IA,2022-07-23,17114339.53875264
IA,2022-07-30,16061860.878639182
IA,2022-08-06,22727772.992995642
IA,2022-08-13,21217874.905876823
IA,2022-08-20,22898864.67303814
IA,2022-08-27,22929916.315774363
IA,2022-09-03,23460481.587026577
IA,2022-09-10,22608096.866076384
IA,2022-09-17,23941085.79856235
IA,2022-09-24,23867195.317081746
IA,2022-10-01,22798842.026654456
IA,2022-10-08,24723791.01655773
IA,2022-10-15,23593002.713707574
IA,2022-10-22,22989317.345171575
IA,2022-10-29,23636565.430353492
IA,2022-11-05,27415418.520079914
IA,2022-11-12,26355715.01857231
IA,2022-11-19,23636950.225373063
IA,2022-11-26,22522185.39234284
IA,2022-12-03,24980274.206219908
IA,2022-12-10,22317939.056563284
IA,2022-12-17,21438737.998814475
IA,2022-12-24,15227245.900048627
IA,2022-12-31,17079243.856729504
IA,2023-01-07,19248627.716825847
IA,2023-01-14,17755286.961342335
IA,2023-01-21,18974949.971330114
IA,2023-01-28,17950582.993952923
IA,2023-02-04,37952576.74267748
IA,2023-02-11,38336278.43428792
IA,2023-02-18,33122553.897219684
IA,2023-02-25,31543782.73375351
IA,2023-03-04,53536566.836476624
IA,2023-03-11,49985200.09785252
IA,2023-03-18,42152487.49922664
IA,2023-03-25,41836576.04681126
IA,2023-04-01,39713035.757165805
IA,2023-04-08,35166039.2323866
IA,2023-04-15,34353890.70813421
IA,2023-04-22,30245933.550268386
IA,2023-04-29,30285541.067768473
IA,2023-05-06,41120443.59794381
IA,2023-05-13,47421119.346968934
IA,2023-05-20,37619987.98956525
IA,2023-05-27,35851814.72502611
IA,2023-06-03,51166493.035094574
IA,2023-06-10,33426435.630091827
IA,2023-06-17,35362664.59758657
IA,2023-06-24,33124445.764416456
IA,2023-07-01,30333660.504680023
IA,2023-07-08,34059183.17219228
IA,2023-07-15,30203375.24847229
IA,2023-07-22,25899897.22419488
IA,2023-07-29,23789828.54838192
IA,2023-08-05,20362795.964559592
IA,2023-08-12,24073861.80040865
IA,2023-08-19,27318185.30036364
IA,2023-08-26,23672276.046730116
IA,2023-09-02,22819226.69015678
IA,2023-09-09,26656322.988948237
IA,2023-09-16,32762809.4424651
IA,2023-09-23,27539504.07744564
IA,2023-09-30,23322044.913604237
IA,2023-10-07,21870355.718640354
IA,2023-10-14,20059937.756657038
IA,2023-10-21,17023818.33001143
IA,2023-10-28,21997619.15750268
IA,2023-11-04,14628711.759401469
IA,2023-11-11,14630864.824247645
IA,2023-11-18,14505648.880242558
IA,2023-11-25,14561501.672543269
IA,2023-12-02,13508080.357822571
IA,2023-12-09,18333922.86376863
IA,2023-12-16,18552588.052313626
IA,2023-12-23,17968215.30664348
IA,2023-12-30,15924324.466122694
IA,2024-01-06,18419155.747217122
IA,2024-01-13,17078550.62993469
IA,2024-01-20,17743394.236569032
IA,2024-01-27,57358831.452624135
IA,2024-02-03,63258602.58032664
IA,2024-02-10,52762664.55656447
IA,2024-02-17,39632726.99855868
IA,2024-02-24,36464314.1281295
IA,2024-03-02,39187058.74429094
IA,2024-03-09,97953579.58646429
IA,2024-03-16,95625067.85867009
IA,2024-03-23,94833020.38917099
IA,2024-03-30,88023979.12641945
IA,2024-04-06,91489510.83731191
IA,2024-04-13,87871604.28442445
IA,2024-04-20,64488295.05475485
IA,2024-04-27,54368081.40791551
IA,2024-05-04,75938982.33991581
IA,2024-05-11,67493073.39733289
IA,2024-05-18,64886830.745025985
IA,2024-05-25,59880031.738821544
IA,2024-06-01,72434221.53603864
IA,2024-06-08,71946309.7841101
IA,2024-06-15,61565967.45212986
IA,2024-07-06,21.65978472152333
IA,2024-07-13,40.26139251010104
IA,2024-07-20,21.251519784123566
IA,2024-07-27,24.221996833381525
IA,2024-08-17,6.208783312179334
IA,2024-09-07,40.35331031096357
IA,2024-09-14,12.12853841297898
IA,2024-09-21,5.30154609929078
IA,2024-09-28,11.683785861881251
IA,2024-10-12,58488141.07059075
IA,2024-10-19,44361803.303760074
IA,2024-10-26,35654903.03928809
IA,2024-11-02,44475654.18574494
IA,2024-11-09,55934843.590348266
IA,2024-11-16,12673719.355523914
IA,2024-11-23,12613353.400790012
IA,2024-11-30,11879166.895998478
IA,2024-12-07,12074066.318319658
IA,2024-12-14,12204367.039286759
IA,2024-12-21,12347929.587207071
IA,2024-12-28,11175118.624326942
IA,2025-01-04,12059435.178702284
IA,2025-01-11,11894461.032449085
IA,2025-01-18,11488513.34895177
IA,2025-01-25,11018349.42134508
IA,2025-02-01,10596078.78910915
IA,2025-02-08,14551159.981732136
IA,2025-02-15,15692174.167252483
IA,2025-02-22,14203052.609956728
IA,2025-03-01,13802074.78093157
IA,2025-03-08,12950202.962456547
IA,2025-03-15,14169607.75122465
IA,2025-03-22,12643915.198358541
IA,2025-03-29,14272925.54161343
IA,2025-04-05,13165967.479376007
IA,2025-04-12,11642949.833216244
IA,2025-04-19,12138341.765974296
IA,2025-04-26,12856494.270935647
IA,2025-05-03,13065474.810299432
ID,2019-01-26,2901983.896077229
ID,2019-02-02,2765396.016938015
ID,2019-02-09,2883755.6299198
ID,2019-02-16,2998541.172062195
ID,2019-02-23,2736509.2955419393
ID,2019-03-02,2962003.988343477
ID,2019-03-09,3031707.1664348273
ID,2019-03-16,3063202.4214949156
ID,2019-03-23,3151832.832259765
ID,2019-03-30,2847164.777317064
ID,2019-04-06,3336805.3390180767
ID,2019-04-13,3134338.5354107185
ID,2019-04-20,2968390.676499411
ID,2019-04-27,2946427.1141967354
ID,2019-05-04,5004001.60845208
ID,2019-05-11,4695475.000202344
ID,2019-05-18,4279434.555594917
ID,2019-05-25,4219440.544096973
ID,2019-06-01,4350387.964592078
ID,2019-06-08,4903945.955501097
ID,2019-06-15,4666154.891054764
ID,2019-06-22,4364915.059848937
ID,2019-06-29,4320090.200589613
ID,2019-07-06,5088807.256560387
ID,2019-07-13,4815856.793789779
ID,2019-07-20,4212359.635646605
ID,2019-07-27,4190947.150654025
ID,2019-08-03,5644860.110518962
ID,2019-08-10,5042545.366434623
ID,2019-08-17,4942680.710537015
ID,2019-08-24,4937131.763825292
ID,2019-08-31,4757852.15862113
ID,2019-09-07,7240336.9054948045
ID,2019-09-14,6940545.848288544
ID,2019-09-21,6643252.266756277
ID,2019-09-28,5870533.593463192
ID,2019-10-05,7003196.722646302
ID,2019-10-12,6057839.834168121
ID,2019-10-19,5700743.626194087
ID,2019-10-26,5916916.335866255
ID,2019-11-02,5548048.657663922
ID,2019-11-09,6251674.962534985
ID,2019-11-16,5981532.806513428
ID,2019-11-23,6131804.070619901
ID,2019-11-30,5209025.330247047
ID,2019-12-07,6950159.784334366
ID,2019-12-14,6936822.775478866
ID,2019-12-21,6724049.367647211
ID,2019-12-28,4860474.843533707
ID,2020-01-04,5853864.83468582
ID,2020-01-11,6185002.545706843
ID,2020-01-18,6302418.474070181
ID,2020-01-25,6230565.031124074
ID,2020-02-01,5640191.460002961
ID,2020-02-08,6787773.590009705
ID,2020-02-15,7368906.248029617
ID,2020-02-22,7054643.601333988
ID,2020-02-29,6999233.621346869
ID,2020-03-07,7604415.949896361
ID,2020-03-14,7339591.661614586
ID,2020-03-21,5369986.738731901
ID,2020-03-28,3738472.325773124
ID,2020-04-04,3668758.525586517
ID,2020-04-11,3542728.8995448686
ID,2020-04-18,3928462.6805310654
ID,2020-04-25,4084509.8716541342
ID,2020-05-02,4255457.325595309
ID,2020-05-09,5898615.881768362
ID,2020-05-16,5351653.607967084
ID,2020-05-23,6696906.285977209
ID,2020-05-30,6284340.474431486
ID,2020-06-06,7293908.952257978
ID,2020-06-13,6822628.362407154
ID,2020-06-20,6809535.35658431
ID,2020-06-27,6852457.322441081
ID,2020-07-04,6959218.222158353
ID,2020-07-11,6633692.685235021
ID,2020-07-18,6349442.365842339
ID,2020-07-25,6094705.220307236
ID,2020-08-01,5840529.339359767
ID,2020-08-08,6716820.9756174935
ID,2020-08-15,6607028.952395083
ID,2020-08-22,6785787.248976597
ID,2020-08-29,5897459.391032751
ID,2020-09-05,7596668.733075136
ID,2020-09-12,7018837.640490062
ID,2020-09-19,6495092.834363289
ID,2020-09-26,6084874.437227994
ID,2020-10-03,7062255.724604921
ID,2020-10-10,6819540.879993335
ID,2020-10-17,6294118.904572845
ID,2020-10-24,6683131.433092658
ID,2020-10-31,5912279.916999218
ID,2020-11-07,6187548.393669971
ID,2020-11-14,5567193.896118408
ID,2020-11-21,5419219.535753577
ID,2020-11-28,4285022.36074368
ID,2020-12-05,6281936.932918748
ID,2020-12-12,6289632.29619236
ID,2020-12-19,5765208.87417378
ID,2020-12-26,4564730.20674934
ID,2021-01-09,6474682.1870072065
ID,2021-01-16,5492904.750146812
ID,2021-01-23,5215135.1215451155
ID,2021-01-30,5001886.477476273
ID,2021-02-06,6634061.456491687
ID,2021-02-13,6434849.38451261
ID,2021-02-20,6093552.220525656
ID,2021-02-27,6052149.21011926
ID,2021-03-06,7981603.20391084
ID,2021-03-13,7209946.122873644
ID,2021-03-20,6728947.264918157
ID,2021-03-27,6087301.3929855535
ID,2021-04-03,7352830.7509480985
ID,2021-04-10,6477567.917457775
ID,2021-04-17,6629774.9095239695
ID,2021-04-24,6385294.87343617
ID,2021-05-01,6054975.594581007
ID,2021-05-08,8463608.733642288
ID,2021-05-15,7353931.44551331
ID,2021-05-22,7042311.903783265
ID,2021-05-29,7840881.434615232
ID,2021-06-05,8210598.829332479
ID,2021-06-12,8079095.6701569315
ID,2021-06-19,7796974.879315141
ID,2021-06-26,7362386.112026635
ID,2021-07-03,9391055.195424883
ID,2021-07-10,8012373.199856388
ID,2021-07-17,8379300.664678276
ID,2021-07-24,7636639.48301641
ID,2021-07-31,7345035.312453586
ID,2021-08-07,7748724.348399835
ID,2021-08-14,7497516.458281529
ID,2021-08-21,7726133.07080324
ID,2021-08-28,7033462.368196402
ID,2021-09-04,8439953.5019531
ID,2021-09-11,7840936.989397444
ID,2021-09-18,7127289.807765338
ID,2021-09-25,7973001.764641126
ID,2021-10-02,7100977.465003267
ID,2021-10-09,8493860.701440167
ID,2021-10-16,8011051.288342698
ID,2021-10-23,8136077.42087188
ID,2021-10-30,8095306.47442329
ID,2021-11-06,8966920.359769868
ID,2021-11-13,7887212.365230758
ID,2021-11-20,7848509.570102759
ID,2021-11-27,6063804.908603334
ID,2021-12-04,8482351.988859663
ID,2021-12-11,7982217.378478653
ID,2021-12-18,8962032.17122534
ID,2021-12-25,6511236.612454279
ID,2022-01-01,5990876.924276609
ID,2022-01-08,6990570.815657409
ID,2022-01-15,7381113.034793946
ID,2022-01-22,7230880.116034464
ID,2022-01-29,6964629.768112445
ID,2022-02-05,8892445.679232609
ID,2022-02-12,8469789.929565147
ID,2022-02-19,8833232.400532626
ID,2022-02-26,8055574.619204783
ID,2022-03-05,8850692.206699967
ID,2022-03-12,8655973.576340416
ID,2022-03-19,8578042.818318961
ID,2022-03-26,8258576.479965824
ID,2022-04-02,7820817.769896282
ID,2022-04-09,9181220.011163639
ID,2022-04-16,8349146.2056120355
ID,2022-04-23,8893156.43958598
ID,2022-04-30,8158983.487442128
ID,2022-05-07,9616989.964536283
ID,2022-05-14,9827576.161674373
ID,2022-05-21,9194961.23677563
ID,2022-05-28,9689609.317361327
ID,2022-06-04,9521411.800212733
ID,2022-06-11,9795252.327116357
ID,2022-06-18,8107999.391426307
ID,2022-06-25,6880478.244833453
ID,2022-07-02,6881845.18904422
ID,2022-07-09,7657849.036110274
ID,2022-07-16,7609404.552660607
ID,2022-07-23,7202220.593559636
ID,2022-07-30,7217972.364427616
ID,2022-08-06,8576215.731000472
ID,2022-08-13,8331352.702960703
ID,2022-08-20,8768839.2340649
ID,2022-08-27,8466788.393767275
ID,2022-09-03,9957420.089916632
ID,2022-09-10,8599102.497605396
ID,2022-09-17,9113868.605862956
ID,2022-09-24,8299136.164155443
ID,2022-10-01,8883941.27024865
ID,2022-10-08,9709945.564960865
ID,2022-10-15,9425379.609192155
ID,2022-10-22,9022499.229689233
ID,2022-10-29,8427416.851488497
ID,2022-11-05,9648877.4737131
ID,2022-11-12,9128614.223228894
ID,2022-11-19,8903380.234054202
ID,2022-11-26,8043728.444445459
ID,2022-12-03,9309403.609221416
ID,2022-12-10,9413482.8003794
ID,2022-12-17,8883458.168331832
ID,2022-12-24,7844805.987989341
ID,2022-12-31,6995054.578568777
ID,2023-01-07,10361698.16753914
ID,2023-01-14,9505617.581071878
ID,2023-01-21,8961320.030591732
ID,2023-01-28,11614425.58257887
ID,2023-02-04,19315140.909653414
ID,2023-02-11,21887175.92889844
ID,2023-02-18,16723666.551360337
ID,2023-02-25,18303806.639540013
ID,2023-03-04,31607586.109334596
ID,2023-03-11,25894497.264230352
ID,2023-03-18,22588388.514674492
ID,2023-03-25,21585164.85810751
ID,2023-04-01,21519825.85389322
ID,2023-04-08,19755294.285362672
ID,2023-04-15,18201115.65061724
ID,2023-04-22,17409008.390262682
ID,2023-04-29,15807196.431184256
ID,2023-05-06,39119473.18153765
ID,2023-05-13,32014235.10910631
ID,2023-05-20,27125371.714761708
ID,2023-05-27,29158412.3682195
ID,2023-06-03,34414047.52762601
ID,2023-06-10,18135828.597340893
ID,2023-06-17,20151631.838702604
ID,2023-06-24,20807635.612717032
ID,2023-07-01,16379685.727339795
ID,2023-07-08,21092787.525066886
ID,2023-07-15,17954846.770278472
ID,2023-07-22,16198962.337034745
ID,2023-07-29,12223241.526426584
ID,2023-08-05,12372222.610627634
ID,2023-08-12,15114629.643283205
ID,2023-08-19,14822533.8385103
ID,2023-08-26,13401610.727604158
ID,2023-09-02,14392703.960240742
ID,2023-09-09,12008704.841552928
ID,2023-09-16,13175985.30452138
ID,2023-09-23,11520199.3802119
ID,2023-09-30,8863955.196366725
ID,2023-10-07,10043871.58693806
ID,2023-10-14,9977439.449976115
ID,2023-10-21,8039147.524330837
ID,2023-10-28,11654035.786469623
ID,2023-11-04,7456393.596623649
ID,2023-11-11,7612463.470747673
ID,2023-11-18,7246252.038406315
ID,2023-11-25,7567055.953987498
ID,2023-12-02,6735208.8138725385
ID,2023-12-09,8110912.5263873525
ID,2023-12-16,8026430.3573654005
ID,2023-12-23,7682929.026074139
ID,2023-12-30,6870506.505112468
ID,2024-01-06,8685013.527067125
ID,2024-01-13,8576458.213081198
ID,2024-01-20,7661399.29912478
ID,2024-01-27,28486265.631048
ID,2024-02-03,30579550.140304364
ID,2024-02-10,22496171.57990484
ID,2024-02-17,21459241.461314917
ID,2024-02-24,10945951.813587207
ID,2024-03-02,16793535.020849112
ID,2024-03-09,39997005.85857406
ID,2024-03-16,38078005.262081034
ID,2024-03-23,29927353.944615416
ID,2024-03-30,30550216.522831347
ID,2024-04-06,41118846.7159253
ID,2024-04-13,43301712.0511133
ID,2024-04-20,28178202.502346464
ID,2024-04-27,31198953.550454434
ID,2024-05-04,49375020.608478434
ID,2024-05-11,50603124.66582502
ID,2024-05-18,46764252.41268887
ID,2024-05-25,38674086.92005649
ID,2024-06-01,44631957.11167731
ID,2024-06-08,39030248.81008919
ID,2024-06-15,42921004.37769091
ID,2024-06-29,9.328822998427412
ID,2024-07-06,10.34209884075656
ID,2024-08-10,36.71703296669665
ID,2024-08-24,54.80181556131907
ID,2024-09-14,218.7122520665479
ID,2024-09-21,71.72178015902229
ID,2024-09-28,75.70249792661609
ID,2024-10-12,27698032.305975743
ID,2024-10-19,16674054.579399863
ID,2024-10-26,16259560.755826551
ID,2024-11-02,17215937.890798178
ID,2024-11-09,22590114.7409787
ID,2024-11-16,6227547.316655433
ID,2024-11-23,6426256.346441369
ID,2024-11-30,5149617.90468745
ID,2024-12-07,6103658.98186627
ID,2024-12-14,6055096.268725278
ID,2024-12-21,5980804.781593302
ID,2024-12-28,5666053.0364645235
ID,2025-01-04,5905250.584626378
ID,2025-01-11,6175709.749785078
ID,2025-01-18,6049329.361204834
ID,2025-01-25,5837907.712638378
ID,2025-02-01,5364519.869983818
ID,2025-02-08,6077955.935660423
ID,2025-02-15,6329569.933703542
ID,2025-02-22,5878155.299429652
ID,2025-03-01,5573273.086384199
ID,2025-03-08,5334141.551285939
ID,2025-03-15,5986090.701533385
ID,2025-03-22,5025000.377113265
ID,2025-03-29,5641435.080703538
ID,2025-04-05,6381617.54820655
ID,2025-04-12,6002037.015185791
ID,2025-04-19,5697255.249612364
ID,2025-04-26,6031570.03057362
ID,2025-05-03,7246772.074382923
IL,2019-01-26,8352359.033649833
IL,2019-02-02,8186384.204251584
IL,2019-02-09,8863368.067117834
IL,2019-02-16,8878118.936207514
IL,2019-02-23,8354596.735601075
IL,2019-03-02,8543827.410194961
IL,2019-03-09,8767405.354254302
IL,2019-03-16,9439691.25335908
IL,2019-03-23,9330599.082016893
IL,2019-03-30,8979806.297144579
IL,2019-04-06,9254636.011883104
IL,2019-04-13,9393743.648411462
IL,2019-04-20,9341489.400702542
IL,2019-04-27,9218473.803542128
IL,2019-05-04,15019972.83813146
IL,2019-05-11,15073988.444892066
IL,2019-05-18,13964853.283917598
IL,2019-05-25,14072707.258538859
IL,2019-06-01,13008995.366366757
IL,2019-06-08,13993639.045776783
IL,2019-06-15,13016299.90102214
IL,2019-06-22,12976481.6572982
IL,2019-06-29,13444725.005318353
IL,2019-07-06,14058091.777233118
IL,2019-07-13,13761846.34954399
IL,2019-07-20,13093016.234064562
IL,2019-07-27,13429618.403685832
IL,2019-08-03,16160650.236854622
IL,2019-08-10,16051913.87883922
IL,2019-08-17,16290934.249929145
IL,2019-08-24,15817368.24805903
IL,2019-08-31,15546626.242411304
IL,2019-09-07,20368945.68350223
IL,2019-09-14,20563520.996123772
IL,2019-09-21,19909997.80913392
IL,2019-09-28,18691864.21953004
IL,2019-10-05,20209822.971169595
IL,2019-10-12,18292734.54321548
IL,2019-10-19,17467203.878200963
IL,2019-10-26,16895699.4055432
IL,2019-11-02,15010034.64606761
IL,2019-11-09,16853464.963634066
IL,2019-11-16,16393938.56063162
IL,2019-11-23,16719805.785314322
IL,2019-11-30,15289255.67670483
IL,2019-12-07,19152054.830950037
IL,2019-12-14,19030050.559618175
IL,2019-12-21,19521525.68313723
IL,2019-12-28,13969649.156792086
IL,2020-01-04,15634050.97407648
IL,2020-01-11,16118500.804258958
IL,2020-01-18,15436397.378250375
IL,2020-01-25,15270746.062786391
IL,2020-02-01,15564471.922844099
IL,2020-02-08,18950530.721470173
IL,2020-02-15,18808915.16183212
IL,2020-02-22,18076072.621446162
IL,2020-02-29,18525146.22932805
IL,2020-03-07,20930742.816788416
IL,2020-03-14,19547183.18451354
IL,2020-03-21,11620490.400988339
IL,2020-03-28,8426955.16672396
IL,2020-04-04,9631798.441224929
IL,2020-04-11,9230603.23926103
IL,2020-04-18,9507267.13378587
IL,2020-04-25,9464590.497420533
IL,2020-05-02,10180779.293892592
IL,2020-05-09,12489658.963703418
IL,2020-05-16,11834281.982125549
IL,2020-05-23,13050432.814447591
IL,2020-05-30,13437038.71220145
IL,2020-06-06,15911605.18658615
IL,2020-06-13,15675693.007513024
IL,2020-06-20,15258169.0207121
IL,2020-06-27,15506106.110786634
IL,2020-07-04,16547029.300545493
IL,2020-07-11,16037284.024474008
IL,2020-07-18,15584634.011874301
IL,2020-07-25,14688063.875510633
IL,2020-08-01,14926038.243307326
IL,2020-08-08,16447402.247351952
IL,2020-08-15,16915021.005579036
IL,2020-08-22,15767240.412307644
IL,2020-08-29,15479182.906562733
IL,2020-09-05,18158176.245363932
IL,2020-09-12,16613537.07586323
IL,2020-09-19,17292309.629868925
IL,2020-09-26,16317221.662285034
IL,2020-10-03,18457641.351047166
IL,2020-10-10,17687868.018146835
IL,2020-10-17,16090443.058135213
IL,2020-10-24,15989637.459077245
IL,2020-10-31,15570758.305966968
IL,2020-11-07,15083565.334054101
IL,2020-11-14,13876862.198614547
IL,2020-11-21,12581995.676709004
IL,2020-11-28,10813873.82602173
IL,2020-12-05,14236755.194609348
IL,2020-12-12,14374009.3285405
IL,2020-12-19,13993213.883967945
IL,2020-12-26,11727752.209544165
IL,2021-01-09,14390272.058949336
IL,2021-01-16,13329340.1838672
IL,2021-01-23,13711677.256836291
IL,2021-01-30,11729909.407683771
IL,2021-02-06,13901828.282791844
IL,2021-02-13,13659871.461940411
IL,2021-02-20,12491966.183454303
IL,2021-02-27,15312905.11085536
IL,2021-03-06,18842309.189727385
IL,2021-03-13,17369873.341417305
IL,2021-03-20,16505163.96143454
IL,2021-03-27,16309685.827654857
IL,2021-04-03,18030711.171945713
IL,2021-04-10,18003143.537071623
IL,2021-04-17,17072427.44070251
IL,2021-04-24,16164443.69547912
IL,2021-05-01,16883594.028997626
IL,2021-05-08,19811104.937441938
IL,2021-05-15,18147344.090820055
IL,2021-05-22,17122007.5027451
IL,2021-05-29,18012641.554028086
IL,2021-06-05,18938176.73050982
IL,2021-06-12,18218939.07802982
IL,2021-06-19,17678735.326450136
IL,2021-06-26,16565450.690080293
IL,2021-07-03,19789323.5945546
IL,2021-07-10,17674068.09548385
IL,2021-07-17,18511184.377451334
IL,2021-07-24,18104396.95962479
IL,2021-07-31,16329365.453519432
IL,2021-08-07,19714853.337832663
IL,2021-08-14,21112829.913632266
IL,2021-08-21,20127169.16514106
IL,2021-08-28,18771515.691283934
IL,2021-09-04,21460262.13135298
IL,2021-09-11,19519778.63714666
IL,2021-09-18,19918797.78562687
IL,2021-09-25,20100719.492139213
IL,2021-10-02,19297563.774556324
IL,2021-10-09,21580341.73726778
IL,2021-10-16,21025636.81166477
IL,2021-10-23,20996080.645085637
IL,2021-10-30,20258114.830729358
IL,2021-11-06,20100575.285978906
IL,2021-11-13,19617644.86329818
IL,2021-11-20,19323520.81703803
IL,2021-11-27,17239464.598663315
IL,2021-12-04,22004573.907440268
IL,2021-12-11,19310058.39636662
IL,2021-12-18,22116112.049189314
IL,2021-12-25,17475339.7655897
IL,2022-01-01,14833668.605906272
IL,2022-01-08,16642334.86129447
IL,2022-01-15,17189565.72459557
IL,2022-01-22,17110077.564988088
IL,2022-01-29,17715241.980619155
IL,2022-02-05,17545242.718266014
IL,2022-02-12,20839904.384697225
IL,2022-02-19,20085466.606664784
IL,2022-02-26,19862444.592518687
IL,2022-03-05,23129112.773236033
IL,2022-03-12,19831809.174011588
IL,2022-03-19,21430854.970394365
IL,2022-03-26,20530025.610720176
IL,2022-04-02,19540620.973863732
IL,2022-04-09,21352217.972805977
IL,2022-04-16,21817316.981537323
IL,2022-04-23,20750132.668376178
IL,2022-04-30,21175900.897157375
IL,2022-05-07,24136081.662697714
IL,2022-05-14,23629810.54382362
IL,2022-05-21,22982613.49076838
IL,2022-05-28,23010628.194959816
IL,2022-06-04,22540165.320437856
IL,2022-06-11,21249557.27657376
IL,2022-06-18,17970878.3626345
IL,2022-06-25,15044151.639435733
IL,2022-07-02,15218522.422307864
IL,2022-07-09,16342090.405488046
IL,2022-07-16,16512459.657546036
IL,2022-07-23,15156428.410036793
IL,2022-07-30,16208795.544212017
IL,2022-08-06,21402599.83667262
IL,2022-08-13,21316719.0061397
IL,2022-08-20,21160674.749511905
IL,2022-08-27,20286948.311426923
IL,2022-09-03,23396753.4077027
IL,2022-09-10,21753755.339333825
IL,2022-09-17,21883427.982730936
IL,2022-09-24,21687253.404553276
IL,2022-10-01,22248530.774832804
IL,2022-10-08,23356765.120744284
IL,2022-10-15,22797123.825128272
IL,2022-10-22,22965134.84316708
IL,2022-10-29,22887236.825767346
IL,2022-11-05,23170493.664566346
IL,2022-11-12,23091152.091516413
IL,2022-11-19,22325312.948152546
IL,2022-11-26,21372564.529837552
IL,2022-12-03,23860557.1730275
IL,2022-12-10,22367854.046082597
IL,2022-12-17,22816219.03881402
IL,2022-12-24,18165812.41760738
IL,2022-12-31,17906343.305242572
IL,2023-01-07,18488158.58535756
IL,2023-01-14,18098287.41792899
IL,2023-01-21,17362826.66481125
IL,2023-01-28,18054076.656210914
IL,2023-02-04,35162318.701069295
IL,2023-02-11,33892865.49988951
IL,2023-02-18,32348041.419057865
IL,2023-02-25,30607813.978173543
IL,2023-03-04,56917740.96611239
IL,2023-03-11,53097650.12042716
IL,2023-03-18,43933226.680979766
IL,2023-03-25,41106261.40264702
IL,2023-04-01,36774387.31600851
IL,2023-04-08,31145742.051264368
IL,2023-04-15,29547850.649863243
IL,2023-04-22,26817125.035468496
IL,2023-04-29,25728955.743972734
IL,2023-05-06,40914856.61172657
IL,2023-05-13,42029833.46562996
IL,2023-05-20,34786569.00073128
IL,2023-05-27,32361950.772984758
IL,2023-06-03,52289041.54122343
IL,2023-06-10,32590929.435944695
IL,2023-06-17,33650198.10952128
IL,2023-06-24,31237282.50710598
IL,2023-07-01,27889992.190617945
IL,2023-07-08,32613235.887538746
IL,2023-07-15,28898643.33376252
IL,2023-07-22,25381335.58050725
IL,2023-07-29,23401597.068082836
IL,2023-08-05,18140412.015029892
IL,2023-08-12,23690313.960682124
IL,2023-08-19,27079425.00619377
IL,2023-08-26,21756301.370633278
IL,2023-09-02,23380463.650925107
IL,2023-09-09,24027303.17223092
IL,2023-09-16,24775457.9310283
IL,2023-09-23,20943477.459211092
IL,2023-09-30,17779589.08608127
IL,2023-10-07,20002929.258301493
IL,2023-10-14,20460463.862261407
IL,2023-10-21,17028473.553029265
IL,2023-10-28,22153129.88971521
IL,2023-11-04,15005055.893081743
IL,2023-11-11,14680219.230590006
IL,2023-11-18,14684362.286666611
IL,2023-11-25,14424245.925211813
IL,2023-12-02,13633979.700298985
IL,2023-12-09,17057123.517564494
IL,2023-12-16,17474738.347580984
IL,2023-12-23,16013327.368412837
IL,2023-12-30,14430690.582030343
IL,2024-01-06,16546290.903779926
IL,2024-01-13,17504540.062913522
IL,2024-01-20,14958551.300041702
IL,2024-01-27,44749304.20355438
IL,2024-02-03,50737339.81992483
IL,2024-02-10,42265079.12268311
IL,2024-02-17,34683315.87409981
IL,2024-02-24,27637545.814678807
IL,2024-03-02,33417899.29442641
IL,2024-03-09,70987256.8642154
IL,2024-03-16,64797551.96206081
IL,2024-03-23,60649450.820770465
IL,2024-03-30,53068693.293614574
IL,2024-04-06,70791540.3075963
IL,2024-04-13,65413177.0502332
IL,2024-04-20,50092095.21519568
IL,2024-04-27,40029048.7431114
IL,2024-05-04,63231034.93160092
IL,2024-05-11,60380426.81650602
IL,2024-05-18,52304372.74108427
IL,2024-05-25,51696315.25032083
IL,2024-06-01,53054526.40388707
IL,2024-06-08,58431269.25734041
IL,2024-06-15,53084808.580564305
IL,2024-07-20,20.01066234802779
IL,2024-07-27,9.076823958669314
IL,2024-09-07,14.194884484743811
IL,2024-09-14,4.928878504672897
IL,2024-09-21,37.19235915230975
IL,2024-09-28,55.2355655211975
IL,2024-10-05,21.839424638085656
IL,2024-10-12,39819993.135964826
IL,2024-10-19,33134446.92485981
IL,2024-10-26,27182257.84684808
IL,2024-11-02,30241255.343632523
IL,2024-11-09,42792299.842495866
IL,2024-11-16,10848737.85887236
IL,2024-11-23,10935638.630621256
IL,2024-11-30,10572411.63978975
IL,2024-12-07,10938568.007762559
IL,2024-12-14,10703983.503052365
IL,2024-12-21,11178851.535855701
IL,2024-12-28,10279787.522517376
IL,2025-01-04,10826148.541079825
IL,2025-01-11,11156966.154139485
IL,2025-01-18,10911267.892836848
IL,2025-01-25,10527348.876322197
IL,2025-02-01,10234865.370190645
IL,2025-02-08,10227039.225785436
IL,2025-02-15,11357310.073639443
IL,2025-02-22,9561729.892091574
IL,2025-03-01,9306378.953072725
IL,2025-03-08,11515816.156861426
IL,2025-03-15,11784025.014436396
IL,2025-03-22,9998525.505827248
IL,2025-03-29,12014472.287759122
IL,2025-04-05,10941215.592372632
IL,2025-04-12,9596278.306710694
IL,2025-04-19,8970200.245160477
IL,2025-04-26,10129505.16318729
IL,2025-05-03,11604132.22961033
IN,2019-01-26,12384946.998268384
IN,2019-02-02,11682232.236810291
IN,2019-02-09,12429883.655213613
IN,2019-02-16,12257304.544554172
IN,2019-02-23,11429458.087373689
IN,2019-03-02,11496987.880961172
IN,2019-03-09,13491782.560495803
IN,2019-03-16,12605712.261470791
IN,2019-03-23,12097127.819812693
IN,2019-03-30,11231290.18104151
IN,2019-04-06,13381993.76091589
IN,2019-04-13,13007449.738828504
IN,2019-04-20,13204857.71912071
IN,2019-04-27,13282421.592800993
IN,2019-05-04,20611000.990943734
IN,2019-05-11,20325512.962306812
IN,2019-05-18,19266034.150253143
IN,2019-05-25,19616176.838232484
IN,2019-06-01,18644028.240825195
IN,2019-06-08,19598790.681113437
IN,2019-06-15,18818855.619655296
IN,2019-06-22,18671387.491717402
IN,2019-06-29,18158502.942476496
IN,2019-07-06,19888118.34893919
IN,2019-07-13,20103768.048774138
IN,2019-07-20,18392450.416859984
IN,2019-07-27,17776553.447981
IN,2019-08-03,23352989.490742482
IN,2019-08-10,23144336.738985885
IN,2019-08-17,21555729.603240404
IN,2019-08-24,20824474.34640135
IN,2019-08-31,21103227.255895417
IN,2019-09-07,27151696.41315558
IN,2019-09-14,27601341.211595494
IN,2019-09-21,26951744.682227593
IN,2019-09-28,25151774.50353491
IN,2019-10-05,27250660.376496274
IN,2019-10-12,23592674.120808616
IN,2019-10-19,21421030.460801814
IN,2019-10-26,21199714.618793566
IN,2019-11-02,21019859.983625945
IN,2019-11-09,22926498.24176342
IN,2019-11-16,21419965.621150434
IN,2019-11-23,21368407.352010045
IN,2019-11-30,21182268.6096232
IN,2019-12-07,25485416.76862849
IN,2019-12-14,26731762.703578427
IN,2019-12-21,24981203.17600692
IN,2019-12-28,18553734.37986476
IN,2020-01-04,20014481.422466546
IN,2020-01-11,20982544.3817077
IN,2020-01-18,21089703.84785775
IN,2020-01-25,20600608.173766702
IN,2020-02-01,20477611.386758566
IN,2020-02-08,25078231.860900704
IN,2020-02-15,25584518.742731858
IN,2020-02-22,24248359.747204166
IN,2020-02-29,23808631.796130333
IN,2020-03-07,27140415.295857932
IN,2020-03-14,24544173.610977903
IN,2020-03-21,15539224.484141646
IN,2020-03-28,11322911.376206307
IN,2020-04-04,12062412.436833782
IN,2020-04-11,11332566.413984016
IN,2020-04-18,11490533.80144728
IN,2020-04-25,12193276.362956768
IN,2020-05-02,13713815.317129813
IN,2020-05-09,17520313.558466356
IN,2020-05-16,17190725.59233824
IN,2020-05-23,19807554.47759341
IN,2020-05-30,19343100.69428668
IN,2020-06-06,22722834.45877161
IN,2020-06-13,21873268.665441234
IN,2020-06-20,22337574.426733717
IN,2020-06-27,21698313.47981843
IN,2020-07-04,23126066.601389196
IN,2020-07-11,23369585.80335819
IN,2020-07-18,21861727.140965164
IN,2020-07-25,20674982.935843114
IN,2020-08-01,20743014.73966469
IN,2020-08-08,22569789.115731724
IN,2020-08-15,22144173.41035561
IN,2020-08-22,21744581.348157242
IN,2020-08-29,20700353.918607857
IN,2020-09-05,23650869.592760302
IN,2020-09-12,23817013.65296112
IN,2020-09-19,22821578.408649582
IN,2020-09-26,21767587.957124725
IN,2020-10-03,26167444.601341907
IN,2020-10-10,24002887.786119398
IN,2020-10-17,22426200.720378842
IN,2020-10-24,21656959.528176364
IN,2020-10-31,21036649.508058038
IN,2020-11-07,21363534.296602514
IN,2020-11-14,19766638.977253538
IN,2020-11-21,18063841.45126686
IN,2020-11-28,15812648.695353651
IN,2020-12-05,21176090.128487047
IN,2020-12-12,20199643.290825676
IN,2020-12-19,20669400.591173835
IN,2020-12-26,15639069.264212897
IN,2021-01-09,20140301.513536938
IN,2021-01-16,19654465.879062258
IN,2021-01-23,18905434.986524016
IN,2021-01-30,17006878.570883058
IN,2021-02-06,19904468.66447278
IN,2021-02-13,19776339.19776424
IN,2021-02-20,16060724.71107899
IN,2021-02-27,20336159.11833868
IN,2021-03-06,24406379.19352743
IN,2021-03-13,23766090.696600467
IN,2021-03-20,22470166.671940643
IN,2021-03-27,19774154.022938717
IN,2021-04-03,24320927.264966175
IN,2021-04-10,23555832.31131333
IN,2021-04-17,23239475.889705908
IN,2021-04-24,21413891.5660418
IN,2021-05-01,22315797.341810748
IN,2021-05-08,26203442.457585275
IN,2021-05-15,25556172.065848425
IN,2021-05-22,22494880.01308825
IN,2021-05-29,25141329.964239363
IN,2021-06-05,25003178.232487805
IN,2021-06-12,24586455.33382399
IN,2021-06-19,23941428.30087568
IN,2021-06-26,22042869.028805744
IN,2021-07-03,26505577.953093216
IN,2021-07-10,24556224.039774064
IN,2021-07-17,24272803.891251255
IN,2021-07-24,24771327.326105457
IN,2021-07-31,23342539.700816102
IN,2021-08-07,28490905.087666065
IN,2021-08-14,27402878.179813568
IN,2021-08-21,26122518.9050349
IN,2021-08-28,24917950.072714366
IN,2021-09-04,27736217.86929144
IN,2021-09-11,26208003.572796445
IN,2021-09-18,26266354.59055807
IN,2021-09-25,25876022.418215085
IN,2021-10-02,26403728.366718598
IN,2021-10-09,28006390.465885673
IN,2021-10-16,26146028.412211258
IN,2021-10-23,26408295.322892066
IN,2021-10-30,26180214.14336438
IN,2021-11-06,27570442.792882632
IN,2021-11-13,27756407.120633535
IN,2021-11-20,26825214.051969934
IN,2021-11-27,23658561.66981103
IN,2021-12-04,30085339.329626754
IN,2021-12-11,28083867.277614802
IN,2021-12-18,30093473.953499246
IN,2021-12-25,24710018.827595312
IN,2022-01-01,22118401.55568959
IN,2022-01-08,24968890.26262158
IN,2022-01-15,23677622.34660357
IN,2022-01-22,22645052.248064145
IN,2022-01-29,23845999.658917267
IN,2022-02-05,22873082.06888723
IN,2022-02-12,29848437.39646446
IN,2022-02-19,28088519.18468915
IN,2022-02-26,28178804.520779952
IN,2022-03-05,31240311.499406308
IN,2022-03-12,28320594.53719443
IN,2022-03-19,29101680.494232185
IN,2022-03-26,24296229.496899236
IN,2022-04-02,25639834.003479075
IN,2022-04-09,29829208.122506697
IN,2022-04-16,30024073.4623768
IN,2022-04-23,28569284.862714786
IN,2022-04-30,29109025.457076002
IN,2022-05-07,34165362.48691344
IN,2022-05-14,32189025.557926457
IN,2022-05-21,31293001.34001422
IN,2022-05-28,31513610.074680094
IN,2022-06-04,31727960.003380306
IN,2022-06-11,29762163.13942738
IN,2022-06-18,24663615.41544508
IN,2022-06-25,21086876.11825601
IN,2022-07-02,21193580.041439485
IN,2022-07-09,22223992.71647102
IN,2022-07-16,22530889.184573475
IN,2022-07-23,21805503.974068288
IN,2022-07-30,22928686.556061126
IN,2022-08-06,29823483.463539045
IN,2022-08-13,28764801.770986762
IN,2022-08-20,28794181.425250422
IN,2022-08-27,27761926.37011396
IN,2022-09-03,31556187.521068674
IN,2022-09-10,27821469.975460883
IN,2022-09-17,29403976.133351006
IN,2022-09-24,28428668.640069272
IN,2022-10-01,29287109.07504467
IN,2022-10-08,31453867.9394883
IN,2022-10-15,29386881.58767829
IN,2022-10-22,29912161.596198365
IN,2022-10-29,30265277.965311427
IN,2022-11-05,33528756.676973946
IN,2022-11-12,32468062.576211214
IN,2022-11-19,30205818.646523423
IN,2022-11-26,28566089.734906197
IN,2022-12-03,32667719.428610098
IN,2022-12-10,31586842.359470215
IN,2022-12-17,30768003.54683816
IN,2022-12-24,25910678.1050941
IN,2022-12-31,25000144.14446046
IN,2023-01-07,27035508.880015396
IN,2023-01-14,25769076.27476836
IN,2023-01-21,25858741.066496078
IN,2023-01-28,26780232.63083467
IN,2023-02-04,48149755.84697613
IN,2023-02-11,44850824.364093535
IN,2023-02-18,43706018.245159075
IN,2023-02-25,42253115.56734584
IN,2023-03-04,64922500.43985378
IN,2023-03-11,58684324.787507616
IN,2023-03-18,54738255.07093104
IN,2023-03-25,48904871.382008396
IN,2023-04-01,46906557.341085985
IN,2023-04-08,38788172.041988276
IN,2023-04-15,36953649.73612797
IN,2023-04-22,35046106.093567416
IN,2023-04-29,35652338.99047913
IN,2023-05-06,54162887.56667743
IN,2023-05-13,54524628.52236703
IN,2023-05-20,47543441.27022779
IN,2023-05-27,44166435.44141796
IN,2023-06-03,64491596.50233817
IN,2023-06-10,39927806.72992768
IN,2023-06-17,42127003.98662085
IN,2023-06-24,39340885.95931515
IN,2023-07-01,37133258.531277396
IN,2023-07-08,39651460.74147259
IN,2023-07-15,33225312.738786194
IN,2023-07-22,31511152.41922177
IN,2023-07-29,27181093.768419694
IN,2023-08-05,24750630.219143584
IN,2023-08-12,29546487.2988722
IN,2023-08-19,29792833.265039627
IN,2023-08-26,26256773.87844038
IN,2023-09-02,25588228.024949964
IN,2023-09-09,26707752.785124224
IN,2023-09-16,25119727.415172156
IN,2023-09-23,21978520.85703093
IN,2023-09-30,19284120.508457676
IN,2023-10-07,27009949.487756573
IN,2023-10-14,26235591.252935376
IN,2023-10-21,21955201.609273743
IN,2023-10-28,26735332.130602185
IN,2023-11-04,20762385.477394912
IN,2023-11-11,20154777.622287348
IN,2023-11-18,20534893.089171547
IN,2023-11-25,19690628.781033196
IN,2023-12-02,18665900.269455135
IN,2023-12-09,23673416.511168543
IN,2023-12-16,22960449.025342938
IN,2023-12-23,22838065.217091944
IN,2023-12-30,20149216.160565916
IN,2024-01-06,21509126.321852103
IN,2024-01-13,24028271.81832224
IN,2024-01-20,21224638.055738814
IN,2024-01-27,50405018.360882916
IN,2024-02-03,59999634.30870354
IN,2024-02-10,48512178.188686445
IN,2024-02-17,40240502.644487925
IN,2024-02-24,31799548.7312068
IN,2024-03-02,36413464.089901306
IN,2024-03-09,69406909.78930555
IN,2024-03-16,65491306.24114404
IN,2024-03-23,62126186.58547837
IN,2024-03-30,63121197.93003977
IN,2024-04-06,77900761.26075685
IN,2024-04-13,69466608.29410869
IN,2024-04-20,50688146.71632055
IN,2024-04-27,44454554.0024953
IN,2024-05-04,76962654.08982804
IN,2024-05-11,67534719.69317546
IN,2024-05-18,55585938.63942346
IN,2024-05-25,58357489.85718451
IN,2024-06-01,59049341.563030325
IN,2024-06-08,66252154.009918526
IN,2024-06-15,59696068.94172431
IN,2024-07-13,117.63192672431468
IN,2024-07-20,17.920661114686638
IN,2024-07-27,22.038484492687918
IN,2024-08-10,31.429278701976173
IN,2024-08-17,20.40925586796725
IN,2024-08-31,26.40283922611285
IN,2024-09-21,140.88935241841423
IN,2024-10-12,48628008.71999623
IN,2024-10-19,36100756.83330262
IN,2024-10-26,29494970.84022869
IN,2024-11-02,35352501.7678674
IN,2024-11-09,47773516.04459546
IN,2024-11-16,14714117.73327344
IN,2024-11-23,14898030.053540412
IN,2024-11-30,13373430.788544608
IN,2024-12-07,14392061.872188278
IN,2024-12-14,15163554.237359103
IN,2024-12-21,14589228.13027238
IN,2024-12-28,13338231.147686668
IN,2025-01-04,14121229.050919732
IN,2025-01-11,12945190.704565866
IN,2025-01-18,14665440.53331104
IN,2025-01-25,13102064.228580162
IN,2025-02-01,13579394.529724332
IN,2025-02-08,12741859.224158246
IN,2025-02-15,13613735.628072519
IN,2025-02-22,13021524.04780947
IN,2025-03-01,11904139.357861415
IN,2025-03-08,13775152.705623293
IN,2025-03-15,14035442.845401272
IN,2025-03-22,13504563.453824487
IN,2025-03-29,13945665.483823268
IN,2025-04-05,13596911.33770972
IN,2025-04-12,12024989.309125025
IN,2025-04-19,12558112.271755137
IN,2025-04-26,13121190.085593907
IN,2025-05-03,13567342.725252282
KS,2019-01-26,5343373.206299795
KS,2019-02-02,5339663.28574441
KS,2019-02-09,5136166.2225195095
KS,2019-02-16,5453793.688966465
KS,2019-02-23,4888405.211792863
KS,2019-03-02,5061766.600109823
KS,2019-03-09,5442389.505827303
KS,2019-03-16,4931295.987750175
KS,2019-03-23,5421303.722931134
KS,2019-03-30,5411855.203236777
KS,2019-04-06,5928029.083497417
KS,2019-04-13,5897155.825925651
KS,2019-04-20,5660344.327777119
KS,2019-04-27,5522183.948740451
KS,2019-05-04,9442480.9660973
KS,2019-05-11,8843767.164425265
KS,2019-05-18,8996456.277521415
KS,2019-05-25,8176641.638930486
KS,2019-06-01,7844992.516399788
KS,2019-06-08,8843320.622387074
KS,2019-06-15,8300698.9669424435
KS,2019-06-22,7951993.289421183
KS,2019-06-29,7595412.863616584
KS,2019-07-06,8476273.603680385
KS,2019-07-13,8826515.16124477
KS,2019-07-20,8296879.809586923
KS,2019-07-27,8288726.86628464
KS,2019-08-03,11043080.693426024
KS,2019-08-10,10359884.594222132
KS,2019-08-17,11013689.531908713
KS,2019-08-24,10548280.397313775
KS,2019-08-31,10702352.738470297
KS,2019-09-07,13358231.864794623
KS,2019-09-14,13777458.022532655
KS,2019-09-21,14290954.013747804
KS,2019-09-28,14204540.849119753
KS,2019-10-05,15170012.950305918
KS,2019-10-12,13478270.495116845
KS,2019-10-19,12425250.333291851
KS,2019-10-26,11887880.621400129
KS,2019-11-02,11968984.657442167
KS,2019-11-09,12472649.16236876
KS,2019-11-16,12344799.962819038
KS,2019-11-23,12274099.016482681
KS,2019-11-30,10664279.61896682
KS,2019-12-07,13808786.891356165
KS,2019-12-14,14442217.23965487
KS,2019-12-21,13957844.90311715
KS,2019-12-28,9913066.271814633
KS,2020-01-04,12532464.231914174
KS,2020-01-11,11519469.209455444
KS,2020-01-18,12338835.227179945
KS,2020-01-25,12550669.686728353
KS,2020-02-01,12251953.349902842
KS,2020-02-08,14050637.650334068
KS,2020-02-15,14201980.305178732
KS,2020-02-22,13855178.570561968
KS,2020-02-29,13824780.115442652
KS,2020-03-07,15281743.525298929
KS,2020-03-14,13631016.666954307
KS,2020-03-21,9051371.038612658
KS,2020-03-28,7672374.534634675
KS,2020-04-04,7059219.771383516
KS,2020-04-11,6718711.479717471
KS,2020-04-18,6859142.518342704
KS,2020-04-25,7268254.626262565
KS,2020-05-02,8060757.789351514
KS,2020-05-09,10126593.450264946
KS,2020-05-16,9440259.23799118
KS,2020-05-23,11182953.263611337
KS,2020-05-30,11053056.086017469
KS,2020-06-06,12491027.742491525
KS,2020-06-13,12390218.561206842
KS,2020-06-20,12181750.751968969
KS,2020-06-27,11333801.982118098
KS,2020-07-04,12103634.493170427
KS,2020-07-11,11747934.545592967
KS,2020-07-18,10992215.977347424
KS,2020-07-25,10973503.237701835
KS,2020-08-01,10854436.100152887
KS,2020-08-08,11957843.506936157
KS,2020-08-15,12218491.997265121
KS,2020-08-22,11635707.854688082
KS,2020-08-29,10971953.461582797
KS,2020-09-05,12927545.20499129
KS,2020-09-12,11881772.026543194
KS,2020-09-19,12379395.440218803
KS,2020-09-26,11314909.831601454
KS,2020-10-03,13172110.10677653
KS,2020-10-10,12613186.434623169
KS,2020-10-17,12509890.187936423
KS,2020-10-24,11896390.62852697
KS,2020-10-31,11787686.958001511
KS,2020-11-07,11522954.345524985
KS,2020-11-14,10481440.986202648
KS,2020-11-21,10118378.213769434
KS,2020-11-28,8312558.256276143
KS,2020-12-05,10796916.058985492
KS,2020-12-12,10280934.403428854
KS,2020-12-19,10851629.339430058
KS,2020-12-26,8681997.073047712
KS,2021-01-09,11081380.663602311
KS,2021-01-16,10278955.843045553
KS,2021-01-23,10359871.939433543
KS,2021-01-30,9269159.260513369
KS,2021-02-06,11019859.83559872
KS,2021-02-13,10261637.725016542
KS,2021-02-20,10248840.201637356
KS,2021-02-27,11856856.88118578
KS,2021-03-06,14891820.508276202
KS,2021-03-13,13286079.649284314
KS,2021-03-20,12664010.420500137
KS,2021-03-27,12262178.191490911
KS,2021-04-03,13760145.243685363
KS,2021-04-10,12584747.17151748
KS,2021-04-17,12421454.734801382
KS,2021-04-24,12077919.657214493
KS,2021-05-01,12488041.788823936
KS,2021-05-08,15035282.708286678
KS,2021-05-15,14021197.441215854
KS,2021-05-22,12374554.611454332
KS,2021-05-29,13103697.27876631
KS,2021-06-05,13405342.55085107
KS,2021-06-12,12992564.422620878
KS,2021-06-19,12833013.519401573
KS,2021-06-26,12277190.698114336
KS,2021-07-03,14593425.180419587
KS,2021-07-10,13263236.709625542
KS,2021-07-17,13734542.616857927
KS,2021-07-24,12713516.65883407
KS,2021-07-31,11982982.830050157
KS,2021-08-07,14856255.16521241
KS,2021-08-14,14660392.806004373
KS,2021-08-21,14841608.631268958
KS,2021-08-28,13595728.999983558
KS,2021-09-04,15403467.309812956
KS,2021-09-11,14153783.954413993
KS,2021-09-18,14015535.462354017
KS,2021-09-25,14192538.317537848
KS,2021-10-02,13826035.573421218
KS,2021-10-09,15176117.134378854
KS,2021-10-16,15440856.746734183
KS,2021-10-23,15046807.7502012
KS,2021-10-30,15169731.814427352
KS,2021-11-06,15031960.102425972
KS,2021-11-13,15210029.550745951
KS,2021-11-20,14433552.876238346
KS,2021-11-27,12740263.939912256
KS,2021-12-04,16760122.518091204
KS,2021-12-11,15299618.75351537
KS,2021-12-18,15789432.792823797
KS,2021-12-25,12668307.747606916
KS,2022-01-01,11068323.512521118
KS,2022-01-08,13559580.532904979
KS,2022-01-15,13444702.82506826
KS,2022-01-22,12810105.868064292
KS,2022-01-29,14126623.652478863
KS,2022-02-05,14367981.379445631
KS,2022-02-12,16940478.70068817
KS,2022-02-19,15558962.109490685
KS,2022-02-26,16546467.758839896
KS,2022-03-05,17454813.06113297
KS,2022-03-12,15167251.018091442
KS,2022-03-19,14432030.576748423
KS,2022-03-26,15787301.27655844
KS,2022-04-02,15038986.168687105
KS,2022-04-09,15999542.43543628
KS,2022-04-16,16366097.695686618
KS,2022-04-23,15565597.868476866
KS,2022-04-30,15176673.31631522
KS,2022-05-07,16967092.572476383
KS,2022-05-14,16497472.790673463
KS,2022-05-21,15686736.96550522
KS,2022-05-28,15232144.506357508
KS,2022-06-04,15247386.885647748
KS,2022-06-11,15625937.705088234
KS,2022-06-18,11957133.496649856
KS,2022-06-25,10593959.39401272
KS,2022-07-02,10497769.800323175
KS,2022-07-09,11165236.496378195
KS,2022-07-16,11052506.687646385
KS,2022-07-23,10807318.87505227
KS,2022-07-30,10744406.388865465
KS,2022-08-06,15249672.180859426
KS,2022-08-13,15340293.24615398
KS,2022-08-20,14666588.851232314
KS,2022-08-27,14176895.58582911
KS,2022-09-03,16264817.378728818
KS,2022-09-10,15524163.397177849
KS,2022-09-17,15962716.671386784
KS,2022-09-24,16180382.75087895
KS,2022-10-01,15974104.781265594
KS,2022-10-08,16618609.219764171
KS,2022-10-15,16540843.067677455
KS,2022-10-22,16953989.381816495
KS,2022-10-29,16371043.801608676
KS,2022-11-05,17612648.241339076
KS,2022-11-12,16955073.525363166
KS,2022-11-19,16422569.374708977
KS,2022-11-26,13881885.818725934
KS,2022-12-03,17374065.525411606
KS,2022-12-10,16791936.480932057
KS,2022-12-17,16513213.468247928
KS,2022-12-24,13255673.297975173
KS,2022-12-31,13161350.986408336
KS,2023-01-07,17289633.266892567
KS,2023-01-14,15253233.732767906
KS,2023-01-21,15286530.4722991
KS,2023-01-28,21312648.901777443
KS,2023-02-04,28289215.24036547
KS,2023-02-11,24346513.88499855
KS,2023-02-18,23089869.747903757
KS,2023-02-25,22112462.852700945
KS,2023-03-04,32027457.036993552
KS,2023-03-11,29648702.410102163
KS,2023-03-18,26635062.107242014
KS,2023-03-25,26651986.1259239
KS,2023-04-01,24105019.871324066
KS,2023-04-08,25996402.6831079
KS,2023-04-15,26134537.856125664
KS,2023-04-22,22326923.998460237
KS,2023-04-29,22011343.74134007
KS,2023-05-06,28739588.342645988
KS,2023-05-13,29015860.63111369
KS,2023-05-20,24247446.956959084
KS,2023-05-27,23061634.480138727
KS,2023-06-03,30506179.744432602
KS,2023-06-10,20789097.871409807
KS,2023-06-17,21924501.17636781
KS,2023-06-24,21180446.873998635
KS,2023-07-01,18273954.016148865
KS,2023-07-08,22058904.572059177
KS,2023-07-15,19588594.448355556
KS,2023-07-22,17189626.327249613
KS,2023-07-29,15670527.089806795
KS,2023-08-05,14902306.799274333
KS,2023-08-12,17527827.05182984
KS,2023-08-19,18073415.924064033
KS,2023-08-26,15832599.303090865
KS,2023-09-02,15336663.963085853
KS,2023-09-09,17007410.451236565
KS,2023-09-16,20778221.32356843
KS,2023-09-23,18375784.985255882
KS,2023-09-30,15525874.230225774
KS,2023-10-07,16340943.061596705
KS,2023-10-14,15563759.899998022
KS,2023-10-21,12737533.923192345
KS,2023-10-28,16248837.270918647
KS,2023-11-04,12391272.792600157
KS,2023-11-11,12726576.326515887
KS,2023-11-18,12635049.878704712
KS,2023-11-25,12384874.5185344
KS,2023-12-02,11726828.83325909
KS,2023-12-09,14440313.585045978
KS,2023-12-16,15066105.816807339
KS,2023-12-23,14425034.835378814
KS,2023-12-30,12713343.070538413
KS,2024-01-06,14239391.79786551
KS,2024-01-13,14101326.91035831
KS,2024-01-20,13759657.326303318
KS,2024-01-27,32733250.852501944
KS,2024-02-03,37500128.574524365
KS,2024-02-10,29629698.68403454
KS,2024-02-17,26098277.394894745
KS,2024-02-24,21031119.82394888
KS,2024-03-02,23942721.05323792
KS,2024-03-09,54017888.63903792
KS,2024-03-16,56755471.265847415
KS,2024-03-23,45138063.79126967
KS,2024-03-30,40439470.354107104
KS,2024-04-06,51417879.51533282
KS,2024-04-13,49660066.031809054
KS,2024-04-20,36373888.22617082
KS,2024-04-27,31568304.953725617
KS,2024-05-04,40348063.81518683
KS,2024-05-11,34730185.896465674
KS,2024-05-18,33350132.5146696
KS,2024-05-25,37010497.1637195
KS,2024-06-01,34754847.36746283
KS,2024-06-08,35671297.89036393
KS,2024-06-15,31201888.865460806
KS,2024-07-06,14.128380541599057
KS,2024-08-10,90.89546256458746
KS,2024-08-17,21.12796774675228
KS,2024-08-24,129.24439623913307
KS,2024-08-31,34.20083709159339
KS,2024-09-07,39.11870642361093
KS,2024-09-14,16.039277025234103
KS,2024-09-28,24.19913516593078
KS,2024-10-05,39.71625979818334
KS,2024-10-12,27184568.246520106
KS,2024-10-19,25460199.426341157
KS,2024-10-26,19681245.56916739
KS,2024-11-02,21021132.10533702
KS,2024-11-09,26219076.064848002
KS,2024-11-16,9332014.088500392
KS,2024-11-23,9392479.602791572
KS,2024-11-30,8226935.844562051
KS,2024-12-07,7659595.059939333
KS,2024-12-14,7930344.8013743935
KS,2024-12-21,7984189.383882822
KS,2024-12-28,7473212.873206163
KS,2025-01-04,9699269.24420485
KS,2025-01-11,10310677.990353284
KS,2025-01-18,10151228.406638408
KS,2025-01-25,10068078.798827423
KS,2025-02-01,9724089.45002074
KS,2025-02-08,8542626.280609755
KS,2025-02-15,9150742.056998264
KS,2025-02-22,8048071.557667015
KS,2025-03-01,7804557.404688348
KS,2025-03-08,9275926.987375459
KS,2025-03-15,9647600.273112966
KS,2025-03-22,8607488.402066935
KS,2025-03-29,9727714.887599332
KS,2025-04-05,9523521.122902738
KS,2025-04-12,8414178.602155285
KS,2025-04-19,8842887.731752263
KS,2025-04-26,9712825.61607714
KS,2025-05-03,9106996.696586182
KY,2019-01-26,12078920.423915744
KY,2019-02-02,11736822.10985395
KY,2019-02-09,12853841.315889357
KY,2019-02-16,13050531.03031808
KY,2019-02-23,11657516.255056327
KY,2019-03-02,12614337.007915048
KY,2019-03-09,13177672.515210355
KY,2019-03-16,13928369.996649006
KY,2019-03-23,14032111.420681221
KY,2019-03-30,13562773.244618002
KY,2019-04-06,12582019.242655518
KY,2019-04-13,13920416.70470187
KY,2019-04-20,13594553.233128708
KY,2019-04-27,13689400.41103204
KY,2019-05-04,20716948.150262408
KY,2019-05-11,20749647.256979875
KY,2019-05-18,20216544.028685164
KY,2019-05-25,20030381.953961506
KY,2019-06-01,18552408.869442694
KY,2019-06-08,20696758.091383465
KY,2019-06-15,19244762.196028367
KY,2019-06-22,18346394.536306776
KY,2019-06-29,18292833.269100998
KY,2019-07-06,19897911.824971125
KY,2019-07-13,19953035.503022358
KY,2019-07-20,19057060.634164095
KY,2019-07-27,19279066.8473664
KY,2019-08-03,25313002.58088841
KY,2019-08-10,25977392.80588788
KY,2019-08-17,23493901.133659996
KY,2019-08-24,22450036.26404478
KY,2019-08-31,22419993.68720783
KY,2019-09-07,33512096.28287704
KY,2019-09-14,34053522.85368928
KY,2019-09-21,32726877.454497587
KY,2019-09-28,31370374.380804606
KY,2019-10-05,32423563.712320097
KY,2019-10-12,28095234.84954724
KY,2019-10-19,27449088.859015875
KY,2019-10-26,26416043.162650887
KY,2019-11-02,26193183.13174023
KY,2019-11-09,29440473.6875387
KY,2019-11-16,27513112.274688043
KY,2019-11-23,27261547.82087714
KY,2019-11-30,27332139.309688427
KY,2019-12-07,32750586.51975754
KY,2019-12-14,32443710.181710426
KY,2019-12-21,32160790.07460713
KY,2019-12-28,22440535.423015222
KY,2020-01-04,26710162.961051255
KY,2020-01-11,28818798.47592356
KY,2020-01-18,27801004.111796103
KY,2020-01-25,25579835.480548896
KY,2020-02-01,27543419.60319983
KY,2020-02-08,30409059.135199934
KY,2020-02-15,33431607.51183982
KY,2020-02-22,30714153.860406924
KY,2020-02-29,31169678.408907488
KY,2020-03-07,33231111.885516535
KY,2020-03-14,31579198.34296448
KY,2020-03-21,19421736.779872015
KY,2020-03-28,15678200.60017573
KY,2020-04-04,15718865.250801576
KY,2020-04-11,14381254.46386304
KY,2020-04-18,14689675.615448268
KY,2020-04-25,15727282.19036281
KY,2020-05-02,16884652.971845686
KY,2020-05-09,20260007.64351657
KY,2020-05-16,19318277.61936209
KY,2020-05-23,22127784.934034392
KY,2020-05-30,23022463.649292555
KY,2020-06-06,27159020.937668975
KY,2020-06-13,26253167.22460894
KY,2020-06-20,25887389.306616478
KY,2020-06-27,24448975.233025838
KY,2020-07-04,28036713.18409793
KY,2020-07-11,26559418.73450813
KY,2020-07-18,25345189.77290907
KY,2020-07-25,24274099.90383499
KY,2020-08-01,23840980.44549433
KY,2020-08-08,27396616.408327155
KY,2020-08-15,26176573.01605824
KY,2020-08-22,26085666.254287794
KY,2020-08-29,23736111.681873452
KY,2020-09-05,27455988.77078534
KY,2020-09-12,26399558.176065024
KY,2020-09-19,26453579.588689364
KY,2020-09-26,25470448.468427733
KY,2020-10-03,29576715.402438555
KY,2020-10-10,27763669.409219705
KY,2020-10-17,26447789.324320655
KY,2020-10-24,25727539.875919953
KY,2020-10-31,25729644.638174932
KY,2020-11-07,24886341.362254694
KY,2020-11-14,24147469.022537023
KY,2020-11-21,22657371.022408422
KY,2020-11-28,19153948.29951944
KY,2020-12-05,23488676.007455736
KY,2020-12-12,23919933.583714012
KY,2020-12-19,25386589.177366305
KY,2020-12-26,19672434.968057193
KY,2021-01-09,24582356.39705885
KY,2021-01-16,22783818.832792494
KY,2021-01-23,21589114.116788596
KY,2021-01-30,19481082.672536805
KY,2021-02-06,24235214.328106366
KY,2021-02-13,22903787.238257483
KY,2021-02-20,17099526.139066175
KY,2021-02-27,25486608.425446317
KY,2021-03-06,30948850.505323578
KY,2021-03-13,29658911.385604087
KY,2021-03-20,29788078.402370587
KY,2021-03-27,27531388.902932137
KY,2021-04-03,31840535.226521306
KY,2021-04-10,27353539.734486
KY,2021-04-17,28689239.902723745
KY,2021-04-24,26595768.30657412
KY,2021-05-01,26805399.353327114
KY,2021-05-08,33267928.196669415
KY,2021-05-15,30597361.856337473
KY,2021-05-22,28382038.841121964
KY,2021-05-29,30212581.425717637
KY,2021-06-05,31374303.03099051
KY,2021-06-12,30772452.363800436
KY,2021-06-19,30658590.056862187
KY,2021-06-26,28966350.190201372
KY,2021-07-03,33882922.16532028
KY,2021-07-10,31489151.963212296
KY,2021-07-17,32654094.88212337
KY,2021-07-24,30644327.79458319
KY,2021-07-31,30360897.98418008
KY,2021-08-07,37362877.41074446
KY,2021-08-14,36786896.1677571
KY,2021-08-21,32536764.186498757
KY,2021-08-28,31567297.110718332
KY,2021-09-04,35131472.31938017
KY,2021-09-11,34345936.72658295
KY,2021-09-18,33346316.704930857
KY,2021-09-25,32862851.760429166
KY,2021-10-02,31981674.471241258
KY,2021-10-09,33565283.715019904
KY,2021-10-16,36262749.20872522
KY,2021-10-23,35748717.872661054
KY,2021-10-30,34552363.41879565
KY,2021-11-06,36269812.95822448
KY,2021-11-13,36182135.6744422
KY,2021-11-20,36125125.70943125
KY,2021-11-27,30882995.5196043
KY,2021-12-04,39262593.1769507
KY,2021-12-11,34088290.339049146
KY,2021-12-18,38437222.3589972
KY,2021-12-25,31527456.660996735
KY,2022-01-01,27820990.393805698
KY,2022-01-08,28604505.333605453
KY,2022-01-15,32492022.513345342
KY,2022-01-22,26079311.85724459
KY,2022-01-29,29338243.12793886
KY,2022-02-05,32212146.789216913
KY,2022-02-12,37608638.8153324
KY,2022-02-19,34963368.82539047
KY,2022-02-26,35505835.3482726
KY,2022-03-05,40471280.34735828
KY,2022-03-12,35660118.98547694
KY,2022-03-19,37960845.8314129
KY,2022-03-26,36950352.09152363
KY,2022-04-02,34161954.89300543
KY,2022-04-09,32214257.018059183
KY,2022-04-16,38110123.37869392
KY,2022-04-23,36377359.34572201
KY,2022-04-30,35927978.25395019
KY,2022-05-07,41448447.34024337
KY,2022-05-14,40288656.2915561
KY,2022-05-21,38650810.34791675
KY,2022-05-28,37437469.964922145
KY,2022-06-04,38535849.08748376
KY,2022-06-11,38516660.91176642
KY,2022-06-18,27814426.056632146
KY,2022-06-25,25621177.557242606
KY,2022-07-02,24942426.37591804
KY,2022-07-09,27668808.350079987
KY,2022-07-16,29451416.240458652
KY,2022-07-23,28279274.404192958
KY,2022-07-30,28614362.20693326
KY,2022-08-06,37700509.799546376
KY,2022-08-13,38459217.01519544
KY,2022-08-20,36485583.42283646
KY,2022-08-27,34789168.11018252
KY,2022-09-03,40333810.18575621
KY,2022-09-10,36540126.609656066
KY,2022-09-17,39508861.25559254
KY,2022-09-24,37093148.61969094
KY,2022-10-01,37887709.82733592
KY,2022-10-08,37972766.95407193
KY,2022-10-15,40127772.818406306
KY,2022-10-22,39382133.83155821
KY,2022-10-29,39271121.56769175
KY,2022-11-05,42800090.488473505
KY,2022-11-12,40071717.45995997
KY,2022-11-19,39738130.13357017
KY,2022-11-26,36655321.122955784
KY,2022-12-03,41571609.59241351
KY,2022-12-10,41029852.87085169
KY,2022-12-17,40643679.628940925
KY,2022-12-24,31148275.888339356
KY,2022-12-31,31821684.041130688
KY,2023-01-07,30533940.143333256
KY,2023-01-14,28993862.40517795
KY,2023-01-21,27343156.992715407
KY,2023-01-28,29638554.38625313
KY,2023-02-04,60139138.78212451
KY,2023-02-11,57928389.24588936
KY,2023-02-18,57816292.63242332
KY,2023-02-25,54955465.992086776
KY,2023-03-04,84228419.02669099
KY,2023-03-11,76916959.52940935
KY,2023-03-18,69826522.54286215
KY,2023-03-25,73286009.65072425
KY,2023-04-01,66168584.12421844
KY,2023-04-08,56545973.425184354
KY,2023-04-15,53121639.00143669
KY,2023-04-22,49858821.37131687
KY,2023-04-29,50473548.723271966
KY,2023-05-06,78587816.90036838
KY,2023-05-13,76806354.05829087
KY,2023-05-20,64524088.657862574
KY,2023-05-27,61205626.553374805
KY,2023-06-03,90817461.5212992
KY,2023-06-10,61721483.32766888
KY,2023-06-17,62833330.33631771
KY,2023-06-24,61425859.58111572
KY,2023-07-01,54405895.68145989
KY,2023-07-08,53247111.94658005
KY,2023-07-15,49051855.49009464
KY,2023-07-22,43608220.52026099
KY,2023-07-29,39974165.56871798
KY,2023-08-05,41059804.68791318
KY,2023-08-12,47575800.85368625
KY,2023-08-19,48812392.03597816
KY,2023-08-26,42581866.96743182
KY,2023-09-02,42874576.81702822
KY,2023-09-09,46143978.07173326
KY,2023-09-16,44752758.245277904
KY,2023-09-23,35458137.273979925
KY,2023-09-30,33475697.242687665
KY,2023-10-07,44889940.78917969
KY,2023-10-14,42445506.96645293
KY,2023-10-21,36835041.11395702
KY,2023-10-28,44652969.32836555
KY,2023-11-04,34374810.41655559
KY,2023-11-11,35930530.29744103
KY,2023-11-18,35194159.069885574
KY,2023-11-25,34825615.08198696
KY,2023-12-02,32203172.89834271
KY,2023-12-09,38721847.585041516
KY,2023-12-16,36497158.60053914
KY,2023-12-23,37086027.658430405
KY,2023-12-30,32416507.129057173
KY,2024-01-06,34927176.912428804
KY,2024-01-13,37889302.56792869
KY,2024-01-20,30587685.49227732
KY,2024-01-27,79834990.46539369
KY,2024-02-03,89363545.97407086
KY,2024-02-10,80866253.9691529
KY,2024-02-17,62607231.50951397
KY,2024-02-24,49594291.433202684
KY,2024-03-02,55975121.30698409
KY,2024-03-09,119906868.67670304
KY,2024-03-16,112330698.2698917
KY,2024-03-23,106983848.84766372
KY,2024-03-30,93428686.72961546
KY,2024-04-06,158349279.0911171
KY,2024-04-13,135535274.61116436
KY,2024-04-20,94089125.23159868
KY,2024-04-27,80347101.55490826
KY,2024-05-04,140161812.95586014
KY,2024-05-11,123005247.4361392
KY,2024-05-18,107445800.10726042
KY,2024-05-25,103248784.56413502
KY,2024-06-01,110200575.69579677
KY,2024-06-08,117959064.50962177
KY,2024-06-15,116364014.2558864
KY,2024-07-06,59.67176692456353
KY,2024-07-13,25.400009843323105
KY,2024-07-20,60.52283171340111
KY,2024-08-10,5.476459804369692
KY,2024-08-17,24.6790173090116
KY,2024-08-24,11.301210126814116
KY,2024-08-31,229.82895136766845
KY,2024-09-28,25.562035158891145
KY,2024-10-05,68.00122052680047
KY,2024-10-12,88370593.99268928
KY,2024-10-19,63237597.23573842
KY,2024-10-26,51655625.7693922
KY,2024-11-02,58846661.87424644
KY,2024-11-09,86058683.15811212
KY,2024-11-16,26648978.071058434
KY,2024-11-23,26318719.190285996
KY,2024-11-30,23517315.67449277
KY,2024-12-07,23981248.891950097
KY,2024-12-14,24869952.13437747
KY,2024-12-21,24663096.694782116
KY,2024-12-28,22403560.514831368
KY,2025-01-04,23065817.917315893
KY,2025-01-11,21835167.78163129
KY,2025-01-18,22310555.63869839
KY,2025-01-25,21668062.79353415
KY,2025-02-01,22301767.1472319
KY,2025-02-08,21094258.16782546
KY,2025-02-15,21897826.962061126
KY,2025-02-22,19429888.108435035
KY,2025-03-01,19802002.624358583
KY,2025-03-08,21701577.00522711
KY,2025-03-15,22106022.306818757
KY,2025-03-22,21184900.945586544
KY,2025-03-29,23274632.094781958
KY,2025-04-05,23518747.815488927
KY,2025-04-12,20919404.29913277
KY,2025-04-19,22272779.174088895
KY,2025-04-26,23428714.65534015
KY,2025-05-03,25011395.538950782
LA,2019-01-26,6362320.423105909
LA,2019-02-02,6072942.621808215
LA,2019-02-09,7114904.190246693
LA,2019-02-16,7110799.921976774
LA,2019-02-23,6128399.063044561
LA,2019-03-02,6678833.014242099
LA,2019-03-09,6524166.452217814
LA,2019-03-16,7696335.753560257
LA,2019-03-23,7193134.782669609
LA,2019-03-30,6856882.14365144
LA,2019-04-06,7814102.492125851
LA,2019-04-13,7207321.722621461
LA,2019-04-20,7358975.262789861
LA,2019-04-27,6839231.666325991
LA,2019-05-04,11432029.658261154
LA,2019-05-11,10414901.291711515
LA,2019-05-18,10625242.772805503
LA,2019-05-25,10886284.718301415
LA,2019-06-01,9661029.704990268
LA,2019-06-08,10659174.144135602
LA,2019-06-15,10161376.32257494
LA,2019-06-22,10039694.253678406
LA,2019-06-29,9367322.973093823
LA,2019-07-06,10542690.484582288
LA,2019-07-13,10404069.541812696
LA,2019-07-20,10919218.399377564
LA,2019-07-27,10886929.428103285
LA,2019-08-03,13809631.99152764
LA,2019-08-10,13157278.544213476
LA,2019-08-17,13572194.598005878
LA,2019-08-24,12916788.658362435
LA,2019-08-31,12405804.864093548
LA,2019-09-07,18035552.801726136
LA,2019-09-14,17798573.287806604
LA,2019-09-21,17415780.756851107
LA,2019-09-28,16408507.237229034
LA,2019-10-05,18365635.779816702
LA,2019-10-12,15704016.368160624
LA,2019-10-19,15056006.658914404
LA,2019-10-26,13807831.360238604
LA,2019-11-02,14227995.86000142
LA,2019-11-09,14783024.57039204
LA,2019-11-16,14380110.945981842
LA,2019-11-23,13474055.441128714
LA,2019-11-30,12367399.237068817
LA,2019-12-07,16383341.286477378
LA,2019-12-14,16594588.860667236
LA,2019-12-21,17200112.03403116
LA,2019-12-28,11635062.321298039
LA,2020-01-04,14453125.706531245
LA,2020-01-11,15287929.423451021
LA,2020-01-18,14603024.199985886
LA,2020-01-25,13887271.680579672
LA,2020-02-01,14289253.01606071
LA,2020-02-08,16059514.555379
LA,2020-02-15,16894591.821607474
LA,2020-02-22,15172022.810728824
LA,2020-02-29,15631545.031848334
LA,2020-03-07,17316372.124134682
LA,2020-03-14,17384990.186178513
LA,2020-03-21,9781983.999928685
LA,2020-03-28,6975180.682740558
LA,2020-04-04,7375001.09788688
LA,2020-04-11,6780814.244598015
LA,2020-04-18,7947993.753455899
LA,2020-04-25,8548022.919303494
LA,2020-05-02,8834207.541884087
LA,2020-05-09,11327886.2921696
LA,2020-05-16,10134408.383029252
LA,2020-05-23,12156247.319367873
LA,2020-05-30,11643582.143006539
LA,2020-06-06,13965756.812169792
LA,2020-06-13,13019660.672211684
LA,2020-06-20,13142926.046245113
LA,2020-06-27,12327855.057811502
LA,2020-07-04,13204626.020413402
LA,2020-07-11,13480274.874077622
LA,2020-07-18,12373585.048027039
LA,2020-07-25,11738815.964599058
LA,2020-08-01,11642340.211684685
LA,2020-08-08,13426206.237543074
LA,2020-08-15,13400074.159483112
LA,2020-08-22,14123957.050811468
LA,2020-08-29,10925332.473468348
LA,2020-09-05,13948137.366485434
LA,2020-09-12,13181430.613116436
LA,2020-09-19,12737474.398697343
LA,2020-09-26,12095311.93987739
LA,2020-10-03,15220547.363749608
LA,2020-10-10,13309919.578143142
LA,2020-10-17,13419429.125059614
LA,2020-10-24,13198631.853130084
LA,2020-10-31,13050608.629597655
LA,2020-11-07,14080885.911377741
LA,2020-11-14,12968728.295950608
LA,2020-11-21,11905014.719194144
LA,2020-11-28,9926012.759116469
LA,2020-12-05,13180803.448904144
LA,2020-12-12,13252163.136455208
LA,2020-12-19,12757977.476502936
LA,2020-12-26,10014363.461512957
LA,2021-01-09,12530809.577836262
LA,2021-01-16,11640063.671731586
LA,2021-01-23,11032773.630140131
LA,2021-01-30,10363312.14606859
LA,2021-02-06,12116703.843046533
LA,2021-02-13,12719166.389328172
LA,2021-02-20,7478887.292703526
LA,2021-02-27,12479058.177012466
LA,2021-03-06,15749697.138480378
LA,2021-03-13,15469220.65715155
LA,2021-03-20,15046115.3039442
LA,2021-03-27,13715292.258473555
LA,2021-04-03,16058609.525159562
LA,2021-04-10,14573480.527496219
LA,2021-04-17,13711787.47450456
LA,2021-04-24,13562423.353921324
LA,2021-05-01,13161826.96409534
LA,2021-05-08,15364118.64191674
LA,2021-05-15,15014126.389507478
LA,2021-05-22,13027062.802777309
LA,2021-05-29,14427142.670809405
LA,2021-06-05,14978508.514023522
LA,2021-06-12,15035074.80509085
LA,2021-06-19,14859301.406780107
LA,2021-06-26,14019922.377886547
LA,2021-07-03,16407816.405586993
LA,2021-07-10,15049368.702890936
LA,2021-07-17,15324431.497552572
LA,2021-07-24,14299658.8799311
LA,2021-07-31,13838761.047912518
LA,2021-08-07,16452662.167206729
LA,2021-08-14,16984894.128638513
LA,2021-08-21,15439016.477255741
LA,2021-08-28,14466365.554506494
LA,2021-09-04,13473607.69429097
LA,2021-09-11,15037192.4114986
LA,2021-09-18,14992459.237308621
LA,2021-09-25,15509245.834909178
LA,2021-10-02,15195696.840585748
LA,2021-10-09,17345918.12214554
LA,2021-10-16,16705176.311921157
LA,2021-10-23,16717769.615566349
LA,2021-10-30,16034659.10556287
LA,2021-11-06,17707297.122901697
LA,2021-11-13,16507318.233251698
LA,2021-11-20,16729089.400570553
LA,2021-11-27,14490910.636153098
LA,2021-12-04,18814497.164116543
LA,2021-12-11,16622342.710945858
LA,2021-12-18,19176459.471451253
LA,2021-12-25,15330449.83383338
LA,2022-01-01,13295338.151661046
LA,2022-01-08,15769387.052943978
LA,2022-01-15,15246272.031740153
LA,2022-01-22,14321897.239029253
LA,2022-01-29,15549368.56112393
LA,2022-02-05,17512479.148238413
LA,2022-02-12,18531337.605879743
LA,2022-02-19,17209911.937205497
LA,2022-02-26,17436035.521864068
LA,2022-03-05,18354554.570068754
LA,2022-03-12,17994220.090360437
LA,2022-03-19,18071629.873705134
LA,2022-03-26,17612457.421128497
LA,2022-04-02,16186314.514494477
LA,2022-04-09,19513323.648372486
LA,2022-04-16,17395193.80668794
LA,2022-04-23,16554059.339952009
LA,2022-04-30,16374744.691459307
LA,2022-05-07,20285712.43424355
LA,2022-05-14,18509194.605495557
LA,2022-05-21,18375314.466457196
LA,2022-05-28,17501847.39290639
LA,2022-06-04,18515505.8778232
LA,2022-06-11,18499186.214777637
LA,2022-06-18,14322427.644397425
LA,2022-06-25,12161086.075831557
LA,2022-07-02,11962584.590975126
LA,2022-07-09,13962202.283392288
LA,2022-07-16,13644482.56998652
LA,2022-07-23,13760886.948942853
LA,2022-07-30,13583110.940812273
LA,2022-08-06,18858106.852142993
LA,2022-08-13,17927383.41099368
LA,2022-08-20,17087786.169768993
LA,2022-08-27,16578112.63420112
LA,2022-09-03,19451463.641873725
LA,2022-09-10,17645562.204613052
LA,2022-09-17,19455415.413319893
LA,2022-09-24,16782519.54720615
LA,2022-10-01,18967624.90290487
LA,2022-10-08,20864630.82718767
LA,2022-10-15,18615834.495243557
LA,2022-10-22,19297496.07331364
LA,2022-10-29,19525380.152465764
LA,2022-11-05,20384522.36293051
LA,2022-11-12,19775407.170303658
LA,2022-11-19,18913565.712003127
LA,2022-11-26,15938118.53920132
LA,2022-12-03,20629454.424670517
LA,2022-12-10,17841194.894499347
LA,2022-12-17,20302279.784999706
LA,2022-12-24,16607291.603750184
LA,2022-12-31,15183464.94603149
LA,2023-01-07,17935297.01800823
LA,2023-01-14,15273255.202331726
LA,2023-01-21,15862862.079813814
LA,2023-01-28,16816118.386170417
LA,2023-02-04,22568987.13637344
LA,2023-02-11,24056500.83926203
LA,2023-02-18,24154158.919960156
LA,2023-02-25,21303814.004857555
LA,2023-03-04,42782864.74176026
LA,2023-03-11,38199094.010085694
LA,2023-03-18,35863699.89640371
LA,2023-03-25,31811030.6711922
LA,2023-04-01,29281233.7873855
LA,2023-04-08,24670654.11742663
LA,2023-04-15,25044419.481444616
LA,2023-04-22,21998313.550035052
LA,2023-04-29,22297470.75424958
LA,2023-05-06,33710370.03284746
LA,2023-05-13,31465557.388928134
LA,2023-05-20,27931110.035288516
LA,2023-05-27,23364111.423930563
LA,2023-06-03,46736129.31109017
LA,2023-06-10,26270167.7052125
LA,2023-06-17,23600243.413099557
LA,2023-06-24,22924252.19291095
LA,2023-07-01,24473278.65241826
LA,2023-07-08,22640150.5017156
LA,2023-07-15,20701150.392219212
LA,2023-07-22,16385182.298569174
LA,2023-07-29,14909996.267313391
LA,2023-08-05,17661106.588040374
LA,2023-08-12,19839564.098726965
LA,2023-08-19,20952171.769878812
LA,2023-08-26,19535626.649814196
LA,2023-09-02,20879598.561461143
LA,2023-09-09,20714846.342385273
LA,2023-09-16,18967881.386972472
LA,2023-09-23,15165245.2673757
LA,2023-09-30,13989636.910806293
LA,2023-10-07,14744760.753127147
LA,2023-10-14,15644954.470220868
LA,2023-10-21,13424054.610980649
LA,2023-10-28,16194899.475704119
LA,2023-11-04,13200562.413814286
LA,2023-11-11,12905898.839306809
LA,2023-11-18,11639038.796801241
LA,2023-11-25,11589603.817020183
LA,2023-12-02,11846468.943318171
LA,2023-12-09,12024053.711338306
LA,2023-12-16,11159779.561810574
LA,2023-12-23,11489487.90079208
LA,2023-12-30,10164905.056031931
LA,2024-01-06,11769423.286260093
LA,2024-01-13,11940056.265711565
LA,2024-01-20,10574866.65916875
LA,2024-01-27,22952023.523553424
LA,2024-02-03,26418514.03815428
LA,2024-02-10,22626838.54684443
LA,2024-02-17,17649133.57418533
LA,2024-02-24,15508946.626907066
LA,2024-03-02,17307844.201816797
LA,2024-03-09,35687184.59467965
LA,2024-03-16,31465653.237185996
LA,2024-03-23,31440374.737946402
LA,2024-03-30,28765454.060332343
LA,2024-04-06,45092733.34479482
LA,2024-04-13,44579408.693392545
LA,2024-04-20,30020033.30028972
LA,2024-04-27,27111154.203522682
LA,2024-05-04,39963861.72197223
LA,2024-05-11,36366132.75889839
LA,2024-05-18,29874595.7988141
LA,2024-05-25,32807797.48582988
LA,2024-06-01,37385070.74690743
LA,2024-06-08,39111308.47295739
LA,2024-06-15,32324767.194575634
LA,2024-08-10,101.07884766322088
LA,2024-08-17,60.03919258285144
LA,2024-08-24,32.84864152567093
LA,2024-08-31,47.16781964012319
LA,2024-09-07,26.92353352736511
LA,2024-09-14,34.60667688269289
LA,2024-09-21,88.62491404176636
LA,2024-09-28,33.61605826492711
LA,2024-10-05,22.381966640377122
LA,2024-10-12,19612885.10194663
LA,2024-10-19,15936939.60270599
LA,2024-10-26,14849167.800786803
LA,2024-11-02,14000104.796559935
LA,2024-11-09,20949975.827425834
LA,2024-11-16,9663105.710207384
LA,2024-11-23,8652714.62209459
LA,2024-11-30,8741026.791742226
LA,2024-12-07,8635187.350346891
LA,2024-12-14,7919744.4329072945
LA,2024-12-21,9098306.874831328
LA,2024-12-28,8176950.490309297
LA,2025-01-04,7423524.945364883
LA,2025-01-11,7583955.966043449
LA,2025-01-18,7291074.935499254
LA,2025-01-25,6719686.546847065
LA,2025-02-01,6929305.980719499
LA,2025-02-08,7614155.925335037
LA,2025-02-15,8112921.364773899
LA,2025-02-22,7565855.882302775
LA,2025-03-01,7014771.183788404
LA,2025-03-08,8984132.86573044
LA,2025-03-15,8002120.330308441
LA,2025-03-22,8745684.387274621
LA,2025-03-29,8419388.411527751
LA,2025-04-05,9158621.266782012
LA,2025-04-12,8008432.672985938
LA,2025-04-19,7635158.258491685
LA,2025-04-26,8646859.296423253
LA,2025-05-03,10462832.003225192
MA,2019-01-26,85630.52169426317
MA,2019-02-02,99526.67939803841
MA,2019-02-09,101192.12281956323
MA,2019-02-16,139678.67287342757
MA,2019-02-23,150805.27096087442
MA,2019-03-02,89538.28801868684
MA,2019-03-09,97485.37393774917
MA,2019-03-16,106012.84790813655
MA,2019-03-23,102780.57067015712
MA,2019-03-30,126003.47618153898
MA,2019-04-06,138946.73861078394
MA,2019-04-13,187340.45191289615
MA,2019-04-20,151724.45566107347
MA,2019-04-27,204991.2320237643
MA,2019-05-04,267521.6455936885
MA,2019-05-11,219017.7538094883
MA,2019-05-18,300710.4699167634
MA,2019-05-25,493024.476935434
MA,2019-06-01,350658.62591886584
MA,2019-06-08,263070.3543706494
MA,2019-06-15,299643.67645592015
MA,2019-06-22,324910.96601268486
MA,2019-06-29,383788.1721145232
MA,2019-07-06,509404.3670422998
MA,2019-07-13,461127.1355325697
MA,2019-07-20,303813.884414474
MA,2019-07-27,421558.5944873686
MA,2019-08-03,524953.5646485756
MA,2019-08-10,845308.847133046
MA,2019-08-17,481510.5587132411
MA,2019-08-24,428478.3401597847
MA,2019-08-31,232475.92865324748
MA,2019-09-07,327923.1194451313
MA,2019-09-14,334313.4492110276
MA,2019-09-21,336882.6529604747
MA,2019-09-28,266263.3501347515
MA,2019-10-05,359453.20242777216
MA,2019-10-12,288762.41177881346
MA,2019-10-19,302342.2569201306
MA,2019-10-26,185903.8243277895
MA,2019-11-02,286594.60782975366
MA,2019-11-09,202606.04000101855
MA,2019-11-16,199319.23097952318
MA,2019-11-23,173989.2499424481
MA,2019-11-30,207668.44146065196
MA,2019-12-07,272259.40011811856
MA,2019-12-14,254638.67781647574
MA,2019-12-21,304662.0691749035
MA,2019-12-28,173361.24653924507
MA,2020-01-04,212584.75462130376
MA,2020-01-11,189541.7622105138
MA,2020-01-18,229452.12878523453
MA,2020-01-25,201516.4148743987
MA,2020-02-01,190166.2630276741
MA,2020-02-08,330399.0900496629
MA,2020-02-15,281127.08588386414
MA,2020-02-22,177468.5588126411
MA,2020-02-29,181400.79148082997
MA,2020-03-07,321828.48383499286
MA,2020-03-14,307459.4417803341
MA,2020-03-21,94017.08610750377
MA,2020-03-28,51001.94946141382
MA,2020-04-04,56019.778816204285
MA,2020-04-11,64189.73506755025
MA,2020-04-18,43206.67190594151
MA,2020-04-25,66966.80617121978
MA,2020-05-02,96473.74267638117
MA,2020-05-09,139095.07988616082
MA,2020-05-16,95501.51039963956
MA,2020-05-23,179725.19100918743
MA,2020-05-30,203485.23246801554
MA,2020-06-06,201889.513557997
MA,2020-06-13,202216.48460287668
MA,2020-06-20,290438.978963842
MA,2020-06-27,289870.0203694546
MA,2020-07-04,216123.9449475465
MA,2020-07-11,377791.6302371911
MA,2020-07-18,285246.11037363333
MA,2020-07-25,540853.6845840279
MA,2020-08-01,337731.69419952726
MA,2020-08-08,640237.867402411
MA,2020-08-15,355175.05115687463
MA,2020-08-22,444859.53748650645
MA,2020-08-29,323181.88350154256
MA,2020-09-05,558410.3508869826
MA,2020-09-12,241282.10019028463
MA,2020-09-19,170236.06282266567
MA,2020-09-26,299028.81556954037
MA,2020-10-03,219844.84128159232
MA,2020-10-10,180602.15916192316
MA,2020-10-17,226816.74573399936
MA,2020-10-24,143018.06175055465
MA,2020-10-31,144352.42225364153
MA,2020-11-07,148765.1627910338
MA,2020-11-14,115480.5360230356
MA,2020-11-21,131057.06536141624
MA,2020-11-28,125124.17087912184
MA,2020-12-05,182608.3065887615
MA,2020-12-12,405579.2151794206
MA,2020-12-19,153225.98756930395
MA,2020-12-26,74884.2601429983
MA,2021-01-09,167142.51507076607
MA,2021-01-16,142249.955281386
MA,2021-01-23,137044.2804593585
MA,2021-01-30,95487.7426816247
MA,2021-02-06,143513.3592555906
MA,2021-02-13,123613.29693900498
MA,2021-02-20,168970.84431732656
MA,2021-02-27,104689.13038992211
MA,2021-03-06,141673.44301630775
MA,2021-03-13,202289.8147290385
MA,2021-03-20,160277.90990858158
MA,2021-03-27,136377.1219162725
MA,2021-04-03,279218.8335657969
MA,2021-04-10,206934.95868319765
MA,2021-04-17,155806.9549461033
MA,2021-04-24,149054.12091417096
MA,2021-05-01,112677.25648992036
MA,2021-05-08,185962.69482492475
MA,2021-05-15,148855.80911822643
MA,2021-05-22,312615.8162615458
MA,2021-05-29,251399.92069689176
MA,2021-06-05,328714.9246882012
MA,2021-06-12,337296.6351412153
MA,2021-06-19,342628.36566368537
MA,2021-06-26,381932.00612967456
MA,2021-07-03,526127.8154489556
MA,2021-07-10,954944.7152433948
MA,2021-07-17,631580.8424372835
MA,2021-07-24,527349.8447217798
MA,2021-07-31,764492.7852855873
MA,2021-08-07,939465.4427930948
MA,2021-08-14,700026.164749086
MA,2021-08-21,376086.61741638696
MA,2021-08-28,444914.13694977504
MA,2021-09-04,380106.05588057626
MA,2021-09-11,267385.8096874473
MA,2021-09-18,193683.80185156252
MA,2021-09-25,146107.695791664
MA,2021-10-02,236354.81713840188
MA,2021-10-09,310020.0313980805
MA,2021-10-16,164447.2428797557
MA,2021-10-23,238504.79470133068
MA,2021-10-30,213512.74681684043
MA,2021-11-06,230795.05712901035
MA,2021-11-13,261021.0085174853
MA,2021-11-20,162427.46521093813
MA,2021-11-27,144581.88173376405
MA,2021-12-04,305030.0507568306
MA,2021-12-11,151069.16194254486
MA,2021-12-18,214306.2191129145
MA,2021-12-25,154848.43524541764
MA,2022-01-01,127341.90547201743
MA,2022-01-08,185986.16645558312
MA,2022-01-15,221468.24633433868
MA,2022-01-22,190397.4975531287
MA,2022-01-29,104368.65279617952
MA,2022-02-05,272514.5225850315
MA,2022-02-12,212483.59201872203
MA,2022-02-19,193676.33836491982
MA,2022-02-26,129582.27553112734
MA,2022-03-05,245574.03645562954
MA,2022-03-12,341760.3223134384
MA,2022-03-19,679703.4536778417
MA,2022-03-26,241806.6003432086
MA,2022-04-02,332121.0188640453
MA,2022-04-09,458492.40610441705
MA,2022-04-16,230253.87158449474
MA,2022-04-23,225094.32472548052
MA,2022-04-30,298361.63328684104
MA,2022-05-07,271353.4208406092
MA,2022-05-14,419570.0431384701
MA,2022-05-21,378664.2589383713
MA,2022-05-28,410821.82232333516
MA,2022-06-04,407870.030863527
MA,2022-06-11,563630.0779731493
MA,2022-06-18,335975.18102478114
MA,2022-06-25,365018.4750876707
MA,2022-07-02,299218.80472996336
MA,2022-07-09,853273.726100197
MA,2022-07-16,613457.0927773466
MA,2022-07-23,662078.9266473658
MA,2022-07-30,589499.8800243058
MA,2022-08-06,744005.9819136951
MA,2022-08-13,457137.16147365276
MA,2022-08-20,485842.373961205
MA,2022-08-27,306679.92607814004
MA,2022-09-03,339897.9408281208
MA,2022-09-10,325810.0965460907
MA,2022-09-17,236344.71446435037
MA,2022-09-24,360948.7513761852
MA,2022-10-01,304602.2567715711
MA,2022-10-08,368548.68828390865
MA,2022-10-15,364929.6121944708
MA,2022-10-22,204598.887156515
MA,2022-10-29,367627.81613283703
MA,2022-11-05,296519.16662237205
MA,2022-11-12,306793.58586112806
MA,2022-11-19,480451.7628262266
MA,2022-11-26,150224.2230393623
MA,2022-12-03,328975.60276522354
MA,2022-12-10,408420.13369815843
MA,2022-12-17,356918.021456728
MA,2022-12-24,174550.9979312634
MA,2022-12-31,153856.76291058323
MA,2023-01-07,630422.583451474
MA,2023-01-14,536512.3686795498
MA,2023-01-21,685478.156148822
MA,2023-01-28,695131.3715609809
MA,2023-02-04,780789.4661346808
MA,2023-02-11,502987.2687790042
MA,2023-02-18,498071.5244566736
MA,2023-02-25,309532.128985153
MA,2023-03-04,1154021.0304044364
MA,2023-03-11,822013.2978522741
MA,2023-03-18,904400.5658952489
MA,2023-03-25,825592.5381443057
MA,2023-04-01,627060.1106390519
MA,2023-04-08,795360.9708810544
MA,2023-04-15,506160.30194535956
MA,2023-04-22,451440.59430127125
MA,2023-04-29,713996.3654756069
MA,2023-05-06,687862.9269873287
MA,2023-05-13,540458.4236599037
MA,2023-05-20,499804.1766369339
MA,2023-05-27,586452.29848034
MA,2023-06-03,982225.1908316739
MA,2023-06-10,611030.4118686971
MA,2023-06-17,477487.3082591718
MA,2023-06-24,521858.749729811
MA,2023-07-01,520934.1798964646
MA,2023-07-08,986020.7509913612
MA,2023-07-15,955643.9408554973
MA,2023-07-22,834894.7793102063
MA,2023-07-29,697124.3086251001
MA,2023-08-05,555109.7440221078
MA,2023-08-12,513533.8066821947
MA,2023-08-19,429362.3377968727
MA,2023-08-26,422061.2135062923
MA,2023-09-02,315349.9390492243
MA,2023-09-09,376359.0622180512
MA,2023-09-16,560155.7632040303
MA,2023-09-23,282267.08312479674
MA,2023-09-30,221211.96601494512
MA,2023-10-07,293253.26360373164
MA,2023-10-14,327679.63346938166
MA,2023-10-21,251669.03638599877
MA,2023-10-28,303551.11311123846
MA,2023-11-04,224232.06286861663
MA,2023-11-11,185077.1496019405
MA,2023-11-18,221308.275509785
MA,2023-11-25,297098.33669058845
MA,2023-12-02,183315.36884986894
MA,2023-12-09,288120.38454709196
MA,2023-12-16,186556.65798782257
MA,2023-12-23,156169.7108290894
MA,2023-12-30,109093.6884357486
MA,2024-01-06,257303.50528567418
MA,2024-01-13,185990.36491048016
MA,2024-01-20,256710.43251480942
MA,2024-01-27,311095.5232570976
MA,2024-02-03,1006853.7468724654
MA,2024-02-10,547078.2686224134
MA,2024-02-17,268017.9794227765
MA,2024-02-24,265029.3021082135
MA,2024-03-02,357750.33840124455
MA,2024-03-09,469766.1644888737
MA,2024-03-16,412507.13814541936
MA,2024-03-23,226704.7615500974
MA,2024-03-30,288166.82914607227
MA,2024-04-06,888260.0307494514
MA,2024-04-13,659023.67749492
MA,2024-04-20,298521.3846659471
MA,2024-04-27,311010.902664671
MA,2024-05-04,511943.1414083047
MA,2024-05-11,480745.94305399637
MA,2024-05-18,518605.3643748856
MA,2024-05-25,776013.2053744504
MA,2024-06-01,434969.8623970287
MA,2024-06-08,507143.0234976183
MA,2024-06-15,678109.9979660473
MA,2024-10-12,235288.67359064077
MA,2024-10-19,180345.86832723455
MA,2024-10-26,115041.14428120213
MA,2024-11-02,133510.24913111853
MA,2024-11-09,246720.51092633102
MA,2024-11-16,123729.84498342508
MA,2024-11-23,169165.37480249818
MA,2024-11-30,158479.37397159677
MA,2024-12-07,75351.45196757496
MA,2024-12-14,204381.22521301542
MA,2024-12-21,129626.70206573949
MA,2024-12-28,91343.34729105464
MA,2025-01-04,114943.5156665122
MA,2025-01-11,96604.41159178052
MA,2025-01-18,95108.56943279723
MA,2025-01-25,130031.03759840476
MA,2025-02-01,60895.70449848672
MA,2025-02-08,157474.4877889942
MA,2025-02-15,170274.96336671125
MA,2025-02-22,138618.4251823124
MA,2025-03-01,136800.23237897782
MA,2025-03-08,162819.03152899272
MA,2025-03-15,119726.73652607105
MA,2025-03-22,138802.07185450022
MA,2025-03-29,139790.64839770662
MA,2025-04-05,124374.25602493338
MA,2025-04-12,94460.85120030277
MA,2025-04-19,89471.10304635008
MA,2025-04-26,108860.76639191662
MA,2025-05-03,182665.20456099563
MD,2019-01-26,2292194.1498978455
MD,2019-02-02,1832241.9303375545
MD,2019-02-09,2346705.7875021924
MD,2019-02-16,2147296.474983805
MD,2019-02-23,1885289.9883424353
MD,2019-03-02,2168076.1101288805
MD,2019-03-09,2351773.505205994
MD,2019-03-16,2312110.748663125
MD,2019-03-23,2154984.6793577312
MD,2019-03-30,2256298.5131573724
MD,2019-04-06,2549481.399238858
MD,2019-04-13,2429450.6124618733
MD,2019-04-20,2523971.8566852217
MD,2019-04-27,2706932.975513124
MD,2019-05-04,3898789.1861268873
MD,2019-05-11,4134897.5899521736
MD,2019-05-18,3619711.113049834
MD,2019-05-25,3960061.483490687
MD,2019-06-01,3525878.6685053743
MD,2019-06-08,4250385.3208251735
MD,2019-06-15,4175234.568693489
MD,2019-06-22,4048758.562768911
MD,2019-06-29,3951871.9747854914
MD,2019-07-06,3926863.890335994
MD,2019-07-13,3994581.4061245294
MD,2019-07-20,3867135.044463691
MD,2019-07-27,4013807.92090772
MD,2019-08-03,4809719.659848883
MD,2019-08-10,4399186.522376584
MD,2019-08-17,4342766.147539169
MD,2019-08-24,4656758.388702839
MD,2019-08-31,4486697.165665799
MD,2019-09-07,6292676.363067604
MD,2019-09-14,5921147.8682801435
MD,2019-09-21,5770443.538264956
MD,2019-09-28,5091226.71088125
MD,2019-10-05,5318362.046960664
MD,2019-10-12,5391990.309238251
MD,2019-10-19,4675917.78718053
MD,2019-10-26,4535870.33402385
MD,2019-11-02,4505788.873509154
MD,2019-11-09,4485424.551892251
MD,2019-11-16,4703298.856201152
MD,2019-11-23,4709304.855506621
MD,2019-11-30,4011378.322698025
MD,2019-12-07,5982572.036093895
MD,2019-12-14,6036185.250822972
MD,2019-12-21,5290499.519733264
MD,2019-12-28,4361215.315625058
MD,2020-01-04,4345118.796613348
MD,2020-01-11,4736101.495216999
MD,2020-01-18,5389309.396475537
MD,2020-01-25,5027631.510574727
MD,2020-02-01,4449587.943218068
MD,2020-02-08,5147719.608721222
MD,2020-02-15,5632990.277635013
MD,2020-02-22,5429163.3175059045
MD,2020-02-29,5380012.403787322
MD,2020-03-07,5818532.624561163
MD,2020-03-14,5290868.755161489
MD,2020-03-21,3296079.2747368542
MD,2020-03-28,1838351.0174671083
MD,2020-04-04,1647629.4916840943
MD,2020-04-11,1676050.8953856148
MD,2020-04-18,1698223.9709040998
MD,2020-04-25,1821406.336224562
MD,2020-05-02,2301987.5189492092
MD,2020-05-09,2932379.773581414
MD,2020-05-16,3197869.357302397
MD,2020-05-23,3128391.9993224377
MD,2020-05-30,3611320.88817799
MD,2020-06-06,4108235.7411383637
MD,2020-06-13,4005608.3066594554
MD,2020-06-20,4394587.005038991
MD,2020-06-27,3974435.376591918
MD,2020-07-04,5267878.225143269
MD,2020-07-11,4315089.678917715
MD,2020-07-18,4379872.145582765
MD,2020-07-25,3935201.8375900523
MD,2020-08-01,4115151.581901177
MD,2020-08-08,4233371.5907769315
MD,2020-08-15,5253713.118046589
MD,2020-08-22,4480680.924215399
MD,2020-08-29,4426494.480509071
MD,2020-09-05,4767911.87738965
MD,2020-09-12,4446620.396224828
MD,2020-09-19,4249489.307983089
MD,2020-09-26,4044155.981745129
MD,2020-10-03,5179839.1143447105
MD,2020-10-10,4650505.825362855
MD,2020-10-17,3788111.6159124924
MD,2020-10-24,4451326.402938585
MD,2020-10-31,3704283.441073215
MD,2020-11-07,4195120.551798071
MD,2020-11-14,3451639.989966512
MD,2020-11-21,3264271.513952625
MD,2020-11-28,3032365.458517886
MD,2020-12-05,3651603.5975062535
MD,2020-12-12,3588034.574886661
MD,2020-12-19,3666879.6446652054
MD,2020-12-26,2708907.713235212
MD,2021-01-09,3345135.5391258174
MD,2021-01-16,3278543.58528019
MD,2021-01-23,2892293.8597559608
MD,2021-01-30,3133089.3478321624
MD,2021-02-06,2899669.4649899187
MD,2021-02-13,3472532.058606768
MD,2021-02-20,2965490.2108587464
MD,2021-02-27,3287815.4398230375
MD,2021-03-06,3860486.9814531696
MD,2021-03-13,4235935.349920512
MD,2021-03-20,3673670.8063572166
MD,2021-03-27,4127623.748869784
MD,2021-04-03,4964942.104903307
MD,2021-04-10,3699733.148322785
MD,2021-04-17,3820830.5412044483
MD,2021-04-24,3354093.127052211
MD,2021-05-01,3636562.5391087737
MD,2021-05-08,4448840.72631444
MD,2021-05-15,4053689.700323527
MD,2021-05-22,3597142.884990531
MD,2021-05-29,3990148.190643338
MD,2021-06-05,4699527.57841559
MD,2021-06-12,4910838.476081566
MD,2021-06-19,4713691.694176492
MD,2021-06-26,4633406.066544978
MD,2021-07-03,5898975.897930912
MD,2021-07-10,4496271.028308136
MD,2021-07-17,5091798.527551729
MD,2021-07-24,4750950.538433302
MD,2021-07-31,4398575.27068271
MD,2021-08-07,5172832.430334808
MD,2021-08-14,5027058.237008261
MD,2021-08-21,4870567.819891879
MD,2021-08-28,4676207.07858584
MD,2021-09-04,5464047.007493527
MD,2021-09-11,4283635.422301265
MD,2021-09-18,5029704.89048163
MD,2021-09-25,4211819.642374478
MD,2021-10-02,3793867.093605846
MD,2021-10-09,4432567.387231631
MD,2021-10-16,5110892.089337139
MD,2021-10-23,4910359.85321313
MD,2021-10-30,4267240.952724779
MD,2021-11-06,6136538.218409982
MD,2021-11-13,4950393.61945519
MD,2021-11-20,4625369.285259249
MD,2021-11-27,4765631.541361221
MD,2021-12-04,5712506.633810834
MD,2021-12-11,5262946.315436095
MD,2021-12-18,5642180.028387033
MD,2021-12-25,4405103.009818061
MD,2022-01-01,3338673.1200262983
MD,2022-01-08,3593221.3315488384
MD,2022-01-15,4010613.5593357366
MD,2022-01-22,3587274.1063840087
MD,2022-01-29,4050006.956763294
MD,2022-02-05,5005825.545051667
MD,2022-02-12,5504159.728749148
MD,2022-02-19,5573282.3123773
MD,2022-02-26,5652601.008524173
MD,2022-03-05,6272064.986685526
MD,2022-03-12,6101191.85244823
MD,2022-03-19,6550918.626771114
MD,2022-03-26,6018856.666836194
MD,2022-04-02,4895670.917438408
MD,2022-04-09,6093655.4173867125
MD,2022-04-16,6027761.436332292
MD,2022-04-23,5271114.985002723
MD,2022-04-30,5232320.670936699
MD,2022-05-07,6940356.530632108
MD,2022-05-14,5957987.254407372
MD,2022-05-21,6268413.1863459395
MD,2022-05-28,6797610.793892586
MD,2022-06-04,5558120.970204321
MD,2022-06-11,6209775.782655886
MD,2022-06-18,4448961.675723542
MD,2022-06-25,3941184.3583360314
MD,2022-07-02,4075592.8268258865
MD,2022-07-09,4508809.664357881
MD,2022-07-16,4803627.086616211
MD,2022-07-23,4234809.341972953
MD,2022-07-30,4525835.126304973
MD,2022-08-06,5793761.706343948
MD,2022-08-13,5583325.215895936
MD,2022-08-20,5248119.057961592
MD,2022-08-27,5159159.582060969
MD,2022-09-03,5735246.773339122
MD,2022-09-10,4919531.532406906
MD,2022-09-17,5761906.962566187
MD,2022-09-24,6143625.016210339
MD,2022-10-01,5140236.863906065
MD,2022-10-08,6322766.929591727
MD,2022-10-15,5880200.185912239
MD,2022-10-22,5928150.475415009
MD,2022-10-29,6038574.840581946
MD,2022-11-05,7443878.774863448
MD,2022-11-12,6728113.682010925
MD,2022-11-19,7120728.757998958
MD,2022-11-26,5025015.926813821
MD,2022-12-03,5492999.620330155
MD,2022-12-10,5602125.725185772
MD,2022-12-17,4975620.186558436
MD,2022-12-24,5063377.961819281
MD,2022-12-31,4485248.518797031
MD,2023-01-07,6153942.2969879955
MD,2023-01-14,4893801.300334609
MD,2023-01-21,4859004.137584036
MD,2023-01-28,5149010.549110468
MD,2023-02-04,7695797.341373752
MD,2023-02-11,7773222.65425559
MD,2023-02-18,7133111.854024952
MD,2023-02-25,6374541.89877535
MD,2023-03-04,9023100.83025257
MD,2023-03-11,8731899.098281272
MD,2023-03-18,7487746.610071821
MD,2023-03-25,7474483.9987504585
MD,2023-04-01,6848380.62139331
MD,2023-04-08,6164540.912461074
MD,2023-04-15,6721102.91877448
MD,2023-04-22,5624819.33649011
MD,2023-04-29,5946648.229608052
MD,2023-05-06,8080434.097066312
MD,2023-05-13,7935631.228250157
MD,2023-05-20,7731778.679973509
MD,2023-05-27,7425288.672590084
MD,2023-06-03,10988154.71082365
MD,2023-06-10,6306718.611193809
MD,2023-06-17,6354293.534570399
MD,2023-06-24,5575434.394711074
MD,2023-07-01,5748937.275365319
MD,2023-07-08,5003992.249756874
MD,2023-07-15,5228090.383369216
MD,2023-07-22,3804393.526130799
MD,2023-07-29,3897192.4470798
MD,2023-08-05,3651854.324224653
MD,2023-08-12,4212457.436959338
MD,2023-08-19,4478753.76989485
MD,2023-08-26,4383497.500063236
MD,2023-09-02,3435427.8707256997
MD,2023-09-09,4006709.693812232
MD,2023-09-16,3618964.4682237925
MD,2023-09-23,3148116.700527443
MD,2023-09-30,2650498.068018801
MD,2023-10-07,3287835.550106282
MD,2023-10-14,2652109.525559719
MD,2023-10-21,2311844.9223787948
MD,2023-10-28,3412973.3821664387
MD,2023-11-04,2710767.7701096376
MD,2023-11-11,2618660.4853082625
MD,2023-11-18,3090442.7586723072
MD,2023-11-25,2724656.27191729
MD,2023-12-02,2449944.2236367227
MD,2023-12-09,3129143.896504785
MD,2023-12-16,3154747.443387078
MD,2023-12-23,3231671.5206569675
MD,2023-12-30,2611452.2916606227
MD,2024-01-06,2381866.7942991853
MD,2024-01-13,2594644.4670087174
MD,2024-01-20,2405850.4252794874
MD,2024-01-27,4777085.34232367
MD,2024-02-03,6699110.042348356
MD,2024-02-10,6194244.237968468
MD,2024-02-17,4497893.232392122
MD,2024-02-24,3126628.6124235396
MD,2024-03-02,4805713.453013636
MD,2024-03-09,6930151.829774366
MD,2024-03-16,6637786.502357941
MD,2024-03-23,6313958.87878464
MD,2024-03-30,5487032.050345328
MD,2024-04-06,9852037.63477725
MD,2024-04-13,11282873.133748112
MD,2024-04-20,5993791.342785202
MD,2024-04-27,7369161.939009684
MD,2024-05-04,8395134.222112622
MD,2024-05-11,8582570.847185867
MD,2024-05-18,7526701.886947293
MD,2024-05-25,7395988.459486104
MD,2024-06-01,7962385.007080769
MD,2024-06-08,8552247.267151922
MD,2024-06-15,7313711.208222301
MD,2024-10-12,7058438.8685490675
MD,2024-10-19,5311687.876651363
MD,2024-10-26,2816083.310996154
MD,2024-11-02,4051773.816675474
MD,2024-11-09,6007209.997049841
MD,2024-11-16,2203060.0490441304
MD,2024-11-23,2099998.7310551717
MD,2024-11-30,2118455.605791072
MD,2024-12-07,1600388.6240513814
MD,2024-12-14,1702197.0791472595
MD,2024-12-21,1515428.9665733802
MD,2024-12-28,1518701.9575391246
MD,2025-01-04,2226675.2986160857
MD,2025-01-11,1802187.1159393915
MD,2025-01-18,1791469.2502228208
MD,2025-01-25,1883822.4082857715
MD,2025-02-01,1479396.7194939093
MD,2025-02-08,1599339.1079161635
MD,2025-02-15,1963147.4660190595
MD,2025-02-22,1600972.7531789318
MD,2025-03-01,1453789.3030433336
MD,2025-03-08,1501375.9243713452
MD,2025-03-15,1400876.69368687
MD,2025-03-22,1285926.4349685798
MD,2025-03-29,1711750.6763873023
MD,2025-04-05,1833815.9179390022
MD,2025-04-12,1524886.8783154334
MD,2025-04-19,1560099.9972101445
MD,2025-04-26,1817276.6907946877
MD,2025-05-03,2059858.4510690405
ME,2019-01-26,758153.933800891
ME,2019-02-02,639939.6883179247
ME,2019-02-09,863738.1132970803
ME,2019-02-16,843134.0897325968
ME,2019-02-23,792181.1879877702
ME,2019-03-02,676849.478782428
ME,2019-03-09,1090668.9089610062
ME,2019-03-16,679892.3940284079
ME,2019-03-23,863292.2054944782
ME,2019-03-30,769081.1626692167
ME,2019-04-06,958110.6136907028
ME,2019-04-13,803603.9065649972
ME,2019-04-20,751286.0778333333
ME,2019-04-27,762229.8841000189
ME,2019-05-04,1495536.3136069628
ME,2019-05-11,1695230.3531747553
ME,2019-05-18,1251238.7330427903
ME,2019-05-25,1535715.6726242416
ME,2019-06-01,1411491.8323062966
ME,2019-06-08,1489240.2004015904
ME,2019-06-15,1646102.8884389217
ME,2019-06-22,1603909.2783665308
ME,2019-06-29,1815745.4727421775
ME,2019-07-06,1499461.022715146
ME,2019-07-13,1683845.2179345875
ME,2019-07-20,1611565.7043361624
ME,2019-07-27,1806297.083664374
ME,2019-08-03,2533378.6577143543
ME,2019-08-10,1870706.761586087
ME,2019-08-17,2109300.8121688548
ME,2019-08-24,1871576.1086003731
ME,2019-08-31,1708695.0922574939
ME,2019-09-07,2607225.3640750716
ME,2019-09-14,2609552.160901201
ME,2019-09-21,2027937.4962713402
ME,2019-09-28,2649172.6616980457
ME,2019-10-05,2739686.1265136832
ME,2019-10-12,1976240.5045220566
ME,2019-10-19,1879717.4896085989
ME,2019-10-26,1722483.3428506823
ME,2019-11-02,1721110.9654904099
ME,2019-11-09,2134243.7350060563
ME,2019-11-16,1532569.929133171
ME,2019-11-23,1608431.6043030831
ME,2019-11-30,1260053.9439110928
ME,2019-12-07,2576699.02018653
ME,2019-12-14,2483471.595900142
ME,2019-12-21,2461475.113068716
ME,2019-12-28,1819169.3113756613
ME,2020-01-04,2302122.9898608187
ME,2020-01-11,2362159.2991306055
ME,2020-01-18,2100130.2826717626
ME,2020-01-25,1692843.1907553028
ME,2020-02-01,1622280.3261119418
ME,2020-02-08,2535394.0206953115
ME,2020-02-15,2243148.747047825
ME,2020-02-22,2598053.3522594157
ME,2020-02-29,2450537.0667350744
ME,2020-03-07,2747143.310906242
ME,2020-03-14,2317502.893122922
ME,2020-03-21,1288323.0963224177
ME,2020-03-28,707236.0901958125
ME,2020-04-04,774288.1288897373
ME,2020-04-11,862272.9527578009
ME,2020-04-18,1067204.427432697
ME,2020-04-25,977136.9751468274
ME,2020-05-02,1140692.6922588877
ME,2020-05-09,1342047.216418242
ME,2020-05-16,1249608.0649618686
ME,2020-05-23,1615845.8260464978
ME,2020-05-30,1824091.0124767737
ME,2020-06-06,2061698.4583541383
ME,2020-06-13,2190672.939677894
ME,2020-06-20,2123334.210216039
ME,2020-06-27,2146335.5397676914
ME,2020-07-04,2170018.685738386
ME,2020-07-11,1819405.938060164
ME,2020-07-18,1978007.4998729664
ME,2020-07-25,1955025.60733381
ME,2020-08-01,2420760.3299980615
ME,2020-08-08,2558202.8389455313
ME,2020-08-15,2586219.7856672965
ME,2020-08-22,2362392.409194839
ME,2020-08-29,2076538.1696725332
ME,2020-09-05,2455794.516388318
ME,2020-09-12,2025887.491582341
ME,2020-09-19,1983854.7235911554
ME,2020-09-26,2106225.9617527686
ME,2020-10-03,2933068.655113651
ME,2020-10-10,2706451.632638331
ME,2020-10-17,2074209.5018727565
ME,2020-10-24,2379508.1534939134
ME,2020-10-31,2186975.155598919
ME,2020-11-07,1700734.0038620261
ME,2020-11-14,1638816.7140851067
ME,2020-11-21,1559878.5516615696
ME,2020-11-28,1209124.2853176403
ME,2020-12-05,1681550.5169560562
ME,2020-12-12,1677110.3718073408
ME,2020-12-19,1898361.7455146827
ME,2020-12-26,1528743.7665788822
ME,2021-01-09,1870644.045237656
ME,2021-01-16,1752434.6101783307
ME,2021-01-23,1630929.57218997
ME,2021-01-30,1755879.7144126631
ME,2021-02-06,1785107.4600720762
ME,2021-02-13,1987006.2968983597
ME,2021-02-20,2284824.967226482
ME,2021-02-27,1748258.3967958766
ME,2021-03-06,2950848.412526526
ME,2021-03-13,1825478.907551463
ME,2021-03-20,1414633.8159553283
ME,2021-03-27,1867279.8374438193
ME,2021-04-03,2204405.5423948327
ME,2021-04-10,1874859.4928015491
ME,2021-04-17,2005452.3871366994
ME,2021-04-24,1670104.4109746576
ME,2021-05-01,2127878.695562935
ME,2021-05-08,3036058.531504023
ME,2021-05-15,2445511.6043393486
ME,2021-05-22,2525786.0149943647
ME,2021-05-29,2424030.6251422823
ME,2021-06-05,3320707.8289972935
ME,2021-06-12,2890240.1985595995
ME,2021-06-19,2755032.391878741
ME,2021-06-26,2720708.970666156
ME,2021-07-03,3961041.9555718563
ME,2021-07-10,3171650.116834437
ME,2021-07-17,2796977.899784044
ME,2021-07-24,3533605.6239942787
ME,2021-07-31,3001306.814835586
ME,2021-08-07,3702452.836994885
ME,2021-08-14,2852773.0254086605
ME,2021-08-21,2455645.5209721792
ME,2021-08-28,2886179.695821945
ME,2021-09-04,3761954.5340058776
ME,2021-09-11,3146641.431458553
ME,2021-09-18,3037277.273944596
ME,2021-09-25,2908472.5151641504
ME,2021-10-02,2433817.1243739887
ME,2021-10-09,3729731.3173505035
ME,2021-10-16,3011471.876793384
ME,2021-10-23,3454878.490476974
ME,2021-10-30,2195460.453720109
ME,2021-11-06,2504617.383043582
ME,2021-11-13,2214364.981941832
ME,2021-11-20,3375722.577152851
ME,2021-11-27,2537156.253415703
ME,2021-12-04,3770989.419746519
ME,2021-12-11,2463794.0238782866
ME,2021-12-18,3042397.842392991
ME,2021-12-25,2219997.630569173
ME,2022-01-01,2882310.7495016255
ME,2022-01-08,2182325.78862212
ME,2022-01-15,2766305.834498331
ME,2022-01-22,2149388.9158481485
ME,2022-01-29,2435275.3154860493
ME,2022-02-05,2519205.2467664215
ME,2022-02-12,2836584.607968543
ME,2022-02-19,2507977.9715385647
ME,2022-02-26,2212417.8969635614
ME,2022-03-05,3590453.858798234
ME,2022-03-12,2334416.584952417
ME,2022-03-19,2340133.691263994
ME,2022-03-26,2810775.56704608
ME,2022-04-02,2523725.116637016
ME,2022-04-09,3346662.536534656
ME,2022-04-16,2928808.9758436377
ME,2022-04-23,3515558.889499389
ME,2022-04-30,3212049.804231143
ME,2022-05-07,2873687.675449721
ME,2022-05-14,3850786.682629767
ME,2022-05-21,2899596.2892934647
ME,2022-05-28,4186718.1156089767
ME,2022-06-04,3941100.3882970363
ME,2022-06-11,4366055.326728526
ME,2022-06-18,2831895.0057009743
ME,2022-06-25,3139209.664830388
ME,2022-07-02,3041933.4326458564
ME,2022-07-09,2187845.1068724943
ME,2022-07-16,2980591.9653802575
ME,2022-07-23,3172519.313557238
ME,2022-07-30,3195533.352309718
ME,2022-08-06,3392565.7502587587
ME,2022-08-13,3328853.6119689024
ME,2022-08-20,2691417.6594119123
ME,2022-08-27,3110552.2545078476
ME,2022-09-03,3301741.871542979
ME,2022-09-10,3247853.7695176
ME,2022-09-17,2865302.1428152183
ME,2022-09-24,3511951.2570944573
ME,2022-10-01,2679183.127178783
ME,2022-10-08,3672347.142686795
ME,2022-10-15,3807752.0377020002
ME,2022-10-22,3937533.188907485
ME,2022-10-29,3600396.8787434343
ME,2022-11-05,2843481.6062323884
ME,2022-11-12,3489348.4823723137
ME,2022-11-19,3583274.714019536
ME,2022-11-26,3713241.2374310703
ME,2022-12-03,3029236.444944032
ME,2022-12-10,2678065.346285983
ME,2022-12-17,2278829.3786862805
ME,2022-12-24,2278387.0895998357
ME,2022-12-31,2084717.8995721037
ME,2023-01-07,2712482.4457976
ME,2023-01-14,2504088.9355765814
ME,2023-01-21,2193450.1566418908
ME,2023-01-28,2482939.9547162117
ME,2023-02-04,3644385.895088615
ME,2023-02-11,3591939.4190407787
ME,2023-02-18,3535189.8440464754
ME,2023-02-25,2891966.8432384734
ME,2023-03-04,4663735.889941579
ME,2023-03-11,4741727.586158582
ME,2023-03-18,3764534.7977084774
ME,2023-03-25,3860273.3092390024
ME,2023-04-01,8668631.9731413
ME,2023-04-08,3725840.407619234
ME,2023-04-15,6697120.078969547
ME,2023-04-22,3058028.4836496133
ME,2023-04-29,3060808.1859511267
ME,2023-05-06,5415147.979396009
ME,2023-05-13,5648362.508276746
ME,2023-05-20,4835321.1329461085
ME,2023-05-27,4624752.978599153
ME,2023-06-03,5824355.089725045
ME,2023-06-10,3261419.6189056174
ME,2023-06-17,3413051.9018650907
ME,2023-06-24,3926426.1489911904
ME,2023-07-01,3055565.259545931
ME,2023-07-08,2999081.4719454236
ME,2023-07-15,2649582.551914416
ME,2023-07-22,2159215.178012196
ME,2023-07-29,2093077.7009684923
ME,2023-08-05,1834491.3422921821
ME,2023-08-12,2606819.6227965155
ME,2023-08-19,2291584.43461296
ME,2023-08-26,1919056.2053716644
ME,2023-09-02,1730131.3805070128
ME,2023-09-09,2045738.186954984
ME,2023-09-16,1921904.4129486694
ME,2023-09-23,1505605.4382862456
ME,2023-09-30,1347096.0591124145
ME,2023-10-07,1707667.710029518
ME,2023-10-14,1622125.9788815854
ME,2023-10-21,1445116.7678597996
ME,2023-10-28,1632676.7842336309
ME,2023-11-04,1255470.1337838394
ME,2023-11-11,1294390.5118531992
ME,2023-11-18,1182336.1967587015
ME,2023-11-25,1311479.4749849655
ME,2023-12-02,1422430.9532742016
ME,2023-12-09,1232737.3778590127
ME,2023-12-16,1330873.1715989546
ME,2023-12-23,1330175.9532049391
ME,2023-12-30,1170104.4924915612
ME,2024-01-06,1276029.95237562
ME,2024-01-13,1513701.586666903
ME,2024-01-20,1527288.114503083
ME,2024-01-27,3366002.6883873753
ME,2024-02-03,2615874.8364828946
ME,2024-02-10,2091928.8502100373
ME,2024-02-17,1997450.7327863884
ME,2024-02-24,1750163.227151775
ME,2024-03-02,1672377.9427831268
ME,2024-03-09,4290686.023261399
ME,2024-03-16,3044487.0586935678
ME,2024-03-23,3868064.9109432944
ME,2024-03-30,3177986.441948311
ME,2024-04-06,3686981.6998494603
ME,2024-04-13,4608709.770120572
ME,2024-04-20,4093739.5913057746
ME,2024-04-27,3313953.3004551944
ME,2024-05-04,5158238.023539681
ME,2024-05-11,5255075.705766734
ME,2024-05-18,5131511.206653355
ME,2024-05-25,4824118.641528809
ME,2024-06-01,4500244.138980564
ME,2024-06-08,3477426.8731382666
ME,2024-06-15,4191711.259532551
ME,2024-09-28,9.249841260980904
ME,2024-10-12,4781776.767200993
ME,2024-10-19,2265714.5337235476
ME,2024-10-26,2147390.776829095
ME,2024-11-02,2130279.0374438176
ME,2024-11-09,3166022.9762172266
ME,2024-11-16,978515.2594982518
ME,2024-11-23,949959.5731342753
ME,2024-11-30,775888.516261021
ME,2024-12-07,852155.4715657387
ME,2024-12-14,988018.2543269888
ME,2024-12-21,919632.792428923
ME,2024-12-28,932443.3782448566
ME,2025-01-04,781156.6920078557
ME,2025-01-11,838897.4158671622
ME,2025-01-18,765376.5912314693
ME,2025-01-25,753709.3778086271
ME,2025-02-01,778773.5010366028
ME,2025-02-08,917405.1766533648
ME,2025-02-15,913519.8455792845
ME,2025-02-22,880218.3816399452
ME,2025-03-01,751991.2025255447
ME,2025-03-08,751027.8549759234
ME,2025-03-15,811234.9248087597
ME,2025-03-22,700602.0507277176
ME,2025-03-29,968530.4452052837
ME,2025-04-05,1128064.4406055016
ME,2025-04-12,876753.7716704698
ME,2025-04-19,951418.7511171083
ME,2025-04-26,1009209.2038448768
ME,2025-05-03,1017306.8584255137
MI,2019-01-26,10099675.717216771
MI,2019-02-02,8327163.673080471
MI,2019-02-09,10034571.590369124
MI,2019-02-16,10145674.616163347
MI,2019-02-23,9484089.25158948
MI,2019-03-02,10462979.864568565
MI,2019-03-09,10145311.720708521
MI,2019-03-16,10606933.36641797
MI,2019-03-23,10753929.07118631
MI,2019-03-30,9284527.170932632
MI,2019-04-06,10542956.154504633
MI,2019-04-13,10636208.70419345
MI,2019-04-20,10417133.371846221
MI,2019-04-27,11062351.096834982
MI,2019-05-04,17237061.202306315
MI,2019-05-11,16966428.255533203
MI,2019-05-18,16677705.455037901
MI,2019-05-25,16841344.364484783
MI,2019-06-01,16381735.226275291
MI,2019-06-08,16911772.912302893
MI,2019-06-15,16145708.745943114
MI,2019-06-22,16254968.280021094
MI,2019-06-29,16864175.373939432
MI,2019-07-06,18869626.24639818
MI,2019-07-13,18239548.377899963
MI,2019-07-20,15943605.728335818
MI,2019-07-27,17235856.154944584
MI,2019-08-03,19901961.770744074
MI,2019-08-10,19854899.88127118
MI,2019-08-17,19358885.354016967
MI,2019-08-24,18576717.8768394
MI,2019-08-31,17213562.832680997
MI,2019-09-07,23389853.120789517
MI,2019-09-14,21836944.78829445
MI,2019-09-21,22003372.66413116
MI,2019-09-28,19577306.705077812
MI,2019-10-05,22511484.736003507
MI,2019-10-12,20587206.210843753
MI,2019-10-19,19488964.356661364
MI,2019-10-26,18401433.136649586
MI,2019-11-02,16850736.387471166
MI,2019-11-09,19459889.522083726
MI,2019-11-16,17799192.86965381
MI,2019-11-23,18228459.542641398
MI,2019-11-30,17442539.25044709
MI,2019-12-07,21177246.126772087
MI,2019-12-14,21508434.521809798
MI,2019-12-21,21256733.74794021
MI,2019-12-28,14565432.983123755
MI,2020-01-04,16507377.809283433
MI,2020-01-11,17342628.864096094
MI,2020-01-18,16880623.35248549
MI,2020-01-25,17244957.486303583
MI,2020-02-01,16762349.1944617
MI,2020-02-08,20855393.529510878
MI,2020-02-15,22577574.41140449
MI,2020-02-22,19855937.3951088
MI,2020-02-29,19183960.6935175
MI,2020-03-07,22471305.96240039
MI,2020-03-14,20450987.358355124
MI,2020-03-21,13421461.553079775
MI,2020-03-28,8069530.883442104
MI,2020-04-04,8720688.994471474
MI,2020-04-11,7857858.659999718
MI,2020-04-18,8580532.121849226
MI,2020-04-25,8805337.266632281
MI,2020-05-02,10631231.102937922
MI,2020-05-09,13594518.249110641
MI,2020-05-16,12737194.529824045
MI,2020-05-23,15170930.493613623
MI,2020-05-30,15315743.63120227
MI,2020-06-06,18829545.47944788
MI,2020-06-13,19351021.08569302
MI,2020-06-20,19307549.753249373
MI,2020-06-27,19218317.60439021
MI,2020-07-04,22629847.539324146
MI,2020-07-11,21725866.207647614
MI,2020-07-18,19325773.12900554
MI,2020-07-25,19770877.1071519
MI,2020-08-01,18482051.142664436
MI,2020-08-08,21716064.12963461
MI,2020-08-15,20634096.16240175
MI,2020-08-22,19693461.159694068
MI,2020-08-29,18126302.64947972
MI,2020-09-05,22497860.840782516
MI,2020-09-12,18773207.503813233
MI,2020-09-19,18757762.814220835
MI,2020-09-26,18585633.55122163
MI,2020-10-03,20733640.568317547
MI,2020-10-10,20216732.390236553
MI,2020-10-17,18875544.51817578
MI,2020-10-24,17081464.88452177
MI,2020-10-31,17198072.02135763
MI,2020-11-07,16701364.411062244
MI,2020-11-14,14749378.515818793
MI,2020-11-21,12424470.120675866
MI,2020-11-28,10848644.706913771
MI,2020-12-05,14509797.824740281
MI,2020-12-12,14202668.220834235
MI,2020-12-19,14289518.266867578
MI,2020-12-26,10951279.965377461
MI,2021-01-09,14337909.012305198
MI,2021-01-16,13714177.70790647
MI,2021-01-23,15048816.877108729
MI,2021-01-30,13348835.994204437
MI,2021-02-06,16534776.20493632
MI,2021-02-13,17080872.861772347
MI,2021-02-20,16140214.256726857
MI,2021-02-27,16530740.198511781
MI,2021-03-06,19962972.526118003
MI,2021-03-13,17995184.64355436
MI,2021-03-20,17996201.609507613
MI,2021-03-27,16205941.175428962
MI,2021-04-03,17223680.71543736
MI,2021-04-10,17443318.395220324
MI,2021-04-17,17561362.890427545
MI,2021-04-24,17462744.441258334
MI,2021-05-01,17456827.82793527
MI,2021-05-08,20764219.70501493
MI,2021-05-15,21041303.21985918
MI,2021-05-22,20042236.77866243
MI,2021-05-29,20742876.054421112
MI,2021-06-05,23201635.336318318
MI,2021-06-12,20779085.723681662
MI,2021-06-19,22491070.82169971
MI,2021-06-26,20679764.649520174
MI,2021-07-03,24710450.46427734
MI,2021-07-10,25082890.750760764
MI,2021-07-17,23337093.689171713
MI,2021-07-24,22707290.68897901
MI,2021-07-31,22715174.269951195
MI,2021-08-07,24433156.390996158
MI,2021-08-14,24646776.584999446
MI,2021-08-21,22390970.52577996
MI,2021-08-28,20536334.725490265
MI,2021-09-04,24252877.63631223
MI,2021-09-11,22045059.211259715
MI,2021-09-18,23000048.407644045
MI,2021-09-25,20921384.846227143
MI,2021-10-02,20518778.750494514
MI,2021-10-09,22394684.360989213
MI,2021-10-16,22644973.606058072
MI,2021-10-23,21738231.309567623
MI,2021-10-30,21324219.435090456
MI,2021-11-06,21699830.7847363
MI,2021-11-13,21827023.591701362
MI,2021-11-20,20670785.518817913
MI,2021-11-27,17787038.058654036
MI,2021-12-04,21658276.357926197
MI,2021-12-11,20442121.96423701
MI,2021-12-18,23146105.50293784
MI,2021-12-25,18792897.376681667
MI,2022-01-01,15992304.921764173
MI,2022-01-08,18443670.70863815
MI,2022-01-15,21519001.80596448
MI,2022-01-22,19859827.28690184
MI,2022-01-29,20446309.317815002
MI,2022-02-05,22997388.406934198
MI,2022-02-12,24314235.01637478
MI,2022-02-19,24271794.337700192
MI,2022-02-26,22449764.918913793
MI,2022-03-05,23602620.614996936
MI,2022-03-12,22049792.223719794
MI,2022-03-19,24646282.490997463
MI,2022-03-26,20885703.38142605
MI,2022-04-02,18459984.28938976
MI,2022-04-09,24746799.64452463
MI,2022-04-16,25299867.54771327
MI,2022-04-23,25277787.109915614
MI,2022-04-30,24774207.80260871
MI,2022-05-07,28497375.41225743
MI,2022-05-14,28190939.114754975
MI,2022-05-21,26310481.919397466
MI,2022-05-28,28603376.20677794
MI,2022-06-04,30227398.069905624
MI,2022-06-11,26874647.11560912
MI,2022-06-18,22183050.488150034
MI,2022-06-25,20360400.426799655
MI,2022-07-02,20819938.45521719
MI,2022-07-09,23195469.617883082
MI,2022-07-16,22479492.908544954
MI,2022-07-23,21573449.176750645
MI,2022-07-30,21691427.888793338
MI,2022-08-06,27408302.85425518
MI,2022-08-13,25001619.564822447
MI,2022-08-20,26530297.015529186
MI,2022-08-27,24332182.512163255
MI,2022-09-03,28317432.806928225
MI,2022-09-10,25638064.04314915
MI,2022-09-17,24697330.805030666
MI,2022-09-24,22733950.656844556
MI,2022-10-01,23761417.76525826
MI,2022-10-08,27281299.381704804
MI,2022-10-15,25887015.121005718
MI,2022-10-22,25482572.57294853
MI,2022-10-29,24930556.404522475
MI,2022-11-05,27097251.40069807
MI,2022-11-12,26086223.654130436
MI,2022-11-19,23817677.764743675
MI,2022-11-26,22181408.818581555
MI,2022-12-03,27345882.783523124
MI,2022-12-10,26999614.5517366
MI,2022-12-17,25995925.430175014
MI,2022-12-24,19424161.865444377
MI,2022-12-31,20947597.6487503
MI,2023-01-07,32167160.440052837
MI,2023-01-14,30307927.974865634
MI,2023-01-21,31868418.580903206
MI,2023-01-28,28585994.11833996
MI,2023-02-04,42732138.94212333
MI,2023-02-11,42761978.21797304
MI,2023-02-18,38511144.45058509
MI,2023-02-25,34104702.18884709
MI,2023-03-04,43958855.59211299
MI,2023-03-11,40024379.68630848
MI,2023-03-18,36910886.75455348
MI,2023-03-25,34284118.36068043
MI,2023-04-01,31850822.005696006
MI,2023-04-08,30464624.310326584
MI,2023-04-15,29467762.710405193
MI,2023-04-22,25687845.375092927
MI,2023-04-29,26242741.93865801
MI,2023-05-06,39447482.225100495
MI,2023-05-13,39763536.38825434
MI,2023-05-20,35721991.80792983
MI,2023-05-27,34573504.76500596
MI,2023-06-03,45586835.557782434
MI,2023-06-10,28151226.4425426
MI,2023-06-17,28268601.634177983
MI,2023-06-24,27826389.96832314
MI,2023-07-01,24789519.590021472
MI,2023-07-08,26546916.355763897
MI,2023-07-15,23378571.39505642
MI,2023-07-22,21917264.028102066
MI,2023-07-29,20635394.496559918
MI,2023-08-05,14456863.136841888
MI,2023-08-12,16414726.279951727
MI,2023-08-19,17634218.164799415
MI,2023-08-26,16005922.348872157
MI,2023-09-02,14597627.260355925
MI,2023-09-09,17618616.258420862
MI,2023-09-16,18155165.400529105
MI,2023-09-23,15340051.056370266
MI,2023-09-30,12347980.150366664
MI,2023-10-07,14658163.672565363
MI,2023-10-14,13708021.771934409
MI,2023-10-21,11992697.51081224
MI,2023-10-28,15258232.985658692
MI,2023-11-04,12058919.230440145
MI,2023-11-11,11917269.900601853
MI,2023-11-18,11385960.16150903
MI,2023-11-25,11480389.75512518
MI,2023-12-02,10786889.452776361
MI,2023-12-09,12667334.118144833
MI,2023-12-16,12845405.444662156
MI,2023-12-23,12632611.016000863
MI,2023-12-30,11456664.190741656
MI,2024-01-06,14538979.134455808
MI,2024-01-13,15413292.321864203
MI,2024-01-20,13928579.634992821
MI,2024-01-27,27736391.15835569
MI,2024-02-03,37041097.972981215
MI,2024-02-10,28840632.27246978
MI,2024-02-17,21124697.296263892
MI,2024-02-24,18811948.819017824
MI,2024-03-02,20355739.123777308
MI,2024-03-09,44665906.72819187
MI,2024-03-16,43873895.12606949
MI,2024-03-23,37307304.90414922
MI,2024-03-30,38575924.64640202
MI,2024-04-06,51397710.96825395
MI,2024-04-13,47917237.65475404
MI,2024-04-20,36479637.772895485
MI,2024-04-27,29414225.319989264
MI,2024-05-04,51174311.26062288
MI,2024-05-11,45484061.37991665
MI,2024-05-18,38935640.779478624
MI,2024-05-25,35520444.43363878
MI,2024-06-01,34928819.967515275
MI,2024-06-08,32613188.587389283
MI,2024-06-15,33926478.207605645
MI,2024-08-03,118.79389841147099
MI,2024-08-10,32.9208492025715
MI,2024-08-17,116.12231338035657
MI,2024-08-24,95.09869207438433
MI,2024-09-07,227.69594823563006
MI,2024-09-14,659.0203506620463
MI,2024-09-21,70.5258401360643
MI,2024-09-28,333.1006132784194
MI,2024-10-05,77.43337141797564
MI,2024-10-12,23793193.630473044
MI,2024-10-19,18109255.85805648
MI,2024-10-26,14435594.62230176
MI,2024-11-02,15591923.753408836
MI,2024-11-09,24509648.050362166
MI,2024-11-16,9050644.761985732
MI,2024-11-23,8403888.80880599
MI,2024-11-30,7866425.25488856
MI,2024-12-07,9095435.08196714
MI,2024-12-14,9018555.135254089
MI,2024-12-21,8941756.064216467
MI,2024-12-28,8372564.584147292
MI,2025-01-04,8989554.355436124
MI,2025-01-11,9253227.667220611
MI,2025-01-18,9168975.160922768
MI,2025-01-25,8661125.879386537
MI,2025-02-01,8488379.622230653
MI,2025-02-08,8943831.711288197
MI,2025-02-15,9426198.614873182
MI,2025-02-22,8492283.622887274
MI,2025-03-01,8169541.406056796
MI,2025-03-08,8851691.568964377
MI,2025-03-15,9376481.678182783
MI,2025-03-22,8368367.818659081
MI,2025-03-29,8573025.873402704
MI,2025-04-05,10482733.88909683
MI,2025-04-12,9195065.709528089
MI,2025-04-19,9078793.694272911
MI,2025-04-26,10611529.668018779
MI,2025-05-03,10668319.552464591
MN,2019-01-26,7124144.268505899
MN,2019-02-02,6634565.286101272
MN,2019-02-09,7985954.965833848
MN,2019-02-16,7541099.371641503
MN,2019-02-23,6402731.625541327
MN,2019-03-02,6947535.813055415
MN,2019-03-09,7007146.798178853
MN,2019-03-16,7494673.19716393
MN,2019-03-23,7260629.250039207
MN,2019-03-30,8181759.015029028
MN,2019-04-06,8689763.16492447
MN,2019-04-13,7961705.109785769
MN,2019-04-20,9915816.846699897
MN,2019-04-27,8587581.04119176
MN,2019-05-04,13267211.45639196
MN,2019-05-11,14204773.284106018
MN,2019-05-18,12692664.136145212
MN,2019-05-25,14164820.468998851
MN,2019-06-01,11594973.893574262
MN,2019-06-08,16616606.947063867
MN,2019-06-15,13468133.499856398
MN,2019-06-22,11727453.292975653
MN,2019-06-29,14185098.505485823
MN,2019-07-06,12960248.849247044
MN,2019-07-13,17274912.645201586
MN,2019-07-20,13028886.549845994
MN,2019-07-27,11603004.879317647
MN,2019-08-03,13582180.49248592
MN,2019-08-10,15141906.831154145
MN,2019-08-17,13706220.781066306
MN,2019-08-24,12744368.224084174
MN,2019-08-31,12186483.369968083
MN,2019-09-07,19226421.175712988
MN,2019-09-14,17331920.033639602
MN,2019-09-21,21349977.29920737
MN,2019-09-28,15817210.006671317
MN,2019-10-05,18350097.438749194
MN,2019-10-12,18198370.766569566
MN,2019-10-19,14906505.800049061
MN,2019-10-26,16664657.492132915
MN,2019-11-02,13997275.513167717
MN,2019-11-09,18246377.294242643
MN,2019-11-16,17027784.581391696
MN,2019-11-23,17287608.52221184
MN,2019-11-30,15470742.268053014
MN,2019-12-07,18331041.652993236
MN,2019-12-14,17483743.248445056
MN,2019-12-21,18372291.39543713
MN,2019-12-28,13349913.060141385
MN,2020-01-04,16575827.892150337
MN,2020-01-11,18294470.065938517
MN,2020-01-18,14285387.37691182
MN,2020-01-25,17486809.39934765
MN,2020-02-01,17536637.79794148
MN,2020-02-08,18562932.039013963
MN,2020-02-15,18349651.80073774
MN,2020-02-22,19370736.231550418
MN,2020-02-29,17395239.96458689
MN,2020-03-07,19644166.66770797
MN,2020-03-14,17660484.555255547
MN,2020-03-21,10783371.777680742
MN,2020-03-28,8404405.756340181
MN,2020-04-04,7988053.107603433
MN,2020-04-11,8180096.68976109
MN,2020-04-18,8349028.333155992
MN,2020-04-25,8710265.110864297
MN,2020-05-02,12298604.158295479
MN,2020-05-09,10980440.703137668
MN,2020-05-16,10524024.094240103
MN,2020-05-23,12767528.044917187
MN,2020-05-30,12587313.034079345
MN,2020-06-06,15035062.536628824
MN,2020-06-13,14837672.471725853
MN,2020-06-20,16270342.456090007
MN,2020-06-27,15456977.392691007
MN,2020-07-04,13637944.872261494
MN,2020-07-11,15419882.831325239
MN,2020-07-18,12948040.83006889
MN,2020-07-25,13548129.380826596
MN,2020-08-01,14096910.132980686
MN,2020-08-08,14419466.868992366
MN,2020-08-15,14226106.82464848
MN,2020-08-22,13658737.251296744
MN,2020-08-29,13992305.654167637
MN,2020-09-05,15546720.93891079
MN,2020-09-12,14891475.859552171
MN,2020-09-19,16058521.929026902
MN,2020-09-26,13635325.97789572
MN,2020-10-03,16466785.355612436
MN,2020-10-10,19193298.281059723
MN,2020-10-17,14524166.282042876
MN,2020-10-24,13903277.301576357
MN,2020-10-31,13843895.132417321
MN,2020-11-07,13951969.629632335
MN,2020-11-14,12139516.068729421
MN,2020-11-21,11632207.434780309
MN,2020-11-28,8461776.457266275
MN,2020-12-05,11523761.77575302
MN,2020-12-12,11069570.666536441
MN,2020-12-19,10957841.795224745
MN,2020-12-26,10061935.236646006
MN,2021-01-09,11921077.28295514
MN,2021-01-16,13508755.978826229
MN,2021-01-23,12247668.734301412
MN,2021-01-30,11961939.6802317
MN,2021-02-06,13026549.343421057
MN,2021-02-13,13560085.756693527
MN,2021-02-20,12796663.284703506
MN,2021-02-27,17189817.55644077
MN,2021-03-06,18221420.086918365
MN,2021-03-13,15228004.713739142
MN,2021-03-20,14329965.305773396
MN,2021-03-27,13628781.415439716
MN,2021-04-03,15602562.983786395
MN,2021-04-10,17393828.571128685
MN,2021-04-17,14083383.811706387
MN,2021-04-24,13731059.800454345
MN,2021-05-01,16582986.308988605
MN,2021-05-08,17703154.238982815
MN,2021-05-15,17980666.796683796
MN,2021-05-22,15341355.491245473
MN,2021-05-29,18441220.817699157
MN,2021-06-05,16982318.407171223
MN,2021-06-12,19718380.27081504
MN,2021-06-19,19218555.771706827
MN,2021-06-26,15985101.588291233
MN,2021-07-03,17791329.60128246
MN,2021-07-10,18012593.30593435
MN,2021-07-17,19086465.21689729
MN,2021-07-24,18781668.249247465
MN,2021-07-31,18069377.592842065
MN,2021-08-07,17921136.07132315
MN,2021-08-14,17115037.698876362
MN,2021-08-21,16898904.853473257
MN,2021-08-28,16566282.310088025
MN,2021-09-04,17859266.3711682
MN,2021-09-11,19454117.144345168
MN,2021-09-18,19113961.310549725
MN,2021-09-25,16469138.690878766
MN,2021-10-02,18260933.929716527
MN,2021-10-09,21084539.829728335
MN,2021-10-16,19876499.282756407
MN,2021-10-23,17390231.37439468
MN,2021-10-30,19293460.581133112
MN,2021-11-06,17620865.060552124
MN,2021-11-13,17172292.37657257
MN,2021-11-20,19287567.078113828
MN,2021-11-27,14853534.103928598
MN,2021-12-04,19388082.86019855
MN,2021-12-11,17347079.70994406
MN,2021-12-18,19300386.53422438
MN,2021-12-25,16371439.737657987
MN,2022-01-01,14668308.41963574
MN,2022-01-08,17551586.92278718
MN,2022-01-15,16480352.36665734
MN,2022-01-22,15766300.525897665
MN,2022-01-29,15332966.903288633
MN,2022-02-05,18613040.207594234
MN,2022-02-12,24984906.210244607
MN,2022-02-19,20187437.25697155
MN,2022-02-26,18124137.78826781
MN,2022-03-05,19910472.42718325
MN,2022-03-12,19288605.282760892
MN,2022-03-19,19879897.228460327
MN,2022-03-26,18639006.13419073
MN,2022-04-02,18219654.3188507
MN,2022-04-09,26346818.08261693
MN,2022-04-16,19429442.898466844
MN,2022-04-23,19473177.985961165
MN,2022-04-30,19826212.315708205
MN,2022-05-07,28762470.74878336
MN,2022-05-14,20879384.87812888
MN,2022-05-21,23771353.575324148
MN,2022-05-28,21593967.130049907
MN,2022-06-04,21715111.954050288
MN,2022-06-11,18650766.876107037
MN,2022-06-18,15503787.950328497
MN,2022-06-25,15274635.788897771
MN,2022-07-02,13699660.731217265
MN,2022-07-09,15944811.073057668
MN,2022-07-16,14588223.611715946
MN,2022-07-23,14394436.79916061
MN,2022-07-30,15590359.439766603
MN,2022-08-06,20714667.49351909
MN,2022-08-13,19944067.106911145
MN,2022-08-20,18469416.995301813
MN,2022-08-27,17755356.335693322
MN,2022-09-03,19383824.513193127
MN,2022-09-10,19491053.02647961
MN,2022-09-17,21020122.04533062
MN,2022-09-24,17626340.474178303
MN,2022-10-01,20872452.254715
MN,2022-10-08,21636558.698229562
MN,2022-10-15,26580458.339578055
MN,2022-10-22,24710625.30777373
MN,2022-10-29,22931146.213327613
MN,2022-11-05,25306463.98292892
MN,2022-11-12,20962669.866158906
MN,2022-11-19,22784452.897282332
MN,2022-11-26,18265973.472944938
MN,2022-12-03,20832814.580300387
MN,2022-12-10,19980467.958832577
MN,2022-12-17,17211764.52889463
MN,2022-12-24,15520851.793702783
MN,2022-12-31,15917592.965888945
MN,2023-01-07,23625445.528677955
MN,2023-01-14,21007880.68959522
MN,2023-01-21,20721420.37129288
MN,2023-01-28,20888304.280347854
MN,2023-02-04,30551735.954137955
MN,2023-02-11,29978189.1569579
MN,2023-02-18,28656301.762914382
MN,2023-02-25,26472812.91344732
MN,2023-03-04,41789755.65323907
MN,2023-03-11,38371382.99846683
MN,2023-03-18,33922144.04911892
MN,2023-03-25,31838543.447427712
MN,2023-04-01,30881024.340877797
MN,2023-04-08,28969769.50626773
MN,2023-04-15,28912221.33670304
MN,2023-04-22,25539781.841506653
MN,2023-04-29,26231971.19685866
MN,2023-05-06,37694976.9118408
MN,2023-05-13,40002651.35779531
MN,2023-05-20,35110448.81609847
MN,2023-05-27,31902217.758190323
MN,2023-06-03,38692170.520881
MN,2023-06-10,28884125.017918672
MN,2023-06-17,29028197.868323054
MN,2023-06-24,28584375.95215269
MN,2023-07-01,24697009.75596781
MN,2023-07-08,27402774.70601846
MN,2023-07-15,24563240.927356098
MN,2023-07-22,20172346.01664668
MN,2023-07-29,18624729.309887767
MN,2023-08-05,15953584.982568827
MN,2023-08-12,19225733.610639397
MN,2023-08-19,19985618.737823248
MN,2023-08-26,17431502.41572859
MN,2023-09-02,17127340.34008583
MN,2023-09-09,17720972.58237692
MN,2023-09-16,19999253.937491883
MN,2023-09-23,16993815.305108782
MN,2023-09-30,15424390.707701642
MN,2023-10-07,15420042.930277608
MN,2023-10-14,14814764.23118403
MN,2023-10-21,13932435.355962215
MN,2023-10-28,16451275.557844352
MN,2023-11-04,13390644.79865531
MN,2023-11-11,13022379.89575749
MN,2023-11-18,13109202.166827025
MN,2023-11-25,12932963.96288013
MN,2023-12-02,12467212.28912659
MN,2023-12-09,17272701.971344613
MN,2023-12-16,17535583.484078143
MN,2023-12-23,17108747.97136128
MN,2023-12-30,15891761.162225325
MN,2024-01-06,16465158.970386533
MN,2024-01-13,17320190.011438027
MN,2024-01-20,15400738.213863337
MN,2024-01-27,37284336.57059367
MN,2024-02-03,44000357.78212374
MN,2024-02-10,35683647.48625127
MN,2024-02-17,30520488.251797028
MN,2024-02-24,23628543.0023764
MN,2024-03-02,27950635.7432835
MN,2024-03-09,56422014.21410312
MN,2024-03-16,59814452.06806916
MN,2024-03-23,52770910.65994841
MN,2024-03-30,53174867.01579841
MN,2024-04-06,59253225.348487556
MN,2024-04-13,55297500.69280602
MN,2024-04-20,43963880.39130673
MN,2024-04-27,38558435.83062413
MN,2024-05-04,55029640.38053885
MN,2024-05-11,52195254.91889284
MN,2024-05-18,45472166.33411468
MN,2024-05-25,43586167.53762936
MN,2024-06-01,45038305.096550986
MN,2024-06-08,43614327.35338393
MN,2024-06-15,35895128.53332251
MN,2024-08-03,17.997071684584313
MN,2024-08-10,78.75809574801598
MN,2024-08-17,30.415649043086805
MN,2024-08-24,38.11687802498743
MN,2024-08-31,196.39365374183168
MN,2024-09-07,45.15658556677675
MN,2024-09-14,42.19471371773373
MN,2024-09-21,199.6984096561628
MN,2024-09-28,114.61086539999641
MN,2024-10-05,12.334945840782416
MN,2024-10-12,29213979.52764071
MN,2024-10-19,26837642.40904368
MN,2024-10-26,21429830.872588944
MN,2024-11-02,23938555.88703468
MN,2024-11-09,32486003.603218287
MN,2024-11-16,10692830.948867392
MN,2024-11-23,10758992.496934103
MN,2024-11-30,9715690.36554711
MN,2024-12-07,10977105.959554002
MN,2024-12-14,10823656.20658421
MN,2024-12-21,11067078.936943281
MN,2024-12-28,10826705.914834868
MN,2025-01-04,11055326.243200712
MN,2025-01-11,11267477.503411526
MN,2025-01-18,10801987.498362375
MN,2025-01-25,10473596.64199781
MN,2025-02-01,10978041.57630336
MN,2025-02-08,11837155.430391215
MN,2025-02-15,12890119.578314628
MN,2025-02-22,10999263.767765658
MN,2025-03-01,10658395.438987006
MN,2025-03-08,11094029.840192769
MN,2025-03-15,11839657.852565257
MN,2025-03-22,10383443.278889207
MN,2025-03-29,11230137.502767757
MN,2025-04-05,11411044.573509404
MN,2025-04-12,10771482.874098184
MN,2025-04-19,10675183.72007662
MN,2025-04-26,11138376.30446652
MN,2025-05-03,12204126.197480429
MO,2019-01-26,10951418.571569586
MO,2019-02-02,10682695.832164738
MO,2019-02-09,11107349.943015873
MO,2019-02-16,11367772.563214539
MO,2019-02-23,10581523.19283405
MO,2019-03-02,10773273.76149773
MO,2019-03-09,11798313.611295523
MO,2019-03-16,12857921.227872752
MO,2019-03-23,12192939.53087371
MO,2019-03-30,11171420.77924887
MO,2019-04-06,13198520.595511317
MO,2019-04-13,12136938.478358625
MO,2019-04-20,12392667.483783536
MO,2019-04-27,12128861.14226874
MO,2019-05-04,18652582.528000798
MO,2019-05-11,19385099.483617928
MO,2019-05-18,17629339.53767836
MO,2019-05-25,17837443.639425464
MO,2019-06-01,16572730.913046816
MO,2019-06-08,18622675.178069104
MO,2019-06-15,17505470.120303266
MO,2019-06-22,17164940.993947763
MO,2019-06-29,17900899.923394244
MO,2019-07-06,18948381.187827818
MO,2019-07-13,18893018.713969458
MO,2019-07-20,18315501.220810547
MO,2019-07-27,17215427.91878635
MO,2019-08-03,22090021.553202003
MO,2019-08-10,21094914.187274765
MO,2019-08-17,21408773.417434365
MO,2019-08-24,19671806.02284259
MO,2019-08-31,19915069.149906345
MO,2019-09-07,26164954.352079842
MO,2019-09-14,28911794.788097687
MO,2019-09-21,26834862.00238053
MO,2019-09-28,26107900.130288962
MO,2019-10-05,27602441.301451188
MO,2019-10-12,25833747.63469733
MO,2019-10-19,25359875.604571667
MO,2019-10-26,24386993.057661857
MO,2019-11-02,21795218.150823105
MO,2019-11-09,24751713.31181703
MO,2019-11-16,24103391.289545193
MO,2019-11-23,23161860.555243377
MO,2019-11-30,21623208.429964975
MO,2019-12-07,27029701.179540247
MO,2019-12-14,26655412.765707877
MO,2019-12-21,24789350.586154617
MO,2019-12-28,21228203.790424235
MO,2020-01-04,23773279.531551067
MO,2020-01-11,22313230.472143665
MO,2020-01-18,23530308.84350344
MO,2020-01-25,21722455.402989928
MO,2020-02-01,23409132.84675171
MO,2020-02-08,26025770.777324993
MO,2020-02-15,27520988.614313796
MO,2020-02-22,27882516.637930855
MO,2020-02-29,27088535.408234656
MO,2020-03-07,31042697.318698555
MO,2020-03-14,27167791.671442136
MO,2020-03-21,18926142.261399094
MO,2020-03-28,13423354.637251189
MO,2020-04-04,15410037.58536446
MO,2020-04-11,12380420.922868699
MO,2020-04-18,14012919.758576952
MO,2020-04-25,14288599.62563499
MO,2020-05-02,16284692.437862338
MO,2020-05-09,22362779.865877472
MO,2020-05-16,20496578.931760397
MO,2020-05-23,23537824.02457556
MO,2020-05-30,21869484.43438161
MO,2020-06-06,25766360.79989694
MO,2020-06-13,25701117.222195428
MO,2020-06-20,25730983.318382595
MO,2020-06-27,24386126.754934505
MO,2020-07-04,25750302.842692565
MO,2020-07-11,24678743.007298276
MO,2020-07-18,23710881.961150516
MO,2020-07-25,23060837.97667487
MO,2020-08-01,22674382.426783267
MO,2020-08-08,25989260.27292552
MO,2020-08-15,24518934.720059026
MO,2020-08-22,24954876.46527688
MO,2020-08-29,22687924.469581433
MO,2020-09-05,26346547.227113515
MO,2020-09-12,24378562.02742634
MO,2020-09-19,24352702.09785078
MO,2020-09-26,23239140.54544684
MO,2020-10-03,28016966.80863139
MO,2020-10-10,26282343.964868084
MO,2020-10-17,26022973.33869392
MO,2020-10-24,24221340.722065575
MO,2020-10-31,23391929.513860993
MO,2020-11-07,23935241.600966025
MO,2020-11-14,21721810.292515744
MO,2020-11-21,19828259.810138814
MO,2020-11-28,17048901.3087222
MO,2020-12-05,22617339.13487128
MO,2020-12-12,22125164.32627579
MO,2020-12-19,23150361.050945114
MO,2020-12-26,18702838.876242116
MO,2021-01-09,24126551.9589125
MO,2021-01-16,21323796.832274806
MO,2021-01-23,21813095.94008741
MO,2021-01-30,19979293.840951927
MO,2021-02-06,22998741.925167035
MO,2021-02-13,20268762.16198507
MO,2021-02-20,17043462.28282585
MO,2021-02-27,25111075.99526161
MO,2021-03-06,29957435.786777176
MO,2021-03-13,27309664.862675548
MO,2021-03-20,28493066.52331912
MO,2021-03-27,25909522.734939773
MO,2021-04-03,28049045.738167025
MO,2021-04-10,27767312.310990408
MO,2021-04-17,27782891.00195754
MO,2021-04-24,25457544.338355117
MO,2021-05-01,27228594.085443772
MO,2021-05-08,30760500.40559159
MO,2021-05-15,28947015.53765421
MO,2021-05-22,27465768.22281808
MO,2021-05-29,28648185.5231278
MO,2021-06-05,29817354.218372285
MO,2021-06-12,29695290.33446772
MO,2021-06-19,28484894.4885156
MO,2021-06-26,27170188.731869288
MO,2021-07-03,30972292.830998804
MO,2021-07-10,28425076.109446745
MO,2021-07-17,30179760.602290876
MO,2021-07-24,27008539.66873163
MO,2021-07-31,27080775.970751964
MO,2021-08-07,30642839.80804639
MO,2021-08-14,30294954.251196694
MO,2021-08-21,30502524.519198187
MO,2021-08-28,26997416.702019487
MO,2021-09-04,34102144.78550082
MO,2021-09-11,29456223.714738075
MO,2021-09-18,31393848.918736257
MO,2021-09-25,30225414.750573598
MO,2021-10-02,30205404.212273132
MO,2021-10-09,32898837.968454074
MO,2021-10-16,32439641.965836402
MO,2021-10-23,30306412.149442688
MO,2021-10-30,31836620.192690354
MO,2021-11-06,31404147.36656731
MO,2021-11-13,30032233.86139109
MO,2021-11-20,30372536.658358835
MO,2021-11-27,25567915.812737204
MO,2021-12-04,32560327.90006143
MO,2021-12-11,30421547.040489506
MO,2021-12-18,32729786.147794012
MO,2021-12-25,26826897.440254122
MO,2022-01-01,22690583.027308468
MO,2022-01-08,26926453.81670063
MO,2022-01-15,26295695.575812563
MO,2022-01-22,25796590.941800054
MO,2022-01-29,27248535.058869578
MO,2022-02-05,25994954.522121932
MO,2022-02-12,33390943.886159807
MO,2022-02-19,32308504.43662294
MO,2022-02-26,29739162.796108637
MO,2022-03-05,34464823.31514474
MO,2022-03-12,30298386.33365992
MO,2022-03-19,34899723.0007329
MO,2022-03-26,30751916.258876182
MO,2022-04-02,29421853.827058837
MO,2022-04-09,34905533.08557511
MO,2022-04-16,32796327.438055724
MO,2022-04-23,32414382.86214913
MO,2022-04-30,30685193.536818564
MO,2022-05-07,34926543.62319696
MO,2022-05-14,34052286.761960216
MO,2022-05-21,33494353.928135294
MO,2022-05-28,33059065.170083627
MO,2022-06-04,34178576.99263821
MO,2022-06-11,34401819.084632576
MO,2022-06-18,28018978.78583314
MO,2022-06-25,23496586.869683262
MO,2022-07-02,22841235.790618487
MO,2022-07-09,26953140.25967446
MO,2022-07-16,26416984.029449593
MO,2022-07-23,25395168.08123272
MO,2022-07-30,25992291.783196416
MO,2022-08-06,32903323.81643525
MO,2022-08-13,31071084.249199882
MO,2022-08-20,34107241.95327316
MO,2022-08-27,32854955.535780303
MO,2022-09-03,37180708.48891988
MO,2022-09-10,32847897.64348595
MO,2022-09-17,35971249.01331514
MO,2022-09-24,32437339.737538684
MO,2022-10-01,34342810.6401984
MO,2022-10-08,37390233.04747937
MO,2022-10-15,34889930.2021774
MO,2022-10-22,34436319.39042285
MO,2022-10-29,37360501.63164944
MO,2022-11-05,36748109.45588129
MO,2022-11-12,36734585.78644776
MO,2022-11-19,33409054.37183421
MO,2022-11-26,33170026.08173847
MO,2022-12-03,36095592.65881242
MO,2022-12-10,32454456.991592016
MO,2022-12-17,32482021.990518223
MO,2022-12-24,25235584.43774588
MO,2022-12-31,25915030.062479816
MO,2023-01-07,26256239.05706236
MO,2023-01-14,23968958.207393814
MO,2023-01-21,24595361.53206623
MO,2023-01-28,24602882.312568836
MO,2023-02-04,44578615.81930887
MO,2023-02-11,43542478.68704657
MO,2023-02-18,42159101.54417169
MO,2023-02-25,37956480.475899406
MO,2023-03-04,67919595.17182118
MO,2023-03-11,66065285.053905025
MO,2023-03-18,56969062.19456815
MO,2023-03-25,54195439.85964976
MO,2023-04-01,50535043.10202111
MO,2023-04-08,45074738.44031148
MO,2023-04-15,44010374.04298378
MO,2023-04-22,39381112.68576845
MO,2023-04-29,38749551.463619195
MO,2023-05-06,59355738.865187705
MO,2023-05-13,57602490.650176175
MO,2023-05-20,49991628.409973145
MO,2023-05-27,47591652.63870546
MO,2023-06-03,68966762.99562794
MO,2023-06-10,43085790.66521715
MO,2023-06-17,41382912.138409995
MO,2023-06-24,44795571.82690273
MO,2023-07-01,37862718.14683273
MO,2023-07-08,48504143.810365096
MO,2023-07-15,40844920.92244923
MO,2023-07-22,36118239.52333495
MO,2023-07-29,31909252.08893611
MO,2023-08-05,27543189.452233814
MO,2023-08-12,33662253.41440949
MO,2023-08-19,34734082.642559335
MO,2023-08-26,30266972.242667064
MO,2023-09-02,31022709.81996992
MO,2023-09-09,32462516.643721092
MO,2023-09-16,37513323.77039417
MO,2023-09-23,30692240.46312549
MO,2023-09-30,27514083.496457543
MO,2023-10-07,28253804.709040157
MO,2023-10-14,28499459.31256506
MO,2023-10-21,23431451.973391786
MO,2023-10-28,28832832.78323856
MO,2023-11-04,21679731.478486035
MO,2023-11-11,21019669.68713574
MO,2023-11-18,21357044.079794966
MO,2023-11-25,21118152.66113944
MO,2023-12-02,19846144.452892914
MO,2023-12-09,23900091.334113684
MO,2023-12-16,24387296.93105253
MO,2023-12-23,24671515.81721295
MO,2023-12-30,21388590.28374229
MO,2024-01-06,24312813.077177916
MO,2024-01-13,24198741.797980066
MO,2024-01-20,22613659.536773507
MO,2024-01-27,66848019.04135497
MO,2024-02-03,78898254.60938458
MO,2024-02-10,59294335.65916342
MO,2024-02-17,49326499.93613519
MO,2024-02-24,38598267.751735836
MO,2024-03-02,46258056.516893625
MO,2024-03-09,104420895.33601247
MO,2024-03-16,87001254.29862478
MO,2024-03-23,90606831.27059206
MO,2024-03-30,78159704.5145359
MO,2024-04-06,102640810.83483861
MO,2024-04-13,104968337.4974813
MO,2024-04-20,70854477.35889845
MO,2024-04-27,59921800.314931236
MO,2024-05-04,85977811.15395948
MO,2024-05-11,77263193.9872319
MO,2024-05-18,69499885.11495309
MO,2024-05-25,73484394.70032443
MO,2024-06-01,80210859.2852725
MO,2024-06-08,83152932.3948495
MO,2024-06-15,72154410.53866109
MO,2024-07-06,10.400531638829925
MO,2024-07-13,63.77754690579968
MO,2024-07-20,55.20259053431799
MO,2024-07-27,37.2786068715956
MO,2024-08-10,5.860379887296249
MO,2024-09-07,15.287866022925014
MO,2024-10-12,58079741.87828497
MO,2024-10-19,49775029.184355035
MO,2024-10-26,41663331.42374985
MO,2024-11-02,43623501.88715734
MO,2024-11-09,54113537.233927324
MO,2024-11-16,16325990.504598493
MO,2024-11-23,16575240.95530463
MO,2024-11-30,15675932.681474477
MO,2024-12-07,15027901.755768595
MO,2024-12-14,14951500.759286525
MO,2024-12-21,14847883.730884312
MO,2024-12-28,13637158.24742265
MO,2025-01-04,16362296.637650538
MO,2025-01-11,16293173.586936137
MO,2025-01-18,16596406.632053578
MO,2025-01-25,16233731.031700213
MO,2025-02-01,15140325.257392677
MO,2025-02-08,14392825.878110224
MO,2025-02-15,16297015.112130495
MO,2025-02-22,13906010.074545143
MO,2025-03-01,14090858.257989697
MO,2025-03-08,15368538.509916559
MO,2025-03-15,16465702.34077062
MO,2025-03-22,15201858.566755816
MO,2025-03-29,16754431.163664289
MO,2025-04-05,15959941.61565301
MO,2025-04-12,13923217.045722974
MO,2025-04-19,14860102.183342412
MO,2025-04-26,15489419.991673399
MO,2025-05-03,16186508.940823581
MS,2019-01-26,12667891.39324866
MS,2019-02-02,12743443.997494692
MS,2019-02-09,14479358.915974231
MS,2019-02-16,14759135.163910197
MS,2019-02-23,11310794.99321907
MS,2019-03-02,12790052.805195648
MS,2019-03-09,15789963.010193521
MS,2019-03-16,13223589.355366021
MS,2019-03-23,15138066.901299989
MS,2019-03-30,13335928.239981905
MS,2019-04-06,14923994.752937783
MS,2019-04-13,13882627.857311293
MS,2019-04-20,14734620.65732753
MS,2019-04-27,15531584.978105977
MS,2019-05-04,23276509.61184984
MS,2019-05-11,21797374.79656445
MS,2019-05-18,20854300.709287975
MS,2019-05-25,20844892.332623925
MS,2019-06-01,17962693.14302337
MS,2019-06-08,22291921.84058404
MS,2019-06-15,20492386.754216373
MS,2019-06-22,20606989.072970767
MS,2019-06-29,18504840.444960494
MS,2019-07-06,19252524.50525856
MS,2019-07-13,22222305.305662084
MS,2019-07-20,19724275.307644527
MS,2019-07-27,21550273.68295902
MS,2019-08-03,26278598.415899985
MS,2019-08-10,26196439.06189487
MS,2019-08-17,24406979.62373429
MS,2019-08-24,25658314.74239938
MS,2019-08-31,25371504.70212638
MS,2019-09-07,33729749.55106697
MS,2019-09-14,34321708.73921426
MS,2019-09-21,35593770.92107807
MS,2019-09-28,31966597.803967535
MS,2019-10-05,36746458.29677972
MS,2019-10-12,32939853.17455363
MS,2019-10-19,32075799.72195268
MS,2019-10-26,29011989.112855773
MS,2019-11-02,28309602.961348895
MS,2019-11-09,29583160.324666
MS,2019-11-16,31653399.99777094
MS,2019-11-23,26564259.276109077
MS,2019-11-30,27823627.137836467
MS,2019-12-07,34462278.79219026
MS,2019-12-14,33285433.814701203
MS,2019-12-21,32190253.917035628
MS,2019-12-28,23967809.984398726
MS,2020-01-04,27273856.994100302
MS,2020-01-11,28915151.83458362
MS,2020-01-18,27746456.216249935
MS,2020-01-25,27299793.894092653
MS,2020-02-01,28594753.47084006
MS,2020-02-08,34039397.00470178
MS,2020-02-15,32527108.39653477
MS,2020-02-22,32473534.701645054
MS,2020-02-29,29381426.50914004
MS,2020-03-07,33818019.259780034
MS,2020-03-14,29469202.809390277
MS,2020-03-21,18074109.57122108
MS,2020-03-28,14900276.825767618
MS,2020-04-04,15982184.669265443
MS,2020-04-11,12600914.581649696
MS,2020-04-18,15860281.72456652
MS,2020-04-25,18501416.633556645
MS,2020-05-02,17050157.0753237
MS,2020-05-09,23953612.16152095
MS,2020-05-16,22736486.086996984
MS,2020-05-23,25487221.984224856
MS,2020-05-30,23203801.520887617
MS,2020-06-06,28251771.897258375
MS,2020-06-13,28780693.774856552
MS,2020-06-20,25720287.98417739
MS,2020-06-27,26598380.152264252
MS,2020-07-04,28159180.718763806
MS,2020-07-11,25882479.33341442
MS,2020-07-18,25489361.90361393
MS,2020-07-25,25133052.08237559
MS,2020-08-01,25998873.920240898
MS,2020-08-08,31582567.99094281
MS,2020-08-15,27443369.048797414
MS,2020-08-22,27103542.534058355
MS,2020-08-29,26026691.796626482
MS,2020-09-05,28487649.474679373
MS,2020-09-12,27615433.474627916
MS,2020-09-19,28982662.176982563
MS,2020-09-26,27311597.909422647
MS,2020-10-03,29327935.22775295
MS,2020-10-10,28285545.878953967
MS,2020-10-17,27826751.085201655
MS,2020-10-24,25025546.30905993
MS,2020-10-31,25515220.32543473
MS,2020-11-07,28698405.021950334
MS,2020-11-14,25740901.79140755
MS,2020-11-21,25180899.6550665
MS,2020-11-28,19836689.268953256
MS,2020-12-05,26625326.85689503
MS,2020-12-12,24611698.24483929
MS,2020-12-19,27745798.291729648
MS,2020-12-26,22354856.9924415
MS,2021-01-09,26578825.065345965
MS,2021-01-16,25026821.54089682
MS,2021-01-23,24084938.571749967
MS,2021-01-30,21884446.833909266
MS,2021-02-06,29009063.133475497
MS,2021-02-13,25825014.395856302
MS,2021-02-20,13685972.401333982
MS,2021-02-27,27772452.76512309
MS,2021-03-06,32827217.43380017
MS,2021-03-13,30893248.46970441
MS,2021-03-20,30144064.33368957
MS,2021-03-27,28837996.977185432
MS,2021-04-03,36145112.36435429
MS,2021-04-10,34216036.18916568
MS,2021-04-17,30771166.69186452
MS,2021-04-24,30966395.96474748
MS,2021-05-01,28732680.679366056
MS,2021-05-08,35453952.24137649
MS,2021-05-15,29117861.13491011
MS,2021-05-22,29158906.08469312
MS,2021-05-29,32470924.267099153
MS,2021-06-05,33386849.840655673
MS,2021-06-12,30284627.982545298
MS,2021-06-19,29466379.896035694
MS,2021-06-26,30440279.037143428
MS,2021-07-03,32997042.53585686
MS,2021-07-10,31992335.072937954
MS,2021-07-17,34012471.58472798
MS,2021-07-24,30990011.616765197
MS,2021-07-31,32008393.474862263
MS,2021-08-07,38195599.93969077
MS,2021-08-14,36656665.72504404
MS,2021-08-21,31383978.488622315
MS,2021-08-28,30735723.365232337
MS,2021-09-04,34459205.903655834
MS,2021-09-11,33220724.577937007
MS,2021-09-18,31682681.94173396
MS,2021-09-25,30847306.47686313
MS,2021-10-02,33611853.20026243
MS,2021-10-09,35926644.56238222
MS,2021-10-16,40107719.97664581
MS,2021-10-23,36119546.82830035
MS,2021-10-30,36150787.15054905
MS,2021-11-06,39665220.30061758
MS,2021-11-13,36463520.74604154
MS,2021-11-20,34657530.203488074
MS,2021-11-27,32303709.350731637
MS,2021-12-04,37999195.95291509
MS,2021-12-11,38501395.34448406
MS,2021-12-18,36752859.013107315
MS,2021-12-25,32297923.27275541
MS,2022-01-01,24658689.351768356
MS,2022-01-08,28207850.538633056
MS,2022-01-15,30586066.11158698
MS,2022-01-22,29736215.401596118
MS,2022-01-29,31984519.176557567
MS,2022-02-05,32630383.436990034
MS,2022-02-12,36812831.910299785
MS,2022-02-19,32548222.368889008
MS,2022-02-26,36641098.607606515
MS,2022-03-05,39058784.39548357
MS,2022-03-12,34980958.471751906
MS,2022-03-19,33204850.319854636
MS,2022-03-26,35313136.2724587
MS,2022-04-02,36591192.43273679
MS,2022-04-09,37769449.32083153
MS,2022-04-16,34929204.18080168
MS,2022-04-23,33179582.32934122
MS,2022-04-30,37974071.06862581
MS,2022-05-07,41441706.2808285
MS,2022-05-14,40060118.36379877
MS,2022-05-21,35938780.53840225
MS,2022-05-28,30833782.06684763
MS,2022-06-04,39211981.27873466
MS,2022-06-11,36942221.12631029
MS,2022-06-18,25809048.25182676
MS,2022-06-25,23317012.928512927
MS,2022-07-02,21370987.62741178
MS,2022-07-09,25894095.445408113
MS,2022-07-16,27145133.801708475
MS,2022-07-23,28566719.124586504
MS,2022-07-30,27342083.028289396
MS,2022-08-06,39341106.653928444
MS,2022-08-13,38663576.36722452
MS,2022-08-20,36551933.96221443
MS,2022-08-27,35245478.221907854
MS,2022-09-03,36176476.04755378
MS,2022-09-10,38159244.85209564
MS,2022-09-17,38740815.01986087
MS,2022-09-24,37384174.81733719
MS,2022-10-01,37208036.831136234
MS,2022-10-08,40603069.04677118
MS,2022-10-15,39538129.56739777
MS,2022-10-22,40549168.3893398
MS,2022-10-29,38856380.25313219
MS,2022-11-05,41294316.50111883
MS,2022-11-12,42396528.27960068
MS,2022-11-19,41877594.89547448
MS,2022-11-26,33355114.91085708
MS,2022-12-03,36898904.930973485
MS,2022-12-10,31441135.61063527
MS,2022-12-17,29066771.819766544
MS,2022-12-24,25267455.594679885
MS,2022-12-31,22007529.0407735
MS,2023-01-07,21274757.8619464
MS,2023-01-14,19825260.392015
MS,2023-01-21,19930129.058627926
MS,2023-01-28,21006979.28832962
MS,2023-02-04,40300702.637538336
MS,2023-02-11,39119837.11057722
MS,2023-02-18,36560017.43264026
MS,2023-02-25,32525346.0163227
MS,2023-03-04,60211562.62687146
MS,2023-03-11,58455882.260914646
MS,2023-03-18,51516194.494620994
MS,2023-03-25,47947275.68553421
MS,2023-04-01,42940926.85469546
MS,2023-04-08,35008381.660522185
MS,2023-04-15,33870286.866080105
MS,2023-04-22,30830294.61466355
MS,2023-04-29,32421769.538825702
MS,2023-05-06,52299951.30709638
MS,2023-05-13,51855035.109548844
MS,2023-05-20,42161985.16421542
MS,2023-05-27,42049946.55370697
MS,2023-06-03,71012936.23470284
MS,2023-06-10,39794744.23993925
MS,2023-06-17,41011697.22592482
MS,2023-06-24,40412095.025796376
MS,2023-07-01,36451351.391554505
MS,2023-07-08,39325458.59227303
MS,2023-07-15,34188508.89042194
MS,2023-07-22,30196231.632346835
MS,2023-07-29,25658430.865465287
MS,2023-08-05,26220753.728270724
MS,2023-08-12,34686652.61257287
MS,2023-08-19,34382034.10488941
MS,2023-08-26,29451107.299851663
MS,2023-09-02,31737837.988819942
MS,2023-09-09,33468956.967170924
MS,2023-09-16,34515108.007680304
MS,2023-09-23,27199890.07089194
MS,2023-09-30,24342336.481141385
MS,2023-10-07,26913496.504153583
MS,2023-10-14,23443481.3375645
MS,2023-10-21,23668604.248750962
MS,2023-10-28,28335882.89415551
MS,2023-11-04,20096049.97358593
MS,2023-11-11,19088183.23243554
MS,2023-11-18,19872582.000567943
MS,2023-11-25,18844897.93263236
MS,2023-12-02,18585800.259539302
MS,2023-12-09,17968271.77144586
MS,2023-12-16,18805626.69990367
MS,2023-12-23,18109467.574561905
MS,2023-12-30,15459051.382869212
MS,2024-01-06,16785117.06815717
MS,2024-01-13,19318529.046050027
MS,2024-01-20,14097473.860466147
MS,2024-01-27,41184809.834358335
MS,2024-02-03,52287666.756433755
MS,2024-02-10,49271201.73132986
MS,2024-02-17,33536946.45400657
MS,2024-02-24,28260862.743410636
MS,2024-03-02,33799542.88582959
MS,2024-03-09,71828129.8320209
MS,2024-03-16,74218460.674831
MS,2024-03-23,62502727.14650791
MS,2024-03-30,55979097.26302911
MS,2024-04-06,96672270.5305225
MS,2024-04-13,91498190.70676291
MS,2024-04-20,56471430.50536922
MS,2024-04-27,48070462.50616867
MS,2024-05-04,95279158.31881727
MS,2024-05-11,74735045.95955434
MS,2024-05-18,66255292.9967931
MS,2024-05-25,69260535.66905133
MS,2024-06-01,70499631.68720515
MS,2024-06-08,77750867.86706495
MS,2024-06-15,62763477.23156522
MS,2024-06-29,11.973740255172816
MS,2024-07-27,19.224814106649667
MS,2024-08-17,7.49546501027519
MS,2024-09-07,21.161116933801367
MS,2024-09-14,22.33804346568115
MS,2024-10-12,52589167.80138873
MS,2024-10-19,36083585.01640815
MS,2024-10-26,30404453.116072375
MS,2024-11-02,34585384.34330896
MS,2024-11-09,56512768.98014865
MS,2024-11-16,16219121.72343729
MS,2024-11-23,16961650.596485633
MS,2024-11-30,15477596.669039177
MS,2024-12-07,12831842.880580408
MS,2024-12-14,13150753.82349571
MS,2024-12-21,13087094.407560239
MS,2024-12-28,12031256.006357813
MS,2025-01-04,11746198.131140187
MS,2025-01-11,12243129.438165102
MS,2025-01-18,12423544.039488956
MS,2025-01-25,11551728.460435823
MS,2025-02-01,12130616.87237126
MS,2025-02-08,11696607.717368297
MS,2025-02-15,13496565.704074955
MS,2025-02-22,11709095.653543927
MS,2025-03-01,11198132.926134374
MS,2025-03-08,13635023.087421114
MS,2025-03-15,13956090.377115188
MS,2025-03-22,12885048.962816602
MS,2025-03-29,14503169.12578113
MS,2025-04-05,14710887.481658336
MS,2025-04-12,11695352.87914841
MS,2025-04-19,12453090.347787013
MS,2025-04-26,12449075.006295633
MS,2025-05-03,14562796.864298103
MT,2019-01-26,1790152.5990424054
MT,2019-02-02,1611556.0130072136
MT,2019-02-09,1694093.5094565637
MT,2019-02-16,1756513.4559279135
MT,2019-02-23,1516481.005697573
MT,2019-03-02,1624120.5827808934
MT,2019-03-09,1758509.4267159328
MT,2019-03-16,1924669.377374821
MT,2019-03-23,1862004.9851467977
MT,2019-03-30,1764229.308876062
MT,2019-04-06,1846960.3295040254
MT,2019-04-13,1815874.6731652545
MT,2019-04-20,1792678.4035392732
MT,2019-04-27,1783971.6873773332
MT,2019-05-04,3383616.756732113
MT,2019-05-11,3071012.241383464
MT,2019-05-18,3056314.235500176
MT,2019-05-25,2959130.256010706
MT,2019-06-01,3018500.274429451
MT,2019-06-08,3395784.472461254
MT,2019-06-15,3247136.123973153
MT,2019-06-22,3124902.356306777
MT,2019-06-29,2841115.8111459427
MT,2019-07-06,3335665.303959727
MT,2019-07-13,3603090.967009087
MT,2019-07-20,3313334.0163453463
MT,2019-07-27,3075970.182425325
MT,2019-08-03,4214708.774486716
MT,2019-08-10,3261518.08766442
MT,2019-08-17,3384409.985532575
MT,2019-08-24,3602071.2182866433
MT,2019-08-31,3220987.127134956
MT,2019-09-07,4398701.701342873
MT,2019-09-14,4554291.222175861
MT,2019-09-21,4637327.307116358
MT,2019-09-28,4255272.776461573
MT,2019-10-05,4915137.8482568
MT,2019-10-12,4204775.1780278105
MT,2019-10-19,3694521.8307508877
MT,2019-10-26,3653804.1069967
MT,2019-11-02,3692980.9056909187
MT,2019-11-09,4379989.7924185
MT,2019-11-16,4017417.52134162
MT,2019-11-23,4166073.2475262433
MT,2019-11-30,3378971.228160877
MT,2019-12-07,4884169.90742227
MT,2019-12-14,4968615.396717118
MT,2019-12-21,4988303.210586882
MT,2019-12-28,3340982.3548765257
MT,2020-01-04,4452215.156034812
MT,2020-01-11,4595221.516858521
MT,2020-01-18,4165293.3851875127
MT,2020-01-25,4120929.5925129107
MT,2020-02-01,4223607.437637349
MT,2020-02-08,5131186.816631691
MT,2020-02-15,4770004.106853258
MT,2020-02-22,4954614.622502304
MT,2020-02-29,4704806.688436765
MT,2020-03-07,5355085.974895249
MT,2020-03-14,4976415.2494634725
MT,2020-03-21,3068730.1229941263
MT,2020-03-28,2569200.0589237753
MT,2020-04-04,2284141.4652976585
MT,2020-04-11,2208199.25502174
MT,2020-04-18,2253211.5390877775
MT,2020-04-25,2668053.5449145692
MT,2020-05-02,2908023.074096501
MT,2020-05-09,3925446.6555738067
MT,2020-05-16,4055872.9006655654
MT,2020-05-23,4058315.5133298696
MT,2020-05-30,4152234.9368256833
MT,2020-06-06,4887351.024745171
MT,2020-06-13,4829117.45389621
MT,2020-06-20,4586545.423274476
MT,2020-06-27,4919010.504976811
MT,2020-07-04,4773089.791283575
MT,2020-07-11,4833985.823630291
MT,2020-07-18,4448995.337970813
MT,2020-07-25,4216848.680449814
MT,2020-08-01,4071603.8993118955
MT,2020-08-08,4419943.533718593
MT,2020-08-15,4318670.610738646
MT,2020-08-22,4528971.472789677
MT,2020-08-29,4169031.7468293835
MT,2020-09-05,4893414.234194484
MT,2020-09-12,4568045.685814131
MT,2020-09-19,4841414.61560878
MT,2020-09-26,4273823.877458603
MT,2020-10-03,5070298.55224305
MT,2020-10-10,4449174.223160942
MT,2020-10-17,4033989.0227907025
MT,2020-10-24,3642939.606258493
MT,2020-10-31,3910564.2511240044
MT,2020-11-07,3978875.8285428826
MT,2020-11-14,3337432.8662786502
MT,2020-11-21,3104112.392853423
MT,2020-11-28,2620419.250245402
MT,2020-12-05,3784141.410482821
MT,2020-12-12,3560663.6113589415
MT,2020-12-19,3569478.9882269804
MT,2020-12-26,3064924.584543996
MT,2021-01-09,4154910.1332389424
MT,2021-01-16,4042448.1033090563
MT,2021-01-23,3634577.1230205176
MT,2021-01-30,3493191.2935530194
MT,2021-02-06,4187134.58276772
MT,2021-02-13,4222273.493579842
MT,2021-02-20,3920268.601908301
MT,2021-02-27,4210629.823997913
MT,2021-03-06,5161580.0636471175
MT,2021-03-13,5235709.618037441
MT,2021-03-20,4630775.1352547305
MT,2021-03-27,4207793.023522273
MT,2021-04-03,4751367.7792104315
MT,2021-04-10,4522780.360760739
MT,2021-04-17,4179816.416033621
MT,2021-04-24,4277401.294634631
MT,2021-05-01,4500445.342759369
MT,2021-05-08,5151745.617798378
MT,2021-05-15,4935981.768445265
MT,2021-05-22,4601901.063630621
MT,2021-05-29,5247403.99492381
MT,2021-06-05,5485608.502480269
MT,2021-06-12,5411286.3031467255
MT,2021-06-19,4943180.279436509
MT,2021-06-26,5401131.757739809
MT,2021-07-03,5878458.8329796605
MT,2021-07-10,5286702.847644019
MT,2021-07-17,5738044.616901787
MT,2021-07-24,5174049.297404964
MT,2021-07-31,4718468.151009226
MT,2021-08-07,5886605.555493873
MT,2021-08-14,5199424.179839754
MT,2021-08-21,4747243.337422992
MT,2021-08-28,4662827.017378291
MT,2021-09-04,5269106.893629641
MT,2021-09-11,4673455.262079986
MT,2021-09-18,5206146.830951974
MT,2021-09-25,4638397.215618266
MT,2021-10-02,4606881.560006195
MT,2021-10-09,5267288.6608424615
MT,2021-10-16,5268994.474419756
MT,2021-10-23,4868939.043702317
MT,2021-10-30,5140427.184114856
MT,2021-11-06,5623623.686188731
MT,2021-11-13,5070867.544936843
MT,2021-11-20,5154537.047510683
MT,2021-11-27,4193370.7842540285
MT,2021-12-04,6050025.730538752
MT,2021-12-11,4982631.430549217
MT,2021-12-18,5527497.528029424
MT,2021-12-25,4782259.618506595
MT,2022-01-01,3702987.036152379
MT,2022-01-08,5080299.819011861
MT,2022-01-15,4920936.296689641
MT,2022-01-22,4845125.893099607
MT,2022-01-29,4686317.9528759215
MT,2022-02-05,5890847.527689675
MT,2022-02-12,6062668.04078909
MT,2022-02-19,5777464.061348028
MT,2022-02-26,5314384.904377222
MT,2022-03-05,6414676.877583085
MT,2022-03-12,5874692.630291897
MT,2022-03-19,6339810.712205016
MT,2022-03-26,6092613.962705125
MT,2022-04-02,5594636.969062867
MT,2022-04-09,6535384.537277022
MT,2022-04-16,5489836.780224061
MT,2022-04-23,5552981.496147731
MT,2022-04-30,5968332.55653757
MT,2022-05-07,6961236.033106305
MT,2022-05-14,6588655.375822291
MT,2022-05-21,6419751.5187138235
MT,2022-05-28,6531484.057273389
MT,2022-06-04,6455410.700045127
MT,2022-06-11,6729213.2490883805
MT,2022-06-18,5283705.499715308
MT,2022-06-25,4516627.0020693
MT,2022-07-02,4605875.369967967
MT,2022-07-09,4772215.016579981
MT,2022-07-16,5045496.526362119
MT,2022-07-23,4441468.074160568
MT,2022-07-30,4629190.232402697
MT,2022-08-06,6223236.060831925
MT,2022-08-13,5406652.129120353
MT,2022-08-20,5722332.142921152
MT,2022-08-27,5407452.1938360445
MT,2022-09-03,6441860.029147697
MT,2022-09-10,5489540.000722053
MT,2022-09-17,5792185.861167003
MT,2022-09-24,5429588.478018202
MT,2022-10-01,5658501.519500444
MT,2022-10-08,6147989.888722873
MT,2022-10-15,6036634.540513504
MT,2022-10-22,6117266.026935902
MT,2022-10-29,5858898.732321861
MT,2022-11-05,6021599.473864165
MT,2022-11-12,5940461.416319134
MT,2022-11-19,5824366.191125205
MT,2022-11-26,5229079.101863989
MT,2022-12-03,6380717.50318034
MT,2022-12-10,6211216.01565917
MT,2022-12-17,6304265.502694812
MT,2022-12-24,5169243.904778737
MT,2022-12-31,4679281.026780277
MT,2023-01-07,10100065.249085827
MT,2023-01-14,8166423.5370001765
MT,2023-01-21,8365038.969464419
MT,2023-01-28,9291877.835832054
MT,2023-02-04,13493118.681358917
MT,2023-02-11,11674578.248429274
MT,2023-02-18,10786222.154779015
MT,2023-02-25,10107405.455914032
MT,2023-03-04,16829286.226377405
MT,2023-03-11,13379401.38212576
MT,2023-03-18,12642770.22457794
MT,2023-03-25,11838479.241073426
MT,2023-04-01,11503203.317044577
MT,2023-04-08,10814782.364103448
MT,2023-04-15,11544059.78970399
MT,2023-04-22,10188114.540694602
MT,2023-04-29,9381013.064189391
MT,2023-05-06,13927138.721022567
MT,2023-05-13,15077731.531011565
MT,2023-05-20,12684551.110139674
MT,2023-05-27,12258259.936549975
MT,2023-06-03,15102551.642523529
MT,2023-06-10,9473227.538879402
MT,2023-06-17,9817645.127010036
MT,2023-06-24,10230422.942628745
MT,2023-07-01,8585334.042577391
MT,2023-07-08,9097476.442519965
MT,2023-07-15,8698547.224737577
MT,2023-07-22,7435317.492905044
MT,2023-07-29,6825600.858262725
MT,2023-08-05,6516216.242959648
MT,2023-08-12,7273327.634484369
MT,2023-08-19,8314718.326783623
MT,2023-08-26,6557757.327501492
MT,2023-09-02,6383731.671128644
MT,2023-09-09,6585755.503904035
MT,2023-09-16,6531762.821351755
MT,2023-09-23,5171701.798413616
MT,2023-09-30,4509622.994567368
MT,2023-10-07,5678918.607570756
MT,2023-10-14,5312547.6844419725
MT,2023-10-21,5265727.74356142
MT,2023-10-28,5586476.29782337
MT,2023-11-04,4699195.451345847
MT,2023-11-11,4718924.970566634
MT,2023-11-18,4713351.668761099
MT,2023-11-25,4676550.821420107
MT,2023-12-02,4267556.880584978
MT,2023-12-09,5329655.781142693
MT,2023-12-16,5327358.464163466
MT,2023-12-23,5308093.073584071
MT,2023-12-30,4552925.1613483
MT,2024-01-06,5868088.2716842275
MT,2024-01-13,5834657.848115899
MT,2024-01-20,5485004.257901777
MT,2024-01-27,11978221.603177536
MT,2024-02-03,13743481.714006932
MT,2024-02-10,10809391.285619982
MT,2024-02-17,8873091.146040179
MT,2024-02-24,6968894.2772062
MT,2024-03-02,8230375.733630795
MT,2024-03-09,17608535.1658692
MT,2024-03-16,16796787.31554159
MT,2024-03-23,15632977.269351967
MT,2024-03-30,14927153.956939267
MT,2024-04-06,21806068.405603535
MT,2024-04-13,19559661.245034747
MT,2024-04-20,16874969.778082117
MT,2024-04-27,13511019.45653711
MT,2024-05-04,22933490.02865019
MT,2024-05-11,20958883.785493586
MT,2024-05-18,16455339.397244774
MT,2024-05-25,17107506.248803
MT,2024-06-01,15763769.568687541
MT,2024-06-08,18322679.178495288
MT,2024-06-15,16378983.476353804
MT,2024-07-13,106.64897104885688
MT,2024-07-20,145.28712935768036
MT,2024-08-03,1048.5802412144722
MT,2024-08-10,865.6818258928828
MT,2024-08-17,4189.007199155691
MT,2024-08-24,5443.326851055324
MT,2024-08-31,3036.353778521449
MT,2024-09-14,96.80556306920532
MT,2024-09-21,52.17034016432557
MT,2024-09-28,13.284611448375315
MT,2024-10-05,1195.8726976584842
MT,2024-10-12,11189374.795022652
MT,2024-10-19,8737618.626417894
MT,2024-10-26,6143972.22186476
MT,2024-11-02,8461695.11377114
MT,2024-11-09,15700774.149749514
MT,2024-11-16,4360417.128639054
MT,2024-11-23,4751795.171691303
MT,2024-11-30,4155106.9188608318
MT,2024-12-07,4521215.412087675
MT,2024-12-14,4284315.882940644
MT,2024-12-21,4617124.8902788535
MT,2024-12-28,4148949.3951705326
MT,2025-01-04,4890219.798438509
MT,2025-01-11,5346036.793930252
MT,2025-01-18,4926017.818696351
MT,2025-01-25,4666807.517941741
MT,2025-02-01,4432931.463316523
MT,2025-02-08,4259161.497598794
MT,2025-02-15,4404180.5924407095
MT,2025-02-22,4160280.501511095
MT,2025-03-01,4063088.9701934713
MT,2025-03-08,3938615.905099542
MT,2025-03-15,3970902.179410718
MT,2025-03-22,3621147.6907151067
MT,2025-03-29,4000522.278112406
MT,2025-04-05,5357106.825919366
MT,2025-04-12,4739941.347081637
MT,2025-04-19,5010426.769934733
MT,2025-04-26,5115957.244733256
MT,2025-05-03,5343594.445623173
NC,2019-01-26,12683977.005990084
NC,2019-02-02,12744401.29608894
NC,2019-02-09,14752739.238100665
NC,2019-02-16,14442575.131239768
NC,2019-02-23,12580977.989761224
NC,2019-03-02,13641617.320610818
NC,2019-03-09,14322930.002984239
NC,2019-03-16,15836228.273341462
NC,2019-03-23,14433250.25786024
NC,2019-03-30,14350880.415260414
NC,2019-04-06,15385116.255365191
NC,2019-04-13,14740929.31126614
NC,2019-04-20,14771452.238125576
NC,2019-04-27,14343134.071566291
NC,2019-05-04,25067155.204915658
NC,2019-05-11,23160110.562128875
NC,2019-05-18,22297067.774507344
NC,2019-05-25,23379779.879070505
NC,2019-06-01,22401458.10549204
NC,2019-06-08,22871194.960189387
NC,2019-06-15,22835573.024965726
NC,2019-06-22,22460658.845840417
NC,2019-06-29,21910297.98941477
NC,2019-07-06,25825180.399038658
NC,2019-07-13,23208481.21422691
NC,2019-07-20,23610142.32952527
NC,2019-07-27,23122131.27248967
NC,2019-08-03,28226327.289342567
NC,2019-08-10,28350947.735955708
NC,2019-08-17,26407861.250174057
NC,2019-08-24,27163234.928333525
NC,2019-08-31,25813398.26557676
NC,2019-09-07,34850794.48285644
NC,2019-09-14,33746735.40527749
NC,2019-09-21,33037906.166320015
NC,2019-09-28,35742560.53729219
NC,2019-10-05,37817787.54559491
NC,2019-10-12,34298046.84457388
NC,2019-10-19,28159597.539239828
NC,2019-10-26,29301086.37394821
NC,2019-11-02,28497962.762881584
NC,2019-11-09,30589675.720599342
NC,2019-11-16,28942938.145931672
NC,2019-11-23,28314467.783085722
NC,2019-11-30,29622335.723328765
NC,2019-12-07,33780106.53627558
NC,2019-12-14,31682744.36227731
NC,2019-12-21,32023880.313760772
NC,2019-12-28,25734119.648709286
NC,2020-01-04,30011268.024725378
NC,2020-01-11,29533591.52530151
NC,2020-01-18,29100134.62748221
NC,2020-01-25,26279969.12840992
NC,2020-02-01,25683902.005241014
NC,2020-02-08,32073594.017922275
NC,2020-02-15,32277201.613118578
NC,2020-02-22,33100582.23448021
NC,2020-02-29,33015242.11634315
NC,2020-03-07,33509086.358374253
NC,2020-03-14,32343502.132713035
NC,2020-03-21,23319145.527056783
NC,2020-03-28,19260444.81256355
NC,2020-04-04,16938142.565008674
NC,2020-04-11,15671763.37097677
NC,2020-04-18,17620858.78787991
NC,2020-04-25,16823043.65439666
NC,2020-05-02,19095296.922750633
NC,2020-05-09,26438910.700476382
NC,2020-05-16,25629010.581763387
NC,2020-05-23,28057365.496674165
NC,2020-05-30,27897617.894561946
NC,2020-06-06,32604664.221112024
NC,2020-06-13,31968542.728359025
NC,2020-06-20,31176543.234976765
NC,2020-06-27,29439287.595602218
NC,2020-07-04,34053683.55678031
NC,2020-07-11,29323505.22429632
NC,2020-07-18,30878502.111060113
NC,2020-07-25,30132910.421006214
NC,2020-08-01,30236114.058053073
NC,2020-08-08,30730303.50501238
NC,2020-08-15,28624773.500237912
NC,2020-08-22,28762642.2953346
NC,2020-08-29,25938460.70700111
NC,2020-09-05,31368938.61006215
NC,2020-09-12,30917405.165852312
NC,2020-09-19,27360195.824919857
NC,2020-09-26,29367139.49418497
NC,2020-10-03,33933831.74688694
NC,2020-10-10,29777670.183977194
NC,2020-10-17,31373264.69418792
NC,2020-10-24,28945349.51029484
NC,2020-10-31,30430740.372931257
NC,2020-11-07,26005251.924016543
NC,2020-11-14,26540278.574561786
NC,2020-11-21,25125096.353856258
NC,2020-11-28,23637244.186722487
NC,2020-12-05,29536583.394205276
NC,2020-12-12,27444064.826574467
NC,2020-12-19,24380208.936521318
NC,2020-12-26,20980020.32208925
NC,2021-01-09,23857001.192847405
NC,2021-01-16,23925323.955458507
NC,2021-01-23,22726806.946749322
NC,2021-01-30,20606662.9403652
NC,2021-02-06,27295424.68804489
NC,2021-02-13,25278125.922347695
NC,2021-02-20,23632364.729486387
NC,2021-02-27,27458921.732335832
NC,2021-03-06,32144459.59454048
NC,2021-03-13,31659615.439610757
NC,2021-03-20,30494057.679806057
NC,2021-03-27,29288240.045000628
NC,2021-04-03,34479857.959440775
NC,2021-04-10,32114817.699809473
NC,2021-04-17,29305112.877186004
NC,2021-04-24,30593391.824934117
NC,2021-05-01,27700975.422378235
NC,2021-05-08,37116102.09846029
NC,2021-05-15,33814357.26033934
NC,2021-05-22,32998750.76918841
NC,2021-05-29,33405060.89112504
NC,2021-06-05,34616464.725473076
NC,2021-06-12,30738478.002340183
NC,2021-06-19,34535894.48308651
NC,2021-06-26,33218610.683568556
NC,2021-07-03,38898015.92380023
NC,2021-07-10,33118333.108522136
NC,2021-07-17,31669614.071190387
NC,2021-07-24,39658056.83745561
NC,2021-07-31,32350316.904649597
NC,2021-08-07,36417639.593015276
NC,2021-08-14,35933873.27611702
NC,2021-08-21,37166599.571678266
NC,2021-08-28,32320128.296471696
NC,2021-09-04,36399496.74933313
NC,2021-09-11,38465664.13164041
NC,2021-09-18,38727562.566359915
NC,2021-09-25,31861056.344914533
NC,2021-10-02,34579840.2371526
NC,2021-10-09,38190315.84729499
NC,2021-10-16,38177241.655810684
NC,2021-10-23,38318225.353580385
NC,2021-10-30,36483731.2393553
NC,2021-11-06,38344207.98592833
NC,2021-11-13,40404176.103794925
NC,2021-11-20,36248933.5414685
NC,2021-11-27,31466349.687157862
NC,2021-12-04,39136830.35172602
NC,2021-12-11,36198377.13501598
NC,2021-12-18,39735307.05573703
NC,2021-12-25,31729374.018488433
NC,2022-01-01,32080268.214293327
NC,2022-01-08,30259129.98817654
NC,2022-01-15,30237396.450203344
NC,2022-01-22,24739953.98837771
NC,2022-01-29,28464095.86331419
NC,2022-02-05,38841691.10385194
NC,2022-02-12,37872341.42518994
NC,2022-02-19,35238881.293709874
NC,2022-02-26,32913072.53893921
NC,2022-03-05,41638275.03144712
NC,2022-03-12,36890179.13532391
NC,2022-03-19,41527774.07764179
NC,2022-03-26,37225969.80323901
NC,2022-04-02,38768252.54425838
NC,2022-04-09,40759791.21598427
NC,2022-04-16,38265037.783849664
NC,2022-04-23,35372394.02788219
NC,2022-04-30,37374929.94188198
NC,2022-05-07,44773180.0533586
NC,2022-05-14,41823098.113042146
NC,2022-05-21,42380305.7383224
NC,2022-05-28,41447172.65330406
NC,2022-06-04,46436784.627244376
NC,2022-06-11,40908099.227672294
NC,2022-06-18,32490497.511840876
NC,2022-06-25,27953163.70350372
NC,2022-07-02,28700026.401468497
NC,2022-07-09,34988427.5552664
NC,2022-07-16,31184048.127449818
NC,2022-07-23,31745926.611987643
NC,2022-07-30,30379143.577357575
NC,2022-08-06,39090175.142726116
NC,2022-08-13,40140984.034108244
NC,2022-08-20,37625202.668818854
NC,2022-08-27,35911217.71061134
NC,2022-09-03,43911469.04442708
NC,2022-09-10,37781782.731431924
NC,2022-09-17,37573783.568135954
NC,2022-09-24,37269230.92531304
NC,2022-10-01,35229379.63308349
NC,2022-10-08,47605240.14936741
NC,2022-10-15,44131657.26006629
NC,2022-10-22,40682466.06930519
NC,2022-10-29,41284370.76057461
NC,2022-11-05,46927179.40786234
NC,2022-11-12,39226353.63990633
NC,2022-11-19,40350089.346801735
NC,2022-11-26,36927686.14217756
NC,2022-12-03,36122164.7553126
NC,2022-12-10,29433998.72699995
NC,2022-12-17,30833316.537370265
NC,2022-12-24,26721816.882502493
NC,2022-12-31,22903425.56062316
NC,2023-01-07,30343952.13363672
NC,2023-01-14,26554152.802011505
NC,2023-01-21,26777072.919669203
NC,2023-01-28,28341155.64262625
NC,2023-02-04,42426223.33826083
NC,2023-02-11,42381068.29314963
NC,2023-02-18,41545043.810609944
NC,2023-02-25,38520976.0061816
NC,2023-03-04,57618972.41179425
NC,2023-03-11,55420453.633762516
NC,2023-03-18,49853178.89975572
NC,2023-03-25,47933830.36545823
NC,2023-04-01,44613139.319863774
NC,2023-04-08,41047539.52709982
NC,2023-04-15,40286559.15479172
NC,2023-04-22,36847900.05945692
NC,2023-04-29,38444378.27071928
NC,2023-05-06,51401755.167593986
NC,2023-05-13,50421926.955959566
NC,2023-05-20,42397445.33088226
NC,2023-05-27,41718864.15201323
NC,2023-06-03,62134420.54299792
NC,2023-06-10,35384315.17097142
NC,2023-06-17,36472766.70397372
NC,2023-06-24,38192063.66533323
NC,2023-07-01,33884170.97724872
NC,2023-07-08,37535116.0766726
NC,2023-07-15,32280127.65048871
NC,2023-07-22,28984324.082411263
NC,2023-07-29,27179968.576474875
NC,2023-08-05,22486773.136229355
NC,2023-08-12,26313035.50473135
NC,2023-08-19,27614855.450785503
NC,2023-08-26,24780786.359533958
NC,2023-09-02,24352954.4958771
NC,2023-09-09,25035628.88596151
NC,2023-09-16,21906075.679383066
NC,2023-09-23,19273228.95620327
NC,2023-09-30,15899760.254867615
NC,2023-10-07,21735085.67817342
NC,2023-10-14,21692041.29081324
NC,2023-10-21,19591653.354812298
NC,2023-10-28,25640410.577101562
NC,2023-11-04,19182518.92646179
NC,2023-11-11,18710801.997426525
NC,2023-11-18,18180531.22614821
NC,2023-11-25,19110249.755120505
NC,2023-12-02,16428574.447259458
NC,2023-12-09,19351700.1748918
NC,2023-12-16,19663898.412470035
NC,2023-12-23,19615361.030165926
NC,2023-12-30,17770489.478708588
NC,2024-01-06,17744153.48599301
NC,2024-01-13,18901385.610598356
NC,2024-01-20,16092652.80458605
NC,2024-01-27,30845924.822273854
NC,2024-02-03,39429439.925045714
NC,2024-02-10,31449963.517104317
NC,2024-02-17,25958231.967881955
NC,2024-02-24,21200001.752802253
NC,2024-03-02,24444857.142967325
NC,2024-03-09,54244816.44733682
NC,2024-03-16,46560649.52388258
NC,2024-03-23,41270251.80941164
NC,2024-03-30,43907489.49809375
NC,2024-04-06,59969770.73551229
NC,2024-04-13,51095333.76441268
NC,2024-04-20,43146055.65645651
NC,2024-04-27,35512307.86398458
NC,2024-05-04,59516552.11421084
NC,2024-05-11,56564957.43217725
NC,2024-05-18,48912518.48081312
NC,2024-05-25,46295830.00852636
NC,2024-06-01,45019386.20519867
NC,2024-06-08,45063222.0517889
NC,2024-06-15,40110746.697977774
NC,2024-08-10,11.088924566909194
NC,2024-08-24,47.808397256633896
NC,2024-08-31,216.6846533607678
NC,2024-09-14,10.955578520347988
NC,2024-09-28,27.27006575452431
NC,2024-10-12,26213927.84224834
NC,2024-10-19,22244681.975214146
NC,2024-10-26,18587927.64660162
NC,2024-11-02,20120470.84292832
NC,2024-11-09,30138330.146585513
NC,2024-11-16,13796958.024515657
NC,2024-11-23,13404027.67540297
NC,2024-11-30,12453995.937621688
NC,2024-12-07,12781735.799937857
NC,2024-12-14,13947513.480017422
NC,2024-12-21,13267942.390585987
NC,2024-12-28,12650636.196223842
NC,2025-01-04,12718957.210841283
NC,2025-01-11,11364769.606179142
NC,2025-01-18,11772139.066762099
NC,2025-01-25,11395793.966025261
NC,2025-02-01,12049748.910293179
NC,2025-02-08,11619581.04100152
NC,2025-02-15,11815095.612315295
NC,2025-02-22,10685229.324919332
NC,2025-03-01,10823212.75475659
NC,2025-03-08,11377427.735783508
NC,2025-03-15,11621435.792743606
NC,2025-03-22,10516498.849580599
NC,2025-03-29,12456354.69204352
NC,2025-04-05,12126484.245577378
NC,2025-04-12,11459317.197560668
NC,2025-04-19,11807025.606245114
NC,2025-04-26,11539826.412003066
NC,2025-05-03,13127959.387296366
ND,2019-01-26,2175389.4934527813
ND,2019-02-02,2241279.7965226904
ND,2019-02-09,2500596.218663033
ND,2019-02-16,2530993.093981154
ND,2019-02-23,2134266.9913729583
ND,2019-03-02,2284414.0730012213
ND,2019-03-09,2431758.2483391096
ND,2019-03-16,2337191.793115309
ND,2019-03-23,2580786.2998824157
ND,2019-03-30,2622380.9473491446
ND,2019-04-06,2664928.4165209145
ND,2019-04-13,2668552.021655912
ND,2019-04-20,2621813.487893779
ND,2019-04-27,2574430.70206357
ND,2019-05-04,4088771.167415707
ND,2019-05-11,4046301.319887548
ND,2019-05-18,4149178.966716032
ND,2019-05-25,4102820.246208467
ND,2019-06-01,3681235.118557683
ND,2019-06-08,4384596.914147642
ND,2019-06-15,4183662.038707501
ND,2019-06-22,3750232.425912471
ND,2019-06-29,4008737.479596037
ND,2019-07-06,3878651.2811071235
ND,2019-07-13,4062955.917931922
ND,2019-07-20,4221520.156452098
ND,2019-07-27,3923065.9646575022
ND,2019-08-03,4882899.747387255
ND,2019-08-10,4793342.237668038
ND,2019-08-17,4787869.880763859
ND,2019-08-24,4352520.023114194
ND,2019-08-31,4093573.555869234
ND,2019-09-07,5825637.549549744
ND,2019-09-14,6174621.0058378
ND,2019-09-21,6231106.739436946
ND,2019-09-28,6440688.876819309
ND,2019-10-05,6478020.317184106
ND,2019-10-12,5280518.673508834
ND,2019-10-19,5623479.786010674
ND,2019-10-26,5123640.7677040445
ND,2019-11-02,5163006.524306119
ND,2019-11-09,5635857.448752585
ND,2019-11-16,5501155.354163722
ND,2019-11-23,5341613.788759815
ND,2019-11-30,4995245.325043931
ND,2019-12-07,6745529.016397737
ND,2019-12-14,6666858.036911587
ND,2019-12-21,7100757.595027599
ND,2019-12-28,4339374.028052301
ND,2020-01-04,5692794.3794174325
ND,2020-01-11,5661302.642862628
ND,2020-01-18,5839133.247363544
ND,2020-01-25,5564570.973865596
ND,2020-02-01,5601899.487037067
ND,2020-02-08,6878852.611317825
ND,2020-02-15,6907953.185125747
ND,2020-02-22,6175453.695122033
ND,2020-02-29,6593007.6540467385
ND,2020-03-07,7011102.391166386
ND,2020-03-14,6463193.201265199
ND,2020-03-21,4000238.353953041
ND,2020-03-28,2870969.672804103
ND,2020-04-04,3136312.3669898394
ND,2020-04-11,3086555.223794245
ND,2020-04-18,2966230.1108951005
ND,2020-04-25,3351594.238460797
ND,2020-05-02,3956362.6495902394
ND,2020-05-09,5095795.817014523
ND,2020-05-16,4926053.24623054
ND,2020-05-23,5645801.47820745
ND,2020-05-30,5383265.985910485
ND,2020-06-06,6362507.843837936
ND,2020-06-13,6040166.168794163
ND,2020-06-20,5961759.110558776
ND,2020-06-27,5587257.85115896
ND,2020-07-04,5544366.761383315
ND,2020-07-11,5971867.747050602
ND,2020-07-18,5861212.343759864
ND,2020-07-25,5800741.198202351
ND,2020-08-01,5414605.0014887815
ND,2020-08-08,5860234.421554994
ND,2020-08-15,5604856.66353809
ND,2020-08-22,5600448.491999908
ND,2020-08-29,5473061.234591273
ND,2020-09-05,6231654.8257753225
ND,2020-09-12,6005868.52211385
ND,2020-09-19,5664478.316550257
ND,2020-09-26,5294338.3124856455
ND,2020-10-03,6186188.383406288
ND,2020-10-10,5875264.8232609555
ND,2020-10-17,5690164.453175607
ND,2020-10-24,5372912.66632251
ND,2020-10-31,5762623.699982727
ND,2020-11-07,4821221.253986069
ND,2020-11-14,4134885.756661201
ND,2020-11-21,4282779.22246267
ND,2020-11-28,4156292.7817002675
ND,2020-12-05,5374218.945445304
ND,2020-12-12,5289478.808925583
ND,2020-12-19,5526301.241703926
ND,2020-12-26,4369791.573789261
ND,2021-01-09,5530113.308041249
ND,2021-01-16,5355210.605201034
ND,2021-01-23,5282554.521052795
ND,2021-01-30,5075125.552693638
ND,2021-02-06,5680518.3464403795
ND,2021-02-13,5585701.254144385
ND,2021-02-20,5402098.4295848645
ND,2021-02-27,5349711.154385456
ND,2021-03-06,7243537.49066177
ND,2021-03-13,6914594.651019404
ND,2021-03-20,6137655.246883489
ND,2021-03-27,6125438.264595745
ND,2021-04-03,6309027.364028379
ND,2021-04-10,6665077.672150599
ND,2021-04-17,6206303.212771269
ND,2021-04-24,5823114.014034931
ND,2021-05-01,5855567.872667117
ND,2021-05-08,7082152.978873896
ND,2021-05-15,6730772.600986607
ND,2021-05-22,5775108.175496589
ND,2021-05-29,6366031.283959512
ND,2021-06-05,6484278.804363329
ND,2021-06-12,6280910.337722488
ND,2021-06-19,5825239.378838286
ND,2021-06-26,6318809.245557286
ND,2021-07-03,6414243.698175206
ND,2021-07-10,6614384.576183793
ND,2021-07-17,5899808.973286478
ND,2021-07-24,6025078.8851279775
ND,2021-07-31,6008106.011097634
ND,2021-08-07,6760561.266758018
ND,2021-08-14,6621288.846653155
ND,2021-08-21,6879139.830739531
ND,2021-08-28,6674312.769754145
ND,2021-09-04,6956310.156815181
ND,2021-09-11,6549960.468810914
ND,2021-09-18,6515638.9076241
ND,2021-09-25,6936609.720597034
ND,2021-10-02,6753972.848927056
ND,2021-10-09,7081162.315588479
ND,2021-10-16,7035265.369013146
ND,2021-10-23,7263956.952232151
ND,2021-10-30,6755928.860595583
ND,2021-11-06,7099380.907683139
ND,2021-11-13,6905738.047523892
ND,2021-11-20,7472545.595041392
ND,2021-11-27,6059909.7580026565
ND,2021-12-04,7811625.910471022
ND,2021-12-11,6974357.960766782
ND,2021-12-18,8163710.455549027
ND,2021-12-25,5548016.13494242
ND,2022-01-01,5643523.276358239
ND,2022-01-08,6813658.096017586
ND,2022-01-15,6878510.354815592
ND,2022-01-22,5537360.414354823
ND,2022-01-29,6951592.766676032
ND,2022-02-05,7506394.084640304
ND,2022-02-12,7532352.525668905
ND,2022-02-19,6930476.051665989
ND,2022-02-26,7310381.852078257
ND,2022-03-05,9129939.59412185
ND,2022-03-12,7717334.741706504
ND,2022-03-19,7739913.293899872
ND,2022-03-26,8100405.844953643
ND,2022-04-02,7143051.578909221
ND,2022-04-09,8113193.813787194
ND,2022-04-16,4856861.173086293
ND,2022-04-23,7244839.254394666
ND,2022-04-30,7435587.9416260095
ND,2022-05-07,8539647.320530325
ND,2022-05-14,8598634.214081725
ND,2022-05-21,7603532.501194321
ND,2022-05-28,8372284.435431454
ND,2022-06-04,7504861.362583357
ND,2022-06-11,7602560.952256749
ND,2022-06-18,6157728.024688756
ND,2022-06-25,5276022.552704179
ND,2022-07-02,5121502.534108117
ND,2022-07-09,5124195.131371594
ND,2022-07-16,5155624.783132952
ND,2022-07-23,5271983.429744719
ND,2022-07-30,5018969.232433758
ND,2022-08-06,7259939.711258763
ND,2022-08-13,7187844.6186598865
ND,2022-08-20,7491262.386021579
ND,2022-08-27,6636152.3188700685
ND,2022-09-03,7829499.87180858
ND,2022-09-10,7213367.728342191
ND,2022-09-17,7458265.357928381
ND,2022-09-24,7331798.691042359
ND,2022-10-01,7026148.83062682
ND,2022-10-08,7855958.78699868
ND,2022-10-15,7108421.14020906
ND,2022-10-22,8058067.887378169
ND,2022-10-29,7353538.862055274
ND,2022-11-05,8213099.150789755
ND,2022-11-12,7163144.440117333
ND,2022-11-19,8002633.249252024
ND,2022-11-26,6787663.166871565
ND,2022-12-03,8078415.733242038
ND,2022-12-10,6682613.924654815
ND,2022-12-17,4948679.408600367
ND,2022-12-24,5538471.542278577
ND,2022-12-31,5304419.571472329
ND,2023-01-07,7373021.677106743
ND,2023-01-14,6874229.868031833
ND,2023-01-21,6542262.482571599
ND,2023-01-28,7773632.838535514
ND,2023-02-04,11293840.735641781
ND,2023-02-11,10585676.046003904
ND,2023-02-18,10073472.047305517
ND,2023-02-25,9841280.30660735
ND,2023-03-04,15302142.419426668
ND,2023-03-11,13879110.652097164
ND,2023-03-18,12556366.823900402
ND,2023-03-25,10973915.252684783
ND,2023-04-01,10871580.603028787
ND,2023-04-08,10392597.996508114
ND,2023-04-15,8910438.977197887
ND,2023-04-22,8171117.129339389
ND,2023-04-29,8123059.034232376
ND,2023-05-06,13605961.89999777
ND,2023-05-13,13119522.1690674
ND,2023-05-20,10977611.9196055
ND,2023-05-27,11424004.813229421
ND,2023-06-03,11444162.7205107
ND,2023-06-10,8497483.922831545
ND,2023-06-17,8610831.782954954
ND,2023-06-24,8230504.890724755
ND,2023-07-01,7617558.619509499
ND,2023-07-08,8733480.82867578
ND,2023-07-15,7559472.236573464
ND,2023-07-22,7128258.170803705
ND,2023-07-29,5891869.787733929
ND,2023-08-05,5362024.960572839
ND,2023-08-12,6812893.181930478
ND,2023-08-19,6672388.480653609
ND,2023-08-26,5603459.705901206
ND,2023-09-02,5990021.209109937
ND,2023-09-09,5537638.418271361
ND,2023-09-16,5577696.866220286
ND,2023-09-23,5003857.747878572
ND,2023-09-30,4162394.8685428365
ND,2023-10-07,5187695.714479509
ND,2023-10-14,4777342.359002173
ND,2023-10-21,4531486.679922231
ND,2023-10-28,5271685.218705788
ND,2023-11-04,4189038.1715075485
ND,2023-11-11,4220177.73524074
ND,2023-11-18,4143568.671908987
ND,2023-11-25,3903863.619682252
ND,2023-12-02,3495378.1120811924
ND,2023-12-09,5316560.114008234
ND,2023-12-16,5655454.325813205
ND,2023-12-23,5572930.471995261
ND,2023-12-30,4909065.112139395
ND,2024-01-06,5421238.405559419
ND,2024-01-13,5636441.129179404
ND,2024-01-20,5481669.836481186
ND,2024-01-27,12099437.507892555
ND,2024-02-03,18580390.591848746
ND,2024-02-10,14922182.001274666
ND,2024-02-17,14841268.487730958
ND,2024-02-24,10193301.24003029
ND,2024-03-02,9546570.110426577
ND,2024-03-09,24694323.51149894
ND,2024-03-16,22053594.941779688
ND,2024-03-23,20917697.239010207
ND,2024-03-30,19393695.096095458
ND,2024-04-06,26456504.89434964
ND,2024-04-13,18750635.328761816
ND,2024-04-20,14354952.995911833
ND,2024-04-27,15078783.55538242
ND,2024-05-04,23700801.892153807
ND,2024-05-11,19111240.447087713
ND,2024-05-18,18807300.965184588
ND,2024-05-25,19632790.63126937
ND,2024-06-01,20467634.044102624
ND,2024-06-08,14489481.819110386
ND,2024-06-15,14686317.234709358
ND,2024-08-03,23.58086415234407
ND,2024-08-10,28.753274273157263
ND,2024-08-31,58.075529591301986
ND,2024-09-14,14.288186448956807
ND,2024-09-28,14.269735472370767
ND,2024-10-05,40.14339803701144
ND,2024-10-12,9775297.212865187
ND,2024-10-19,8914407.343984826
ND,2024-10-26,7722369.133803401
ND,2024-11-02,8185290.617028905
ND,2024-11-09,12840450.824024646
ND,2024-11-16,3447703.90523618
ND,2024-11-23,3570832.384165159
ND,2024-11-30,3210782.5920672654
ND,2024-12-07,3591302.552787726
ND,2024-12-14,3354197.0892788605
ND,2024-12-21,3785536.8931827564
ND,2024-12-28,3165534.689325793
ND,2025-01-04,3522733.579501268
ND,2025-01-11,3919397.972765037
ND,2025-01-18,3568795.366032318
ND,2025-01-25,3634612.81351883
ND,2025-02-01,3357280.510435435
ND,2025-02-08,3649161.941493606
ND,2025-02-15,3839385.866670459
ND,2025-02-22,3497607.5782905957
ND,2025-03-01,3166385.266263023
ND,2025-03-08,3848430.8718102803
ND,2025-03-15,4093825.877737724
ND,2025-03-22,3677575.46242005
ND,2025-03-29,4161713.4292582716
ND,2025-04-05,4622814.185253967
ND,2025-04-12,3569229.2049268438
ND,2025-04-19,3810113.5271702562
ND,2025-04-26,4185757.5718757873
ND,2025-05-03,4159830.5583314984
NE,2019-01-26,3742917.356314782
NE,2019-02-02,3773033.198060725
NE,2019-02-09,3927450.0016532503
NE,2019-02-16,3962817.4200748694
NE,2019-02-23,3415346.220341687
NE,2019-03-02,3931537.4916379284
NE,2019-03-09,3841358.4529127665
NE,2019-03-16,3926161.950374751
NE,2019-03-23,4328062.7420516005
NE,2019-03-30,4029316.412634674
NE,2019-04-06,4189815.54307579
NE,2019-04-13,3958189.7356198863
NE,2019-04-20,3989684.543667409
NE,2019-04-27,3980083.3884441694
NE,2019-05-04,6695341.591202448
NE,2019-05-11,6511861.68218759
NE,2019-05-18,6360857.959582466
NE,2019-05-25,6085855.0222947225
NE,2019-06-01,5897364.231032033
NE,2019-06-08,6593358.546489839
NE,2019-06-15,6229443.128563797
NE,2019-06-22,6157388.961430912
NE,2019-06-29,6137301.7842196245
NE,2019-07-06,6824005.184332266
NE,2019-07-13,6617945.717922653
NE,2019-07-20,6329638.053540241
NE,2019-07-27,5949393.247873067
NE,2019-08-03,7264895.520509605
NE,2019-08-10,7193828.877095542
NE,2019-08-17,7849715.565220854
NE,2019-08-24,7227375.406356551
NE,2019-08-31,6813073.759677373
NE,2019-09-07,9634414.792340675
NE,2019-09-14,9621817.979547296
NE,2019-09-21,9713640.282797413
NE,2019-09-28,9088513.291870127
NE,2019-10-05,10725090.3315559
NE,2019-10-12,8913733.047273433
NE,2019-10-19,8191893.570612321
NE,2019-10-26,8156182.095398377
NE,2019-11-02,7938829.124452552
NE,2019-11-09,8779185.268779969
NE,2019-11-16,8544197.217956956
NE,2019-11-23,8324792.356308771
NE,2019-11-30,7166747.358485278
NE,2019-12-07,9902379.171597812
NE,2019-12-14,9533146.536924701
NE,2019-12-21,10477222.057702446
NE,2019-12-28,7401039.703546404
NE,2020-01-04,8595781.543135615
NE,2020-01-11,9022613.836999387
NE,2020-01-18,8241270.634938479
NE,2020-01-25,8506908.445978522
NE,2020-02-01,8790477.627011474
NE,2020-02-08,10450797.588698259
NE,2020-02-15,10467406.770475788
NE,2020-02-22,9912878.004542401
NE,2020-02-29,9767510.445499668
NE,2020-03-07,11055222.487470707
NE,2020-03-14,9968800.20965717
NE,2020-03-21,6697193.810521217
NE,2020-03-28,5830731.600939379
NE,2020-04-04,5948448.59543483
NE,2020-04-11,5184389.148964598
NE,2020-04-18,5252131.886407725
NE,2020-04-25,5863947.083088436
NE,2020-05-02,6100453.291542105
NE,2020-05-09,7114415.84271544
NE,2020-05-16,6943293.422444512
NE,2020-05-23,7558422.0851231925
NE,2020-05-30,7590202.848003524
NE,2020-06-06,8892512.602143561
NE,2020-06-13,8593790.762215199
NE,2020-06-20,8646805.161660114
NE,2020-06-27,8701105.048127346
NE,2020-07-04,8644666.639496569
NE,2020-07-11,8464048.434854856
NE,2020-07-18,8483306.02666138
NE,2020-07-25,8304719.9217081005
NE,2020-08-01,7969648.394561391
NE,2020-08-08,9300153.186284319
NE,2020-08-15,8764074.72788176
NE,2020-08-22,8423423.645389061
NE,2020-08-29,7783533.257717955
NE,2020-09-05,9706229.807012465
NE,2020-09-12,8583448.053422887
NE,2020-09-19,8762669.601897791
NE,2020-09-26,8445721.348328188
NE,2020-10-03,10072792.118703827
NE,2020-10-10,9384698.453108994
NE,2020-10-17,8982408.562213892
NE,2020-10-24,8334077.997042955
NE,2020-10-31,8079754.429904598
NE,2020-11-07,7926283.561857974
NE,2020-11-14,7263754.045323624
NE,2020-11-21,7092918.286601976
NE,2020-11-28,6104833.061089147
NE,2020-12-05,8136980.943002719
NE,2020-12-12,7831150.5890685115
NE,2020-12-19,8415705.181243654
NE,2020-12-26,6585093.13936768
NE,2021-01-09,8132388.455235014
NE,2021-01-16,7951863.463221294
NE,2021-01-23,7397823.549385206
NE,2021-01-30,6468349.510202646
NE,2021-02-06,7954049.6734042
NE,2021-02-13,7960150.515443713
NE,2021-02-20,7822286.0668843
NE,2021-02-27,8830852.26720498
NE,2021-03-06,10160498.767658297
NE,2021-03-13,9026645.590704467
NE,2021-03-20,9387218.64956574
NE,2021-03-27,8846145.73980693
NE,2021-04-03,9392649.566348583
NE,2021-04-10,9556366.148044987
NE,2021-04-17,9266939.297873467
NE,2021-04-24,8515051.363767557
NE,2021-05-01,9006743.019314568
NE,2021-05-08,11155381.465445437
NE,2021-05-15,9611051.309403535
NE,2021-05-22,9210719.369552251
NE,2021-05-29,9750891.008743064
NE,2021-06-05,10033018.687294973
NE,2021-06-12,9717180.955458773
NE,2021-06-19,9892011.83995083
NE,2021-06-26,9692881.610660346
NE,2021-07-03,10538685.989626301
NE,2021-07-10,9857073.239625955
NE,2021-07-17,10162973.224607205
NE,2021-07-24,9189129.57752076
NE,2021-07-31,8923914.540641017
NE,2021-08-07,10768934.017406655
NE,2021-08-14,10727586.089774488
NE,2021-08-21,10124383.132652711
NE,2021-08-28,9560906.296706162
NE,2021-09-04,10778196.428857172
NE,2021-09-11,10269368.820927905
NE,2021-09-18,10215257.680947214
NE,2021-09-25,10161125.76450662
NE,2021-10-02,9843764.018024655
NE,2021-10-09,10429826.636976318
NE,2021-10-16,11122429.251089225
NE,2021-10-23,10488021.038792567
NE,2021-10-30,9990904.22894621
NE,2021-11-06,10775318.456344644
NE,2021-11-13,10536355.861284642
NE,2021-11-20,11181491.760400275
NE,2021-11-27,9510384.59693141
NE,2021-12-04,12128048.311921204
NE,2021-12-11,10597734.005313404
NE,2021-12-18,12071963.088661198
NE,2021-12-25,9875914.335903449
NE,2022-01-01,8737561.221576618
NE,2022-01-08,10090145.191864172
NE,2022-01-15,9832893.580411365
NE,2022-01-22,9161640.08047338
NE,2022-01-29,9842344.382465597
NE,2022-02-05,11349486.28105406
NE,2022-02-12,11682997.306149226
NE,2022-02-19,11813547.74012064
NE,2022-02-26,11480396.635321068
NE,2022-03-05,12191992.111374289
NE,2022-03-12,10621139.55289591
NE,2022-03-19,12263334.081982873
NE,2022-03-26,11475420.27069832
NE,2022-04-02,11199165.389822198
NE,2022-04-09,11401203.95252914
NE,2022-04-16,11130971.523508115
NE,2022-04-23,11103900.73820296
NE,2022-04-30,10958049.549548881
NE,2022-05-07,11753101.61785635
NE,2022-05-14,11336181.642517759
NE,2022-05-21,11139619.707369924
NE,2022-05-28,10980715.541924974
NE,2022-06-04,11605397.473972013
NE,2022-06-11,11565846.488695689
NE,2022-06-18,8959048.902442766
NE,2022-06-25,7822585.0371401105
NE,2022-07-02,8038489.026598303
NE,2022-07-09,8044743.359818736
NE,2022-07-16,8178867.776276363
NE,2022-07-23,7806199.939034761
NE,2022-07-30,7558284.408470005
NE,2022-08-06,10533552.912815128
NE,2022-08-13,10266330.851056842
NE,2022-08-20,10610117.097568182
NE,2022-08-27,9372470.40289533
NE,2022-09-03,11289761.16565382
NE,2022-09-10,11162548.295004362
NE,2022-09-17,11089934.438924942
NE,2022-09-24,10781932.734171959
NE,2022-10-01,11200243.788418002
NE,2022-10-08,12152918.811620185
NE,2022-10-15,10879056.152436538
NE,2022-10-22,11479865.638043413
NE,2022-10-29,10897579.311276887
NE,2022-11-05,11962894.46614667
NE,2022-11-12,12280100.579467436
NE,2022-11-19,12342713.43952207
NE,2022-11-26,10460721.903840728
NE,2022-12-03,12017890.854427157
NE,2022-12-10,11803489.47981544
NE,2022-12-17,11239627.37442264
NE,2022-12-24,10113180.17760467
NE,2022-12-31,9999090.817890918
NE,2023-01-07,12947289.003473848
NE,2023-01-14,11593318.234611271
NE,2023-01-21,11137455.955159549
NE,2023-01-28,12030718.443068419
NE,2023-02-04,18682138.462112896
NE,2023-02-11,19393938.029931508
NE,2023-02-18,17002435.779191583
NE,2023-02-25,16675700.71465575
NE,2023-03-04,28783306.36003843
NE,2023-03-11,27429783.9389597
NE,2023-03-18,24055769.896405295
NE,2023-03-25,23570823.56735415
NE,2023-04-01,21119309.132459264
NE,2023-04-08,19984273.136457406
NE,2023-04-15,18606561.214406975
NE,2023-04-22,16678033.38554257
NE,2023-04-29,17210263.661453642
NE,2023-05-06,24284955.23534261
NE,2023-05-13,23542438.4496285
NE,2023-05-20,20539006.9787082
NE,2023-05-27,19383066.149974607
NE,2023-06-03,26133158.15098995
NE,2023-06-10,16789517.939866792
NE,2023-06-17,18227391.829952456
NE,2023-06-24,17433795.670995194
NE,2023-07-01,16084444.116362587
NE,2023-07-08,16575772.771009631
NE,2023-07-15,15143184.124700705
NE,2023-07-22,12941914.961696524
NE,2023-07-29,11942026.336946048
NE,2023-08-05,10046657.664032346
NE,2023-08-12,12068571.941618426
NE,2023-08-19,12635050.322237235
NE,2023-08-26,11590749.651603434
NE,2023-09-02,11880344.08066176
NE,2023-09-09,14111927.116613518
NE,2023-09-16,15816383.377166
NE,2023-09-23,14257257.662606876
NE,2023-09-30,11843085.594124526
NE,2023-10-07,12356161.63829934
NE,2023-10-14,11450688.077947605
NE,2023-10-21,9603741.789035134
NE,2023-10-28,11773028.951881047
NE,2023-11-04,9069014.767999038
NE,2023-11-11,9075470.143155828
NE,2023-11-18,9031437.487273887
NE,2023-11-25,9240015.779184308
NE,2023-12-02,8191087.696709536
NE,2023-12-09,10771547.230886867
NE,2023-12-16,10790904.448326409
NE,2023-12-23,10593782.488870775
NE,2023-12-30,9241376.907870993
NE,2024-01-06,10432916.227809751
NE,2024-01-13,10376135.757720917
NE,2024-01-20,10090599.323390182
NE,2024-01-27,29638480.49068067
NE,2024-02-03,33082838.94622031
NE,2024-02-10,26561919.848770306
NE,2024-02-17,21249855.167724464
NE,2024-02-24,18453782.77206283
NE,2024-03-02,22110135.30013463
NE,2024-03-09,41666306.50611225
NE,2024-03-16,40654621.16076399
NE,2024-03-23,44474041.29778637
NE,2024-03-30,37434404.71678037
NE,2024-04-06,49902892.60369734
NE,2024-04-13,47020923.09998467
NE,2024-04-20,33153261.50380013
NE,2024-04-27,28322392.137030452
NE,2024-05-04,32454966.430351403
NE,2024-05-11,30656678.949384637
NE,2024-05-18,26606361.595777858
NE,2024-05-25,26757929.78107741
NE,2024-06-01,27650075.056619693
NE,2024-06-08,27849111.766553797
NE,2024-06-15,23678435.850846767
NE,2024-08-03,811.6569689660272
NE,2024-08-10,639.5270194324037
NE,2024-08-17,694.8374901064237
NE,2024-08-24,498.3458409157578
NE,2024-08-31,570.4347313701512
NE,2024-09-07,1413.5770778175506
NE,2024-09-14,1034.2507505069998
NE,2024-09-21,665.9207978267846
NE,2024-09-28,714.8494277836852
NE,2024-10-05,1003.4357094303477
NE,2024-10-12,24399682.856915496
NE,2024-10-19,17351925.71294172
NE,2024-10-26,16242382.37507321
NE,2024-11-02,18652029.126368534
NE,2024-11-09,22725925.47219018
NE,2024-11-16,7150228.238076202
NE,2024-11-23,7268447.794367656
NE,2024-11-30,6734792.138473836
NE,2024-12-07,6798021.992941746
NE,2024-12-14,7028751.165950437
NE,2024-12-21,6497292.135081881
NE,2024-12-28,5938287.8382444335
NE,2025-01-04,7145619.3479571715
NE,2025-01-11,7419841.790971622
NE,2025-01-18,7677667.100487998
NE,2025-01-25,7466562.578283858
NE,2025-02-01,7436060.767889379
NE,2025-02-08,8085137.098224734
NE,2025-02-15,8389452.955781285
NE,2025-02-22,7823294.146438017
NE,2025-03-01,8181528.659074355
NE,2025-03-08,7791356.231462535
NE,2025-03-15,8022216.935332632
NE,2025-03-22,7365022.075905119
NE,2025-03-29,8504127.226739231
NE,2025-04-05,8318468.179611033
NE,2025-04-12,7187851.569145179
NE,2025-04-19,7103246.506970679
NE,2025-04-26,7532591.73244661
NE,2025-05-03,7551083.033424482
NH,2019-01-26,985819.7431611023
NH,2019-02-02,748874.1136906688
NH,2019-02-09,870853.5773456052
NH,2019-02-16,840871.4913680478
NH,2019-02-23,810716.5412769093
NH,2019-03-02,830615.1363135864
NH,2019-03-09,870906.0182344762
NH,2019-03-16,971992.0425194964
NH,2019-03-23,768813.648545366
NH,2019-03-30,728278.5172605166
NH,2019-04-06,918522.2514919224
NH,2019-04-13,897011.3697526867
NH,2019-04-20,833631.8090706086
NH,2019-04-27,900030.894530201
NH,2019-05-04,1625660.8817163727
NH,2019-05-11,1549018.3408227155
NH,2019-05-18,1403133.4269736775
NH,2019-05-25,1620826.9004231216
NH,2019-06-01,1500227.720346968
NH,2019-06-08,1703045.8787408285
NH,2019-06-15,1499179.526677138
NH,2019-06-22,1477080.9965146391
NH,2019-06-29,1753226.4663033555
NH,2019-07-06,1736903.9470522997
NH,2019-07-13,1520418.2757874394
NH,2019-07-20,1394350.5955861607
NH,2019-07-27,1538297.8425805757
NH,2019-08-03,1930510.1125293414
NH,2019-08-10,2047760.5271647421
NH,2019-08-17,1875118.4601566084
NH,2019-08-24,1710271.0980922838
NH,2019-08-31,1913679.943389183
NH,2019-09-07,2228436.553413038
NH,2019-09-14,1666825.4639557302
NH,2019-09-21,2358789.971081214
NH,2019-09-28,1751814.5550484883
NH,2019-10-05,2598113.0060793753
NH,2019-10-12,2267552.12116356
NH,2019-10-19,1608643.833415861
NH,2019-10-26,1533816.3183511996
NH,2019-11-02,2180209.191883496
NH,2019-11-09,1721052.8714236373
NH,2019-11-16,1815232.7093565145
NH,2019-11-23,1466186.3644175772
NH,2019-11-30,1593053.1865167639
NH,2019-12-07,2176428.540579452
NH,2019-12-14,2332533.2432954083
NH,2019-12-21,1715509.8149249973
NH,2019-12-28,1366317.298971008
NH,2020-01-04,1684822.181101991
NH,2020-01-11,1652818.5871395057
NH,2020-01-18,1567602.1781758731
NH,2020-01-25,1833132.015687888
NH,2020-02-01,2003474.5829703712
NH,2020-02-08,1689419.5210917562
NH,2020-02-15,2273308.7088779234
NH,2020-02-22,2505892.868526494
NH,2020-02-29,1560944.7985260235
NH,2020-03-07,1960636.393282131
NH,2020-03-14,2145960.3110554894
NH,2020-03-21,976214.794306603
NH,2020-03-28,648354.9818766013
NH,2020-04-04,835751.0134865466
NH,2020-04-11,582324.1634385785
NH,2020-04-18,669763.2039156697
NH,2020-04-25,787391.3044644633
NH,2020-05-02,1008196.3263946753
NH,2020-05-09,1120075.9845518486
NH,2020-05-16,1354052.8572554456
NH,2020-05-23,1773391.8802898868
NH,2020-05-30,1604928.5874765287
NH,2020-06-06,1360647.2482940017
NH,2020-06-13,1947657.5196663104
NH,2020-06-20,1942913.1729385403
NH,2020-06-27,1446649.7119409114
NH,2020-07-04,1740589.9587167357
NH,2020-07-11,1549749.5475638465
NH,2020-07-18,1521963.4777586542
NH,2020-07-25,1503330.156442998
NH,2020-08-01,1703933.4439972735
NH,2020-08-08,1651477.9481680628
NH,2020-08-15,1815479.2786967345
NH,2020-08-22,1940186.2646631766
NH,2020-08-29,1764598.9424467208
NH,2020-09-05,2093665.473646576
NH,2020-09-12,1779532.0721660226
NH,2020-09-19,1791010.7876834408
NH,2020-09-26,1638329.751353376
NH,2020-10-03,1883251.3121135465
NH,2020-10-10,2097547.856267644
NH,2020-10-17,2000407.4412145067
NH,2020-10-24,1744466.7111160744
NH,2020-10-31,1432423.3064505837
NH,2020-11-07,1394646.92202946
NH,2020-11-14,1825256.346092855
NH,2020-11-21,1315855.7153988597
NH,2020-11-28,1121594.2795772844
NH,2020-12-05,1469383.6137182552
NH,2020-12-12,1439348.9136607097
NH,2020-12-19,1531857.5517548956
NH,2020-12-26,1203499.4943069234
NH,2021-01-09,1606231.5593533157
NH,2021-01-16,1279746.4454279447
NH,2021-01-23,1162299.327613509
NH,2021-01-30,1487324.0923360686
NH,2021-02-06,1293714.1967013704
NH,2021-02-13,1684397.7649790682
NH,2021-02-20,1344379.6291466753
NH,2021-02-27,1479987.3229026957
NH,2021-03-06,1825197.258623823
NH,2021-03-13,1847402.9354785404
NH,2021-03-20,1393531.6159436123
NH,2021-03-27,1442417.3931119507
NH,2021-04-03,2021579.6861312385
NH,2021-04-10,2023059.285225598
NH,2021-04-17,1618940.1735634864
NH,2021-04-24,1817494.2734773164
NH,2021-05-01,1274551.5969474164
NH,2021-05-08,2149043.510317446
NH,2021-05-15,2031384.2645758328
NH,2021-05-22,1659448.7877920882
NH,2021-05-29,1964154.6232616322
NH,2021-06-05,2095244.3680594251
NH,2021-06-12,2477207.9686641623
NH,2021-06-19,2081434.3523497777
NH,2021-06-26,1774668.8196772188
NH,2021-07-03,2209182.178976089
NH,2021-07-10,1891138.7418300875
NH,2021-07-17,1731716.153987468
NH,2021-07-24,1916698.494959681
NH,2021-07-31,2067236.9049349648
NH,2021-08-07,2791731.020137444
NH,2021-08-14,2095841.2228631084
NH,2021-08-21,2330978.7446446046
NH,2021-08-28,2014332.1843610918
NH,2021-09-04,2601477.807504928
NH,2021-09-11,1819623.8424885843
NH,2021-09-18,1781464.312268036
NH,2021-09-25,2179661.4365099743
NH,2021-10-02,1846855.9315020742
NH,2021-10-09,2276335.119836505
NH,2021-10-16,2692284.016602503
NH,2021-10-23,2329020.017572185
NH,2021-10-30,2039644.7839728915
NH,2021-11-06,2588173.074674009
NH,2021-11-13,2482751.031837205
NH,2021-11-20,1777166.571816182
NH,2021-11-27,1451932.9340253028
NH,2021-12-04,2233245.9127296614
NH,2021-12-11,1604510.0124311685
NH,2021-12-18,2666584.2377790697
NH,2021-12-25,1340166.539895181
NH,2022-01-01,1651357.2565782026
NH,2022-01-08,1639080.3331712214
NH,2022-01-15,2045885.785394251
NH,2022-01-22,1645145.351641966
NH,2022-01-29,1665277.403477146
NH,2022-02-05,1887729.6117758893
NH,2022-02-12,2423118.95301683
NH,2022-02-19,2026575.485686345
NH,2022-02-26,1911792.7730059267
NH,2022-03-05,1911961.502927551
NH,2022-03-12,2904310.873347175
NH,2022-03-19,2242873.8148781136
NH,2022-03-26,2003783.835253581
NH,2022-04-02,1947616.0116388698
NH,2022-04-09,2098029.558195059
NH,2022-04-16,2050234.2187585034
NH,2022-04-23,2571661.2533609606
NH,2022-04-30,1811022.518893908
NH,2022-05-07,2299839.437640471
NH,2022-05-14,2340918.647400548
NH,2022-05-21,2453443.616838715
NH,2022-05-28,2615993.8338521523
NH,2022-06-04,2835139.9315752815
NH,2022-06-11,2118305.839804892
NH,2022-06-18,2110911.770446767
NH,2022-06-25,1953740.362353091
NH,2022-07-02,2446801.252442195
NH,2022-07-09,2610237.3893423523
NH,2022-07-16,2328277.7320860396
NH,2022-07-23,2015314.4987494806
NH,2022-07-30,2378623.681688978
NH,2022-08-06,2210730.065698433
NH,2022-08-13,2470902.2005459024
NH,2022-08-20,1658417.041501533
NH,2022-08-27,2283663.422952455
NH,2022-09-03,2868027.8346490986
NH,2022-09-10,2621222.462385096
NH,2022-09-17,2582884.5814121026
NH,2022-09-24,1973546.5260830119
NH,2022-10-01,2596150.5118593248
NH,2022-10-08,2927785.421802266
NH,2022-10-15,2928479.5596242705
NH,2022-10-22,3494865.059330761
NH,2022-10-29,2205177.2561845905
NH,2022-11-05,2761753.831835129
NH,2022-11-12,2339315.9330819356
NH,2022-11-19,2251539.8877281123
NH,2022-11-26,2412493.9939941457
NH,2022-12-03,2817607.545819438
NH,2022-12-10,2650899.7896174844
NH,2022-12-17,2241717.5507441578
NH,2022-12-24,1805280.602705607
NH,2022-12-31,2085116.9368767615
NH,2023-01-07,2518720.679792971
NH,2023-01-14,2244197.5368592646
NH,2023-01-21,2344055.0449249716
NH,2023-01-28,2231621.054833866
NH,2023-02-04,3234618.1770612663
NH,2023-02-11,3403064.3716106047
NH,2023-02-18,2984540.3558947784
NH,2023-02-25,2851361.8787213713
NH,2023-03-04,4756619.7917342745
NH,2023-03-11,4404410.525536329
NH,2023-03-18,3396436.974320106
NH,2023-03-25,3671705.001455728
NH,2023-04-01,2918340.849143811
NH,2023-04-08,2576150.0737922024
NH,2023-04-15,2641947.924326566
NH,2023-04-22,2114144.324645771
NH,2023-04-29,2142527.287000197
NH,2023-05-06,4183317.016910894
NH,2023-05-13,3926515.7327948697
NH,2023-05-20,3942434.1222692328
NH,2023-05-27,4405422.42001754
NH,2023-06-03,5449896.056372212
NH,2023-06-10,1994939.710805703
NH,2023-06-17,2296218.581541291
NH,2023-06-24,2758312.909806187
NH,2023-07-01,2680438.1510540037
NH,2023-07-08,2258112.1137004932
NH,2023-07-15,1756504.5285807184
NH,2023-07-22,1955059.9356175994
NH,2023-07-29,2007644.0302951608
NH,2023-08-05,1192000.0650562835
NH,2023-08-12,1502257.315234669
NH,2023-08-19,1559444.9631533483
NH,2023-08-26,1779887.8584286417
NH,2023-09-02,1353019.5157870695
NH,2023-09-09,1627042.1916988268
NH,2023-09-16,1397049.3190649115
NH,2023-09-23,1224608.5939623178
NH,2023-09-30,862284.7946717507
NH,2023-10-07,1229536.9354218834
NH,2023-10-14,1445583.7139705042
NH,2023-10-21,995142.8839682069
NH,2023-10-28,1641009.256606473
NH,2023-11-04,960499.9467236452
NH,2023-11-11,944702.7065092544
NH,2023-11-18,1243351.899158595
NH,2023-11-25,902841.7664836224
NH,2023-12-02,1115630.8921194389
NH,2023-12-09,955866.0655713924
NH,2023-12-16,1267750.619547786
NH,2023-12-23,1064503.9119985087
NH,2023-12-30,997487.8526860808
NH,2024-01-06,1104485.487537649
NH,2024-01-13,998039.9651714745
NH,2024-01-20,974048.8165464976
NH,2024-01-27,2497970.9606489227
NH,2024-02-03,2250807.3224156783
NH,2024-02-10,4061059.017417202
NH,2024-02-17,1418732.564452716
NH,2024-02-24,1444332.0146447397
NH,2024-03-02,1673830.0526275882
NH,2024-03-09,4006977.4830474146
NH,2024-03-16,3245271.3221755982
NH,2024-03-23,2663518.6503510363
NH,2024-03-30,2779376.4134724857
NH,2024-04-06,4050631.7434095843
NH,2024-04-13,3799923.9068986615
NH,2024-04-20,5055565.685106274
NH,2024-04-27,3047124.233009543
NH,2024-05-04,3147838.1414290466
NH,2024-05-11,4452060.105225859
NH,2024-05-18,3156490.6792606586
NH,2024-05-25,3219970.4664146984
NH,2024-06-01,3133463.8345146463
NH,2024-06-08,3669957.897978056
NH,2024-06-15,4006102.412795238
NH,2024-09-21,15.89036804092864
NH,2024-10-12,2216041.1569850934
NH,2024-10-19,1716120.434986814
NH,2024-10-26,1329135.307952894
NH,2024-11-02,1970483.097454036
NH,2024-11-09,2088801.1784648658
NH,2024-11-16,642895.2730210357
NH,2024-11-23,657740.549710831
NH,2024-11-30,797017.4454358175
NH,2024-12-07,865353.1896598139
NH,2024-12-14,822698.7662087837
NH,2024-12-21,791851.7673476457
NH,2024-12-28,597551.756842046
NH,2025-01-04,918636.1968854568
NH,2025-01-11,590635.0138770816
NH,2025-01-18,814627.5691766172
NH,2025-01-25,687215.6012924301
NH,2025-02-01,671259.2918141632
NH,2025-02-08,851782.3774466942
NH,2025-02-15,1074858.9444040067
NH,2025-02-22,1062440.5610094483
NH,2025-03-01,808708.2504946486
NH,2025-03-08,812813.1427333364
NH,2025-03-15,663105.4458513086
NH,2025-03-22,475058.2942013457
NH,2025-03-29,661815.0749164702
NH,2025-04-05,857439.0985748215
NH,2025-04-12,874504.3346598035
NH,2025-04-19,741788.0219034824
NH,2025-04-26,742539.9271840462
NH,2025-05-03,643721.6224282788
NJ,2019-01-26,570781.504260989
NJ,2019-02-02,569630.9459327024
NJ,2019-02-09,737957.048244828
NJ,2019-02-16,366642.781568331
NJ,2019-02-23,532304.1217673589
NJ,2019-03-02,543540.4179043724
NJ,2019-03-09,532183.1217193685
NJ,2019-03-16,826579.0231879666
NJ,2019-03-23,583148.542471852
NJ,2019-03-30,542940.8954140899
NJ,2019-04-06,881737.6311042963
NJ,2019-04-13,591413.8974593871
NJ,2019-04-20,770464.8850973767
NJ,2019-04-27,427916.0922740141
NJ,2019-05-04,897188.2189424543
NJ,2019-05-11,1361530.7132503665
NJ,2019-05-18,1335179.8257946433
NJ,2019-05-25,760622.9499835168
NJ,2019-06-01,744215.0170802425
NJ,2019-06-08,1008315.4981308146
NJ,2019-06-15,1148641.4975909784
NJ,2019-06-22,952230.1145495953
NJ,2019-06-29,728207.8604448299
NJ,2019-07-06,1406883.809901522
NJ,2019-07-13,827972.3434073438
NJ,2019-07-20,1008408.8692493878
NJ,2019-07-27,1305067.9746387114
NJ,2019-08-03,1421931.5672155197
NJ,2019-08-10,1715652.766772465
NJ,2019-08-17,1291240.9138097463
NJ,2019-08-24,957969.1844374782
NJ,2019-08-31,1106376.2904788803
NJ,2019-09-07,2120384.6347647374
NJ,2019-09-14,1586677.8029995991
NJ,2019-09-21,1746572.5048893339
NJ,2019-09-28,2159722.013351288
NJ,2019-10-05,1504716.0116651154
NJ,2019-10-12,1091532.1420487037
NJ,2019-10-19,1240245.3107916063
NJ,2019-10-26,923572.4111780516
NJ,2019-11-02,1143682.0641480493
NJ,2019-11-09,1337042.4734703524
NJ,2019-11-16,1167525.08563104
NJ,2019-11-23,887178.9555193261
NJ,2019-11-30,1533553.6006467217
NJ,2019-12-07,2069054.580858331
NJ,2019-12-14,1307110.4143570347
NJ,2019-12-21,1529866.276007713
NJ,2019-12-28,895871.1920859149
NJ,2020-01-04,1172957.2685211697
NJ,2020-01-11,758905.6892551474
NJ,2020-01-18,1309417.0530758041
NJ,2020-01-25,1162381.0996675119
NJ,2020-02-01,952214.2741666127
NJ,2020-02-08,1154343.0738397609
NJ,2020-02-15,1233038.996071865
NJ,2020-02-22,1205698.124337676
NJ,2020-02-29,1737008.985587295
NJ,2020-03-07,1204255.2330312943
NJ,2020-03-14,1303537.1140813872
NJ,2020-03-21,553577.9344048023
NJ,2020-03-28,261069.7126105638
NJ,2020-04-04,276512.760603057
NJ,2020-04-11,247963.3912944233
NJ,2020-04-18,368876.21025448974
NJ,2020-04-25,423935.520652748
NJ,2020-05-02,533077.0268400606
NJ,2020-05-09,316421.6543523002
NJ,2020-05-16,685719.4877683154
NJ,2020-05-23,1025275.4843867312
NJ,2020-05-30,610186.4423580252
NJ,2020-06-06,901799.3011454742
NJ,2020-06-13,656690.7365776338
NJ,2020-06-20,1776051.6947611615
NJ,2020-06-27,866914.477919322
NJ,2020-07-04,773338.6587663894
NJ,2020-07-11,1368491.22876887
NJ,2020-07-18,1366347.098731656
NJ,2020-07-25,1026596.6035274406
NJ,2020-08-01,858380.7390874517
NJ,2020-08-08,1600518.889399514
NJ,2020-08-15,929731.2400850935
NJ,2020-08-22,859407.1159581292
NJ,2020-08-29,1235959.0185556423
NJ,2020-09-05,1016038.194808822
NJ,2020-09-12,692211.8878991454
NJ,2020-09-19,1633048.4383127503
NJ,2020-09-26,796304.5745239002
NJ,2020-10-03,876532.4751884119
NJ,2020-10-10,1302354.8680480875
NJ,2020-10-17,1438073.8249331152
NJ,2020-10-24,1037727.4294394596
NJ,2020-10-31,856429.7106168133
NJ,2020-11-07,1230761.1681680863
NJ,2020-11-14,767944.8955118178
NJ,2020-11-21,1591407.109111945
NJ,2020-11-28,625830.5152456267
NJ,2020-12-05,794795.6852499315
NJ,2020-12-12,747500.942379531
NJ,2020-12-19,1068711.7006134053
NJ,2020-12-26,681026.3354045221
NJ,2021-01-09,808717.3239999632
NJ,2021-01-16,472640.98509673396
NJ,2021-01-23,1367522.398736064
NJ,2021-01-30,798031.0078688939
NJ,2021-02-06,828836.2929305166
NJ,2021-02-13,1949927.8160751567
NJ,2021-02-20,1383167.7403681136
NJ,2021-02-27,657396.3887182174
NJ,2021-03-06,779802.4330469744
NJ,2021-03-13,814564.9211138145
NJ,2021-03-20,1042592.5283323331
NJ,2021-03-27,889256.4769396478
NJ,2021-04-03,1047852.3124736398
NJ,2021-04-10,680833.374507183
NJ,2021-04-17,679905.0859292386
NJ,2021-04-24,983881.994716834
NJ,2021-05-01,719642.0890927756
NJ,2021-05-08,1281361.2812224417
NJ,2021-05-15,892640.5218886978
NJ,2021-05-22,886091.7599424624
NJ,2021-05-29,1006507.200415125
NJ,2021-06-05,1122757.1744711383
NJ,2021-06-12,1160324.670612151
NJ,2021-06-19,985137.3529880658
NJ,2021-06-26,962406.8120080043
NJ,2021-07-03,1267279.3833757744
NJ,2021-07-10,1585715.5062578758
NJ,2021-07-17,1193858.9201792886
NJ,2021-07-24,1310400.9889545199
NJ,2021-07-31,1501197.7497124027
NJ,2021-08-07,1270454.5249637745
NJ,2021-08-14,870382.7737649968
NJ,2021-08-21,1190903.128869114
NJ,2021-08-28,2102785.2909472478
NJ,2021-09-04,1360490.8306883597
NJ,2021-09-11,870417.2208644578
NJ,2021-09-18,1617343.7670852682
NJ,2021-09-25,1101009.7762204963
NJ,2021-10-02,2421139.4156357124
NJ,2021-10-09,854590.0797351557
NJ,2021-10-16,966530.9306185714
NJ,2021-10-23,1004733.2099726854
NJ,2021-10-30,1183221.65908314
NJ,2021-11-06,1738849.7690224042
NJ,2021-11-13,1591588.9368226442
NJ,2021-11-20,995311.1774450103
NJ,2021-11-27,760730.4019260068
NJ,2021-12-04,1514899.9243043393
NJ,2021-12-11,1190943.001572229
NJ,2021-12-18,1312152.0831319774
NJ,2021-12-25,1055999.3962034804
NJ,2022-01-01,1213804.576830614
NJ,2022-01-08,738750.8441486396
NJ,2022-01-15,1732838.120096677
NJ,2022-01-22,1240939.737945918
NJ,2022-01-29,897927.691214641
NJ,2022-02-05,1365836.6889466182
NJ,2022-02-12,922885.6860814572
NJ,2022-02-19,1416647.197478416
NJ,2022-02-26,934711.1756835016
NJ,2022-03-05,1465674.753613417
NJ,2022-03-12,1440251.3600955657
NJ,2022-03-19,1600304.9831459534
NJ,2022-03-26,1072898.2203887021
NJ,2022-04-02,1281497.8966991694
NJ,2022-04-09,1164927.8077788688
NJ,2022-04-16,1600730.9846034972
NJ,2022-04-23,1503245.5048151049
NJ,2022-04-30,1287916.5674639514
NJ,2022-05-07,1289672.6663721448
NJ,2022-05-14,1265327.2511977558
NJ,2022-05-21,1412156.643512539
NJ,2022-05-28,1429931.811035549
NJ,2022-06-04,1627093.8004200303
NJ,2022-06-11,1541463.7587695264
NJ,2022-06-18,1796836.9454317521
NJ,2022-06-25,1285955.7185291185
NJ,2022-07-02,660464.4067562614
NJ,2022-07-09,1032764.6380777077
NJ,2022-07-16,1103281.34221482
NJ,2022-07-23,773431.7032762583
NJ,2022-07-30,1260376.0008218177
NJ,2022-08-06,1192138.9797628236
NJ,2022-08-13,1693243.6469686795
NJ,2022-08-20,1138082.5261383373
NJ,2022-08-27,956403.6884411244
NJ,2022-09-03,1678409.124917051
NJ,2022-09-10,1462808.8456270127
NJ,2022-09-17,1110525.966385016
NJ,2022-09-24,966644.836215239
NJ,2022-10-01,972924.0313022247
NJ,2022-10-08,1674880.2127705514
NJ,2022-10-15,1591432.1921043291
NJ,2022-10-22,1773943.8496114488
NJ,2022-10-29,1924372.303090048
NJ,2022-11-05,1191605.2840081966
NJ,2022-11-12,1261216.0016570794
NJ,2022-11-19,1090674.137821816
NJ,2022-11-26,1652574.9192220005
NJ,2022-12-03,1518030.725125366
NJ,2022-12-10,852175.8528488724
NJ,2022-12-17,912003.1757146283
NJ,2022-12-24,1040393.1931429575
NJ,2022-12-31,1183631.1024419551
NJ,2023-01-07,989834.9482535482
NJ,2023-01-14,965250.8568424332
NJ,2023-01-21,1074399.1198447961
NJ,2023-01-28,2012274.6950723126
NJ,2023-02-04,1818177.822755992
NJ,2023-02-11,996102.5998118605
NJ,2023-02-18,1039435.3366368747
NJ,2023-02-25,897038.7985587684
NJ,2023-03-04,1809277.1254248577
NJ,2023-03-11,1779957.2801873193
NJ,2023-03-18,1399727.320266335
NJ,2023-03-25,1142881.958697427
NJ,2023-04-01,1295761.4717679375
NJ,2023-04-08,1292457.4613704514
NJ,2023-04-15,1328180.433201519
NJ,2023-04-22,1066984.1454227956
NJ,2023-04-29,1303470.1595288075
NJ,2023-05-06,1596750.369281912
NJ,2023-05-13,2073256.1157553196
NJ,2023-05-20,1509929.6685585268
NJ,2023-05-27,1440176.7322888144
NJ,2023-06-03,1382530.2581291816
NJ,2023-06-10,387862.58976137714
NJ,2023-06-17,765838.6657115752
NJ,2023-06-24,611949.7463517552
NJ,2023-07-01,529196.8933975268
NJ,2023-07-08,488403.38657498907
NJ,2023-07-15,368608.7634890391
NJ,2023-07-22,593118.0050469633
NJ,2023-07-29,522683.60519460356
NJ,2023-08-05,444094.047378926
NJ,2023-08-12,1045583.8067419691
NJ,2023-08-19,633378.9450124935
NJ,2023-08-26,685069.1606078834
NJ,2023-09-02,705793.9174963896
NJ,2023-09-09,467686.26464715746
NJ,2023-09-16,446844.8282676736
NJ,2023-09-23,203597.26703425465
NJ,2023-09-30,287314.0681726076
NJ,2023-10-07,346918.07013882353
NJ,2023-10-14,329582.2325364682
NJ,2023-10-21,394423.3377771077
NJ,2023-10-28,560499.3709543191
NJ,2023-11-04,216101.19682155582
NJ,2023-11-11,258646.26249312932
NJ,2023-11-18,247460.77613510055
NJ,2023-11-25,293402.64386539295
NJ,2023-12-02,243793.98060483712
NJ,2023-12-09,331881.6087277671
NJ,2023-12-16,373641.51155691803
NJ,2023-12-23,577394.379197455
NJ,2023-12-30,373470.8311180664
NJ,2024-01-06,292377.5070345734
NJ,2024-01-13,316813.98471532855
NJ,2024-01-20,370387.92638412234
NJ,2024-01-27,736132.7688826515
NJ,2024-02-03,1046472.924849878
NJ,2024-02-10,649422.4033001421
NJ,2024-02-17,240446.19844051378
NJ,2024-02-24,553218.5177127497
NJ,2024-03-02,404453.7081649762
NJ,2024-03-09,1022327.3875532206
NJ,2024-03-16,1023690.6310733786
NJ,2024-03-23,1048589.7110929347
NJ,2024-03-30,1043400.2419636133
NJ,2024-04-06,1220357.6519586798
NJ,2024-04-13,745515.0694999511
NJ,2024-04-20,568110.9477468521
NJ,2024-04-27,1118236.3473812237
NJ,2024-05-04,1002284.0164118076
NJ,2024-05-11,305369.8444803935
NJ,2024-05-18,428809.31195366656
NJ,2024-05-25,709222.7964297435
NJ,2024-06-01,727084.8475121874
NJ,2024-06-08,776864.8119555045
NJ,2024-06-15,1733606.6733985248
NJ,2024-10-12,725740.2189888364
NJ,2024-10-19,439097.29142486036
NJ,2024-10-26,528496.1176617593
NJ,2024-11-02,485238.3879269515
NJ,2024-11-09,1019528.321423965
NJ,2024-11-16,255449.48151014707
NJ,2024-11-23,348504.8593919669
NJ,2024-11-30,245299.72345246375
NJ,2024-12-07,348755.1971017953
NJ,2024-12-14,206456.76466009358
NJ,2024-12-21,270856.88772871107
NJ,2024-12-28,330077.42881756515
NJ,2025-01-04,223432.36404866233
NJ,2025-01-11,249861.9444691879
NJ,2025-01-18,196067.44261697298
NJ,2025-01-25,209675.24102841562
NJ,2025-02-01,225183.60263980227
NJ,2025-02-08,235916.78026257196
NJ,2025-02-15,212442.81029994384
NJ,2025-02-22,129106.45594640129
NJ,2025-03-01,250320.38972493476
NJ,2025-03-08,57910.57364004513
NJ,2025-03-15,58081.8354060692
NJ,2025-03-22,95277.41305016768
NJ,2025-03-29,110388.1719157467
NJ,2025-04-05,271263.70509205054
NJ,2025-04-12,187937.3377719091
NJ,2025-04-19,240268.45678444585
NJ,2025-04-26,208979.81059254243
NJ,2025-05-03,138285.83880274653
NM,2019-01-26,2861330.8550120844
NM,2019-02-02,2886954.9072981915
NM,2019-02-09,3043200.2580537493
NM,2019-02-16,2972604.6273473077
NM,2019-02-23,2563891.685072546
NM,2019-03-02,2706111.268603255
NM,2019-03-09,3334281.2196328957
NM,2019-03-16,3229439.4617649345
NM,2019-03-23,2962923.159170449
NM,2019-03-30,2764041.951445941
NM,2019-04-06,3125028.489821213
NM,2019-04-13,2955129.843964769
NM,2019-04-20,2868761.428102826
NM,2019-04-27,2843906.938621457
NM,2019-05-04,5630924.122926316
NM,2019-05-11,4652556.613099468
NM,2019-05-18,4525674.421817405
NM,2019-05-25,4626946.195780659
NM,2019-06-01,3990823.2161586224
NM,2019-06-08,4971088.552145373
NM,2019-06-15,4931871.775540832
NM,2019-06-22,4430719.035490007
NM,2019-06-29,4440118.683705337
NM,2019-07-06,5367738.487766052
NM,2019-07-13,5176517.588230476
NM,2019-07-20,4693420.620546798
NM,2019-07-27,4145673.1135551226
NM,2019-08-03,6305424.493638764
NM,2019-08-10,5397388.082025805
NM,2019-08-17,5410630.842734419
NM,2019-08-24,5337469.312701979
NM,2019-08-31,5061313.703326103
NM,2019-09-07,7363616.03665457
NM,2019-09-14,7646781.5465606805
NM,2019-09-21,7180590.908860117
NM,2019-09-28,6845308.794957367
NM,2019-10-05,7631861.109915155
NM,2019-10-12,6756334.644344018
NM,2019-10-19,6654763.358153221
NM,2019-10-26,6284320.337994271
NM,2019-11-02,5995967.526950902
NM,2019-11-09,6498590.589014411
NM,2019-11-16,5756270.989863707
NM,2019-11-23,5981760.908083039
NM,2019-11-30,5531117.6089906925
NM,2019-12-07,7127190.924084837
NM,2019-12-14,6790209.797182574
NM,2019-12-21,6728390.24012298
NM,2019-12-28,5241713.816162078
NM,2020-01-04,6511868.85507003
NM,2020-01-11,6053136.936469807
NM,2020-01-18,5834415.16824891
NM,2020-01-25,5701788.802480166
NM,2020-02-01,5760068.474782309
NM,2020-02-08,7400179.600551074
NM,2020-02-15,7447148.764036034
NM,2020-02-22,6605926.276654581
NM,2020-02-29,6751790.977110372
NM,2020-03-07,8031960.432808105
NM,2020-03-14,7479529.071926596
NM,2020-03-21,4977293.383533701
NM,2020-03-28,3214554.909791116
NM,2020-04-04,3612273.76902984
NM,2020-04-11,2705592.4096453516
NM,2020-04-18,3120926.9309406625
NM,2020-04-25,3110596.089587717
NM,2020-05-02,3475449.9215965425
NM,2020-05-09,4630349.525705089
NM,2020-05-16,4163976.7488131523
NM,2020-05-23,4867716.0383888995
NM,2020-05-30,4502614.686869387
NM,2020-06-06,5788187.039405115
NM,2020-06-13,5527729.639406313
NM,2020-06-20,5497406.565041513
NM,2020-06-27,5311552.972670661
NM,2020-07-04,5720651.798191889
NM,2020-07-11,5360945.741297305
NM,2020-07-18,4957199.395646222
NM,2020-07-25,4678130.1664398
NM,2020-08-01,4663303.842698092
NM,2020-08-08,5589748.815124841
NM,2020-08-15,5358629.384996564
NM,2020-08-22,4622932.471743479
NM,2020-08-29,4097837.5248053893
NM,2020-09-05,5769012.18641647
NM,2020-09-12,5312915.20630301
NM,2020-09-19,4967323.02701487
NM,2020-09-26,4665418.89577131
NM,2020-10-03,5433275.24534835
NM,2020-10-10,5614819.714402704
NM,2020-10-17,5256910.398264388
NM,2020-10-24,4532346.621445149
NM,2020-10-31,4400838.93810895
NM,2020-11-07,5086663.443527302
NM,2020-11-14,4327847.592990725
NM,2020-11-21,3079630.085438655
NM,2020-11-28,2510501.605292271
NM,2020-12-05,3889420.211715148
NM,2020-12-12,3531748.7293921243
NM,2020-12-19,3859657.724118116
NM,2020-12-26,3517055.4464374427
NM,2021-01-09,4098727.6660063644
NM,2021-01-16,3858429.42967421
NM,2021-01-23,3758932.7019262
NM,2021-01-30,3718415.8617267897
NM,2021-02-06,4462711.131815037
NM,2021-02-13,4339223.164186703
NM,2021-02-20,3881769.2855487885
NM,2021-02-27,4386538.905792542
NM,2021-03-06,5321978.177305389
NM,2021-03-13,5319949.345348284
NM,2021-03-20,5579779.216481925
NM,2021-03-27,4235704.717888813
NM,2021-04-03,5425231.8040018855
NM,2021-04-10,4904995.448733905
NM,2021-04-17,4791490.056460121
NM,2021-04-24,4399940.723932963
NM,2021-05-01,4433354.705951114
NM,2021-05-08,5796762.647716188
NM,2021-05-15,5375099.356014741
NM,2021-05-22,5057567.422718457
NM,2021-05-29,5583153.047207033
NM,2021-06-05,5935380.715335427
NM,2021-06-12,6007941.406836393
NM,2021-06-19,6019317.142798378
NM,2021-06-26,5575630.462686247
NM,2021-07-03,6894922.138711567
NM,2021-07-10,6326193.149038922
NM,2021-07-17,6392544.395660799
NM,2021-07-24,5467688.979357479
NM,2021-07-31,5409659.275258524
NM,2021-08-07,6877599.606095945
NM,2021-08-14,6280340.583157384
NM,2021-08-21,6071121.8093933035
NM,2021-08-28,6006055.365972925
NM,2021-09-04,6776952.808486722
NM,2021-09-11,5978954.77804868
NM,2021-09-18,6097517.077625002
NM,2021-09-25,5961078.669855691
NM,2021-10-02,6374232.493793887
NM,2021-10-09,6847487.650423598
NM,2021-10-16,6683585.613137652
NM,2021-10-23,6292765.566485897
NM,2021-10-30,6353532.7338811075
NM,2021-11-06,6964841.473847431
NM,2021-11-13,6241267.367959343
NM,2021-11-20,6563197.968339795
NM,2021-11-27,5603331.938626407
NM,2021-12-04,7532144.363227473
NM,2021-12-11,6825999.892067099
NM,2021-12-18,7093498.766666762
NM,2021-12-25,6263916.416190906
NM,2022-01-01,5213257.730229317
NM,2022-01-08,6283465.255259653
NM,2022-01-15,5925944.636708687
NM,2022-01-22,5580152.688806585
NM,2022-01-29,6121757.814990577
NM,2022-02-05,6582198.773397871
NM,2022-02-12,7315454.67781306
NM,2022-02-19,6932138.1023206115
NM,2022-02-26,6849909.354663436
NM,2022-03-05,7582228.631999583
NM,2022-03-12,7384909.883470163
NM,2022-03-19,7651006.132215353
NM,2022-03-26,7102426.536024453
NM,2022-04-02,6947478.896371354
NM,2022-04-09,8189902.319498056
NM,2022-04-16,8064873.820980798
NM,2022-04-23,7396059.464914856
NM,2022-04-30,7284373.656868381
NM,2022-05-07,8741310.983169693
NM,2022-05-14,8096275.277828555
NM,2022-05-21,8036064.00204752
NM,2022-05-28,8277453.376867376
NM,2022-06-04,8384651.999785404
NM,2022-06-11,7712140.099931124
NM,2022-06-18,6635202.697923804
NM,2022-06-25,5919846.153906082
NM,2022-07-02,5932738.436052277
NM,2022-07-09,5836395.491343193
NM,2022-07-16,5969770.078742721
NM,2022-07-23,5496064.251927401
NM,2022-07-30,5663179.423312385
NM,2022-08-06,7976747.154352401
NM,2022-08-13,7454216.557132968
NM,2022-08-20,6936111.351686822
NM,2022-08-27,6525566.755721619
NM,2022-09-03,7986256.302542166
NM,2022-09-10,8151977.533925484
NM,2022-09-17,7824163.023049949
NM,2022-09-24,7030823.091010379
NM,2022-10-01,7182440.238775315
NM,2022-10-08,7746943.028789324
NM,2022-10-15,8551078.53457889
NM,2022-10-22,8389946.360940535
NM,2022-10-29,7896293.604431587
NM,2022-11-05,8128577.671634099
NM,2022-11-12,7958147.114516486
NM,2022-11-19,7672011.108035251
NM,2022-11-26,6753136.738431463
NM,2022-12-03,8836394.254593698
NM,2022-12-10,7959739.065097353
NM,2022-12-17,8085410.285676998
NM,2022-12-24,7223257.355680737
NM,2022-12-31,6673687.159954414
NM,2023-01-07,11350610.833779814
NM,2023-01-14,9460931.761383219
NM,2023-01-21,9988194.866457786
NM,2023-01-28,9677430.503544563
NM,2023-02-04,13090097.85625926
NM,2023-02-11,12392484.092280274
NM,2023-02-18,11607758.352068359
NM,2023-02-25,11728700.139425196
NM,2023-03-04,17003174.839450482
NM,2023-03-11,15695235.050530447
NM,2023-03-18,15714844.027791616
NM,2023-03-25,13310600.752216743
NM,2023-04-01,13600538.248041637
NM,2023-04-08,11492385.661561275
NM,2023-04-15,10656224.894186066
NM,2023-04-22,9539200.31751807
NM,2023-04-29,10405830.908891661
NM,2023-05-06,15737240.196672928
NM,2023-05-13,15671529.942179257
NM,2023-05-20,14143468.898777142
NM,2023-05-27,12948739.70905625
NM,2023-06-03,16011005.586891636
NM,2023-06-10,10028463.577748748
NM,2023-06-17,9584342.378841866
NM,2023-06-24,9381902.563141074
NM,2023-07-01,9223361.492888834
NM,2023-07-08,11318727.214603817
NM,2023-07-15,11082299.74932645
NM,2023-07-22,9899816.600963555
NM,2023-07-29,8905812.881986136
NM,2023-08-05,8262407.18614241
NM,2023-08-12,9422912.340928597
NM,2023-08-19,9084043.112237336
NM,2023-08-26,8590186.07327181
NM,2023-09-02,8500637.126516057
NM,2023-09-09,7645095.140462701
NM,2023-09-16,8370809.217190834
NM,2023-09-23,7251484.419259134
NM,2023-09-30,6019334.648131621
NM,2023-10-07,7342584.92712876
NM,2023-10-14,6820536.704717391
NM,2023-10-21,6531024.20832977
NM,2023-10-28,7451183.394738931
NM,2023-11-04,6088880.018854108
NM,2023-11-11,5854717.324309919
NM,2023-11-18,6076368.769362954
NM,2023-11-25,5659539.872565347
NM,2023-12-02,5400529.486143311
NM,2023-12-09,6726592.96772928
NM,2023-12-16,6569817.106773201
NM,2023-12-23,7198216.780781669
NM,2023-12-30,6412410.196915402
NM,2024-01-06,7173781.713090584
NM,2024-01-13,7151926.601165747
NM,2024-01-20,6494399.998568068
NM,2024-01-27,11004740.804841153
NM,2024-02-03,10832932.570172826
NM,2024-02-10,9541225.820480434
NM,2024-02-17,8617299.629112363
NM,2024-02-24,8150179.411402046
NM,2024-03-02,8283883.645362108
NM,2024-03-09,12788528.651626578
NM,2024-03-16,14471892.938721094
NM,2024-03-23,12761582.407226827
NM,2024-03-30,11944466.324123032
NM,2024-04-06,13554309.807859845
NM,2024-04-13,14884314.57450527
NM,2024-04-20,13412665.375249092
NM,2024-04-27,11588137.90753892
NM,2024-05-04,17885654.34169371
NM,2024-05-11,17334537.498829357
NM,2024-05-18,16361434.73377388
NM,2024-05-25,13436143.045141391
NM,2024-06-01,14335755.948422672
NM,2024-06-08,17491940.87157476
NM,2024-06-15,15426303.965972206
NM,2024-08-31,101.28431078480565
NM,2024-09-07,36.745396353025555
NM,2024-09-14,24.42370409651333
NM,2024-09-21,18.46888531830707
NM,2024-09-28,46.67472290025438
NM,2024-10-05,28.938399004633972
NM,2024-10-12,9774077.197686601
NM,2024-10-19,6971862.05744805
NM,2024-10-26,6533057.002552316
NM,2024-11-02,6595188.239022952
NM,2024-11-09,7388334.014466775
NM,2024-11-16,3897420.519522311
NM,2024-11-23,3772188.65790371
NM,2024-11-30,3688967.016035821
NM,2024-12-07,3674524.539956266
NM,2024-12-14,3870510.9500778923
NM,2024-12-21,3813236.196494143
NM,2024-12-28,3773378.561381982
NM,2025-01-04,4169506.1443772046
NM,2025-01-11,3953647.4391216068
NM,2025-01-18,4154274.2174241836
NM,2025-01-25,3963565.306578025
NM,2025-02-01,3928720.122814985
NM,2025-02-08,3430647.3546632044
NM,2025-02-15,4240651.092013917
NM,2025-02-22,3500166.03082642
NM,2025-03-01,3526293.0923875393
NM,2025-03-08,4199096.307754008
NM,2025-03-15,4686237.078236246
NM,2025-03-22,4263023.252798513
NM,2025-03-29,4233592.820716053
NM,2025-04-05,4369638.669063492
NM,2025-04-12,3962043.605707024
NM,2025-04-19,3982588.5137702464
NM,2025-04-26,3721105.9774642065
NM,2025-05-03,4364976.835107036
NV,2019-01-26,1126747.0866944077
NV,2019-02-02,1058924.8358732203
NV,2019-02-09,1137734.1687300573
NV,2019-02-16,1080017.0031778787
NV,2019-02-23,1089920.599131615
NV,2019-03-02,1077542.8267798969
NV,2019-03-09,1272568.662653556
NV,2019-03-16,1266033.4052573838
NV,2019-03-23,1245454.519371881
NV,2019-03-30,1195994.6769467841
NV,2019-04-06,1278812.3607895095
NV,2019-04-13,1227078.5575664598
NV,2019-04-20,1207753.4553474102
NV,2019-04-27,1044173.40222977
NV,2019-05-04,2028248.3345302502
NV,2019-05-11,1828882.960016395
NV,2019-05-18,1711272.9004108848
NV,2019-05-25,1896139.7810495032
NV,2019-06-01,1712168.3627501961
NV,2019-06-08,2042988.2387820173
NV,2019-06-15,2280821.6852890844
NV,2019-06-22,1936554.61993298
NV,2019-06-29,1793234.7624226985
NV,2019-07-06,2311843.6287548174
NV,2019-07-13,2079457.4478614028
NV,2019-07-20,2176759.2436065567
NV,2019-07-27,2236813.869428283
NV,2019-08-03,2539153.5831543873
NV,2019-08-10,2285037.9407704445
NV,2019-08-17,2143127.676943601
NV,2019-08-24,2298446.331010054
NV,2019-08-31,2201913.5330928983
NV,2019-09-07,3171996.477116895
NV,2019-09-14,3177815.6683801105
NV,2019-09-21,2766163.9703282854
NV,2019-09-28,2502285.265774816
NV,2019-10-05,3107158.428377581
NV,2019-10-12,2568135.8200926655
NV,2019-10-19,2592268.14558785
NV,2019-10-26,2332757.6468689847
NV,2019-11-02,2300155.2325914637
NV,2019-11-09,2671080.5656959563
NV,2019-11-16,2508561.516075467
NV,2019-11-23,2425307.3189034583
NV,2019-11-30,2190849.565823369
NV,2019-12-07,2889298.365994962
NV,2019-12-14,2810297.284254291
NV,2019-12-21,2783915.2813814795
NV,2019-12-28,2445950.4245834784
NV,2020-01-04,3443865.1981413555
NV,2020-01-11,2616829.923385454
NV,2020-01-18,2399449.755324514
NV,2020-01-25,2497253.514482828
NV,2020-02-01,2350399.3452618606
NV,2020-02-08,3091883.8833396616
NV,2020-02-15,3164350.7560999123
NV,2020-02-22,2961351.158088302
NV,2020-02-29,2568227.175177941
NV,2020-03-07,3142807.216464945
NV,2020-03-14,2948537.0832986166
NV,2020-03-21,1812285.3969493199
NV,2020-03-28,1258872.6354615043
NV,2020-04-04,1439791.888123872
NV,2020-04-11,1367664.3205163332
NV,2020-04-18,1301734.7429145894
NV,2020-04-25,1446271.9313667996
NV,2020-05-02,1529035.403002814
NV,2020-05-09,1947010.9596578525
NV,2020-05-16,1926027.643007054
NV,2020-05-23,2049164.088259122
NV,2020-05-30,2166663.5142060206
NV,2020-06-06,2987734.784465061
NV,2020-06-13,3031583.5357426098
NV,2020-06-20,2913944.510784078
NV,2020-06-27,2654758.95102245
NV,2020-07-04,3216645.035334574
NV,2020-07-11,2898362.2869024165
NV,2020-07-18,2946932.7711701044
NV,2020-07-25,2906207.972673572
NV,2020-08-01,2870281.68030602
NV,2020-08-08,3051926.643701361
NV,2020-08-15,2877315.5852476913
NV,2020-08-22,2923955.750366101
NV,2020-08-29,2225693.330735238
NV,2020-09-05,2995602.980929264
NV,2020-09-12,2872502.1495775627
NV,2020-09-19,2746686.6975489557
NV,2020-09-26,2639288.447210238
NV,2020-10-03,3368330.5152051593
NV,2020-10-10,2967469.7618421633
NV,2020-10-17,2885696.872717704
NV,2020-10-24,2660240.677491049
NV,2020-10-31,2493787.5387213957
NV,2020-11-07,2579078.663908225
NV,2020-11-14,2252930.8879378056
NV,2020-11-21,2342728.8455419797
NV,2020-11-28,1936258.833472648
NV,2020-12-05,2419227.8333803057
NV,2020-12-12,2042883.8688292115
NV,2020-12-19,2255090.0576128056
NV,2020-12-26,2169592.8318669917
NV,2021-01-09,2497553.1194687583
NV,2021-01-16,2262792.994917371
NV,2021-01-23,2139462.6998457834
NV,2021-01-30,1834756.0586757213
NV,2021-02-06,2595305.4526468497
NV,2021-02-13,2530173.366960466
NV,2021-02-20,2385635.2262515984
NV,2021-02-27,2361946.828479318
NV,2021-03-06,2971418.342113424
NV,2021-03-13,2816997.3557398496
NV,2021-03-20,2952083.93810723
NV,2021-03-27,2795762.8710552338
NV,2021-04-03,3157126.8967907988
NV,2021-04-10,3082492.5973019106
NV,2021-04-17,2471406.644193765
NV,2021-04-24,2423088.266549146
NV,2021-05-01,2416999.3462234326
NV,2021-05-08,3262935.5929536303
NV,2021-05-15,2951083.1450203843
NV,2021-05-22,2550952.4375605015
NV,2021-05-29,2879108.3097082726
NV,2021-06-05,3664027.9704943085
NV,2021-06-12,3377088.4822863922
NV,2021-06-19,3295541.5641521947
NV,2021-06-26,3038224.7134110546
NV,2021-07-03,3949012.8374145837
NV,2021-07-10,3521244.2044347394
NV,2021-07-17,3378086.6007659435
NV,2021-07-24,3527758.6393730473
NV,2021-07-31,3342707.5212421045
NV,2021-08-07,3491695.063981814
NV,2021-08-14,3112500.0777156395
NV,2021-08-21,3128628.7652875697
NV,2021-08-28,2596503.5178895467
NV,2021-09-04,2999330.0912515586
NV,2021-09-11,2686896.3854073635
NV,2021-09-18,3053457.592929393
NV,2021-09-25,3177426.4764291057
NV,2021-10-02,3078734.152194701
NV,2021-10-09,3395593.225141887
NV,2021-10-16,3252053.3752590595
NV,2021-10-23,3007656.3057626514
NV,2021-10-30,2996989.629227468
NV,2021-11-06,3187456.7084756615
NV,2021-11-13,3189763.0777703687
NV,2021-11-20,2888634.8168133954
NV,2021-11-27,3030462.8517169678
NV,2021-12-04,3713414.4659622633
NV,2021-12-11,3137636.112550484
NV,2021-12-18,3242261.405848265
NV,2021-12-25,2920186.8682923606
NV,2022-01-01,2569406.885785135
NV,2022-01-08,3235182.0324790925
NV,2022-01-15,3178030.457050508
NV,2022-01-22,2914852.9775417005
NV,2022-01-29,2710397.463770086
NV,2022-02-05,3498301.063371791
NV,2022-02-12,3356941.0746314498
NV,2022-02-19,3817832.2985354234
NV,2022-02-26,3429914.7460645926
NV,2022-03-05,4016192.6406461787
NV,2022-03-12,3722756.950044178
NV,2022-03-19,3492700.4238174655
NV,2022-03-26,3474835.876535008
NV,2022-04-02,3117126.331500924
NV,2022-04-09,3476778.0532063753
NV,2022-04-16,3237207.9795120494
NV,2022-04-23,3381008.443477075
NV,2022-04-30,3185945.3081829455
NV,2022-05-07,3986493.013385644
NV,2022-05-14,3802915.031339129
NV,2022-05-21,3768149.427624456
NV,2022-05-28,4056179.1397891296
NV,2022-06-04,3722475.844137534
NV,2022-06-11,4111249.821927889
NV,2022-06-18,3408707.7057585646
NV,2022-06-25,2908041.0853660167
NV,2022-07-02,2929317.729843712
NV,2022-07-09,3351491.118299887
NV,2022-07-16,3314341.552108206
NV,2022-07-23,3304568.6627298957
NV,2022-07-30,3305253.0490638334
NV,2022-08-06,3694706.833933561
NV,2022-08-13,3612936.6067732135
NV,2022-08-20,3636567.3354488006
NV,2022-08-27,3517348.385072129
NV,2022-09-03,3878777.529100098
NV,2022-09-10,3669358.0024369117
NV,2022-09-17,3508478.068104352
NV,2022-09-24,3746881.8272411125
NV,2022-10-01,3330878.2907295753
NV,2022-10-08,4162173.090351361
NV,2022-10-15,3450060.010646235
NV,2022-10-22,3465417.1565467035
NV,2022-10-29,3350504.9999416163
NV,2022-11-05,3919951.787434416
NV,2022-11-12,3572567.2548083807
NV,2022-11-19,3699990.1535461284
NV,2022-11-26,3414217.1827123063
NV,2022-12-03,4092158.9830156253
NV,2022-12-10,3556773.1021900577
NV,2022-12-17,3604713.911089405
NV,2022-12-24,3144326.9080055947
NV,2022-12-31,2747645.0848497287
NV,2023-01-07,4179303.897936648
NV,2023-01-14,3893820.8900253987
NV,2023-01-21,3773789.704530732
NV,2023-01-28,3823036.0457974854
NV,2023-02-04,6695777.375807957
NV,2023-02-11,5963951.881450648
NV,2023-02-18,5588517.007544775
NV,2023-02-25,4875206.03920988
NV,2023-03-04,8600902.89777422
NV,2023-03-11,8241646.418922955
NV,2023-03-18,7925993.649812408
NV,2023-03-25,7807631.641738807
NV,2023-04-01,5900629.284537877
NV,2023-04-08,5550844.360087191
NV,2023-04-15,5624482.437540383
NV,2023-04-22,4397138.4880835675
NV,2023-04-29,4758456.140291868
NV,2023-05-06,8595775.375126654
NV,2023-05-13,9886238.805179046
NV,2023-05-20,8383562.592371124
NV,2023-05-27,6683424.425790571
NV,2023-06-03,10617974.387647457
NV,2023-06-10,6334620.404615626
NV,2023-06-17,6557255.355354912
NV,2023-06-24,6975201.972315579
NV,2023-07-01,4790720.647786625
NV,2023-07-08,5597261.565234264
NV,2023-07-15,5639376.819993429
NV,2023-07-22,4623517.691183829
NV,2023-07-29,3581922.978560858
NV,2023-08-05,3965096.7689285562
NV,2023-08-12,5425369.423981522
NV,2023-08-19,5097712.63515096
NV,2023-08-26,4377479.580541629
NV,2023-09-02,4662968.3351091845
NV,2023-09-09,3902097.5765977832
NV,2023-09-16,4563819.964282797
NV,2023-09-23,4079954.9015074084
NV,2023-09-30,3543985.8739392464
NV,2023-10-07,3548460.1132160574
NV,2023-10-14,3289473.6276423945
NV,2023-10-21,2656979.7156834207
NV,2023-10-28,3437148.6748767057
NV,2023-11-04,2476326.1392397303
NV,2023-11-11,2458343.242074395
NV,2023-11-18,2135822.9344830643
NV,2023-11-25,2373274.003924687
NV,2023-12-02,1921025.4345818995
NV,2023-12-09,2362658.398878666
NV,2023-12-16,2629382.1506029572
NV,2023-12-23,2444083.2677510018
NV,2023-12-30,2108054.6973547596
NV,2024-01-06,2587397.3615295417
NV,2024-01-13,2547906.2758080354
NV,2024-01-20,2316991.8465040587
NV,2024-01-27,7944021.066573083
NV,2024-02-03,8254362.284552785
NV,2024-02-10,6289784.518690369
NV,2024-02-17,5458114.191880998
NV,2024-02-24,4305996.445160328
NV,2024-03-02,4457543.292620669
NV,2024-03-09,9060200.183854215
NV,2024-03-16,9561093.662278717
NV,2024-03-23,9985078.558000974
NV,2024-03-30,8336538.831966931
NV,2024-04-06,11697605.167259268
NV,2024-04-13,10943895.095849896
NV,2024-04-20,8068339.424766354
NV,2024-04-27,6347779.7328346325
NV,2024-05-04,15218783.243380148
NV,2024-05-11,12026056.470697885
NV,2024-05-18,11075514.608109768
NV,2024-05-25,12118792.462720742
NV,2024-06-01,11674084.087198798
NV,2024-06-08,12060998.533917846
NV,2024-06-15,11995503.229647357
NV,2024-08-24,68.68882402485374
NV,2024-08-31,23.193000288997183
NV,2024-09-07,30.892972598129703
NV,2024-09-28,12.775751778314891
NV,2024-10-05,40.16255637784293
NV,2024-10-12,6489038.074122355
NV,2024-10-19,4094698.021059863
NV,2024-10-26,4388215.166848527
NV,2024-11-02,5135164.895437266
NV,2024-11-09,6234091.286236262
NV,2024-11-16,1797207.6952977874
NV,2024-11-23,1909176.0983304332
NV,2024-11-30,1814733.3021287932
NV,2024-12-07,1791777.2691566737
NV,2024-12-14,1735100.5270462327
NV,2024-12-21,1994119.1701585047
NV,2024-12-28,1887101.308249966
NV,2025-01-04,2123179.9845980275
NV,2025-01-11,1928248.3022071002
NV,2025-01-18,1916558.9530283497
NV,2025-01-25,1625078.9430269052
NV,2025-02-01,1645378.09563234
NV,2025-02-08,1688490.8735338016
NV,2025-02-15,1891224.1747437047
NV,2025-02-22,1709440.1217294314
NV,2025-03-01,1508794.1718037943
NV,2025-03-08,1579517.9394364723
NV,2025-03-15,1719887.377880524
NV,2025-03-22,1561790.9924175895
NV,2025-03-29,1668458.4384236035
NV,2025-04-05,1657443.818974456
NV,2025-04-12,1521206.1383205736
NV,2025-04-19,1525984.8546888083
NV,2025-04-26,1564528.1992738978
NV,2025-05-03,1790443.1707738196
NY,2019-01-26,3170038.4934678725
NY,2019-02-02,2998366.1069967505
NY,2019-02-09,3529674.9202243574
NY,2019-02-16,3388812.9705436323
NY,2019-02-23,2785792.6946151974
NY,2019-03-02,2741534.0983075034
NY,2019-03-09,3464321.7312399535
NY,2019-03-16,3469512.0766276307
NY,2019-03-23,3358615.4526746185
NY,2019-03-30,3351186.0303549482
NY,2019-04-06,3564392.2510031187
NY,2019-04-13,3260413.9965208336
NY,2019-04-20,3275516.5542204073
NY,2019-04-27,3416343.361196537
NY,2019-05-04,6218656.636967635
NY,2019-05-11,6285320.221967661
NY,2019-05-18,6185508.638265528
NY,2019-05-25,6420740.072608257
NY,2019-06-01,6272487.502152384
NY,2019-06-08,6463788.945452289
NY,2019-06-15,6357502.577139134
NY,2019-06-22,6448484.696719315
NY,2019-06-29,6573580.998569632
NY,2019-07-06,6828676.754464396
NY,2019-07-13,6952881.84811362
NY,2019-07-20,6464330.235274966
NY,2019-07-27,6243658.880265829
NY,2019-08-03,7839706.8219759585
NY,2019-08-10,7580684.246854527
NY,2019-08-17,7460006.700695491
NY,2019-08-24,7911508.30077595
NY,2019-08-31,7429692.804665594
NY,2019-09-07,9543318.255832314
NY,2019-09-14,9317944.96470884
NY,2019-09-21,8798264.837768367
NY,2019-09-28,8867536.798071189
NY,2019-10-05,10580453.517967422
NY,2019-10-12,8791992.465840131
NY,2019-10-19,8735334.699079867
NY,2019-10-26,8094472.938535512
NY,2019-11-02,7906694.197324768
NY,2019-11-09,8713622.974243661
NY,2019-11-16,8251821.293665355
NY,2019-11-23,7966479.720630508
NY,2019-11-30,6982191.0222401265
NY,2019-12-07,8749620.811708273
NY,2019-12-14,8961288.321893468
NY,2019-12-21,9285877.166822392
NY,2019-12-28,7087066.588592059
NY,2020-01-04,7724979.295591938
NY,2020-01-11,8321715.508978957
NY,2020-01-18,7356246.870144392
NY,2020-01-25,7570948.798606698
NY,2020-02-01,7617910.623719841
NY,2020-02-08,8965083.34763841
NY,2020-02-15,10072983.889212582
NY,2020-02-22,8211522.586214857
NY,2020-02-29,9043428.808278864
NY,2020-03-07,10555667.013296694
NY,2020-03-14,9448027.219462972
NY,2020-03-21,4942960.144907974
NY,2020-03-28,2502794.3407667587
NY,2020-04-04,3226314.040268217
NY,2020-04-11,3095138.7988594873
NY,2020-04-18,3227772.8733082283
NY,2020-04-25,3230582.2467743238
NY,2020-05-02,3639959.929685895
NY,2020-05-09,4827126.211227366
NY,2020-05-16,5045427.89102038
NY,2020-05-23,6553877.029745686
NY,2020-05-30,5383091.887811984
NY,2020-06-06,7478883.926764817
NY,2020-06-13,6657113.203798818
NY,2020-06-20,7070907.002351746
NY,2020-06-27,6265195.021269583
NY,2020-07-04,7717307.612566922
NY,2020-07-11,7112767.605364178
NY,2020-07-18,7416347.1998330625
NY,2020-07-25,7330173.698216046
NY,2020-08-01,7825672.821817607
NY,2020-08-08,8213117.483135635
NY,2020-08-15,7660169.85915019
NY,2020-08-22,7896357.5684684655
NY,2020-08-29,7397085.623404665
NY,2020-09-05,8954159.450836992
NY,2020-09-12,8893130.27675124
NY,2020-09-19,8088258.162312479
NY,2020-09-26,7995100.70747281
NY,2020-10-03,9471896.120301727
NY,2020-10-10,9296602.33835531
NY,2020-10-17,7797342.07110569
NY,2020-10-24,6621961.880685445
NY,2020-10-31,7103044.711121032
NY,2020-11-07,6887688.398439251
NY,2020-11-14,6158383.278415758
NY,2020-11-21,5589149.496961852
NY,2020-11-28,4950666.236801436
NY,2020-12-05,5993061.802188374
NY,2020-12-12,6305329.73595948
NY,2020-12-19,6008936.907730056
NY,2020-12-26,4814721.5278651565
NY,2021-01-09,6323939.24834205
NY,2021-01-16,5313893.065938805
NY,2021-01-23,5583417.442323418
NY,2021-01-30,4998670.640659383
NY,2021-02-06,5919622.2557427585
NY,2021-02-13,7009932.179002024
NY,2021-02-20,6333943.559239275
NY,2021-02-27,6778036.005589043
NY,2021-03-06,7755681.466167801
NY,2021-03-13,7567148.361029911
NY,2021-03-20,7279518.515418863
NY,2021-03-27,6300892.674555582
NY,2021-04-03,7771204.563106764
NY,2021-04-10,6752605.007352686
NY,2021-04-17,7267251.130002115
NY,2021-04-24,6956358.009211541
NY,2021-05-01,6602451.676947808
NY,2021-05-08,8010455.974238499
NY,2021-05-15,8804654.0356852
NY,2021-05-22,7603153.084281277
NY,2021-05-29,7903288.498382211
NY,2021-06-05,9637638.992419481
NY,2021-06-12,8493929.064803816
NY,2021-06-19,9007087.568946939
NY,2021-06-26,9202889.248229101
NY,2021-07-03,10383156.098422782
NY,2021-07-10,9127992.109093215
NY,2021-07-17,9741707.007070197
NY,2021-07-24,8717069.490070006
NY,2021-07-31,8353254.605527063
NY,2021-08-07,10729075.76067191
NY,2021-08-14,9229815.103590388
NY,2021-08-21,9450121.606265388
NY,2021-08-28,9249296.726695513
NY,2021-09-04,10621177.842139281
NY,2021-09-11,9194404.331334936
NY,2021-09-18,9003909.382496698
NY,2021-09-25,8376998.959528762
NY,2021-10-02,9423023.898978798
NY,2021-10-09,9375880.079156745
NY,2021-10-16,9192632.32524839
NY,2021-10-23,9434011.214203559
NY,2021-10-30,9410317.318412501
NY,2021-11-06,9566421.76123967
NY,2021-11-13,8881510.298759002
NY,2021-11-20,8642229.251890536
NY,2021-11-27,7775834.266247162
NY,2021-12-04,10545247.12705215
NY,2021-12-11,8936656.121851115
NY,2021-12-18,10228521.471029667
NY,2021-12-25,8023333.696799875
NY,2022-01-01,6952632.97603757
NY,2022-01-08,7274278.652184431
NY,2022-01-15,7535634.367062661
NY,2022-01-22,7868107.768140154
NY,2022-01-29,8098143.994382791
NY,2022-02-05,8735288.885199934
NY,2022-02-12,9613023.63061824
NY,2022-02-19,9051928.557501262
NY,2022-02-26,8666104.268038219
NY,2022-03-05,10116452.974429669
NY,2022-03-12,9968338.976442901
NY,2022-03-19,10457976.39735287
NY,2022-03-26,9897288.376182977
NY,2022-04-02,9048716.21146368
NY,2022-04-09,10440218.71357247
NY,2022-04-16,9466823.590187166
NY,2022-04-23,9813785.976363583
NY,2022-04-30,10390573.196009517
NY,2022-05-07,11230287.976708474
NY,2022-05-14,12526522.041329624
NY,2022-05-21,12018397.4816285
NY,2022-05-28,11780773.249642
NY,2022-06-04,11263258.859367324
NY,2022-06-11,11922666.298618224
NY,2022-06-18,9580158.0738534
NY,2022-06-25,8380817.1320661865
NY,2022-07-02,7696064.462173334
NY,2022-07-09,9117195.870513333
NY,2022-07-16,9121046.798996972
NY,2022-07-23,8511792.324969592
NY,2022-07-30,8828627.07279136
NY,2022-08-06,10773437.40646429
NY,2022-08-13,9266060.287942642
NY,2022-08-20,9299115.53907558
NY,2022-08-27,10180342.35934466
NY,2022-09-03,11423737.036056751
NY,2022-09-10,10472003.934747376
NY,2022-09-17,10007947.92393712
NY,2022-09-24,10283517.389613746
NY,2022-10-01,10191531.008037835
NY,2022-10-08,12237404.771859823
NY,2022-10-15,11982815.29473516
NY,2022-10-22,10651469.092465527
NY,2022-10-29,11558489.371522706
NY,2022-11-05,12190749.601052985
NY,2022-11-12,12387747.087379897
NY,2022-11-19,10390210.26821975
NY,2022-11-26,10585756.423194095
NY,2022-12-03,11738145.32975177
NY,2022-12-10,10870563.549447104
NY,2022-12-17,9714598.384476474
NY,2022-12-24,8603746.966999834
NY,2022-12-31,8242993.651184169
NY,2023-01-07,12481530.364460658
NY,2023-01-14,10482040.39572197
NY,2023-01-21,11699473.920047402
NY,2023-01-28,11462287.670560189
NY,2023-02-04,17933001.089251272
NY,2023-02-11,17093542.51642106
NY,2023-02-18,15705547.666953396
NY,2023-02-25,16705887.330787715
NY,2023-03-04,18562192.17699616
NY,2023-03-11,17029409.412550315
NY,2023-03-18,15147165.200589899
NY,2023-03-25,14092835.849431884
NY,2023-04-01,13439062.927774446
NY,2023-04-08,14560466.368627898
NY,2023-04-15,13092939.872614259
NY,2023-04-22,12913706.783393314
NY,2023-04-29,13023766.166800817
NY,2023-05-06,20709274.70184293
NY,2023-05-13,18171580.54973408
NY,2023-05-20,15564674.447847662
NY,2023-05-27,15376798.70735497
NY,2023-06-03,23435502.69513905
NY,2023-06-10,12652646.671730926
NY,2023-06-17,13786880.301918864
NY,2023-06-24,13378813.37080087
NY,2023-07-01,13038944.931099216
NY,2023-07-08,13572496.532686029
NY,2023-07-15,12708024.348586896
NY,2023-07-22,10247192.977424188
NY,2023-07-29,9187899.946253523
NY,2023-08-05,7728446.7123237895
NY,2023-08-12,8829668.57868768
NY,2023-08-19,8499408.45898681
NY,2023-08-26,7608931.849744359
NY,2023-09-02,8238142.5943256635
NY,2023-09-09,9363113.111905528
NY,2023-09-16,7552537.542124702
NY,2023-09-23,6300333.140925272
NY,2023-09-30,5869715.319118771
NY,2023-10-07,6651619.769253262
NY,2023-10-14,7453287.776822421
NY,2023-10-21,6057090.563101927
NY,2023-10-28,7507014.947971404
NY,2023-11-04,5960303.354086106
NY,2023-11-11,6664306.2360663945
NY,2023-11-18,5789143.508964845
NY,2023-11-25,5632095.461691884
NY,2023-12-02,5616121.273354903
NY,2023-12-09,5558101.465742508
NY,2023-12-16,5412634.951909362
NY,2023-12-23,5095517.442920101
NY,2023-12-30,4413638.323547773
NY,2024-01-06,6049544.118882429
NY,2024-01-13,6557921.0323750675
NY,2024-01-20,6080406.218629655
NY,2024-01-27,11215528.70893985
NY,2024-02-03,13303618.042852856
NY,2024-02-10,11419632.401505161
NY,2024-02-17,10728561.65499683
NY,2024-02-24,8542042.72728457
NY,2024-03-02,10543946.151557352
NY,2024-03-09,21824733.199793518
NY,2024-03-16,15482091.788739746
NY,2024-03-23,18158814.90842224
NY,2024-03-30,14106085.858104061
NY,2024-04-06,26823439.809688963
NY,2024-04-13,16671024.392714875
NY,2024-04-20,15215763.569148721
NY,2024-04-27,17154180.99309392
NY,2024-05-04,24935637.7943948
NY,2024-05-11,24394672.69688168
NY,2024-05-18,19783072.540373866
NY,2024-05-25,19932423.51609306
NY,2024-06-01,19147516.311926186
NY,2024-06-08,22377477.595718887
NY,2024-06-15,16552673.329422817
NY,2024-08-10,5.409531192309039
NY,2024-10-12,12529302.65890296
NY,2024-10-19,8531110.211751193
NY,2024-10-26,8880236.16562476
NY,2024-11-02,9874394.335996252
NY,2024-11-09,10781368.663133737
NY,2024-11-16,4361341.83629014
NY,2024-11-23,4367534.24806591
NY,2024-11-30,3669652.008863538
NY,2024-12-07,3953945.380799078
NY,2024-12-14,4470225.833904611
NY,2024-12-21,4246753.1000981135
NY,2024-12-28,3981954.0223176847
NY,2025-01-04,4331972.036059376
NY,2025-01-11,3876557.1689322866
NY,2025-01-18,3984371.363470811
NY,2025-01-25,3829225.0915544853
NY,2025-02-01,3801095.609608158
NY,2025-02-08,3727862.9715587683
NY,2025-02-15,4112144.952212198
NY,2025-02-22,3601282.0234086737
NY,2025-03-01,3293935.8147613807
NY,2025-03-08,3591706.9424046986
NY,2025-03-15,4018991.2914008843
NY,2025-03-22,3432263.0570581825
NY,2025-03-29,3628789.8452202
NY,2025-04-05,4399301.695246056
NY,2025-04-12,4057340.1828555935
NY,2025-04-19,3694619.8433746723
NY,2025-04-26,4275273.873785623
NY,2025-05-03,4552830.451268551
OH,2019-01-26,12684677.34602213
OH,2019-02-02,11986808.117660556
OH,2019-02-09,13933594.58081843
OH,2019-02-16,13147369.600205088
OH,2019-02-23,12040934.893647188
OH,2019-03-02,12959076.405796723
OH,2019-03-09,13573076.870500643
OH,2019-03-16,14089913.656876395
OH,2019-03-23,13259723.278656615
OH,2019-03-30,12772658.158484347
OH,2019-04-06,13515194.39182143
OH,2019-04-13,13940247.258381892
OH,2019-04-20,14387150.830380043
OH,2019-04-27,13995449.07234037
OH,2019-05-04,22335567.24449052
OH,2019-05-11,22709739.12823575
OH,2019-05-18,21584440.251547895
OH,2019-05-25,22222291.654338613
OH,2019-06-01,20996710.737984437
OH,2019-06-08,21124498.016634073
OH,2019-06-15,20708306.0713792
OH,2019-06-22,19705224.301377103
OH,2019-06-29,20425855.27358195
OH,2019-07-06,20964387.1223508
OH,2019-07-13,21794463.236182056
OH,2019-07-20,21050700.904650044
OH,2019-07-27,20318407.81431077
OH,2019-08-03,26067568.397607874
OH,2019-08-10,23466106.398611914
OH,2019-08-17,26422298.85616262
OH,2019-08-24,24630382.00001295
OH,2019-08-31,24129205.57353287
OH,2019-09-07,30620389.117658783
OH,2019-09-14,30568791.14713398
OH,2019-09-21,29947031.11052875
OH,2019-09-28,27854683.562336527
OH,2019-10-05,30492882.845821034
OH,2019-10-12,27806484.887701653
OH,2019-10-19,26148155.246354967
OH,2019-10-26,23824326.86923212
OH,2019-11-02,23643711.022780895
OH,2019-11-09,25202133.326586623
OH,2019-11-16,24389923.357857592
OH,2019-11-23,24566762.63871329
OH,2019-11-30,24253562.097194258
OH,2019-12-07,29724795.65165471
OH,2019-12-14,29530665.7264908
OH,2019-12-21,29731101.292882014
OH,2019-12-28,21209761.96063121
OH,2020-01-04,23028672.27063221
OH,2020-01-11,23591683.590448286
OH,2020-01-18,21867728.249512892
OH,2020-01-25,20239740.45035077
OH,2020-02-01,21382840.828875314
OH,2020-02-08,26158910.422159966
OH,2020-02-15,27334013.22096993
OH,2020-02-22,25103232.231326684
OH,2020-02-29,25814562.615211733
OH,2020-03-07,29053368.796381697
OH,2020-03-14,26150811.859940603
OH,2020-03-21,16211299.055823786
OH,2020-03-28,10516882.003986746
OH,2020-04-04,12115191.424154444
OH,2020-04-11,10951126.48562851
OH,2020-04-18,12172780.425364418
OH,2020-04-25,12861844.137381034
OH,2020-05-02,14037049.49542267
OH,2020-05-09,18064790.435055815
OH,2020-05-16,18736851.773981035
OH,2020-05-23,21856772.89070854
OH,2020-05-30,22394403.587433606
OH,2020-06-06,25525367.36239976
OH,2020-06-13,24461790.922107626
OH,2020-06-20,24243346.139766306
OH,2020-06-27,23741320.33234467
OH,2020-07-04,25178963.41757218
OH,2020-07-11,23951552.017301764
OH,2020-07-18,22940696.23408257
OH,2020-07-25,21879719.366871245
OH,2020-08-01,20736332.72060644
OH,2020-08-08,25945032.826707926
OH,2020-08-15,24338175.34867217
OH,2020-08-22,24893225.248354197
OH,2020-08-29,23318009.19495288
OH,2020-09-05,28575746.957895365
OH,2020-09-12,24767854.255272504
OH,2020-09-19,26128019.780022584
OH,2020-09-26,24277256.13243682
OH,2020-10-03,26672653.538402803
OH,2020-10-10,26143454.910728198
OH,2020-10-17,25154305.052033186
OH,2020-10-24,23720466.52150913
OH,2020-10-31,23802993.463343944
OH,2020-11-07,23494348.483272564
OH,2020-11-14,21158418.96546754
OH,2020-11-21,19045383.077963468
OH,2020-11-28,16879149.55823114
OH,2020-12-05,21549253.417103086
OH,2020-12-12,22888715.89183557
OH,2020-12-19,21923330.02384654
OH,2020-12-26,17444241.188939244
OH,2021-01-09,20210244.773902606
OH,2021-01-16,18688084.193948366
OH,2021-01-23,19421588.873208344
OH,2021-01-30,16530883.124804793
OH,2021-02-06,20057656.86990026
OH,2021-02-13,21944020.75477423
OH,2021-02-20,17960531.532195587
OH,2021-02-27,20524000.362754203
OH,2021-03-06,24834247.56461771
OH,2021-03-13,23043557.587787718
OH,2021-03-20,22525163.32791088
OH,2021-03-27,22156282.417937692
OH,2021-04-03,25500360.394290905
OH,2021-04-10,24384849.46469376
OH,2021-04-17,22169384.221767645
OH,2021-04-24,22499823.21549637
OH,2021-05-01,21857578.221174765
OH,2021-05-08,27144769.12183159
OH,2021-05-15,25823726.119041346
OH,2021-05-22,23145695.296541966
OH,2021-05-29,24491683.438725837
OH,2021-06-05,27232523.508885138
OH,2021-06-12,25027917.093475208
OH,2021-06-19,24871740.85495734
OH,2021-06-26,24113363.783290178
OH,2021-07-03,27891287.490967922
OH,2021-07-10,26928790.007815484
OH,2021-07-17,26762264.883585874
OH,2021-07-24,25680931.667939194
OH,2021-07-31,25304945.93732344
OH,2021-08-07,30744699.960460667
OH,2021-08-14,29646418.67219995
OH,2021-08-21,29602570.358517572
OH,2021-08-28,27861026.139792107
OH,2021-09-04,30253240.96979319
OH,2021-09-11,27457756.71884761
OH,2021-09-18,27789139.112862583
OH,2021-09-25,27049407.942265633
OH,2021-10-02,28113109.954447966
OH,2021-10-09,30161139.864226002
OH,2021-10-16,30186293.52959836
OH,2021-10-23,29476415.57624715
OH,2021-10-30,27693285.878899097
OH,2021-11-06,29973783.432650477
OH,2021-11-13,27917256.859027427
OH,2021-11-20,27508566.885773774
OH,2021-11-27,25183121.39069944
OH,2021-12-04,32456844.008765996
OH,2021-12-11,28111459.706825584
OH,2021-12-18,31195541.50358713
OH,2021-12-25,24869032.41020889
OH,2022-01-01,21513839.210601836
OH,2022-01-08,26280390.281264924
OH,2022-01-15,24030898.063209835
OH,2022-01-22,22075985.109963614
OH,2022-01-29,22723552.29254733
OH,2022-02-05,24049666.684878398
OH,2022-02-12,31571930.95422436
OH,2022-02-19,29387288.934021194
OH,2022-02-26,28458272.029781085
OH,2022-03-05,31563581.873711564
OH,2022-03-12,29115831.609203655
OH,2022-03-19,30881599.078754473
OH,2022-03-26,27651063.004820634
OH,2022-04-02,27112085.094372332
OH,2022-04-09,31893989.598673467
OH,2022-04-16,30470208.977200724
OH,2022-04-23,30998006.341688197
OH,2022-04-30,29929476.701503497
OH,2022-05-07,34407661.357561514
OH,2022-05-14,36310748.27766176
OH,2022-05-21,33609681.77883148
OH,2022-05-28,34796042.16799946
OH,2022-06-04,32491106.516433444
OH,2022-06-11,31408960.905045178
OH,2022-06-18,26338437.027253304
OH,2022-06-25,22506869.139905147
OH,2022-07-02,22847831.716709625
OH,2022-07-09,24311575.02382711
OH,2022-07-16,23443076.548120223
OH,2022-07-23,22390178.295845453
OH,2022-07-30,23347245.992380086
OH,2022-08-06,32473134.899743237
OH,2022-08-13,30951128.88950627
OH,2022-08-20,30801232.205191944
OH,2022-08-27,30825917.05882733
OH,2022-09-03,32666343.10252595
OH,2022-09-10,30804031.222443223
OH,2022-09-17,32186178.38259597
OH,2022-09-24,31604546.24245178
OH,2022-10-01,30052775.728663463
OH,2022-10-08,33746660.97223987
OH,2022-10-15,34243342.09605772
OH,2022-10-22,32472225.957876947
OH,2022-10-29,31299514.753462475
OH,2022-11-05,35606614.82154495
OH,2022-11-12,33002825.463535376
OH,2022-11-19,32009041.140355095
OH,2022-11-26,28089995.61402365
OH,2022-12-03,31936531.635827765
OH,2022-12-10,32238068.835949972
OH,2022-12-17,31626951.050155748
OH,2022-12-24,25262179.28520286
OH,2022-12-31,25180751.448750615
OH,2023-01-07,26876770.307064995
OH,2023-01-14,23927612.862057436
OH,2023-01-21,24930748.684065536
OH,2023-01-28,25524738.538934547
OH,2023-02-04,43790838.33140753
OH,2023-02-11,41827909.08444645
OH,2023-02-18,41898644.54033165
OH,2023-02-25,38245628.280906804
OH,2023-03-04,68859679.55920292
OH,2023-03-11,61728318.587536186
OH,2023-03-18,55397602.903904945
OH,2023-03-25,51327010.72277747
OH,2023-04-01,50557124.163831785
OH,2023-04-08,45804430.78930004
OH,2023-04-15,42723901.48523044
OH,2023-04-22,37916156.20480193
OH,2023-04-29,38106980.87353771
OH,2023-05-06,56038251.572102524
OH,2023-05-13,54827976.88734535
OH,2023-05-20,49577248.67435491
OH,2023-05-27,43435195.459362194
OH,2023-06-03,77464915.24926427
OH,2023-06-10,38721830.78530115
OH,2023-06-17,40209838.78577174
OH,2023-06-24,36155839.623439394
OH,2023-07-01,33280550.16224567
OH,2023-07-08,36105243.80684667
OH,2023-07-15,30751603.87074882
OH,2023-07-22,28762739.558318336
OH,2023-07-29,23989587.167977378
OH,2023-08-05,21961409.54840777
OH,2023-08-12,25818660.375384215
OH,2023-08-19,30822937.82798088
OH,2023-08-26,24102120.446555886
OH,2023-09-02,23448669.055610757
OH,2023-09-09,26046457.873379122
OH,2023-09-16,25141025.36845872
OH,2023-09-23,21433366.326393347
OH,2023-09-30,17834526.067632608
OH,2023-10-07,24632624.10411154
OH,2023-10-14,22754609.28143067
OH,2023-10-21,20835003.2455963
OH,2023-10-28,26268179.925015964
OH,2023-11-04,16563908.027688632
OH,2023-11-11,16549811.44037064
OH,2023-11-18,16332878.182802327
OH,2023-11-25,15470558.906894462
OH,2023-12-02,15218330.915481579
OH,2023-12-09,19676555.85154148
OH,2023-12-16,18400257.15114334
OH,2023-12-23,19279413.234565213
OH,2023-12-30,15753830.117170643
OH,2024-01-06,17110262.185241107
OH,2024-01-13,18183240.693685893
OH,2024-01-20,16942535.693317518
OH,2024-01-27,41807001.31492438
OH,2024-02-03,47182987.03891502
OH,2024-02-10,42180303.916202575
OH,2024-02-17,33223578.613947902
OH,2024-02-24,25428509.853706714
OH,2024-03-02,32310381.94361006
OH,2024-03-09,62202338.16980215
OH,2024-03-16,56356735.48973809
OH,2024-03-23,56581121.2792364
OH,2024-03-30,49416087.21103979
OH,2024-04-06,71130057.94257323
OH,2024-04-13,65549442.257539764
OH,2024-04-20,47066305.55826309
OH,2024-04-27,38695128.86462865
OH,2024-05-04,64375754.714379005
OH,2024-05-11,60643985.46191601
OH,2024-05-18,50887621.24368071
OH,2024-05-25,54212085.37244239
OH,2024-06-01,60779197.75045118
OH,2024-06-08,69121132.21229728
OH,2024-06-15,75323736.75728011
OH,2024-10-05,4.681865718468939
OH,2024-10-12,38980105.8776937
OH,2024-10-19,33131017.72075962
OH,2024-10-26,26620827.56750974
OH,2024-11-02,30452719.668853607
OH,2024-11-09,39874889.918498755
OH,2024-11-16,12368902.70466704
OH,2024-11-23,12361055.851894492
OH,2024-11-30,10862667.049171267
OH,2024-12-07,12684887.804848064
OH,2024-12-14,13701635.76881221
OH,2024-12-21,13209546.347154517
OH,2024-12-28,12156446.094865419
OH,2025-01-04,11258829.115066623
OH,2025-01-11,12108439.8947235
OH,2025-01-18,10952490.80236405
OH,2025-01-25,10797728.562830819
OH,2025-02-01,10007768.918726688
OH,2025-02-08,9887310.291421006
OH,2025-02-15,11318129.864853496
OH,2025-02-22,9928799.164399516
OH,2025-03-01,9970120.166273434
OH,2025-03-08,10979199.126850456
OH,2025-03-15,11660310.373147061
OH,2025-03-22,10497941.61522413
OH,2025-03-29,11293022.819559807
OH,2025-04-05,12148198.92451356
OH,2025-04-12,10896568.506439276
OH,2025-04-19,10776422.297628284
OH,2025-04-26,12415254.716335606
OH,2025-05-03,12455897.021319324
OK,2019-01-26,8247999.607812774
OK,2019-02-02,8143557.17580226
OK,2019-02-09,8625253.132586079
OK,2019-02-16,8851790.720594397
OK,2019-02-23,7926056.148538036
OK,2019-03-02,8306217.008476753
OK,2019-03-09,9343795.574426716
OK,2019-03-16,9786935.301647857
OK,2019-03-23,8434052.51793004
OK,2019-03-30,9294065.152224818
OK,2019-04-06,10149069.334608091
OK,2019-04-13,9448589.11436714
OK,2019-04-20,10189775.703085078
OK,2019-04-27,9730123.125558224
OK,2019-05-04,14993134.7347317
OK,2019-05-11,15139244.985387571
OK,2019-05-18,13631220.645437447
OK,2019-05-25,13892595.267472003
OK,2019-06-01,13286929.377702266
OK,2019-06-08,14172296.512244193
OK,2019-06-15,13822223.281211484
OK,2019-06-22,13328776.984217912
OK,2019-06-29,12734438.539186561
OK,2019-07-06,14592321.352703778
OK,2019-07-13,14494786.525846794
OK,2019-07-20,13486507.416419236
OK,2019-07-27,12884482.635811578
OK,2019-08-03,17561002.260237098
OK,2019-08-10,17608274.999177728
OK,2019-08-17,17431223.315978896
OK,2019-08-24,16367599.438219782
OK,2019-08-31,17557587.58783865
OK,2019-09-07,21922751.19304066
OK,2019-09-14,21902273.964547403
OK,2019-09-21,21366834.662654035
OK,2019-09-28,21673605.885429244
OK,2019-10-05,21717462.850352395
OK,2019-10-12,20428762.66066043
OK,2019-10-19,18735607.385319594
OK,2019-10-26,18322895.25222497
OK,2019-11-02,18222001.056109555
OK,2019-11-09,19100459.519344885
OK,2019-11-16,18264562.711615864
OK,2019-11-23,18026834.871074736
OK,2019-11-30,17438934.192278612
OK,2019-12-07,21643128.1150878
OK,2019-12-14,20580736.28911177
OK,2019-12-21,20521415.88610329
OK,2019-12-28,16445057.238721322
OK,2020-01-04,20588937.618127786
OK,2020-01-11,19226724.535681687
OK,2020-01-18,19220258.367476627
OK,2020-01-25,18932104.956321612
OK,2020-02-01,18427058.54709535
OK,2020-02-08,21215190.099686425
OK,2020-02-15,22257868.389858514
OK,2020-02-22,20413875.863163542
OK,2020-02-29,21539487.79227234
OK,2020-03-07,22629086.243341476
OK,2020-03-14,21689407.023967717
OK,2020-03-21,13082365.52991098
OK,2020-03-28,10998517.287713978
OK,2020-04-04,10676200.850427927
OK,2020-04-11,10243387.244843246
OK,2020-04-18,11084645.5059658
OK,2020-04-25,11861992.351236857
OK,2020-05-02,13398326.884853436
OK,2020-05-09,16335429.026916811
OK,2020-05-16,15098704.3569678
OK,2020-05-23,17237683.450176578
OK,2020-05-30,17334454.259432014
OK,2020-06-06,20606042.846414033
OK,2020-06-13,19650529.245810993
OK,2020-06-20,18793583.59975033
OK,2020-06-27,17770914.10891083
OK,2020-07-04,21261628.912518956
OK,2020-07-11,19618534.066081576
OK,2020-07-18,18680186.411791474
OK,2020-07-25,17295807.815414976
OK,2020-08-01,17982244.489912447
OK,2020-08-08,19737479.33601083
OK,2020-08-15,19606938.061471112
OK,2020-08-22,18711980.848271914
OK,2020-08-29,17863566.896250747
OK,2020-09-05,20244200.17563001
OK,2020-09-12,19042037.176961046
OK,2020-09-19,18581385.256273124
OK,2020-09-26,17981507.390659258
OK,2020-10-03,20613247.820734266
OK,2020-10-10,19513399.99368175
OK,2020-10-17,18385721.408790488
OK,2020-10-24,18285622.52215305
OK,2020-10-31,17285345.014789425
OK,2020-11-07,18930764.0218432
OK,2020-11-14,17563195.891142145
OK,2020-11-21,15939575.727890342
OK,2020-11-28,14004269.502992738
OK,2020-12-05,18055315.627508678
OK,2020-12-12,17487345.045632616
OK,2020-12-19,16638259.040397199
OK,2020-12-26,14676958.423252823
OK,2021-01-09,17498173.43343908
OK,2021-01-16,17235442.4400996
OK,2021-01-23,15950148.17925958
OK,2021-01-30,15926125.975743655
OK,2021-02-06,17653441.02005781
OK,2021-02-13,13978313.549902994
OK,2021-02-20,12109194.75609039
OK,2021-02-27,18442751.418133315
OK,2021-03-06,22453301.462902866
OK,2021-03-13,21418000.854986258
OK,2021-03-20,20238137.9520245
OK,2021-03-27,20079478.87133218
OK,2021-04-03,23017514.844558157
OK,2021-04-10,21782153.39679849
OK,2021-04-17,20316063.689957514
OK,2021-04-24,19373818.005124625
OK,2021-05-01,19757425.321738094
OK,2021-05-08,23652570.05501906
OK,2021-05-15,20657298.4268756
OK,2021-05-22,18967389.7191718
OK,2021-05-29,20502809.85352277
OK,2021-06-05,22759205.66094616
OK,2021-06-12,21444154.00051486
OK,2021-06-19,21311866.951329175
OK,2021-06-26,19781843.276193496
OK,2021-07-03,23267528.956327483
OK,2021-07-10,21689113.114848748
OK,2021-07-17,21425835.116072446
OK,2021-07-24,20424063.683461767
OK,2021-07-31,19564677.70774574
OK,2021-08-07,24096851.584930334
OK,2021-08-14,24199903.076202597
OK,2021-08-21,22174035.23786446
OK,2021-08-28,21241752.398960397
OK,2021-09-04,24276612.714605413
OK,2021-09-11,23883100.600609176
OK,2021-09-18,23113305.747520767
OK,2021-09-25,22566625.5924893
OK,2021-10-02,22094961.353823606
OK,2021-10-09,24728125.872593194
OK,2021-10-16,23827368.31408555
OK,2021-10-23,23249530.950757775
OK,2021-10-30,23437153.843133092
OK,2021-11-06,23360929.382443298
OK,2021-11-13,22865413.4582481
OK,2021-11-20,22210327.925890516
OK,2021-11-27,20361328.522338618
OK,2021-12-04,25073531.293813005
OK,2021-12-11,23619010.529822055
OK,2021-12-18,25318221.699607294
OK,2021-12-25,21352590.50073382
OK,2022-01-01,19640025.576217677
OK,2022-01-08,22656558.96220345
OK,2022-01-15,20359218.364351213
OK,2022-01-22,20134843.763377745
OK,2022-01-29,22216747.424836095
OK,2022-02-05,20326933.44501706
OK,2022-02-12,25096884.305928297
OK,2022-02-19,26114684.652839147
OK,2022-02-26,20550921.579340603
OK,2022-03-05,27041052.819731858
OK,2022-03-12,24723453.438820302
OK,2022-03-19,24214085.116552178
OK,2022-03-26,23688420.513086278
OK,2022-04-02,23703038.0886221
OK,2022-04-09,26735437.48480011
OK,2022-04-16,25376200.95616348
OK,2022-04-23,23818659.938286345
OK,2022-04-30,24760563.984408975
OK,2022-05-07,27092621.81194034
OK,2022-05-14,26457981.250297286
OK,2022-05-21,24780941.460025143
OK,2022-05-28,24200134.054144096
OK,2022-06-04,25517712.15779641
OK,2022-06-11,24085155.94675899
OK,2022-06-18,18950900.290068693
OK,2022-06-25,17278124.886984967
OK,2022-07-02,17433199.244188175
OK,2022-07-09,19222026.675510995
OK,2022-07-16,19205538.960785486
OK,2022-07-23,18666530.358413614
OK,2022-07-30,18788274.682623763
OK,2022-08-06,25047305.554732285
OK,2022-08-13,25138743.922514655
OK,2022-08-20,25347997.166096855
OK,2022-08-27,24477601.397024058
OK,2022-09-03,26512151.907929506
OK,2022-09-10,25013398.709048428
OK,2022-09-17,25414513.014273457
OK,2022-09-24,24003420.958230656
OK,2022-10-01,23850181.4916361
OK,2022-10-08,26443135.104515422
OK,2022-10-15,25599991.941625018
OK,2022-10-22,26638272.23439238
OK,2022-10-29,26348066.27505691
OK,2022-11-05,27530070.185539726
OK,2022-11-12,27432035.357243866
OK,2022-11-19,25142691.782981563
OK,2022-11-26,22664018.875245888
OK,2022-12-03,25684537.665940385
OK,2022-12-10,24971451.142909326
OK,2022-12-17,24978171.20907295
OK,2022-12-24,19807268.95870413
OK,2022-12-31,19733925.38575325
OK,2023-01-07,24226771.80142426
OK,2023-01-14,22244945.557365518
OK,2023-01-21,22078562.68260595
OK,2023-01-28,22544753.272087485
OK,2023-02-04,34780561.36976941
OK,2023-02-11,35140924.00690382
OK,2023-02-18,32795098.30879949
OK,2023-02-25,30245222.052734923
OK,2023-03-04,42209485.980353884
OK,2023-03-11,41043230.60520036
OK,2023-03-18,37862870.535293564
OK,2023-03-25,34597324.22708855
OK,2023-04-01,31848364.325968314
OK,2023-04-08,33951943.08467884
OK,2023-04-15,31381721.551831514
OK,2023-04-22,29579150.48863168
OK,2023-04-29,29396871.930929933
OK,2023-05-06,41662525.07896481
OK,2023-05-13,43362453.41308496
OK,2023-05-20,37805357.29374267
OK,2023-05-27,36265116.31514853
OK,2023-06-03,41271834.043035716
OK,2023-06-10,27779736.090632692
OK,2023-06-17,29027635.529818997
OK,2023-06-24,26562077.362115107
OK,2023-07-01,24180579.367324777
OK,2023-07-08,28085817.93399933
OK,2023-07-15,26360552.01638582
OK,2023-07-22,22793120.95275326
OK,2023-07-29,19913109.898464967
OK,2023-08-05,19667548.12105935
OK,2023-08-12,24671036.268799134
OK,2023-08-19,25755296.271841742
OK,2023-08-26,21850091.799348753
OK,2023-09-02,21831180.03245509
OK,2023-09-09,22392177.555930316
OK,2023-09-16,26982642.3256423
OK,2023-09-23,24125976.13669285
OK,2023-09-30,19899280.186246544
OK,2023-10-07,20427243.11037483
OK,2023-10-14,20348119.06131213
OK,2023-10-21,16123143.062244317
OK,2023-10-28,19368285.3462551
OK,2023-11-04,18363978.115524687
OK,2023-11-11,16995105.838011775
OK,2023-11-18,17451533.257741634
OK,2023-11-25,16623692.220157102
OK,2023-12-02,15952241.554790182
OK,2023-12-09,19572102.615590293
OK,2023-12-16,19047488.3644716
OK,2023-12-23,19411694.50846298
OK,2023-12-30,16876099.93663877
OK,2024-01-06,19776333.90901513
OK,2024-01-13,20449342.005911868
OK,2024-01-20,17758905.484216236
OK,2024-01-27,39566528.83517919
OK,2024-02-03,40392085.554421976
OK,2024-02-10,33586593.16026892
OK,2024-02-17,29892898.708082866
OK,2024-02-24,24610773.29708804
OK,2024-03-02,28897220.972750805
OK,2024-03-09,53890260.45692286
OK,2024-03-16,48222147.70739964
OK,2024-03-23,54519860.858370006
OK,2024-03-30,44512260.631872155
OK,2024-04-06,52258133.06764931
OK,2024-04-13,48819241.42155735
OK,2024-04-20,38362062.68280166
OK,2024-04-27,29625358.131254982
OK,2024-05-04,42969152.524724536
OK,2024-05-11,39831406.587785706
OK,2024-05-18,34229583.46503707
OK,2024-05-25,36942124.487622395
OK,2024-06-01,36268379.782353714
OK,2024-06-08,37228801.609484494
OK,2024-06-15,30437596.594323166
OK,2024-07-06,106.87362811759834
OK,2024-07-13,40.98813101563799
OK,2024-07-20,21.463539731648808
OK,2024-08-10,40.48526386690071
OK,2024-08-17,39.1684440335526
OK,2024-08-24,97.00845176536194
OK,2024-08-31,25.9675007362404
OK,2024-09-07,239.3505053493898
OK,2024-09-14,113.29396094084308
OK,2024-09-21,44.226113643312075
OK,2024-09-28,133.65909144048555
OK,2024-10-05,85.16046153948089
OK,2024-10-12,31259116.048311673
OK,2024-10-19,24648304.144874927
OK,2024-10-26,21115770.552143257
OK,2024-11-02,23409469.896810647
OK,2024-11-09,28903554.94207492
OK,2024-11-16,12609545.036454659
OK,2024-11-23,12428713.150259517
OK,2024-11-30,10942461.842619192
OK,2024-12-07,9258174.251024883
OK,2024-12-14,9916098.91451356
OK,2024-12-21,9577373.905555002
OK,2024-12-28,9060040.453659797
OK,2025-01-04,12087121.995060803
OK,2025-01-11,12570096.32590938
OK,2025-01-18,13532612.224445596
OK,2025-01-25,12358626.386604484
OK,2025-02-01,12515005.005750058
OK,2025-02-08,11160694.650357204
OK,2025-02-15,11649067.193898948
OK,2025-02-22,9971106.838800577
OK,2025-03-01,10392009.526491655
OK,2025-03-08,12304140.134108212
OK,2025-03-15,12997067.901545446
OK,2025-03-22,11593760.338479541
OK,2025-03-29,12783042.346656283
OK,2025-04-05,10969443.515245492
OK,2025-04-12,9938845.135823602
OK,2025-04-19,10541522.14677458
OK,2025-04-26,11368271.96644047
OK,2025-05-03,10772323.759274289
OR,2019-01-26,2084197.9188051315
OR,2019-02-02,1997857.9681115227
OR,2019-02-09,2252767.7345932038
OR,2019-02-16,2067239.5430885658
OR,2019-02-23,2130327.9191135173
OR,2019-03-02,1996596.2535357599
OR,2019-03-09,2420899.480761082
OR,2019-03-16,2323741.904038352
OR,2019-03-23,2301478.3256722707
OR,2019-03-30,2194127.676586728
OR,2019-04-06,2559630.279527863
OR,2019-04-13,2406283.266658534
OR,2019-04-20,2236217.224070775
OR,2019-04-27,2130030.353746355
OR,2019-05-04,4005641.913243027
OR,2019-05-11,3897643.8736082437
OR,2019-05-18,3476580.9419814125
OR,2019-05-25,3766475.406539019
OR,2019-06-01,3551089.781763753
OR,2019-06-08,3725995.694647639
OR,2019-06-15,4118362.8239366123
OR,2019-06-22,3809587.1168192932
OR,2019-06-29,3606115.2469664044
OR,2019-07-06,4391649.205767373
OR,2019-07-13,4266138.595390009
OR,2019-07-20,4020997.2275165147
OR,2019-07-27,3781527.691051164
OR,2019-08-03,4707788.173267552
OR,2019-08-10,5062350.868906333
OR,2019-08-17,4528952.208161983
OR,2019-08-24,4395673.2211063625
OR,2019-08-31,3912747.9496836998
OR,2019-09-07,5613016.424185485
OR,2019-09-14,4830005.551845715
OR,2019-09-21,5171276.938489227
OR,2019-09-28,5241059.009727214
OR,2019-10-05,5551043.197101824
OR,2019-10-12,5164842.508545059
OR,2019-10-19,5125567.057069476
OR,2019-10-26,4402220.358629989
OR,2019-11-02,4353042.065211503
OR,2019-11-09,5386837.347282828
OR,2019-11-16,4981084.070762766
OR,2019-11-23,4342077.832556517
OR,2019-11-30,4483151.141819763
OR,2019-12-07,5514434.579455442
OR,2019-12-14,5317945.040217532
OR,2019-12-21,5983771.186424128
OR,2019-12-28,4202068.31948203
OR,2020-01-04,5066891.214268506
OR,2020-01-11,5006570.342306716
OR,2020-01-18,4987765.1405053465
OR,2020-01-25,4709618.804665207
OR,2020-02-01,4709919.816947097
OR,2020-02-08,6483130.743421325
OR,2020-02-15,6617194.474386834
OR,2020-02-22,5897542.617733253
OR,2020-02-29,6022872.882313901
OR,2020-03-07,5910637.890289906
OR,2020-03-14,5627578.077871091
OR,2020-03-21,4200669.666089154
OR,2020-03-28,2457344.6222906173
OR,2020-04-04,2805342.718637434
OR,2020-04-11,2906397.1868317444
OR,2020-04-18,2871838.6081575532
OR,2020-04-25,2756349.7793036504
OR,2020-05-02,3244190.0214092014
OR,2020-05-09,4415937.212691355
OR,2020-05-16,3716727.3326328914
OR,2020-05-23,4691508.201928257
OR,2020-05-30,4885641.397073232
OR,2020-06-06,5636505.153407329
OR,2020-06-13,5240172.647364255
OR,2020-06-20,5551726.01020055
OR,2020-06-27,5169791.149189238
OR,2020-07-04,6306239.14643732
OR,2020-07-11,5351430.3421034925
OR,2020-07-18,5117558.564480896
OR,2020-07-25,4887813.901970965
OR,2020-08-01,5139620.611466436
OR,2020-08-08,5611856.657790431
OR,2020-08-15,5092474.840747436
OR,2020-08-22,5137086.850710551
OR,2020-08-29,5061393.129711433
OR,2020-09-05,5831496.257830895
OR,2020-09-12,4976700.332807477
OR,2020-09-19,5086364.346166976
OR,2020-09-26,4595633.793121379
OR,2020-10-03,5745938.304369535
OR,2020-10-10,5067894.294757061
OR,2020-10-17,4986395.08579204
OR,2020-10-24,4597956.439233157
OR,2020-10-31,4407990.98594993
OR,2020-11-07,4305331.213084238
OR,2020-11-14,4057946.5475524766
OR,2020-11-21,3518808.972785354
OR,2020-11-28,3247874.8387299096
OR,2020-12-05,3889921.7894524354
OR,2020-12-12,3496389.6318105618
OR,2020-12-19,4030846.5024947487
OR,2020-12-26,3289351.786602914
OR,2021-01-09,4363993.2655829545
OR,2021-01-16,4025698.2512270585
OR,2021-01-23,3942607.444212377
OR,2021-01-30,3794749.6781887054
OR,2021-02-06,4433814.442813785
OR,2021-02-13,4197500.783651055
OR,2021-02-20,3978353.4051226988
OR,2021-02-27,4546523.954161963
OR,2021-03-06,5598576.202636083
OR,2021-03-13,5246332.524508109
OR,2021-03-20,5360537.758259393
OR,2021-03-27,5891387.337018276
OR,2021-04-03,5482230.910523712
OR,2021-04-10,5412172.233510627
OR,2021-04-17,5700551.082969988
OR,2021-04-24,4563111.582030807
OR,2021-05-01,4628549.693149979
OR,2021-05-08,6559714.490630111
OR,2021-05-15,5990346.4455002155
OR,2021-05-22,5457682.124294381
OR,2021-05-29,5429164.89205767
OR,2021-06-05,6892455.49309729
OR,2021-06-12,5856426.834752614
OR,2021-06-19,6508665.791580198
OR,2021-06-26,5995910.822606341
OR,2021-07-03,8336568.560900594
OR,2021-07-10,6418274.9038534025
OR,2021-07-17,6371253.808971047
OR,2021-07-24,6203142.533273446
OR,2021-07-31,6288113.505441244
OR,2021-08-07,7534153.830522744
OR,2021-08-14,6597011.846317322
OR,2021-08-21,5577609.263050567
OR,2021-08-28,6106987.186966429
OR,2021-09-04,7050392.799191067
OR,2021-09-11,6288379.459580773
OR,2021-09-18,5618899.633828989
OR,2021-09-25,6158998.395660759
OR,2021-10-02,5366818.409531736
OR,2021-10-09,6564356.340967624
OR,2021-10-16,6046637.151898819
OR,2021-10-23,5771061.874293928
OR,2021-10-30,5884231.151537666
OR,2021-11-06,6001864.165825844
OR,2021-11-13,5315038.500420183
OR,2021-11-20,5750674.4255135795
OR,2021-11-27,5081664.615027757
OR,2021-12-04,6778184.547129482
OR,2021-12-11,5949219.505368425
OR,2021-12-18,6803610.40417588
OR,2021-12-25,5023934.337877645
OR,2022-01-01,4196110.4804136995
OR,2022-01-08,5265469.532246933
OR,2022-01-15,5948718.835662455
OR,2022-01-22,5536531.707312293
OR,2022-01-29,5462655.118233913
OR,2022-02-05,7057646.6475011865
OR,2022-02-12,6561395.7586471345
OR,2022-02-19,7125497.055093466
OR,2022-02-26,6115534.247383791
OR,2022-03-05,6940724.4581557
OR,2022-03-12,7387363.353007508
OR,2022-03-19,6779170.305807835
OR,2022-03-26,6202315.461960642
OR,2022-04-02,6798043.315043028
OR,2022-04-09,7338596.653259336
OR,2022-04-16,6299124.42565218
OR,2022-04-23,5988936.447279112
OR,2022-04-30,6277549.645782692
OR,2022-05-07,7333843.446847624
OR,2022-05-14,7250753.669111214
OR,2022-05-21,7162609.9952506395
OR,2022-05-28,7818480.954853531
OR,2022-06-04,7800730.848054896
OR,2022-06-11,7606006.439563496
OR,2022-06-18,6649060.087546237
OR,2022-06-25,5973680.92176527
OR,2022-07-02,5522883.166276489
OR,2022-07-09,6219310.447130215
OR,2022-07-16,5747507.557839474
OR,2022-07-23,5758865.810626212
OR,2022-07-30,5825519.76974339
OR,2022-08-06,7646326.403432992
OR,2022-08-13,7341604.4497585045
OR,2022-08-20,7300481.488768522
OR,2022-08-27,6448859.635246441
OR,2022-09-03,8037719.415662591
OR,2022-09-10,7145631.153313298
OR,2022-09-17,7244879.669351474
OR,2022-09-24,6977179.851669624
OR,2022-10-01,6900313.886712597
OR,2022-10-08,7826729.297089238
OR,2022-10-15,7360421.6641940605
OR,2022-10-22,7068019.331017531
OR,2022-10-29,6406836.413787816
OR,2022-11-05,7391169.2107436005
OR,2022-11-12,6580146.571378742
OR,2022-11-19,7431398.452618144
OR,2022-11-26,6245774.954455459
OR,2022-12-03,6765077.126952625
OR,2022-12-10,6802703.068471054
OR,2022-12-17,6566865.035018063
OR,2022-12-24,5292028.933214222
OR,2022-12-31,5563300.770809014
OR,2023-01-07,26579517.13247874
OR,2023-01-14,6624470.626973706
OR,2023-01-21,6826433.635185241
OR,2023-01-28,19840729.62259769
OR,2023-02-04,11219355.94585847
OR,2023-02-11,42649732.33552181
OR,2023-02-18,45820119.93923491
OR,2023-02-25,9934182.002414417
OR,2023-03-04,17261861.40955713
OR,2023-03-11,15393735.775985323
OR,2023-03-18,13519320.32218837
OR,2023-03-25,19780730.19025863
OR,2023-04-01,12321131.915116182
OR,2023-04-08,11471005.29750415
OR,2023-04-15,11741596.56648451
OR,2023-04-22,10524185.403812096
OR,2023-04-29,18565017.15132492
OR,2023-05-06,19360392.481461667
OR,2023-05-13,18546938.103769
OR,2023-05-20,15378335.821704103
OR,2023-05-27,26161479.334508754
OR,2023-06-03,22608832.835565265
OR,2023-06-10,11421816.242957102
OR,2023-06-17,10679713.37703539
OR,2023-06-24,11410086.190190393
OR,2023-07-01,8968257.188209739
OR,2023-07-08,12251100.833951244
OR,2023-07-15,13237495.714999495
OR,2023-07-22,10975993.180311099
OR,2023-07-29,8959478.890309386
OR,2023-08-05,7804030.8023912925
OR,2023-08-12,10379955.65758907
OR,2023-08-19,10641314.744332695
OR,2023-08-26,8539871.089055398
OR,2023-09-02,9077181.000544613
OR,2023-09-09,7159687.320307086
OR,2023-09-16,8126075.202186322
OR,2023-09-23,8174187.373070689
OR,2023-09-30,5445833.812028053
OR,2023-10-07,6174196.156948568
OR,2023-10-14,5324730.89899615
OR,2023-10-21,4821157.953505616
OR,2023-10-28,7296611.344029685
OR,2023-11-04,4405252.916036469
OR,2023-11-11,4457499.000934551
OR,2023-11-18,4539745.92974719
OR,2023-11-25,4374950.16899303
OR,2023-12-02,4035904.614876496
OR,2023-12-09,4586251.884020077
OR,2023-12-16,3991374.3282769322
OR,2023-12-23,4139654.2741205967
OR,2023-12-30,3744314.874470488
OR,2024-01-06,4299633.627779639
OR,2024-01-13,4584971.0846703835
OR,2024-01-20,4022926.281719775
OR,2024-01-27,10892654.888444368
OR,2024-02-03,10499814.921144005
OR,2024-02-10,8878236.999826431
OR,2024-02-17,7770805.36820046
OR,2024-02-24,5857350.708391302
OR,2024-03-02,7007472.447220203
OR,2024-03-09,18118615.02149975
OR,2024-03-16,17213943.98579053
OR,2024-03-23,17806853.817306902
OR,2024-03-30,19311651.958759177
OR,2024-04-06,23989873.629089635
OR,2024-04-13,21370117.879827816
OR,2024-04-20,15465139.668747941
OR,2024-04-27,11579121.55790343
OR,2024-05-04,24474391.508813746
OR,2024-05-11,22580051.222823307
OR,2024-05-18,19732378.510813937
OR,2024-05-25,16762358.555305647
OR,2024-06-01,18008347.689496245
OR,2024-06-08,23459721.34444813
OR,2024-06-15,18185726.098717112
OR,2024-06-29,119.3439466570999
OR,2024-08-24,18.61726781396874
OR,2024-09-07,53.239535825201955
OR,2024-09-28,65.2391228965684
OR,2024-10-05,62.32810794711103
OR,2024-10-12,16287889.405227682
OR,2024-10-19,9740831.884454368
OR,2024-10-26,8348319.523108998
OR,2024-11-02,10432269.733746873
OR,2024-11-09,15696196.05685504
OR,2024-11-16,3456453.354912123
OR,2024-11-23,3778745.6677895896
OR,2024-11-30,3171873.2245535296
OR,2024-12-07,3529082.032589417
OR,2024-12-14,3542838.1580745485
OR,2024-12-21,3757876.7440279755
OR,2024-12-28,3433367.7367855078
OR,2025-01-04,3313062.569499112
OR,2025-01-11,3125135.369594291
OR,2025-01-18,3196714.727690784
OR,2025-01-25,2715864.052017718
OR,2025-02-01,2809043.5633149026
OR,2025-02-08,2800226.037188438
OR,2025-02-15,2771374.1833844045
OR,2025-02-22,2873008.177736622
OR,2025-03-01,2720453.977096597
OR,2025-03-08,2907884.3625114723
OR,2025-03-15,3011570.6412538937
OR,2025-03-22,2542946.959738043
OR,2025-03-29,2686871.2004700005
OR,2025-04-05,3716009.1236296487
OR,2025-04-12,2685575.6956701707
OR,2025-04-19,3106362.0473116883
OR,2025-04-26,3500046.6280932403
OR,2025-05-03,4129948.534484642
PA,2019-01-26,4861210.4087940855
PA,2019-02-02,4822739.909613785
PA,2019-02-09,4967707.292106135
PA,2019-02-16,4598926.423935899
PA,2019-02-23,4351632.206086083
PA,2019-03-02,4509988.488497858
PA,2019-03-09,5530921.023547677
PA,2019-03-16,5048656.419242996
PA,2019-03-23,5118610.81612246
PA,2019-03-30,4885805.815318234
PA,2019-04-06,5485508.294589359
PA,2019-04-13,5477336.838381971
PA,2019-04-20,5572623.531502552
PA,2019-04-27,5245291.12381375
PA,2019-05-04,9070145.238379702
PA,2019-05-11,8450610.29582601
PA,2019-05-18,8685269.302948691
PA,2019-05-25,9153932.77534912
PA,2019-06-01,7713000.952026109
PA,2019-06-08,8635425.326282853
PA,2019-06-15,8797256.377698181
PA,2019-06-22,8407752.45025805
PA,2019-06-29,7839826.566123886
PA,2019-07-06,9045055.023562869
PA,2019-07-13,8679020.785367157
PA,2019-07-20,8478397.460998377
PA,2019-07-27,7897829.0353852315
PA,2019-08-03,11334073.610021247
PA,2019-08-10,10041568.46400333
PA,2019-08-17,9633985.58541037
PA,2019-08-24,10217797.45890282
PA,2019-08-31,10007979.358000295
PA,2019-09-07,14232759.054049889
PA,2019-09-14,12836758.694474492
PA,2019-09-21,13597410.63849102
PA,2019-09-28,12763708.135965677
PA,2019-10-05,14487249.178947372
PA,2019-10-12,12317218.965570236
PA,2019-10-19,11640110.744114792
PA,2019-10-26,11467141.46160127
PA,2019-11-02,11152594.710306514
PA,2019-11-09,11895589.071019538
PA,2019-11-16,12035407.531164933
PA,2019-11-23,10537367.48801498
PA,2019-11-30,11497779.345982742
PA,2019-12-07,13040565.132975668
PA,2019-12-14,13177200.274050368
PA,2019-12-21,13972218.029081665
PA,2019-12-28,10424178.265196761
PA,2020-01-04,10831611.959865306
PA,2020-01-11,11290765.94211198
PA,2020-01-18,10584326.867505793
PA,2020-01-25,11698846.849988634
PA,2020-02-01,11505122.987427624
PA,2020-02-08,12350552.429798586
PA,2020-02-15,13259516.053776667
PA,2020-02-22,12908325.501065107
PA,2020-02-29,13414094.623669688
PA,2020-03-07,14087365.461805265
PA,2020-03-14,12044061.79654282
PA,2020-03-21,7684324.716066557
PA,2020-03-28,4892325.4071954135
PA,2020-04-04,5467005.6723906
PA,2020-04-11,5076653.60404711
PA,2020-04-18,6116213.796749876
PA,2020-04-25,5115736.734080565
PA,2020-05-02,6142806.650667252
PA,2020-05-09,7872127.891482705
PA,2020-05-16,8609690.807800246
PA,2020-05-23,10134743.708938243
PA,2020-05-30,9074198.538400844
PA,2020-06-06,11416650.462352369
PA,2020-06-13,11885363.097691622
PA,2020-06-20,12094899.705782233
PA,2020-06-27,11071083.46681797
PA,2020-07-04,11675838.289867613
PA,2020-07-11,12423166.487696039
PA,2020-07-18,10820176.266289044
PA,2020-07-25,10546509.703552585
PA,2020-08-01,10440097.613707641
PA,2020-08-08,12222603.638540078
PA,2020-08-15,11945507.0358744
PA,2020-08-22,12403714.165565796
PA,2020-08-29,11395526.363096103
PA,2020-09-05,13837406.640959453
PA,2020-09-12,13052671.920070868
PA,2020-09-19,12182332.221499985
PA,2020-09-26,12877679.60659687
PA,2020-10-03,14540241.792220255
PA,2020-10-10,14330051.5252721
PA,2020-10-17,12646055.702389654
PA,2020-10-24,11772349.808687143
PA,2020-10-31,12072296.97242859
PA,2020-11-07,10949956.018968903
PA,2020-11-14,9675095.615115082
PA,2020-11-21,9275700.28887125
PA,2020-11-28,8111819.50333805
PA,2020-12-05,10761806.04359748
PA,2020-12-12,10055847.906686205
PA,2020-12-19,8423776.266905354
PA,2020-12-26,7014702.14415394
PA,2021-01-09,9777323.65203314
PA,2021-01-16,9500743.263752695
PA,2021-01-23,8651176.065498658
PA,2021-01-30,8607551.067954736
PA,2021-02-06,8116886.800087222
PA,2021-02-13,9647416.619634641
PA,2021-02-20,8638739.664598357
PA,2021-02-27,9754218.292108478
PA,2021-03-06,12429575.498801278
PA,2021-03-13,12118281.496898279
PA,2021-03-20,11042411.946739957
PA,2021-03-27,10306369.786043292
PA,2021-04-03,12995163.565225236
PA,2021-04-10,10703843.943476224
PA,2021-04-17,11465007.480082823
PA,2021-04-24,10859726.847544609
PA,2021-05-01,9847849.623618593
PA,2021-05-08,12141659.241628628
PA,2021-05-15,12328150.205025643
PA,2021-05-22,10336371.612921318
PA,2021-05-29,12037168.766376367
PA,2021-06-05,13919860.595116926
PA,2021-06-12,13438384.536570307
PA,2021-06-19,12736810.231200425
PA,2021-06-26,12318315.105394386
PA,2021-07-03,13841682.489507195
PA,2021-07-10,13878305.767067462
PA,2021-07-17,12593686.156084046
PA,2021-07-24,13684004.316468978
PA,2021-07-31,13997128.949145248
PA,2021-08-07,14206101.774535267
PA,2021-08-14,13398415.625876406
PA,2021-08-21,14629006.286742913
PA,2021-08-28,13060679.33518432
PA,2021-09-04,15133141.733521968
PA,2021-09-11,13415452.853148798
PA,2021-09-18,13395494.437492294
PA,2021-09-25,12483819.76022438
PA,2021-10-02,13046269.150844226
PA,2021-10-09,15073431.56000823
PA,2021-10-16,14604465.997843904
PA,2021-10-23,13980047.243734887
PA,2021-10-30,14486947.234577082
PA,2021-11-06,14494296.128388144
PA,2021-11-13,15644272.158168223
PA,2021-11-20,14621999.653737308
PA,2021-11-27,12154296.455671752
PA,2021-12-04,15562998.973031225
PA,2021-12-11,13182139.328055618
PA,2021-12-18,14784997.571443954
PA,2021-12-25,12087212.210232984
PA,2022-01-01,11055304.39345343
PA,2022-01-08,12640104.596842846
PA,2022-01-15,14182709.475513069
PA,2022-01-22,11193490.872401245
PA,2022-01-29,11300218.936852403
PA,2022-02-05,13084803.835138645
PA,2022-02-12,15782748.145782074
PA,2022-02-19,14768870.997890295
PA,2022-02-26,13196832.078527959
PA,2022-03-05,17086063.27742747
PA,2022-03-12,13776616.307675797
PA,2022-03-19,16534235.227186672
PA,2022-03-26,14455556.964297794
PA,2022-04-02,15698323.669612465
PA,2022-04-09,16956171.167563133
PA,2022-04-16,16327210.621800782
PA,2022-04-23,15778950.075433755
PA,2022-04-30,14942038.935040852
PA,2022-05-07,17060825.751494907
PA,2022-05-14,16864388.99153626
PA,2022-05-21,15148766.083764011
PA,2022-05-28,16471095.156089237
PA,2022-06-04,16634425.930304315
PA,2022-06-11,16083413.365566935
PA,2022-06-18,13416256.796481272
PA,2022-06-25,11472573.024332466
PA,2022-07-02,12710341.455696188
PA,2022-07-09,12479698.129960656
PA,2022-07-16,13551184.698321348
PA,2022-07-23,12263752.144082783
PA,2022-07-30,11683276.052323613
PA,2022-08-06,16780128.841719054
PA,2022-08-13,15593521.987629628
PA,2022-08-20,15395425.423742365
PA,2022-08-27,15595878.540264316
PA,2022-09-03,16972380.759919383
PA,2022-09-10,15155476.797156362
PA,2022-09-17,16765572.65908783
PA,2022-09-24,15657240.532035712
PA,2022-10-01,14039916.31849585
PA,2022-10-08,15878227.29552443
PA,2022-10-15,15896968.098267602
PA,2022-10-22,16123195.677608034
PA,2022-10-29,16278524.965016894
PA,2022-11-05,18561774.990391918
PA,2022-11-12,18370746.013498083
PA,2022-11-19,17172193.786769573
PA,2022-11-26,16382782.123290436
PA,2022-12-03,16256105.219934398
PA,2022-12-10,13913396.449379338
PA,2022-12-17,15623574.261384882
PA,2022-12-24,13358007.722235022
PA,2022-12-31,13085337.461149156
PA,2023-01-07,13593551.56530288
PA,2023-01-14,11480665.608914735
PA,2023-01-21,12732529.824072646
PA,2023-01-28,13111747.82552971
PA,2023-02-04,20864462.919150963
PA,2023-02-11,21454464.8018733
PA,2023-02-18,18988923.79783605
PA,2023-02-25,18553249.415869616
PA,2023-03-04,33547802.02315725
PA,2023-03-11,28736566.46248768
PA,2023-03-18,23727278.145096626
PA,2023-03-25,25229821.2655478
PA,2023-04-01,23586737.103443548
PA,2023-04-08,20540195.851625156
PA,2023-04-15,20835319.632446866
PA,2023-04-22,18519957.21525713
PA,2023-04-29,18451395.536609147
PA,2023-05-06,22179419.53611615
PA,2023-05-13,24297533.989168826
PA,2023-05-20,21092238.998813678
PA,2023-05-27,17858664.93530178
PA,2023-06-03,33594892.855963446
PA,2023-06-10,16049775.661748352
PA,2023-06-17,18668538.794792727
PA,2023-06-24,17529492.302715544
PA,2023-07-01,14197473.19088178
PA,2023-07-08,14918679.548723355
PA,2023-07-15,13889542.496620629
PA,2023-07-22,11551668.01105376
PA,2023-07-29,10812792.11851667
PA,2023-08-05,8857545.827835169
PA,2023-08-12,10870597.176621255
PA,2023-08-19,10951200.566111574
PA,2023-08-26,9714887.723771842
PA,2023-09-02,9360015.193964537
PA,2023-09-09,11355715.505065726
PA,2023-09-16,10194677.757058172
PA,2023-09-23,9221284.954832025
PA,2023-09-30,7381694.438790709
PA,2023-10-07,9788634.039788602
PA,2023-10-14,8617815.780512828
PA,2023-10-21,8009185.676419477
PA,2023-10-28,10325788.680126771
PA,2023-11-04,7352612.71581148
PA,2023-11-11,7518374.032285431
PA,2023-11-18,8077171.312393122
PA,2023-11-25,7559137.578749381
PA,2023-12-02,7919894.067082655
PA,2023-12-09,8530379.188155653
PA,2023-12-16,8197374.509403816
PA,2023-12-23,8244127.674166794
PA,2023-12-30,6940563.494247218
PA,2024-01-06,7657426.734957552
PA,2024-01-13,8803486.744163636
PA,2024-01-20,7158035.809601924
PA,2024-01-27,14772334.62111789
PA,2024-02-03,18561454.092105124
PA,2024-02-10,16723513.923604382
PA,2024-02-17,13541956.412338134
PA,2024-02-24,11095067.43703752
PA,2024-03-02,12845830.793738611
PA,2024-03-09,28881973.747808848
PA,2024-03-16,22468791.748981364
PA,2024-03-23,23174066.001395248
PA,2024-03-30,21276336.234143827
PA,2024-04-06,27801498.391064957
PA,2024-04-13,32112928.56736882
PA,2024-04-20,23339429.883939233
PA,2024-04-27,17785833.107658345
PA,2024-05-04,30611737.992441997
PA,2024-05-11,26998323.32838151
PA,2024-05-18,23382385.9338246
PA,2024-05-25,21762179.583925433
PA,2024-06-01,25224819.981051758
PA,2024-06-08,25487958.603470467
PA,2024-06-15,25260144.4564126
PA,2024-10-12,17647733.223571587
PA,2024-10-19,13463031.913509391
PA,2024-10-26,11688234.522718588
PA,2024-11-02,13269397.792134652
PA,2024-11-09,16949461.144291352
PA,2024-11-16,5311825.01323683
PA,2024-11-23,5342981.405286472
PA,2024-11-30,4936255.805833208
PA,2024-12-07,5378798.075332292
PA,2024-12-14,5603125.135913631
PA,2024-12-21,5416747.531927315
PA,2024-12-28,5291543.470205216
PA,2025-01-04,4799086.460736529
PA,2025-01-11,4504712.939637639
PA,2025-01-18,4200954.8351243045
PA,2025-01-25,4489197.681614529
PA,2025-02-01,4473182.064249996
PA,2025-02-08,4923206.235347922
PA,2025-02-15,5224087.022057399
PA,2025-02-22,4762384.689579943
PA,2025-03-01,4559339.420909917
PA,2025-03-08,4931167.704259425
PA,2025-03-15,5034407.518008426
PA,2025-03-22,4397356.23880996
PA,2025-03-29,5235626.689069446
PA,2025-04-05,5876528.845532113
PA,2025-04-12,5182979.554478034
PA,2025-04-19,5818781.547257139
PA,2025-04-26,5807715.863500298
PA,2025-05-03,5948452.675609062
RI,2019-01-26,124262.05770329732
RI,2019-02-02,107300.55507291407
RI,2019-02-09,99639.06971007107
RI,2019-02-16,86972.73554811614
RI,2019-02-23,66425.588563328
RI,2019-03-02,128047.50638140769
RI,2019-03-09,110361.60698537342
RI,2019-03-16,97801.51802755255
RI,2019-03-23,168787.16574887588
RI,2019-03-30,89333.32141538135
RI,2019-04-06,98229.63391196671
RI,2019-04-13,99699.46116691489
RI,2019-04-20,119187.54655953859
RI,2019-04-27,194236.07795805018
RI,2019-05-04,255768.9185845263
RI,2019-05-11,224373.68611087502
RI,2019-05-18,260354.50467363634
RI,2019-05-25,265269.9376907706
RI,2019-06-01,214210.94086192283
RI,2019-06-08,244803.16708061378
RI,2019-06-15,381780.4646829537
RI,2019-06-22,374525.1155272198
RI,2019-06-29,251587.45534479327
RI,2019-07-06,401278.8178510105
RI,2019-07-13,340568.49140824174
RI,2019-07-20,298835.8155082742
RI,2019-07-27,150620.81671572934
RI,2019-08-03,645965.3081308209
RI,2019-08-10,428346.71705965925
RI,2019-08-17,422002.0375358521
RI,2019-08-24,424332.3297024391
RI,2019-08-31,370207.16541926167
RI,2019-09-07,491614.4557574482
RI,2019-09-14,626318.2205924565
RI,2019-09-21,382868.74158821127
RI,2019-09-28,388410.6487412985
RI,2019-10-05,447287.18178201467
RI,2019-10-12,424679.7233672307
RI,2019-10-19,382606.2759741092
RI,2019-10-26,254544.47554604438
RI,2019-11-02,279943.51405641105
RI,2019-11-09,317361.85162452096
RI,2019-11-16,260315.61488896568
RI,2019-11-23,308051.5032966526
RI,2019-11-30,274218.087467743
RI,2019-12-07,241915.11965899405
RI,2019-12-14,223765.12766313134
RI,2019-12-21,321336.175855904
RI,2019-12-28,180267.9893129975
RI,2020-01-04,135145.46079629884
RI,2020-01-11,279496.1403158146
RI,2020-01-18,217766.39583691006
RI,2020-01-25,223024.47287011083
RI,2020-02-01,176376.768119892
RI,2020-02-08,416207.84481546166
RI,2020-02-15,362006.81870670436
RI,2020-02-22,289298.25278875325
RI,2020-02-29,278807.090110638
RI,2020-03-07,280986.8787180419
RI,2020-03-14,372354.2463974355
RI,2020-03-21,132587.06015953486
RI,2020-03-28,67099.49571047163
RI,2020-04-04,72406.27742645693
RI,2020-04-11,66819.23977695471
RI,2020-04-18,83785.59075629375
RI,2020-04-25,62159.82362856204
RI,2020-05-02,88531.0395685115
RI,2020-05-09,231890.91481507226
RI,2020-05-16,172231.84849190334
RI,2020-05-23,203302.1887105046
RI,2020-05-30,188013.62530547808
RI,2020-06-06,312625.9548144526
RI,2020-06-13,269120.0803708991
RI,2020-06-20,414950.8163410456
RI,2020-06-27,367007.4804531863
RI,2020-07-04,371122.9981738717
RI,2020-07-11,263301.85827258846
RI,2020-07-18,287437.7073023374
RI,2020-07-25,459457.8420299766
RI,2020-08-01,323526.8192984357
RI,2020-08-08,241300.10965871994
RI,2020-08-15,282732.98312874354
RI,2020-08-22,182254.4708626294
RI,2020-08-29,517380.60576297325
RI,2020-09-05,295782.66518641554
RI,2020-09-12,276024.83973525243
RI,2020-09-19,284226.3096653164
RI,2020-09-26,331408.5962058227
RI,2020-10-03,331489.61564830923
RI,2020-10-10,244366.0229796362
RI,2020-10-17,319797.6083869986
RI,2020-10-24,198498.7030881579
RI,2020-10-31,158310.98080082933
RI,2020-11-07,160134.81189410528
RI,2020-11-14,227359.75269456775
RI,2020-11-21,168995.46735961252
RI,2020-11-28,142102.13207860244
RI,2020-12-05,111342.04694884509
RI,2020-12-12,137547.76176377267
RI,2020-12-19,156013.54653096845
RI,2020-12-26,85879.39311214107
RI,2021-01-09,216510.2529653715
RI,2021-01-16,139581.28234449608
RI,2021-01-23,133138.04603310605
RI,2021-01-30,121979.50934719657
RI,2021-02-06,181817.185696673
RI,2021-02-13,161890.44277929998
RI,2021-02-20,140445.8577082078
RI,2021-02-27,148798.6293103663
RI,2021-03-06,331322.8382905577
RI,2021-03-13,139552.27221576855
RI,2021-03-20,213726.2173970898
RI,2021-03-27,201633.62346616192
RI,2021-04-03,183723.918455383
RI,2021-04-10,171727.9574854981
RI,2021-04-17,181256.6317726569
RI,2021-04-24,321564.22279154876
RI,2021-05-01,290974.1778905192
RI,2021-05-08,431482.5384128472
RI,2021-05-15,186508.97003684344
RI,2021-05-22,203377.71241797638
RI,2021-05-29,236082.38788527655
RI,2021-06-05,287217.1620345492
RI,2021-06-12,323543.8107116466
RI,2021-06-19,237053.31329029673
RI,2021-06-26,397337.1790226338
RI,2021-07-03,439998.3066987474
RI,2021-07-10,301845.830457988
RI,2021-07-17,351883.3094707703
RI,2021-07-24,380640.48247805267
RI,2021-07-31,377105.6930808974
RI,2021-08-07,392996.5322193794
RI,2021-08-14,300059.5260055001
RI,2021-08-21,331741.7733119639
RI,2021-08-28,446182.91482988157
RI,2021-09-04,282944.355487487
RI,2021-09-11,278851.06441225874
RI,2021-09-18,277898.23230804474
RI,2021-09-25,265059.287941034
RI,2021-10-02,396635.7462079811
RI,2021-10-09,185744.05853349576
RI,2021-10-16,333596.12634733744
RI,2021-10-23,371426.1943873508
RI,2021-10-30,275717.1295445801
RI,2021-11-06,450459.39576437953
RI,2021-11-13,304486.26658116945
RI,2021-11-20,346279.36354870844
RI,2021-11-27,146928.5593764261
RI,2021-12-04,352269.31489061966
RI,2021-12-11,524324.7406844245
RI,2021-12-18,250446.65727914186
RI,2021-12-25,196015.00922805083
RI,2022-01-01,141428.55002049817
RI,2022-01-08,375158.5089752055
RI,2022-01-15,193854.86223361932
RI,2022-01-22,189360.308608382
RI,2022-01-29,146556.84704505955
RI,2022-02-05,192428.52456580117
RI,2022-02-12,250113.6184280657
RI,2022-02-19,393380.6811127598
RI,2022-02-26,283379.3542642494
RI,2022-03-05,223713.42537791227
RI,2022-03-12,360903.44073323975
RI,2022-03-19,289163.26283369807
RI,2022-03-26,222440.15592771873
RI,2022-04-02,267779.69880005816
RI,2022-04-09,671136.5578731284
RI,2022-04-16,333170.53768655914
RI,2022-04-23,195717.99861345906
RI,2022-04-30,317777.75688330416
RI,2022-05-07,482764.5988648566
RI,2022-05-14,568207.0756521784
RI,2022-05-21,404510.7005667723
RI,2022-05-28,307439.9834006891
RI,2022-06-04,559187.7407405027
RI,2022-06-11,393181.4413113237
RI,2022-06-18,281977.4917271271
RI,2022-06-25,251939.87344776915
RI,2022-07-02,347702.6872409755
RI,2022-07-09,286933.90512588876
RI,2022-07-16,633745.7930584193
RI,2022-07-23,425214.2083228202
RI,2022-07-30,643084.0273464856
RI,2022-08-06,511797.6917246282
RI,2022-08-13,255050.248541339
RI,2022-08-20,491132.1655721321
RI,2022-08-27,305654.48370196915
RI,2022-09-03,542908.8057470502
RI,2022-09-10,301161.746587129
RI,2022-09-17,219575.16125050475
RI,2022-09-24,301790.8458407977
RI,2022-10-01,260393.9215185963
RI,2022-10-08,383231.8592003042
RI,2022-10-15,353692.6320820079
RI,2022-10-22,607254.4460519794
RI,2022-10-29,258831.1048522536
RI,2022-11-05,406148.72891131375
RI,2022-11-12,517412.6424809721
RI,2022-11-19,339168.3546599719
RI,2022-11-26,299902.5414873687
RI,2022-12-03,305062.49286351
RI,2022-12-10,234116.7428153009
RI,2022-12-17,432802.73082917026
RI,2022-12-24,151257.45752709062
RI,2022-12-31,224081.3162471578
RI,2023-01-07,520761.2641154551
RI,2023-01-14,585432.9713517429
RI,2023-01-21,474606.8518277028
RI,2023-01-28,538914.0859457597
RI,2023-02-04,1023221.4627585047
RI,2023-02-11,542010.2627172996
RI,2023-02-18,483916.6521540108
RI,2023-02-25,412884.94338723796
RI,2023-03-04,1175289.9896240425
RI,2023-03-11,787550.5562098306
RI,2023-03-18,1126944.6450970122
RI,2023-03-25,722182.4307652825
RI,2023-04-01,500749.58014284226
RI,2023-04-08,670308.756389912
RI,2023-04-15,885031.8243133982
RI,2023-04-22,620358.1486403068
RI,2023-04-29,475792.1696760498
RI,2023-05-06,658672.8967152289
RI,2023-05-13,873727.7917589137
RI,2023-05-20,669894.1505176335
RI,2023-05-27,451231.5145799818
RI,2023-06-03,1134502.344690606
RI,2023-06-10,1100906.4817852078
RI,2023-06-17,695511.0703620054
RI,2023-06-24,488912.16500685643
RI,2023-07-01,588066.280071911
RI,2023-07-08,741929.6111274802
RI,2023-07-15,501013.2069463146
RI,2023-07-22,348395.2045549478
RI,2023-07-29,433840.3122974329
RI,2023-08-05,394003.212447801
RI,2023-08-12,608350.8663617976
RI,2023-08-19,627761.7906538273
RI,2023-08-26,450480.5888829814
RI,2023-09-02,355154.303572846
RI,2023-09-09,519744.63536869944
RI,2023-09-16,432344.68467302946
RI,2023-09-23,531588.0252179469
RI,2023-09-30,310592.66066723794
RI,2023-10-07,388628.6554870765
RI,2023-10-14,303625.7167895455
RI,2023-10-21,304530.36663793976
RI,2023-10-28,461765.79526599153
RI,2023-11-04,295570.30151906866
RI,2023-11-11,215793.85872644972
RI,2023-11-18,232144.00872380025
RI,2023-11-25,259036.50486573522
RI,2023-12-02,192367.5284511558
RI,2023-12-09,238700.5546920666
RI,2023-12-16,210561.9975583132
RI,2023-12-23,252383.04080136667
RI,2023-12-30,140597.87457725356
RI,2024-01-06,273236.92013870215
RI,2024-01-13,308761.8463518282
RI,2024-01-20,156609.4593859446
RI,2024-01-27,485351.3178016586
RI,2024-02-03,432393.41232756875
RI,2024-02-10,307714.678669838
RI,2024-02-17,328796.76216182025
RI,2024-02-24,243821.2018247674
RI,2024-03-02,1391340.9732931845
RI,2024-03-09,770673.8696076601
RI,2024-03-16,540963.5772016869
RI,2024-03-23,844459.3786040343
RI,2024-03-30,549097.2734994168
RI,2024-04-06,608485.2689212692
RI,2024-04-13,1072592.3692467697
RI,2024-04-20,451448.6307781773
RI,2024-04-27,624665.0683533618
RI,2024-05-04,1091165.223848409
RI,2024-05-11,493664.4977267146
RI,2024-05-18,830624.8596125867
RI,2024-05-25,465999.5593507427
RI,2024-06-01,568579.7340344992
RI,2024-06-08,502740.73397973104
RI,2024-06-15,626479.1333617351
RI,2024-10-12,288258.6189218234
RI,2024-10-19,256014.36952790502
RI,2024-10-26,218324.7384081948
RI,2024-11-02,294664.123274687
RI,2024-11-09,652055.2461716427
RI,2024-11-16,198159.03671095954
RI,2024-11-23,209056.96677171323
RI,2024-11-30,169510.4994032592
RI,2024-12-07,139941.83039583737
RI,2024-12-14,129715.1711117506
RI,2024-12-21,111660.07949911978
RI,2024-12-28,129558.84474469147
RI,2025-01-04,183025.1539120245
RI,2025-01-11,214991.69029956884
RI,2025-01-18,183920.36067593182
RI,2025-01-25,105951.1397681475
RI,2025-02-01,143538.29931407122
RI,2025-02-08,114518.30991625982
RI,2025-02-15,143281.96975567148
RI,2025-02-22,126494.40021320348
RI,2025-03-01,147689.922215937
RI,2025-03-08,224013.59868644638
RI,2025-03-15,159114.56267045173
RI,2025-03-22,139287.69657122347
RI,2025-03-29,183164.39134695797
RI,2025-04-05,154240.50275262693
RI,2025-04-12,300642.2045260594
RI,2025-04-19,147236.39831481522
RI,2025-04-26,195702.89259690465
RI,2025-05-03,221820.1591508819
SC,2019-01-26,4441380.792034696
SC,2019-02-02,4504987.423341563
SC,2019-02-09,4865075.037726775
SC,2019-02-16,4661008.110457681
SC,2019-02-23,4313962.019356923
SC,2019-03-02,4629778.7945751
SC,2019-03-09,4853211.128895537
SC,2019-03-16,4652137.144907045
SC,2019-03-23,4592979.921140679
SC,2019-03-30,4884320.790146494
SC,2019-04-06,4835718.292918631
SC,2019-04-13,4615095.76093273
SC,2019-04-20,4454543.444402594
SC,2019-04-27,4531145.625214142
SC,2019-05-04,8195509.758875994
SC,2019-05-11,7189433.630658016
SC,2019-05-18,7254870.510188137
SC,2019-05-25,7238679.014492149
SC,2019-06-01,6509407.969853327
SC,2019-06-08,7602042.6527174
SC,2019-06-15,7918247.395195303
SC,2019-06-22,6937567.345352842
SC,2019-06-29,6499716.190010411
SC,2019-07-06,7098762.8089389745
SC,2019-07-13,7333092.870523074
SC,2019-07-20,7208123.2609715955
SC,2019-07-27,6807798.466835607
SC,2019-08-03,10044156.486413207
SC,2019-08-10,8464550.64212372
SC,2019-08-17,8930980.267352017
SC,2019-08-24,8875470.698234454
SC,2019-08-31,8248979.262823908
SC,2019-09-07,10806838.360342924
SC,2019-09-14,11994231.349597815
SC,2019-09-21,11702322.700900203
SC,2019-09-28,11182622.070281185
SC,2019-10-05,12091370.934257535
SC,2019-10-12,10621045.162822139
SC,2019-10-19,9562584.98410394
SC,2019-10-26,9704481.25493835
SC,2019-11-02,9782081.893897695
SC,2019-11-09,9637740.25852842
SC,2019-11-16,9764577.300477173
SC,2019-11-23,9671629.962145712
SC,2019-11-30,9440455.310662415
SC,2019-12-07,11979091.872322496
SC,2019-12-14,10969336.224433381
SC,2019-12-21,12164097.093973963
SC,2019-12-28,7757559.122617821
SC,2020-01-04,9649509.83938936
SC,2020-01-11,10319309.317817211
SC,2020-01-18,10241879.231424458
SC,2020-01-25,9234133.258705901
SC,2020-02-01,9419139.025190469
SC,2020-02-08,11275827.454224283
SC,2020-02-15,11775595.605645483
SC,2020-02-22,10424054.858867986
SC,2020-02-29,11392638.40107617
SC,2020-03-07,12187043.05544679
SC,2020-03-14,11501292.350864073
SC,2020-03-21,7266384.972425336
SC,2020-03-28,5827633.390355704
SC,2020-04-04,6174526.4293263005
SC,2020-04-11,5270201.912289091
SC,2020-04-18,5574699.199599407
SC,2020-04-25,5817082.738937997
SC,2020-05-02,7112307.1496103965
SC,2020-05-09,8650299.845069848
SC,2020-05-16,7774865.148394024
SC,2020-05-23,9265176.77751276
SC,2020-05-30,8756688.966940176
SC,2020-06-06,10040024.400193488
SC,2020-06-13,9539828.656532317
SC,2020-06-20,9208832.469708
SC,2020-06-27,8821895.815272644
SC,2020-07-04,9414728.63032262
SC,2020-07-11,9003506.591675783
SC,2020-07-18,9031691.763746602
SC,2020-07-25,8141601.914948166
SC,2020-08-01,8023428.66699088
SC,2020-08-08,9577114.245860614
SC,2020-08-15,8808177.251427637
SC,2020-08-22,8578601.727211803
SC,2020-08-29,8346910.513169215
SC,2020-09-05,9260853.79985292
SC,2020-09-12,9565876.696351836
SC,2020-09-19,8866598.499722958
SC,2020-09-26,8318867.165047864
SC,2020-10-03,9872771.49928909
SC,2020-10-10,9545600.285243511
SC,2020-10-17,9207716.734952472
SC,2020-10-24,9086936.9147969
SC,2020-10-31,8915322.277501516
SC,2020-11-07,8846490.260334115
SC,2020-11-14,8320737.518547314
SC,2020-11-21,8347310.4741445435
SC,2020-11-28,6743141.446162266
SC,2020-12-05,9659967.096528422
SC,2020-12-12,8565902.31975506
SC,2020-12-19,8604294.862662485
SC,2020-12-26,7055766.057674171
SC,2021-01-09,7902192.241799598
SC,2021-01-16,7612813.561870555
SC,2021-01-23,7472138.941412143
SC,2021-01-30,7283467.402234465
SC,2021-02-06,8665849.45096335
SC,2021-02-13,8300838.253883893
SC,2021-02-20,8072944.780280384
SC,2021-02-27,8894749.456686957
SC,2021-03-06,10927438.422123827
SC,2021-03-13,11025608.998057788
SC,2021-03-20,10006600.54730513
SC,2021-03-27,9440514.66851144
SC,2021-04-03,11230774.040895466
SC,2021-04-10,9552923.875640588
SC,2021-04-17,9516725.676388485
SC,2021-04-24,9518073.6844831
SC,2021-05-01,9382298.0247434
SC,2021-05-08,11320914.467343545
SC,2021-05-15,10157739.359364752
SC,2021-05-22,8994168.987158902
SC,2021-05-29,10539937.759361148
SC,2021-06-05,10783471.749922752
SC,2021-06-12,10099870.643655526
SC,2021-06-19,10963744.197283192
SC,2021-06-26,10262106.288403377
SC,2021-07-03,11180808.113013942
SC,2021-07-10,10116460.535139712
SC,2021-07-17,10000496.994030057
SC,2021-07-24,10052489.961489482
SC,2021-07-31,10019474.567626815
SC,2021-08-07,11780057.885495616
SC,2021-08-14,11415102.967784818
SC,2021-08-21,11090620.835961716
SC,2021-08-28,10215664.150247047
SC,2021-09-04,11655974.344634755
SC,2021-09-11,10847178.78346308
SC,2021-09-18,10778883.885883316
SC,2021-09-25,10067803.034963507
SC,2021-10-02,10867299.583619418
SC,2021-10-09,11916143.644313924
SC,2021-10-16,11341459.351224637
SC,2021-10-23,10832000.673045661
SC,2021-10-30,10860021.087630175
SC,2021-11-06,11873944.978796445
SC,2021-11-13,11544531.983420009
SC,2021-11-20,12126706.522339642
SC,2021-11-27,10222739.252403416
SC,2021-12-04,13255735.814287294
SC,2021-12-11,11292752.738922356
SC,2021-12-18,13566596.563182909
SC,2021-12-25,10727844.860137293
SC,2022-01-01,8607041.085129997
SC,2022-01-08,10398943.425997201
SC,2022-01-15,9678917.513869077
SC,2022-01-22,9049303.277114192
SC,2022-01-29,10234997.985600242
SC,2022-02-05,12173740.129881486
SC,2022-02-12,12743021.979879823
SC,2022-02-19,12608648.978800572
SC,2022-02-26,11887011.042481795
SC,2022-03-05,14159469.615517117
SC,2022-03-12,13088527.139046308
SC,2022-03-19,12354127.28732101
SC,2022-03-26,12395995.00511884
SC,2022-04-02,12070701.646124901
SC,2022-04-09,12577330.578459123
SC,2022-04-16,12935120.177112838
SC,2022-04-23,11644446.668462524
SC,2022-04-30,12356758.350761998
SC,2022-05-07,14705144.186981022
SC,2022-05-14,13507617.450093329
SC,2022-05-21,13187415.736773979
SC,2022-05-28,12588401.89028779
SC,2022-06-04,13148024.236139901
SC,2022-06-11,12520590.02043626
SC,2022-06-18,9569586.612975858
SC,2022-06-25,9382964.62168873
SC,2022-07-02,8684049.695081994
SC,2022-07-09,9437410.678139182
SC,2022-07-16,9730193.344504321
SC,2022-07-23,9375523.552085001
SC,2022-07-30,9142811.436730841
SC,2022-08-06,12202914.42536116
SC,2022-08-13,12107216.005018808
SC,2022-08-20,11741421.273230955
SC,2022-08-27,11524093.262863712
SC,2022-09-03,13066523.572844494
SC,2022-09-10,13113311.492160887
SC,2022-09-17,13624867.800145315
SC,2022-09-24,12295494.505559657
SC,2022-10-01,12114339.041476564
SC,2022-10-08,13636778.75583617
SC,2022-10-15,13225679.10399167
SC,2022-10-22,13994970.346017638
SC,2022-10-29,13436157.371800661
SC,2022-11-05,14016856.45191321
SC,2022-11-12,13767030.258029396
SC,2022-11-19,12937831.870354243
SC,2022-11-26,13095928.8736171
SC,2022-12-03,14289703.359846827
SC,2022-12-10,12728650.63846814
SC,2022-12-17,13681078.507922286
SC,2022-12-24,11793049.904646058
SC,2022-12-31,10212415.311596135
SC,2023-01-07,12318493.789133497
SC,2023-01-14,10655501.43992741
SC,2023-01-21,10861181.357336294
SC,2023-01-28,11520600.35226589
SC,2023-02-04,18536058.81565633
SC,2023-02-11,19707532.559252437
SC,2023-02-18,18952771.70344184
SC,2023-02-25,17885322.38955617
SC,2023-03-04,29993829.0562588
SC,2023-03-11,28368164.094711434
SC,2023-03-18,24494727.60892784
SC,2023-03-25,22402439.347634304
SC,2023-04-01,22713354.171653613
SC,2023-04-08,16867292.443188243
SC,2023-04-15,15514677.866641404
SC,2023-04-22,14098194.644089151
SC,2023-04-29,14927924.879832651
SC,2023-05-06,24311611.60981272
SC,2023-05-13,25420317.337801505
SC,2023-05-20,20811675.9237644
SC,2023-05-27,19504065.973995753
SC,2023-06-03,30959537.341577005
SC,2023-06-10,16889015.321667824
SC,2023-06-17,17529649.275666874
SC,2023-06-24,16544701.695221985
SC,2023-07-01,14159391.64874971
SC,2023-07-08,16119047.519519234
SC,2023-07-15,14047212.304409692
SC,2023-07-22,12328989.54510087
SC,2023-07-29,11854401.240501259
SC,2023-08-05,9253816.948291874
SC,2023-08-12,11716830.167462636
SC,2023-08-19,13866173.043836031
SC,2023-08-26,10612504.381266085
SC,2023-09-02,10669127.302467722
SC,2023-09-09,10766566.797802923
SC,2023-09-16,10164204.201367203
SC,2023-09-23,8636660.43295069
SC,2023-09-30,7323287.26696365
SC,2023-10-07,10784041.177333329
SC,2023-10-14,9300466.800013648
SC,2023-10-21,8192101.830552352
SC,2023-10-28,10805189.869921898
SC,2023-11-04,8728121.321781266
SC,2023-11-11,8402841.421212759
SC,2023-11-18,8908009.734896477
SC,2023-11-25,8918346.942175474
SC,2023-12-02,7779712.256640608
SC,2023-12-09,9060775.68174476
SC,2023-12-16,9129433.161891991
SC,2023-12-23,9511663.102496568
SC,2023-12-30,7569682.604160688
SC,2024-01-06,8436746.597303022
SC,2024-01-13,8910576.640303584
SC,2024-01-20,7831059.005696642
SC,2024-01-27,17446008.26253915
SC,2024-02-03,17530423.26066073
SC,2024-02-10,17030354.249116506
SC,2024-02-17,11266888.783309294
SC,2024-02-24,10267079.233852502
SC,2024-03-02,10209913.58430416
SC,2024-03-09,28495819.33724016
SC,2024-03-16,24278443.428807963
SC,2024-03-23,26915793.81799847
SC,2024-03-30,18479031.591082994
SC,2024-04-06,28974343.91560515
SC,2024-04-13,27455733.311528362
SC,2024-04-20,22860375.02797007
SC,2024-04-27,17225048.630216923
SC,2024-05-04,26012806.69976662
SC,2024-05-11,23852403.69464851
SC,2024-05-18,19455466.990992874
SC,2024-05-25,21048627.907280147
SC,2024-06-01,22798873.482294466
SC,2024-06-08,23316257.50335014
SC,2024-06-15,21249322.46295829
SC,2024-08-24,5.275040892505137
SC,2024-09-21,10.848218111002922
SC,2024-09-28,213.7431547189098
SC,2024-10-05,12.381823945971195
SC,2024-10-12,14125145.885886395
SC,2024-10-19,9276096.942594456
SC,2024-10-26,9325199.784719143
SC,2024-11-02,9622051.51961601
SC,2024-11-09,14509280.901897024
SC,2024-11-16,5249410.4798554145
SC,2024-11-23,5493369.916239665
SC,2024-11-30,5190637.247531503
SC,2024-12-07,5793948.70109565
SC,2024-12-14,5891315.170456719
SC,2024-12-21,6216282.6273516575
SC,2024-12-28,5445245.964515751
SC,2025-01-04,4928558.213939405
SC,2025-01-11,4244936.624369423
SC,2025-01-18,4795732.198645332
SC,2025-01-25,4413939.083929471
SC,2025-02-01,4895052.106842265
SC,2025-02-08,4622248.152743198
SC,2025-02-15,5363889.948045032
SC,2025-02-22,4636761.271232195
SC,2025-03-01,4513276.9939170135
SC,2025-03-08,5323642.2249810705
SC,2025-03-15,5673598.774354256
SC,2025-03-22,5189493.535917794
SC,2025-03-29,5200764.175671774
SC,2025-04-05,6381245.264999429
SC,2025-04-12,4955132.024153235
SC,2025-04-19,5426296.991712493
SC,2025-04-26,5490766.12297614
SC,2025-05-03,6519132.414649229
SD,2019-01-26,2521344.7899657153
SD,2019-02-02,2451493.439108635
SD,2019-02-09,2511482.321724209
SD,2019-02-16,2493786.7412920767
SD,2019-02-23,2171092.9375462118
SD,2019-03-02,2397994.541622315
SD,2019-03-09,2465408.9061114914
SD,2019-03-16,2442325.3072216148
SD,2019-03-23,2754209.6537488746
SD,2019-03-30,2567627.2276832075
SD,2019-04-06,2850157.8848284557
SD,2019-04-13,2172963.547046545
SD,2019-04-20,2562444.5228137104
SD,2019-04-27,2569427.857623749
SD,2019-05-04,4661809.462835385
SD,2019-05-11,4277264.540882242
SD,2019-05-18,4400718.4640261745
SD,2019-05-25,4191934.716572511
SD,2019-06-01,4022755.3322692625
SD,2019-06-08,4794133.755467893
SD,2019-06-15,4345025.303491695
SD,2019-06-22,4389039.222565885
SD,2019-06-29,4488068.102437101
SD,2019-07-06,4748887.343346602
SD,2019-07-13,4690907.31703069
SD,2019-07-20,4511085.49235983
SD,2019-07-27,4403188.31730717
SD,2019-08-03,5782131.321658934
SD,2019-08-10,5577930.029378126
SD,2019-08-17,5086643.390098437
SD,2019-08-24,4950228.223751481
SD,2019-08-31,4770695.411379866
SD,2019-09-07,6367644.931739885
SD,2019-09-14,6694493.163615629
SD,2019-09-21,6634504.460719933
SD,2019-09-28,6189179.44660919
SD,2019-10-05,7230527.911939194
SD,2019-10-12,5945616.284418601
SD,2019-10-19,5886482.990141351
SD,2019-10-26,5389677.659064244
SD,2019-11-02,5275136.248183031
SD,2019-11-09,5672964.41181837
SD,2019-11-16,5736362.381956598
SD,2019-11-23,5796490.486694989
SD,2019-11-30,4518701.249500882
SD,2019-12-07,7143225.9123578025
SD,2019-12-14,6842932.271451441
SD,2019-12-21,6963111.095803213
SD,2019-12-28,4351622.988923488
SD,2020-01-04,5876724.789679646
SD,2020-01-11,6245265.933893374
SD,2020-01-18,5872961.861030057
SD,2020-01-25,6646772.297299962
SD,2020-02-01,6434986.723663459
SD,2020-02-08,7512967.129180435
SD,2020-02-15,7237732.804791114
SD,2020-02-22,7161875.801733226
SD,2020-02-29,6820421.989117345
SD,2020-03-07,7812582.345714977
SD,2020-03-14,6719891.530685862
SD,2020-03-21,4717096.666063697
SD,2020-03-28,3796537.000174457
SD,2020-04-04,3666484.103946361
SD,2020-04-11,3443760.5759016695
SD,2020-04-18,3881979.503127934
SD,2020-04-25,4088388.9743839293
SD,2020-05-02,4447161.905129594
SD,2020-05-09,5012360.202227713
SD,2020-05-16,5046526.836187943
SD,2020-05-23,5787079.838620399
SD,2020-05-30,5878953.8154095905
SD,2020-06-06,6368292.435591781
SD,2020-06-13,6417236.978409304
SD,2020-06-20,6913965.944661402
SD,2020-06-27,6650235.039419264
SD,2020-07-04,6161905.532976691
SD,2020-07-11,6474359.872519923
SD,2020-07-18,6475488.043349521
SD,2020-07-25,6332908.386922375
SD,2020-08-01,6556291.480003216
SD,2020-08-08,6992393.2041839855
SD,2020-08-15,6910710.674156038
SD,2020-08-22,6492229.338319402
SD,2020-08-29,6038961.987319822
SD,2020-09-05,6944238.4695591545
SD,2020-09-12,6653996.458970132
SD,2020-09-19,6418534.216397244
SD,2020-09-26,5911464.603801755
SD,2020-10-03,7242007.18223156
SD,2020-10-10,6763491.499428472
SD,2020-10-17,6677219.839301921
SD,2020-10-24,5914558.0286670085
SD,2020-10-31,6068189.872439158
SD,2020-11-07,5756067.81337083
SD,2020-11-14,5279190.183737307
SD,2020-11-21,5044881.181942561
SD,2020-11-28,4015221.7513143476
SD,2020-12-05,5792431.228361871
SD,2020-12-12,6089139.455968411
SD,2020-12-19,5505083.464406802
SD,2020-12-26,4286448.024194079
SD,2021-01-09,6520990.214579376
SD,2021-01-16,5838691.549183429
SD,2021-01-23,5722417.944074128
SD,2021-01-30,5649343.176860783
SD,2021-02-06,6752051.230038721
SD,2021-02-13,6466301.6771384
SD,2021-02-20,6161397.64386874
SD,2021-02-27,6418861.888836765
SD,2021-03-06,7709163.394029956
SD,2021-03-13,7043469.3465797035
SD,2021-03-20,7148908.569781508
SD,2021-03-27,7363193.325266041
SD,2021-04-03,7587017.914694016
SD,2021-04-10,7135713.872374091
SD,2021-04-17,6421049.122388414
SD,2021-04-24,6358692.386204914
SD,2021-05-01,7008979.932024202
SD,2021-05-08,8167819.91256833
SD,2021-05-15,7396732.719580946
SD,2021-05-22,7455960.568045144
SD,2021-05-29,8034241.448988441
SD,2021-06-05,8096555.028539292
SD,2021-06-12,8916577.813693745
SD,2021-06-19,8065993.710469878
SD,2021-06-26,7848420.737152736
SD,2021-07-03,8784064.306113847
SD,2021-07-10,7736490.324844891
SD,2021-07-17,8139865.208221168
SD,2021-07-24,7362451.644588775
SD,2021-07-31,8097877.49459857
SD,2021-08-07,9137160.189183375
SD,2021-08-14,8735924.699982548
SD,2021-08-21,8413258.66139168
SD,2021-08-28,7597167.604787078
SD,2021-09-04,8387624.483957237
SD,2021-09-11,7370234.431498667
SD,2021-09-18,7852396.261060235
SD,2021-09-25,7889407.418329586
SD,2021-10-02,7527092.525581525
SD,2021-10-09,8821903.200274473
SD,2021-10-16,8281118.256462247
SD,2021-10-23,7842434.903732935
SD,2021-10-30,7210535.286120212
SD,2021-11-06,8375521.825156141
SD,2021-11-13,8376003.983572326
SD,2021-11-20,7834466.722341192
SD,2021-11-27,6119518.471327171
SD,2021-12-04,8799103.712722719
SD,2021-12-11,7584608.817335019
SD,2021-12-18,9115978.731929088
SD,2021-12-25,6951668.577417242
SD,2022-01-01,6037920.395566017
SD,2022-01-08,7530188.418432615
SD,2022-01-15,7409588.6243572505
SD,2022-01-22,7253003.178373269
SD,2022-01-29,7908501.40545759
SD,2022-02-05,8657228.4345813
SD,2022-02-12,8956476.103534872
SD,2022-02-19,8917103.436012255
SD,2022-02-26,8050750.117257643
SD,2022-03-05,9163803.047645975
SD,2022-03-12,8967219.350707928
SD,2022-03-19,8689012.865628771
SD,2022-03-26,8455998.905136006
SD,2022-04-02,8699679.410811547
SD,2022-04-09,9323487.336415686
SD,2022-04-16,7776540.139574212
SD,2022-04-23,8834953.197021699
SD,2022-04-30,8954267.182081876
SD,2022-05-07,9665109.475070663
SD,2022-05-14,9072833.936050428
SD,2022-05-21,9352516.639981803
SD,2022-05-28,8887259.033786293
SD,2022-06-04,8750642.132724091
SD,2022-06-11,9164893.515489865
SD,2022-06-18,7276723.792666733
SD,2022-06-25,6306023.4367460245
SD,2022-07-02,6526296.244544744
SD,2022-07-09,6428487.645992596
SD,2022-07-16,6967340.016204109
SD,2022-07-23,6257215.96582394
SD,2022-07-30,6841383.99115609
SD,2022-08-06,8583921.869058006
SD,2022-08-13,8862466.877904737
SD,2022-08-20,8753649.381711226
SD,2022-08-27,7955065.836816824
SD,2022-09-03,8812713.899876345
SD,2022-09-10,8705877.986290732
SD,2022-09-17,8085072.520718393
SD,2022-09-24,8007547.893806705
SD,2022-10-01,8537944.140505232
SD,2022-10-08,9538742.639567683
SD,2022-10-15,8312139.790808271
SD,2022-10-22,9859510.303664275
SD,2022-10-29,8749919.94219653
SD,2022-11-05,8787636.334438145
SD,2022-11-12,8728658.656142212
SD,2022-11-19,8621102.187075576
SD,2022-11-26,7890735.588693419
SD,2022-12-03,9571019.05591694
SD,2022-12-10,9310782.447273273
SD,2022-12-17,6086439.529877398
SD,2022-12-24,6517296.074102433
SD,2022-12-31,7309970.242655129
SD,2023-01-07,10390993.742112895
SD,2023-01-14,9973199.102234993
SD,2023-01-21,9597096.227145338
SD,2023-01-28,9773907.056724006
SD,2023-02-04,14171863.229231315
SD,2023-02-11,14483768.57867166
SD,2023-02-18,13341016.59502078
SD,2023-02-25,12743345.87281994
SD,2023-03-04,21327275.23319269
SD,2023-03-11,19713671.6831677
SD,2023-03-18,16921452.68659727
SD,2023-03-25,17099895.736683913
SD,2023-04-01,15461069.808509089
SD,2023-04-08,14013164.95246485
SD,2023-04-15,13855098.365223238
SD,2023-04-22,12359701.1357776
SD,2023-04-29,13191369.95633559
SD,2023-05-06,19553296.777679566
SD,2023-05-13,20406981.399299823
SD,2023-05-20,17327632.66152713
SD,2023-05-27,16578097.539353985
SD,2023-06-03,18146035.372998565
SD,2023-06-10,12814887.179766608
SD,2023-06-17,12683050.873251956
SD,2023-06-24,12194529.11036506
SD,2023-07-01,11779623.03234755
SD,2023-07-08,13332632.285265656
SD,2023-07-15,11588098.827013832
SD,2023-07-22,11122415.970540559
SD,2023-07-29,9998913.763625808
SD,2023-08-05,9013629.940542633
SD,2023-08-12,11487017.531580865
SD,2023-08-19,10026446.521452805
SD,2023-08-26,8724541.852789953
SD,2023-09-02,8693779.127509765
SD,2023-09-09,9584981.181485752
SD,2023-09-16,10922354.149092147
SD,2023-09-23,9793336.205617731
SD,2023-09-30,8620959.943207555
SD,2023-10-07,8871627.214841673
SD,2023-10-14,8216065.2110625245
SD,2023-10-21,7316494.857140893
SD,2023-10-28,8692275.569607176
SD,2023-11-04,6640969.433870086
SD,2023-11-11,6927221.35431493
SD,2023-11-18,6358817.39972361
SD,2023-11-25,6262355.15335971
SD,2023-12-02,6198194.785983814
SD,2023-12-09,8851595.345873233
SD,2023-12-16,8435231.30477934
SD,2023-12-23,7906567.441783063
SD,2023-12-30,7276092.140487186
SD,2024-01-06,8355350.419248862
SD,2024-01-13,8096427.974132569
SD,2024-01-20,8322878.062922816
SD,2024-01-27,19501707.14475995
SD,2024-02-03,25138612.94850506
SD,2024-02-10,19668651.085319784
SD,2024-02-17,16484106.629134575
SD,2024-02-24,13882643.55151416
SD,2024-03-02,16059856.569730032
SD,2024-03-09,36680783.161705084
SD,2024-03-16,37071904.45725661
SD,2024-03-23,32811138.304894373
SD,2024-03-30,30114775.096275978
SD,2024-04-06,40001975.47031947
SD,2024-04-13,32380165.89989717
SD,2024-04-20,26584735.570297714
SD,2024-04-27,20333219.334390897
SD,2024-05-04,27558007.873653524
SD,2024-05-11,25773139.42099523
SD,2024-05-18,24911614.19124654
SD,2024-05-25,25214825.161282554
SD,2024-06-01,25509909.432928964
SD,2024-06-08,25365837.65285803
SD,2024-06-15,22351406.061198417
SD,2024-08-03,4434.910829033278
SD,2024-08-10,4552.704636638792
SD,2024-08-17,4630.157070407101
SD,2024-08-24,3686.3148547399815
SD,2024-08-31,4932.645410677074
SD,2024-09-07,5953.730761401623
SD,2024-09-14,5083.738080806063
SD,2024-09-21,4619.602097340582
SD,2024-09-28,4896.964650753041
SD,2024-10-05,5725.390274317992
SD,2024-10-12,18152688.957102675
SD,2024-10-19,13503064.551779818
SD,2024-10-26,11422730.731471337
SD,2024-11-02,14031814.649151612
SD,2024-11-09,19584108.74146095
SD,2024-11-16,5805391.702227552
SD,2024-11-23,5815623.245040904
SD,2024-11-30,4948807.541665239
SD,2024-12-07,5427018.749660498
SD,2024-12-14,5550858.026230742
SD,2024-12-21,5301528.005110439
SD,2024-12-28,4980217.305092424
SD,2025-01-04,5422842.47770203
SD,2025-01-11,5377867.302611295
SD,2025-01-18,5734803.649507408
SD,2025-01-25,5319037.126815804
SD,2025-02-01,4992090.854772566
SD,2025-02-08,5777981.438405717
SD,2025-02-15,5891849.229890155
SD,2025-02-22,5329332.038715944
SD,2025-03-01,5042184.770524843
SD,2025-03-08,5286425.125382608
SD,2025-03-15,6108696.248368909
SD,2025-03-22,5559907.251073407
SD,2025-03-29,5801105.788839411
SD,2025-04-05,5832351.50017529
SD,2025-04-12,4963844.5411625225
SD,2025-04-19,5143336.277400344
SD,2025-04-26,5531397.172037717
SD,2025-05-03,5599508.280244937
TN,2019-01-26,10797638.997984381
TN,2019-02-02,11390239.151384449
TN,2019-02-09,12263380.59633523
TN,2019-02-16,11808756.27652891
TN,2019-02-23,9821116.019491307
TN,2019-03-02,11734728.27286036
TN,2019-03-09,12096506.321272125
TN,2019-03-16,13705696.302520629
TN,2019-03-23,13017785.06684647
TN,2019-03-30,12534648.78312492
TN,2019-04-06,13692451.126936419
TN,2019-04-13,12482660.642583834
TN,2019-04-20,13055180.860379715
TN,2019-04-27,12900871.52236491
TN,2019-05-04,20095829.291998968
TN,2019-05-11,18798597.743265893
TN,2019-05-18,17678232.06166655
TN,2019-05-25,19077667.73937807
TN,2019-06-01,16899215.891952742
TN,2019-06-08,19813621.685295425
TN,2019-06-15,18193568.716228552
TN,2019-06-22,18505563.841810293
TN,2019-06-29,18963076.05832535
TN,2019-07-06,20127785.59322715
TN,2019-07-13,20248839.980598867
TN,2019-07-20,17360264.31711666
TN,2019-07-27,19720189.18894022
TN,2019-08-03,24621214.923772
TN,2019-08-10,22126330.106111106
TN,2019-08-17,23089696.08340378
TN,2019-08-24,21535021.059516646
TN,2019-08-31,20442422.772741497
TN,2019-09-07,31074380.033273146
TN,2019-09-14,31117424.0709114
TN,2019-09-21,26844886.577587813
TN,2019-09-28,27725591.15906284
TN,2019-10-05,28547185.270138003
TN,2019-10-12,26319254.645574316
TN,2019-10-19,23909743.195403207
TN,2019-10-26,24788597.875198193
TN,2019-11-02,24810328.67403589
TN,2019-11-09,25588851.78724678
TN,2019-11-16,24519774.66868929
TN,2019-11-23,25315235.344573326
TN,2019-11-30,24182625.507914495
TN,2019-12-07,25617441.085213464
TN,2019-12-14,28863582.104338624
TN,2019-12-21,27479904.98723272
TN,2019-12-28,23170638.237705126
TN,2020-01-04,25575881.6824323
TN,2020-01-11,23308959.601093464
TN,2020-01-18,24141446.899467275
TN,2020-01-25,23498815.842164252
TN,2020-02-01,25337608.62539911
TN,2020-02-08,30898226.435353097
TN,2020-02-15,28388590.746378485
TN,2020-02-22,28379414.88880984
TN,2020-02-29,30707229.754661843
TN,2020-03-07,32276079.046540245
TN,2020-03-14,28489265.000237916
TN,2020-03-21,19953579.166865338
TN,2020-03-28,14297563.385093508
TN,2020-04-04,16013319.864651633
TN,2020-04-11,14379469.57461797
TN,2020-04-18,15684681.907654038
TN,2020-04-25,14399982.023480518
TN,2020-05-02,17536613.18412919
TN,2020-05-09,23908971.343202144
TN,2020-05-16,21521884.670482546
TN,2020-05-23,24193552.42171183
TN,2020-05-30,23642807.33321305
TN,2020-06-06,27670170.559698932
TN,2020-06-13,26800636.018315926
TN,2020-06-20,25432743.930974547
TN,2020-06-27,24092854.769741915
TN,2020-07-04,29092659.670221917
TN,2020-07-11,25751534.066405192
TN,2020-07-18,26521754.489777736
TN,2020-07-25,25202419.330900457
TN,2020-08-01,21838937.770427454
TN,2020-08-08,27511195.400175527
TN,2020-08-15,24324843.765873305
TN,2020-08-22,27348337.344837245
TN,2020-08-29,24233636.57647354
TN,2020-09-05,26183526.191993788
TN,2020-09-12,25493355.91075865
TN,2020-09-19,25593570.46416751
TN,2020-09-26,24771633.354552474
TN,2020-10-03,28983441.030778266
TN,2020-10-10,26192938.33787543
TN,2020-10-17,26736408.461484823
TN,2020-10-24,24947166.4714118
TN,2020-10-31,26477292.728738703
TN,2020-11-07,26470091.287296493
TN,2020-11-14,24416405.40577464
TN,2020-11-21,22767717.393830545
TN,2020-11-28,20342616.53971597
TN,2020-12-05,25833421.417276308
TN,2020-12-12,23915390.85449431
TN,2020-12-19,23838395.623882197
TN,2020-12-26,20007409.462257866
TN,2021-01-09,24202075.56806801
TN,2021-01-16,23354170.330097437
TN,2021-01-23,21043410.95621009
TN,2021-01-30,21156836.811566222
TN,2021-02-06,22505090.566572424
TN,2021-02-13,23366814.220772676
TN,2021-02-20,16045523.362460528
TN,2021-02-27,25557195.359352935
TN,2021-03-06,28312323.432811383
TN,2021-03-13,28214566.580750953
TN,2021-03-20,29839477.935938507
TN,2021-03-27,25309183.777487777
TN,2021-04-03,30693961.421945956
TN,2021-04-10,31371762.07051799
TN,2021-04-17,27867959.838142022
TN,2021-04-24,25550402.838716026
TN,2021-05-01,25826506.827951025
TN,2021-05-08,31326549.758888084
TN,2021-05-15,29851456.61589961
TN,2021-05-22,29207923.991147913
TN,2021-05-29,27750114.885177426
TN,2021-06-05,32601686.76302837
TN,2021-06-12,31675969.012525424
TN,2021-06-19,29908349.794528466
TN,2021-06-26,27542450.140240937
TN,2021-07-03,30337940.499815583
TN,2021-07-10,29421587.050301295
TN,2021-07-17,30160819.452903785
TN,2021-07-24,32409467.15368393
TN,2021-07-31,31552195.70934303
TN,2021-08-07,34272505.09697568
TN,2021-08-14,33786169.36564686
TN,2021-08-21,30254549.742566653
TN,2021-08-28,27762271.074435282
TN,2021-09-04,34522239.90389112
TN,2021-09-11,33094721.32017134
TN,2021-09-18,31423598.402184244
TN,2021-09-25,30844709.25766817
TN,2021-10-02,28429887.55144196
TN,2021-10-09,32908015.353370834
TN,2021-10-16,32973498.1842101
TN,2021-10-23,32576497.827106584
TN,2021-10-30,32107926.948665436
TN,2021-11-06,33758515.0360466
TN,2021-11-13,32948848.84520594
TN,2021-11-20,29957752.383884516
TN,2021-11-27,30518624.579145323
TN,2021-12-04,37472008.421453804
TN,2021-12-11,33500547.22579155
TN,2021-12-18,36585577.41335069
TN,2021-12-25,30408946.968806602
TN,2022-01-01,27142787.47480275
TN,2022-01-08,27146645.937058307
TN,2022-01-15,26870402.737653784
TN,2022-01-22,25108429.555002324
TN,2022-01-29,27639049.504743595
TN,2022-02-05,31129838.966280345
TN,2022-02-12,34266570.86892735
TN,2022-02-19,33181598.94526046
TN,2022-02-26,30640455.600252666
TN,2022-03-05,37882896.79572608
TN,2022-03-12,33546375.708190717
TN,2022-03-19,36596079.3772471
TN,2022-03-26,35588533.2167038
TN,2022-04-02,34609500.97362581
TN,2022-04-09,36557593.100571945
TN,2022-04-16,33169312.403894737
TN,2022-04-23,34517423.721276246
TN,2022-04-30,32913420.641453106
TN,2022-05-07,40324530.03081382
TN,2022-05-14,37148474.57580671
TN,2022-05-21,36279639.25386814
TN,2022-05-28,33224639.47306075
TN,2022-06-04,38701729.87199444
TN,2022-06-11,35503721.05542467
TN,2022-06-18,29470880.09581643
TN,2022-06-25,24790865.405528516
TN,2022-07-02,24772255.691658564
TN,2022-07-09,27838068.807912935
TN,2022-07-16,30118071.519419484
TN,2022-07-23,26785517.09004848
TN,2022-07-30,26572242.595836442
TN,2022-08-06,35284409.43391207
TN,2022-08-13,32732113.16116119
TN,2022-08-20,35750680.04419568
TN,2022-08-27,32978980.93997056
TN,2022-09-03,36007716.63014804
TN,2022-09-10,32711196.739322223
TN,2022-09-17,36192334.18693325
TN,2022-09-24,32417482.804369334
TN,2022-10-01,35834139.103789724
TN,2022-10-08,37057843.29495327
TN,2022-10-15,35939741.39395139
TN,2022-10-22,36373400.587364756
TN,2022-10-29,38572063.98923442
TN,2022-11-05,41703675.731581844
TN,2022-11-12,37899316.213036865
TN,2022-11-19,37227364.60903187
TN,2022-11-26,34295056.318667024
TN,2022-12-03,33984801.95971141
TN,2022-12-10,29113900.035450958
TN,2022-12-17,32033171.088682722
TN,2022-12-24,24691998.688987795
TN,2022-12-31,24144021.454511322
TN,2023-01-07,24678434.434354883
TN,2023-01-14,22212236.16696607
TN,2023-01-21,22466036.84583732
TN,2023-01-28,23235720.89761966
TN,2023-02-04,41910959.12384234
TN,2023-02-11,39453806.6883393
TN,2023-02-18,37966382.866618834
TN,2023-02-25,37646431.18386575
TN,2023-03-04,54966935.41604276
TN,2023-03-11,52336607.56108427
TN,2023-03-18,47626657.55246444
TN,2023-03-25,45348297.23308996
TN,2023-04-01,39845714.399796054
TN,2023-04-08,37616468.77156047
TN,2023-04-15,35719629.07793831
TN,2023-04-22,33153915.314690668
TN,2023-04-29,35282461.27138617
TN,2023-05-06,51428501.59936194
TN,2023-05-13,51742648.329583555
TN,2023-05-20,44403074.743938856
TN,2023-05-27,39715365.82889006
TN,2023-06-03,66251084.95465962
TN,2023-06-10,39607205.32375059
TN,2023-06-17,40883047.04455356
TN,2023-06-24,39495963.51403198
TN,2023-07-01,38030473.297790185
TN,2023-07-08,38600939.59891034
TN,2023-07-15,33272793.74778221
TN,2023-07-22,29122311.359888736
TN,2023-07-29,25975397.311194953
TN,2023-08-05,25061655.55497577
TN,2023-08-12,28537187.020876814
TN,2023-08-19,30944505.26434986
TN,2023-08-26,26765706.0762785
TN,2023-09-02,26579460.89027004
TN,2023-09-09,26997012.9320637
TN,2023-09-16,26274925.623846866
TN,2023-09-23,22479829.91246101
TN,2023-09-30,19569159.93904452
TN,2023-10-07,28084039.750591207
TN,2023-10-14,26119603.09561152
TN,2023-10-21,23680829.518224746
TN,2023-10-28,29938155.48852726
TN,2023-11-04,22183475.195162695
TN,2023-11-11,21312919.918758787
TN,2023-11-18,21917636.94138754
TN,2023-11-25,21189238.350063816
TN,2023-12-02,20277943.997962452
TN,2023-12-09,22300254.0419379
TN,2023-12-16,22751652.695165977
TN,2023-12-23,22577448.91890951
TN,2023-12-30,19967661.25179293
TN,2024-01-06,20869233.52060994
TN,2024-01-13,22778050.847886126
TN,2024-01-20,16791440.528336316
TN,2024-01-27,49569515.94923615
TN,2024-02-03,63440475.50738291
TN,2024-02-10,48936596.0446148
TN,2024-02-17,37737892.927280575
TN,2024-02-24,33234919.876481917
TN,2024-03-02,36009929.15839929
TN,2024-03-09,80531114.6512547
TN,2024-03-16,69728141.03624444
TN,2024-03-23,67161980.49814053
TN,2024-03-30,62052704.16870937
TN,2024-04-06,87544845.18739459
TN,2024-04-13,83631450.54594083
TN,2024-04-20,63108101.93617429
TN,2024-04-27,50657676.261540815
TN,2024-05-04,83595634.65772095
TN,2024-05-11,70422396.71147102
TN,2024-05-18,64720043.213980354
TN,2024-05-25,72099485.49116012
TN,2024-06-01,70459516.36713293
TN,2024-06-08,68743795.77554935
TN,2024-06-15,65263149.82127361
TN,2024-06-22,8.921933085501857
TN,2024-06-29,7.843370508054523
TN,2024-07-06,9.605723578859967
TN,2024-07-27,5.042522764010886
TN,2024-08-31,25.457683874352924
TN,2024-09-28,508.8092505450505
TN,2024-10-05,15.102166250853884
TN,2024-10-12,45282282.60733
TN,2024-10-19,36878501.05274711
TN,2024-10-26,30376726.74762952
TN,2024-11-02,33862429.98728751
TN,2024-11-09,50955191.17340618
TN,2024-11-16,15368950.225931596
TN,2024-11-23,15815787.144678777
TN,2024-11-30,14191816.938175803
TN,2024-12-07,14036668.00730171
TN,2024-12-14,14119104.63751993
TN,2024-12-21,14712306.370876629
TN,2024-12-28,12888048.176321886
TN,2025-01-04,14229128.796695076
TN,2025-01-11,12633938.877476383
TN,2025-01-18,13182055.19689973
TN,2025-01-25,12081725.424067492
TN,2025-02-01,12805631.897093501
TN,2025-02-08,13464732.246226944
TN,2025-02-15,13807349.594266035
TN,2025-02-22,12391084.425063176
TN,2025-03-01,11915722.973681476
TN,2025-03-08,12156880.025028083
TN,2025-03-15,12691699.040129727
TN,2025-03-22,11762735.123713361
TN,2025-03-29,13446222.291297782
TN,2025-04-05,14530041.469764806
TN,2025-04-12,12944013.753795179
TN,2025-04-19,12463293.30758574
TN,2025-04-26,13047848.507194906
TN,2025-05-03,13688906.675014554
TX,2019-01-26,22335845.229292963
TX,2019-02-02,22238634.067444075
TX,2019-02-09,24056898.411117855
TX,2019-02-16,25297197.403409805
TX,2019-02-23,21517238.762216873
TX,2019-03-02,22551691.687180076
TX,2019-03-09,26151798.098056026
TX,2019-03-16,25170368.80436149
TX,2019-03-23,24974730.614615314
TX,2019-03-30,24583721.127888363
TX,2019-04-06,26317655.347088132
TX,2019-04-13,25386846.51307464
TX,2019-04-20,26668774.526577428
TX,2019-04-27,25057578.95786523
TX,2019-05-04,40099461.27669334
TX,2019-05-11,39583053.76200861
TX,2019-05-18,36496590.27365219
TX,2019-05-25,38021412.21893596
TX,2019-06-01,33666643.90495503
TX,2019-06-08,37178752.88454944
TX,2019-06-15,35473296.85054762
TX,2019-06-22,34750105.36649076
TX,2019-06-29,34320237.007788405
TX,2019-07-06,39279901.1068039
TX,2019-07-13,37303895.34570921
TX,2019-07-20,35422640.89423322
TX,2019-07-27,34115664.49881653
TX,2019-08-03,46582313.53398636
TX,2019-08-10,45718597.48225026
TX,2019-08-17,45181586.325308576
TX,2019-08-24,42618981.630776666
TX,2019-08-31,43473188.42983394
TX,2019-09-07,58743543.1141288
TX,2019-09-14,57102948.93598635
TX,2019-09-21,57001930.96549703
TX,2019-09-28,54071556.98657282
TX,2019-10-05,59467906.891443886
TX,2019-10-12,54119029.45193572
TX,2019-10-19,49376501.47062887
TX,2019-10-26,47537616.798338495
TX,2019-11-02,45519475.672562055
TX,2019-11-09,49595946.94486008
TX,2019-11-16,47769537.42291053
TX,2019-11-23,46144401.570684895
TX,2019-11-30,44741800.384155706
TX,2019-12-07,56077995.44274164
TX,2019-12-14,54668894.13201958
TX,2019-12-21,55128465.63910104
TX,2019-12-28,41963177.97183264
TX,2020-01-04,49641847.50223432
TX,2020-01-11,50237435.56981958
TX,2020-01-18,48569052.36150324
TX,2020-01-25,47307602.16871141
TX,2020-02-01,49246069.79064418
TX,2020-02-08,54385373.4151946
TX,2020-02-15,56836931.97552934
TX,2020-02-22,52173530.52538431
TX,2020-02-29,55817207.69850305
TX,2020-03-07,58890134.82658364
TX,2020-03-14,53781932.82865542
TX,2020-03-21,37003169.22298499
TX,2020-03-28,26792360.04377556
TX,2020-04-04,26471139.034761585
TX,2020-04-11,24296270.46763529
TX,2020-04-18,26232844.18818471
TX,2020-04-25,28320107.66197917
TX,2020-05-02,31252998.733395524
TX,2020-05-09,41915246.60917582
TX,2020-05-16,38261765.24142992
TX,2020-05-23,42689394.352359354
TX,2020-05-30,42246189.13092773
TX,2020-06-06,48393521.32756102
TX,2020-06-13,45691109.52965008
TX,2020-06-20,44789801.917825215
TX,2020-06-27,40232424.12260036
TX,2020-07-04,42517188.8233185
TX,2020-07-11,40879499.026196904
TX,2020-07-18,39914204.9713724
TX,2020-07-25,40196150.407723546
TX,2020-08-01,40262712.949635044
TX,2020-08-08,45554591.32037453
TX,2020-08-15,45098438.41617659
TX,2020-08-22,42269780.69631429
TX,2020-08-29,40766984.495431945
TX,2020-09-05,47745386.84013802
TX,2020-09-12,46458481.41830166
TX,2020-09-19,43523082.00025904
TX,2020-09-26,40463789.09441134
TX,2020-10-03,47044252.129891686
TX,2020-10-10,46252807.879443265
TX,2020-10-17,43314412.81448839
TX,2020-10-24,42736526.457830265
TX,2020-10-31,41168282.173020564
TX,2020-11-07,43870103.333950356
TX,2020-11-14,42217463.60160333
TX,2020-11-21,41428252.219059214
TX,2020-11-28,33430800.170454483
TX,2020-12-05,45476180.950184055
TX,2020-12-12,43079043.53599725
TX,2020-12-19,43195231.29171654
TX,2020-12-26,35136340.20857438
TX,2021-01-09,40748812.56849661
TX,2021-01-16,38770244.67831704
TX,2021-01-23,36218243.3864665
TX,2021-01-30,36122541.59936034
TX,2021-02-06,41958535.74032715
TX,2021-02-13,37992726.602134
TX,2021-02-20,25346944.723555364
TX,2021-02-27,43409628.21952245
TX,2021-03-06,53331725.50318594
TX,2021-03-13,49138127.459316075
TX,2021-03-20,49042707.10107116
TX,2021-03-27,44680728.740405984
TX,2021-04-03,54290218.47039635
TX,2021-04-10,48858840.00705936
TX,2021-04-17,45354309.74757129
TX,2021-04-24,44425787.55622701
TX,2021-05-01,43579579.61227924
TX,2021-05-08,52977162.70882637
TX,2021-05-15,48961000.27032197
TX,2021-05-22,43727513.60710276
TX,2021-05-29,51388581.16054964
TX,2021-06-05,50763976.443944976
TX,2021-06-12,48719363.32907093
TX,2021-06-19,47133243.13860584
TX,2021-06-26,46165668.35576796
TX,2021-07-03,54558160.9158535
TX,2021-07-10,49135291.64834709
TX,2021-07-17,50335328.647040606
TX,2021-07-24,46887064.07207261
TX,2021-07-31,46766515.17817717
TX,2021-08-07,56205827.2119097
TX,2021-08-14,55738818.363002546
TX,2021-08-21,52908337.23650692
TX,2021-08-28,51702186.97241303
TX,2021-09-04,58162314.27762525
TX,2021-09-11,56131932.47916429
TX,2021-09-18,54303888.96427782
TX,2021-09-25,53404942.99571006
TX,2021-10-02,52390257.44661604
TX,2021-10-09,57670040.260012425
TX,2021-10-16,57995644.61171099
TX,2021-10-23,56787871.614017636
TX,2021-10-30,56784452.57760814
TX,2021-11-06,61093990.46433696
TX,2021-11-13,55834658.47172339
TX,2021-11-20,54758620.279757835
TX,2021-11-27,50375121.96644367
TX,2021-12-04,63613680.72917689
TX,2021-12-11,58033538.02156671
TX,2021-12-18,64424156.317510694
TX,2021-12-25,50610745.02146983
TX,2022-01-01,45289664.06808361
TX,2022-01-08,51053204.35291492
TX,2022-01-15,51660834.859621555
TX,2022-01-22,50183163.04966796
TX,2022-01-29,50029367.83956297
TX,2022-02-05,52437255.29361549
TX,2022-02-12,59791471.71954349
TX,2022-02-19,59961393.16686697
TX,2022-02-26,56025241.80506916
TX,2022-03-05,62878059.34729711
TX,2022-03-12,61682167.37772202
TX,2022-03-19,59562088.66937324
TX,2022-03-26,58785119.3661684
TX,2022-04-02,59823388.76910499
TX,2022-04-09,61627593.340779826
TX,2022-04-16,60366568.225940764
TX,2022-04-23,57064241.35804848
TX,2022-04-30,59977938.709583886
TX,2022-05-07,66213330.72196005
TX,2022-05-14,63217376.8014282
TX,2022-05-21,62227217.91344976
TX,2022-05-28,62005337.016401686
TX,2022-06-04,62388855.39327763
TX,2022-06-11,59769657.69316798
TX,2022-06-18,48818032.0356627
TX,2022-06-25,41168083.17392868
TX,2022-07-02,41124977.90644825
TX,2022-07-09,46108414.2351154
TX,2022-07-16,47255817.652115144
TX,2022-07-23,45931778.10515552
TX,2022-07-30,45310782.89418471
TX,2022-08-06,63691617.321199745
TX,2022-08-13,59773708.438353606
TX,2022-08-20,60170449.098161235
TX,2022-08-27,54242021.55736554
TX,2022-09-03,63348383.767988734
TX,2022-09-10,58483377.75129247
TX,2022-09-17,59112990.57126204
TX,2022-09-24,56311172.52307495
TX,2022-10-01,57354753.81040681
TX,2022-10-08,65218097.56002141
TX,2022-10-15,64383339.58836483
TX,2022-10-22,63443874.546276234
TX,2022-10-29,64667670.6140184
TX,2022-11-05,67038980.884674236
TX,2022-11-12,63093314.20708346
TX,2022-11-19,62486518.25488354
TX,2022-11-26,56670984.9762589
TX,2022-12-03,66194924.57390846
TX,2022-12-10,63526206.486495316
TX,2022-12-17,65424868.00469138
TX,2022-12-24,53507920.39827272
TX,2022-12-31,49549081.41685258
TX,2023-01-07,65079868.32509412
TX,2023-01-14,59328872.18085007
TX,2023-01-21,59723480.78294546
TX,2023-01-28,60300494.52712692
TX,2023-02-04,84141982.9468917
TX,2023-02-11,83724979.8081962
TX,2023-02-18,83972424.32014771
TX,2023-02-25,77914600.99299634
TX,2023-03-04,118238076.50964653
TX,2023-03-11,113775619.1309481
TX,2023-03-18,108832283.97140259
TX,2023-03-25,99826968.12934722
TX,2023-04-01,96329621.82130119
TX,2023-04-08,83767094.69826795
TX,2023-04-15,81418110.77045612
TX,2023-04-22,73867205.40939325
TX,2023-04-29,77174465.54811764
TX,2023-05-06,93640723.5750206
TX,2023-05-13,89512028.18252341
TX,2023-05-20,80359166.91159198
TX,2023-05-27,77260326.28930071
TX,2023-06-03,107885017.67237602
TX,2023-06-10,64462968.68584516
TX,2023-06-17,68030075.3892398
TX,2023-06-24,66799590.10547676
TX,2023-07-01,60754623.75628356
TX,2023-07-08,68306011.40109597
TX,2023-07-15,63010085.74483297
TX,2023-07-22,56698343.35828671
TX,2023-07-29,50810842.73232629
TX,2023-08-05,53826559.00258102
TX,2023-08-12,65467085.53871927
TX,2023-08-19,65504581.85189361
TX,2023-08-26,63696000.87271261
TX,2023-09-02,59104958.09599833
TX,2023-09-09,55314183.05993797
TX,2023-09-16,53914143.8890162
TX,2023-09-23,48038345.32682674
TX,2023-09-30,42420296.381032184
TX,2023-10-07,44762255.37051994
TX,2023-10-14,42187825.27644043
TX,2023-10-21,38164679.94149146
TX,2023-10-28,46532237.004289635
TX,2023-11-04,39491724.37532039
TX,2023-11-11,39855933.846629426
TX,2023-11-18,38694097.95965841
TX,2023-11-25,39425155.07701298
TX,2023-12-02,35253290.62940895
TX,2023-12-09,48263963.83248568
TX,2023-12-16,48636153.0075769
TX,2023-12-23,47943040.26813083
TX,2023-12-30,43026412.962119766
TX,2024-01-06,47362348.13307153
TX,2024-01-13,48540918.61432783
TX,2024-01-20,42051258.586319715
TX,2024-01-27,90159146.72022787
TX,2024-02-03,90512444.1372725
TX,2024-02-10,75926160.82138218
TX,2024-02-17,69633543.60361144
TX,2024-02-24,56574931.556645356
TX,2024-03-02,60215484.03174954
TX,2024-03-09,113099826.06657638
TX,2024-03-16,121454303.56833708
TX,2024-03-23,98095397.15231271
TX,2024-03-30,101000674.64968506
TX,2024-04-06,125030816.94529586
TX,2024-04-13,114257812.31726067
TX,2024-04-20,91310067.64289638
TX,2024-04-27,85039873.17936653
TX,2024-05-04,112445669.92381975
TX,2024-05-11,102071350.43965884
TX,2024-05-18,93646145.01799789
TX,2024-05-25,92579457.31307366
TX,2024-06-01,101617145.903383
TX,2024-06-08,93650195.393721
TX,2024-06-15,83135868.94254099
TX,2024-07-06,86.06075303416057
TX,2024-07-13,18.061401651492694
TX,2024-08-10,254.33952905282467
TX,2024-08-17,83.1937430425001
TX,2024-08-31,51.29990330156099
TX,2024-09-28,91.76875934983082
TX,2024-10-05,75.17231427735823
TX,2024-10-12,113725724.03239869
TX,2024-10-19,93848936.94567071
TX,2024-10-26,79500133.68769014
TX,2024-11-02,88951383.41864777
TX,2024-11-09,134771448.38080347
TX,2024-11-16,46366137.39910508
TX,2024-11-23,45945898.34559261
TX,2024-11-30,42542799.11553568
TX,2024-12-07,37337587.58625148
TX,2024-12-14,37673394.64177302
TX,2024-12-21,38235525.736881316
TX,2024-12-28,33993364.20517151
TX,2025-01-04,41894787.58917173
TX,2025-01-11,40045653.487491205
TX,2025-01-18,40035518.49963214
TX,2025-01-25,37530797.14944836
TX,2025-02-01,36798065.398543544
TX,2025-02-08,36757995.90445848
TX,2025-02-15,39648435.13716126
TX,2025-02-22,35533880.25704034
TX,2025-03-01,34440814.52626684
TX,2025-03-08,44946534.988277964
TX,2025-03-15,48283971.67633236
TX,2025-03-22,43824982.3759005
TX,2025-03-29,48482635.318831086
TX,2025-04-05,42823898.484557495
TX,2025-04-12,37567452.28300884
TX,2025-04-19,39723183.712090276
TX,2025-04-26,41178311.937586725
TX,2025-05-03,41139693.196782336
UT,2019-01-26,2295121.4872935773
UT,2019-02-02,2322423.004429812
UT,2019-02-09,2382642.248096524
UT,2019-02-16,2415767.9527398557
UT,2019-02-23,2111756.6628455445
UT,2019-03-02,2125287.9074945827
UT,2019-03-09,2436866.5002566134
UT,2019-03-16,2575625.1047920454
UT,2019-03-23,2578856.721397135
UT,2019-03-30,2552224.6169368317
UT,2019-04-06,2580797.9220517892
UT,2019-04-13,2407581.8648811025
UT,2019-04-20,2348775.899414849
UT,2019-04-27,2333520.59700264
UT,2019-05-04,4085410.6564741367
UT,2019-05-11,3789500.762582346
UT,2019-05-18,3617760.9938589064
UT,2019-05-25,3681983.082944558
UT,2019-06-01,3589083.280694033
UT,2019-06-08,4579548.602428296
UT,2019-06-15,4219709.205741495
UT,2019-06-22,4359844.353498479
UT,2019-06-29,4438791.178022153
UT,2019-07-06,5175808.823242775
UT,2019-07-13,4885032.54304979
UT,2019-07-20,4304671.46653523
UT,2019-07-27,4577526.546959329
UT,2019-08-03,5609116.960390682
UT,2019-08-10,4954510.939703875
UT,2019-08-17,5108557.691600488
UT,2019-08-24,4294448.206395978
UT,2019-08-31,4494310.0645662295
UT,2019-09-07,6411780.232740765
UT,2019-09-14,5698254.078592357
UT,2019-09-21,5696811.683639952
UT,2019-09-28,5463210.791957667
UT,2019-10-05,6576622.589098037
UT,2019-10-12,5534860.320046566
UT,2019-10-19,5337680.941353416
UT,2019-10-26,4610543.657433554
UT,2019-11-02,4359473.741457424
UT,2019-11-09,4544110.506938727
UT,2019-11-16,4622209.152060027
UT,2019-11-23,4745999.497148306
UT,2019-11-30,4465592.496500195
UT,2019-12-07,5435945.029167319
UT,2019-12-14,5533830.346258096
UT,2019-12-21,5778526.774126632
UT,2019-12-28,5154503.028536097
UT,2020-01-04,5917744.4291217625
UT,2020-01-11,4975462.6894876305
UT,2020-01-18,5283956.43070428
UT,2020-01-25,4903778.802890432
UT,2020-02-01,4852255.029520142
UT,2020-02-08,6095334.953958014
UT,2020-02-15,6225202.710683728
UT,2020-02-22,6256536.843512554
UT,2020-02-29,5839294.140179482
UT,2020-03-07,6713227.738026217
UT,2020-03-14,6405238.205592116
UT,2020-03-21,3943552.036993417
UT,2020-03-28,2946492.3869606024
UT,2020-04-04,2970121.806680734
UT,2020-04-11,2959685.3488606648
UT,2020-04-18,3027562.1419992917
UT,2020-04-25,3306590.05559843
UT,2020-05-02,3598792.6184478537
UT,2020-05-09,4599975.488493435
UT,2020-05-16,4793502.775316234
UT,2020-05-23,6092336.199654019
UT,2020-05-30,5800424.611926934
UT,2020-06-06,6403719.989144354
UT,2020-06-13,6066875.156075588
UT,2020-06-20,6879789.277047594
UT,2020-06-27,6751868.254485794
UT,2020-07-04,7623556.397828568
UT,2020-07-11,6912076.103515911
UT,2020-07-18,6505150.250106244
UT,2020-07-25,6834115.869660114
UT,2020-08-01,6448189.027243118
UT,2020-08-08,6978647.65461942
UT,2020-08-15,6566079.978572882
UT,2020-08-22,5696724.117414714
UT,2020-08-29,5312443.309541938
UT,2020-09-05,6975900.382855206
UT,2020-09-12,6079899.929600435
UT,2020-09-19,6229514.2521507945
UT,2020-09-26,5747715.980884878
UT,2020-10-03,6194005.74419393
UT,2020-10-10,6414426.34098186
UT,2020-10-17,6292185.981884223
UT,2020-10-24,5689967.586604971
UT,2020-10-31,4873522.055842821
UT,2020-11-07,4841851.109531041
UT,2020-11-14,4727116.666925409
UT,2020-11-21,4292589.686651365
UT,2020-11-28,4396065.963648074
UT,2020-12-05,4980028.463082493
UT,2020-12-12,4787631.8625371875
UT,2020-12-19,4576410.326205995
UT,2020-12-26,4658329.911232409
UT,2021-01-09,5144341.031469917
UT,2021-01-16,4769049.61608056
UT,2021-01-23,4140144.0035930867
UT,2021-01-30,3878096.6960152644
UT,2021-02-06,5086114.212798121
UT,2021-02-13,5423985.656358477
UT,2021-02-20,5496114.790548891
UT,2021-02-27,5131021.430393162
UT,2021-03-06,5747462.9435087945
UT,2021-03-13,6027493.155353389
UT,2021-03-20,6778658.797045241
UT,2021-03-27,6270522.31933788
UT,2021-04-03,7987230.64718102
UT,2021-04-10,6627589.874829545
UT,2021-04-17,5738406.854400819
UT,2021-04-24,5762542.893397236
UT,2021-05-01,5197636.820954028
UT,2021-05-08,6819180.0177314235
UT,2021-05-15,6456509.679168413
UT,2021-05-22,6165051.538961783
UT,2021-05-29,8040689.346344355
UT,2021-06-05,8794554.646495808
UT,2021-06-12,7410755.165995608
UT,2021-06-19,8109850.721292798
UT,2021-06-26,8515657.64919113
UT,2021-07-03,9522190.534410153
UT,2021-07-10,9198245.419809144
UT,2021-07-17,8474047.928532887
UT,2021-07-24,8043636.687371762
UT,2021-07-31,8042198.8502947055
UT,2021-08-07,8046342.587158649
UT,2021-08-14,7162728.782138326
UT,2021-08-21,6796246.246802479
UT,2021-08-28,6655385.880206904
UT,2021-09-04,8339582.921988878
UT,2021-09-11,7435887.932512251
UT,2021-09-18,6762494.736590554
UT,2021-09-25,7607479.715751114
UT,2021-10-02,6947766.500646958
UT,2021-10-09,7622981.703572603
UT,2021-10-16,7325105.938495068
UT,2021-10-23,6489646.950903942
UT,2021-10-30,6532498.188814636
UT,2021-11-06,6769750.337834277
UT,2021-11-13,6207605.566190166
UT,2021-11-20,6373629.071645634
UT,2021-11-27,6815752.821665698
UT,2021-12-04,7233329.660041189
UT,2021-12-11,6178111.880067812
UT,2021-12-18,6641739.806819276
UT,2021-12-25,6863550.702073321
UT,2022-01-01,6719834.553832773
UT,2022-01-08,6570779.73894184
UT,2022-01-15,6578801.688707463
UT,2022-01-22,5657251.279037535
UT,2022-01-29,5844303.17680806
UT,2022-02-05,7416289.187588807
UT,2022-02-12,6893565.338008738
UT,2022-02-19,7860951.6502218135
UT,2022-02-26,7040118.099216703
UT,2022-03-05,7943360.792537873
UT,2022-03-12,8032317.5203559995
UT,2022-03-19,8054754.110426923
UT,2022-03-26,8019524.309804169
UT,2022-04-02,7493137.294918235
UT,2022-04-09,7687841.469239697
UT,2022-04-16,7549985.08393823
UT,2022-04-23,7670375.3324452005
UT,2022-04-30,6439634.550018718
UT,2022-05-07,7715491.759116691
UT,2022-05-14,7849248.20961892
UT,2022-05-21,7381031.902953811
UT,2022-05-28,8195382.705298188
UT,2022-06-04,9307064.200777868
UT,2022-06-11,8995426.376570478
UT,2022-06-18,7078501.531686609
UT,2022-06-25,6536247.303336902
UT,2022-07-02,6486907.130139863
UT,2022-07-09,7750470.434728111
UT,2022-07-16,7133387.3105638195
UT,2022-07-23,7143655.0443560155
UT,2022-07-30,6487756.000316659
UT,2022-08-06,9090086.008105868
UT,2022-08-13,7938165.722737648
UT,2022-08-20,7429483.675276761
UT,2022-08-27,6759950.926958514
UT,2022-09-03,8334857.164215286
UT,2022-09-10,8159419.407796462
UT,2022-09-17,7627534.73952766
UT,2022-09-24,7241340.846995127
UT,2022-10-01,7583797.482561473
UT,2022-10-08,8059217.62272656
UT,2022-10-15,7838678.107096358
UT,2022-10-22,7375474.696714441
UT,2022-10-29,7452405.930445872
UT,2022-11-05,7453444.477451356
UT,2022-11-12,7067994.5517061325
UT,2022-11-19,6790732.148164625
UT,2022-11-26,7081705.683391309
UT,2022-12-03,7263250.968230149
UT,2022-12-10,6714636.861889037
UT,2022-12-17,6477752.202531405
UT,2022-12-24,5522331.93526124
UT,2022-12-31,5349047.982563723
UT,2023-01-07,7186151.060804408
UT,2023-01-14,6490295.735859832
UT,2023-01-21,6694408.334598052
UT,2023-01-28,6374394.560025173
UT,2023-02-04,14524497.690528538
UT,2023-02-11,13012846.971202657
UT,2023-02-18,12367641.845487617
UT,2023-02-25,10782798.133705847
UT,2023-03-04,20461008.680025496
UT,2023-03-11,20597693.830257263
UT,2023-03-18,17512820.15945637
UT,2023-03-25,15970045.436336031
UT,2023-04-01,14494134.102922296
UT,2023-04-08,12120293.954812692
UT,2023-04-15,11203873.405220013
UT,2023-04-22,9805711.702242754
UT,2023-04-29,10242854.608049875
UT,2023-05-06,21993671.61278717
UT,2023-05-13,21496321.316484436
UT,2023-05-20,18000386.36547966
UT,2023-05-27,16694229.471581014
UT,2023-06-03,24794042.83619338
UT,2023-06-10,15385274.295917979
UT,2023-06-17,15634342.400484076
UT,2023-06-24,14897385.484891513
UT,2023-07-01,12622667.584649451
UT,2023-07-08,18209687.35590722
UT,2023-07-15,14246579.404268343
UT,2023-07-22,11824203.528075604
UT,2023-07-29,10792755.142285416
UT,2023-08-05,7526451.402340769
UT,2023-08-12,12210022.725033661
UT,2023-08-19,11110916.485299854
UT,2023-08-26,10119801.31035521
UT,2023-09-02,10038176.529508222
UT,2023-09-09,11245953.93390793
UT,2023-09-16,13224292.788650291
UT,2023-09-23,12019233.576201366
UT,2023-09-30,9555690.142807957
UT,2023-10-07,9599728.33738473
UT,2023-10-14,8791444.520701852
UT,2023-10-21,6760455.620814847
UT,2023-10-28,8874001.867701342
UT,2023-11-04,5664467.284265327
UT,2023-11-11,5304462.755856336
UT,2023-11-18,5512491.151369344
UT,2023-11-25,5299465.429541052
UT,2023-12-02,4802731.911281375
UT,2023-12-09,6384524.063922089
UT,2023-12-16,6031719.310982375
UT,2023-12-23,6399630.961325599
UT,2023-12-30,5296058.695387439
UT,2024-01-06,5652474.692638858
UT,2024-01-13,5834913.225980604
UT,2024-01-20,4769368.251230454
UT,2024-01-27,29105085.108883265
UT,2024-02-03,53820178.85003792
UT,2024-02-10,39116705.723120116
UT,2024-02-17,36551254.13389717
UT,2024-02-24,26085756.945358165
UT,2024-03-02,28800832.23056996
UT,2024-03-09,63292607.801185094
UT,2024-03-16,57095828.141353495
UT,2024-03-23,43087456.78769035
UT,2024-03-30,46154773.8663501
UT,2024-04-06,106992242.74375829
UT,2024-04-13,72282890.62233143
UT,2024-04-20,63723317.678062625
UT,2024-04-27,46024982.267177545
UT,2024-05-04,94218057.14105706
UT,2024-05-11,86642250.98683356
UT,2024-05-18,66717718.01917902
UT,2024-05-25,72145526.7802152
UT,2024-06-01,72698716.148506
UT,2024-06-08,74444039.45620768
UT,2024-06-15,59194866.447963804
UT,2024-09-14,18.55622801365196
UT,2024-10-05,33.41022817045409
UT,2024-10-12,42026224.71098454
UT,2024-10-19,27641816.638851114
UT,2024-10-26,23184475.677368898
UT,2024-11-02,26614590.82721823
UT,2024-11-09,27797623.619980402
UT,2024-11-16,5395014.451251135
UT,2024-11-23,5879846.7562184315
UT,2024-11-30,5049026.610044311
UT,2024-12-07,6068884.725991383
UT,2024-12-14,5777954.7368291505
UT,2024-12-21,6033275.534061688
UT,2024-12-28,6102072.045796611
UT,2025-01-04,7128790.703929731
UT,2025-01-11,6403507.643638555
UT,2025-01-18,6168457.1359657515
UT,2025-01-25,6501717.239199495
UT,2025-02-01,6006406.616703811
UT,2025-02-08,5870921.884913775
UT,2025-02-15,6010862.776042232
UT,2025-02-22,5055120.882737093
UT,2025-03-01,4868829.556331419
UT,2025-03-08,5980054.850016635
UT,2025-03-15,6359406.763956735
UT,2025-03-22,5842019.082061481
UT,2025-03-29,6801651.21423425
UT,2025-04-05,5483152.228864106
UT,2025-04-12,4868533.363197746
UT,2025-04-19,4892824.4362298
UT,2025-04-26,4731819.534292114
UT,2025-05-03,6642995.525936492
VA,2019-01-26,16051111.117581809
VA,2019-02-02,15911696.61903654
VA,2019-02-09,17263160.474079262
VA,2019-02-16,17402446.267936595
VA,2019-02-23,15844517.169214517
VA,2019-03-02,16525143.664908111
VA,2019-03-09,18270528.805710863
VA,2019-03-16,18366539.367507834
VA,2019-03-23,17686196.597653173
VA,2019-03-30,17386515.760237016
VA,2019-04-06,18950728.11950272
VA,2019-04-13,18063463.845684208
VA,2019-04-20,17472444.045834396
VA,2019-04-27,17504879.650846973
VA,2019-05-04,29998100.374773968
VA,2019-05-11,29597384.61004056
VA,2019-05-18,27523005.93585566
VA,2019-05-25,28479216.98621274
VA,2019-06-01,27757212.82393742
VA,2019-06-08,29445882.48833866
VA,2019-06-15,27483434.10650241
VA,2019-06-22,27061828.97076313
VA,2019-06-29,26748026.298220187
VA,2019-07-06,29264832.802340347
VA,2019-07-13,28169288.75348045
VA,2019-07-20,28774273.366773676
VA,2019-07-27,26871514.868595112
VA,2019-08-03,37029650.202500634
VA,2019-08-10,34445445.57669783
VA,2019-08-17,33128900.223391153
VA,2019-08-24,34459964.813727796
VA,2019-08-31,33288736.72520826
VA,2019-09-07,48892015.689324036
VA,2019-09-14,44956404.06738461
VA,2019-09-21,46888827.83550351
VA,2019-09-28,40948273.5981244
VA,2019-10-05,46093425.603631526
VA,2019-10-12,44435062.59670782
VA,2019-10-19,38677893.76688711
VA,2019-10-26,36984222.33117817
VA,2019-11-02,39533603.112862624
VA,2019-11-09,40017648.7792973
VA,2019-11-16,38602637.483378984
VA,2019-11-23,37963593.37791258
VA,2019-11-30,35966782.35832421
VA,2019-12-07,44103276.26997178
VA,2019-12-14,45774021.79928427
VA,2019-12-21,48686191.0702217
VA,2019-12-28,33767111.571675256
VA,2020-01-04,39776512.701172486
VA,2020-01-11,38362018.98576032
VA,2020-01-18,39903876.1464086
VA,2020-01-25,36570770.87210112
VA,2020-02-01,37145002.78902141
VA,2020-02-08,45754423.609862156
VA,2020-02-15,43525494.12794881
VA,2020-02-22,42210085.69419242
VA,2020-02-29,42227036.41580796
VA,2020-03-07,46179220.77078921
VA,2020-03-14,44128059.031998694
VA,2020-03-21,27755925.774324857
VA,2020-03-28,22470534.45872141
VA,2020-04-04,21990959.178801537
VA,2020-04-11,20245094.80207125
VA,2020-04-18,22267071.60026017
VA,2020-04-25,20097355.478616647
VA,2020-05-02,23908792.709063254
VA,2020-05-09,28945202.25916537
VA,2020-05-16,28191717.797922183
VA,2020-05-23,30479630.364598062
VA,2020-05-30,30616666.805136748
VA,2020-06-06,37660665.521167606
VA,2020-06-13,36807183.20553896
VA,2020-06-20,33533184.82298239
VA,2020-06-27,36880839.70965485
VA,2020-07-04,39875005.269863345
VA,2020-07-11,33762669.640774004
VA,2020-07-18,35983897.11862918
VA,2020-07-25,35583344.760355406
VA,2020-08-01,32402616.646746308
VA,2020-08-08,37342808.28177593
VA,2020-08-15,35399192.360112414
VA,2020-08-22,35231798.782863356
VA,2020-08-29,34123633.90437712
VA,2020-09-05,39555205.98465232
VA,2020-09-12,34235898.60401064
VA,2020-09-19,34575976.22330905
VA,2020-09-26,32704126.62938164
VA,2020-10-03,41107069.45141556
VA,2020-10-10,36424924.86510585
VA,2020-10-17,39564540.74237311
VA,2020-10-24,37703398.037832856
VA,2020-10-31,34394039.77849139
VA,2020-11-07,36634746.31648885
VA,2020-11-14,32692579.718388427
VA,2020-11-21,31670493.751323078
VA,2020-11-28,28377309.68869159
VA,2020-12-05,32886624.479193047
VA,2020-12-12,33241801.37790865
VA,2020-12-19,33493146.78659113
VA,2020-12-26,27639749.636516597
VA,2021-01-09,30641065.2680695
VA,2021-01-16,30375088.409754544
VA,2021-01-23,29887404.17991523
VA,2021-01-30,25989666.16682592
VA,2021-02-06,30852229.41034782
VA,2021-02-13,27898818.265358094
VA,2021-02-20,29661399.020805158
VA,2021-02-27,33760213.14598173
VA,2021-03-06,39000024.18620103
VA,2021-03-13,38289026.05777744
VA,2021-03-20,39356357.34978184
VA,2021-03-27,33236607.99096684
VA,2021-04-03,41713370.15243537
VA,2021-04-10,39895484.82956142
VA,2021-04-17,36848026.26773463
VA,2021-04-24,36565017.943908125
VA,2021-05-01,37121645.79373966
VA,2021-05-08,43247131.23938194
VA,2021-05-15,42101481.828159444
VA,2021-05-22,38820958.56527388
VA,2021-05-29,38168388.64439598
VA,2021-06-05,44733635.78448083
VA,2021-06-12,38301020.09984677
VA,2021-06-19,42435598.84543392
VA,2021-06-26,38857339.293041475
VA,2021-07-03,48266096.515989155
VA,2021-07-10,43252555.66280191
VA,2021-07-17,44338397.0151774
VA,2021-07-24,42416584.53313099
VA,2021-07-31,39039424.57727315
VA,2021-08-07,50694434.81162008
VA,2021-08-14,46350554.78257731
VA,2021-08-21,46462816.14824331
VA,2021-08-28,43593529.64418941
VA,2021-09-04,48510549.811834775
VA,2021-09-11,42329839.994399466
VA,2021-09-18,42371884.90533727
VA,2021-09-25,45722842.517159544
VA,2021-10-02,43397416.904966705
VA,2021-10-09,50181096.87545365
VA,2021-10-16,48998057.566213414
VA,2021-10-23,48043899.7768493
VA,2021-10-30,48971056.52910467
VA,2021-11-06,52637430.08806038
VA,2021-11-13,45673453.098446526
VA,2021-11-20,44324177.9207842
VA,2021-11-27,43016135.4660378
VA,2021-12-04,48392031.55508689
VA,2021-12-11,46733335.028267436
VA,2021-12-18,52857412.339374185
VA,2021-12-25,40843102.1692553
VA,2022-01-01,38959993.06044451
VA,2022-01-08,38138058.39998099
VA,2022-01-15,38975421.59133673
VA,2022-01-22,35000767.56762239
VA,2022-01-29,41057069.94411641
VA,2022-02-05,48558250.92112532
VA,2022-02-12,45350408.98226425
VA,2022-02-19,46079337.298675515
VA,2022-02-26,47525642.96660161
VA,2022-03-05,53791690.28479771
VA,2022-03-12,47636574.61143092
VA,2022-03-19,53855265.60986
VA,2022-03-26,46427620.063648365
VA,2022-04-02,47727690.473919235
VA,2022-04-09,52534234.55167099
VA,2022-04-16,55816766.566073924
VA,2022-04-23,48368298.88925484
VA,2022-04-30,49547532.24511972
VA,2022-05-07,54380077.501069285
VA,2022-05-14,54080600.71426651
VA,2022-05-21,49706162.1567662
VA,2022-05-28,46884974.39179155
VA,2022-06-04,53188979.062159516
VA,2022-06-11,49990897.705041826
VA,2022-06-18,41741242.51923853
VA,2022-06-25,34268295.36419066
VA,2022-07-02,35347885.950895175
VA,2022-07-09,37652696.463886745
VA,2022-07-16,39792459.63597345
VA,2022-07-23,37078830.43525052
VA,2022-07-30,37203923.24713633
VA,2022-08-06,50304862.82614959
VA,2022-08-13,48089425.57612661
VA,2022-08-20,51915781.50962537
VA,2022-08-27,47854960.70706186
VA,2022-09-03,51940998.91892859
VA,2022-09-10,49080264.91232119
VA,2022-09-17,48979665.940438844
VA,2022-09-24,49210213.88424883
VA,2022-10-01,48058381.79926037
VA,2022-10-08,53700857.940745436
VA,2022-10-15,52477484.107335515
VA,2022-10-22,54757123.896025605
VA,2022-10-29,53373154.17356579
VA,2022-11-05,57853288.30251341
VA,2022-11-12,56726669.556635275
VA,2022-11-19,49293398.15606869
VA,2022-11-26,48195812.50057737
VA,2022-12-03,49140994.19972235
VA,2022-12-10,38563704.17407219
VA,2022-12-17,40915468.64136535
VA,2022-12-24,32698040.995786645
VA,2022-12-31,32116625.890733134
VA,2023-01-07,38944731.35599128
VA,2023-01-14,34310267.92528219
VA,2023-01-21,34061476.813784145
VA,2023-01-28,36900696.72628726
VA,2023-02-04,113375351.8200565
VA,2023-02-11,101934889.2436536
VA,2023-02-18,101379663.08344555
VA,2023-02-25,89503843.22114871
VA,2023-03-04,153520573.83517522
VA,2023-03-11,141120555.70427066
VA,2023-03-18,124332827.96771298
VA,2023-03-25,110861774.97760446
VA,2023-04-01,103746643.71752748
VA,2023-04-08,93082529.19443627
VA,2023-04-15,90797056.59682932
VA,2023-04-22,80398335.4024843
VA,2023-04-29,82482065.35713963
VA,2023-05-06,128157711.46012625
VA,2023-05-13,130390072.07692939
VA,2023-05-20,107340164.26601271
VA,2023-05-27,102309421.52665165
VA,2023-06-03,160253177.86622334
VA,2023-06-10,101540571.06165957
VA,2023-06-17,101847920.13655668
VA,2023-06-24,105708539.81089467
VA,2023-07-01,88102973.80175924
VA,2023-07-08,105293937.02365036
VA,2023-07-15,86547406.29588869
VA,2023-07-22,76673128.03104469
VA,2023-07-29,69339708.6453934
VA,2023-08-05,57782242.12874922
VA,2023-08-12,75818112.08074248
VA,2023-08-19,87973099.192021
VA,2023-08-26,69010009.68333368
VA,2023-09-02,68481466.12808135
VA,2023-09-09,79065472.93811086
VA,2023-09-16,69862461.36183862
VA,2023-09-23,58605919.09017116
VA,2023-09-30,48690966.89005798
VA,2023-10-07,55748148.696325526
VA,2023-10-14,55147462.51245227
VA,2023-10-21,44331353.00835952
VA,2023-10-28,61017044.64559078
VA,2023-11-04,47551632.198273726
VA,2023-11-11,46107669.28249858
VA,2023-11-18,45713997.31221755
VA,2023-11-25,45516298.69063784
VA,2023-12-02,42698930.5134816
VA,2023-12-09,49707072.01509926
VA,2023-12-16,48421993.85076534
VA,2023-12-23,49496786.29603936
VA,2023-12-30,40961199.379601866
VA,2024-01-06,42870822.92407259
VA,2024-01-13,46624637.10187172
VA,2024-01-20,41240401.728654586
VA,2024-01-27,114333140.17770801
VA,2024-02-03,157000646.91924325
VA,2024-02-10,114492494.22941267
VA,2024-02-17,101236594.19635707
VA,2024-02-24,74595774.49368766
VA,2024-03-02,83322887.39780138
VA,2024-03-09,199050230.85379133
VA,2024-03-16,185849645.6342517
VA,2024-03-23,163116622.52375925
VA,2024-03-30,149946195.66830227
VA,2024-04-06,247822330.33631876
VA,2024-04-13,231868642.26123142
VA,2024-04-20,141598841.97482064
VA,2024-04-27,132935336.11205727
VA,2024-05-04,198994962.1001324
VA,2024-05-11,174097143.8822334
VA,2024-05-18,154008452.8157927
VA,2024-05-25,167628388.20108366
VA,2024-06-01,166706987.09789327
VA,2024-06-08,162744639.1729131
VA,2024-06-15,142462333.1582442
VA,2024-06-22,1698.025050734076
VA,2024-06-29,144.02973025328498
VA,2024-09-07,200.47325380962823
VA,2024-09-14,645.7990660791031
VA,2024-09-21,151.89103504619965
VA,2024-09-28,287.9770584603015
VA,2024-10-05,4.548833285168197
VA,2024-10-12,92392387.06734747
VA,2024-10-19,72078167.92311755
VA,2024-10-26,55902728.7292263
VA,2024-11-02,59921803.99393344
VA,2024-11-09,97000881.28879096
VA,2024-11-16,33306963.243944652
VA,2024-11-23,32382892.547697112
VA,2024-11-30,29830693.714341633
VA,2024-12-07,31499038.252353016
VA,2024-12-14,30383500.137140933
VA,2024-12-21,32093156.579548143
VA,2024-12-28,30723677.9372071
VA,2025-01-04,30394532.622684095
VA,2025-01-11,29327526.10870742
VA,2025-01-18,30131152.39908957
VA,2025-01-25,28349183.414640848
VA,2025-02-01,27286675.3258541
VA,2025-02-08,26290344.12884842
VA,2025-02-15,29507982.604444765
VA,2025-02-22,25185133.422379162
VA,2025-03-01,26467551.519537427
VA,2025-03-08,28392301.50302242
VA,2025-03-15,29961288.39383131
VA,2025-03-22,26490531.04826081
VA,2025-03-29,28627564.473807693
VA,2025-04-05,34722247.63331152
VA,2025-04-12,30699937.546661418
VA,2025-04-19,31208492.17799345
VA,2025-04-26,32165080.369253907
VA,2025-05-03,37835884.35006625
VT,2019-01-26,478560.9449504015
VT,2019-02-02,419501.83174016327
VT,2019-02-09,437623.5539965782
VT,2019-02-16,468473.1786321348
VT,2019-02-23,507943.56881517236
VT,2019-03-02,399761.7887672056
VT,2019-03-09,445838.6571226258
VT,2019-03-16,460573.1714425108
VT,2019-03-23,536675.25041274
VT,2019-03-30,594323.6548654424
VT,2019-04-06,574018.2666239537
VT,2019-04-13,439064.4378450181
VT,2019-04-20,341729.05054451176
VT,2019-04-27,155478.54089406162
VT,2019-05-04,331038.2649796813
VT,2019-05-11,260658.41423322528
VT,2019-05-18,435707.17775864736
VT,2019-05-25,277274.74096612574
VT,2019-06-01,229795.7544176476
VT,2019-06-08,774459.1251907205
VT,2019-06-15,629774.6341182847
VT,2019-06-22,710972.261253482
VT,2019-06-29,623264.1010898981
VT,2019-07-06,681397.47766602
VT,2019-07-13,943790.2511558223
VT,2019-07-20,565851.5513356087
VT,2019-07-27,517111.7670030945
VT,2019-08-03,694966.2561065849
VT,2019-08-10,579463.2444556477
VT,2019-08-17,565319.6300595077
VT,2019-08-24,691914.7834866015
VT,2019-08-31,864655.4422754087
VT,2019-09-07,658302.306129864
VT,2019-09-14,765031.6660895399
VT,2019-09-21,482801.38718627987
VT,2019-09-28,595842.6601578695
VT,2019-10-05,641052.3051316583
VT,2019-10-12,746770.8679099716
VT,2019-10-19,387828.43985464924
VT,2019-10-26,680464.7753917922
VT,2019-11-02,417510.4376505825
VT,2019-11-09,401274.43242006097
VT,2019-11-16,422276.03221675986
VT,2019-11-23,412153.01131092303
VT,2019-11-30,227124.1213296738
VT,2019-12-07,586543.5128802899
VT,2019-12-14,476583.7529470639
VT,2019-12-21,773243.4722861188
VT,2019-12-28,524976.5767518469
VT,2020-01-04,681049.4627494634
VT,2020-01-11,406791.3469306682
VT,2020-01-18,421767.8862200924
VT,2020-01-25,431631.9769714411
VT,2020-02-01,578011.1512495198
VT,2020-02-08,366307.32680966955
VT,2020-02-15,500064.05779953446
VT,2020-02-22,471564.36983468925
VT,2020-02-29,402134.6709063884
VT,2020-03-07,464105.80974442995
VT,2020-03-14,464789.7090408378
VT,2020-03-21,243843.23532511268
VT,2020-03-28,135237.17144517248
VT,2020-04-04,135490.5567088336
VT,2020-04-11,141723.68049575464
VT,2020-04-18,168797.55356765597
VT,2020-04-25,154887.28463119175
VT,2020-05-02,170258.58965818293
VT,2020-05-09,236107.14728383019
VT,2020-05-16,273660.88973518176
VT,2020-05-23,287706.486759402
VT,2020-05-30,313577.55718369054
VT,2020-06-06,352189.8230697235
VT,2020-06-13,354278.3122296455
VT,2020-06-20,234762.2895220149
VT,2020-06-27,174214.79491511412
VT,2020-07-04,523772.33122570603
VT,2020-07-11,241856.62697957738
VT,2020-07-18,218385.3795891856
VT,2020-07-25,215430.96953069133
VT,2020-08-01,185186.40688144494
VT,2020-08-08,278434.76800165063
VT,2020-08-15,266161.5483454209
VT,2020-08-22,224732.87426167232
VT,2020-08-29,187200.11800060142
VT,2020-09-05,269178.47599858517
VT,2020-09-12,234629.2376324367
VT,2020-09-19,234242.5699292774
VT,2020-09-26,212084.3752360581
VT,2020-10-03,330359.02898775507
VT,2020-10-10,532782.0371792046
VT,2020-10-17,230011.44293258263
VT,2020-10-24,212036.47848172626
VT,2020-10-31,210771.05075015276
VT,2020-11-07,238705.98819000632
VT,2020-11-14,432785.07337641483
VT,2020-11-21,640499.7946203758
VT,2020-11-28,313681.5946986276
VT,2020-12-05,924661.9300003139
VT,2020-12-12,980399.0365966187
VT,2020-12-19,1228233.645224925
VT,2020-12-26,810937.0446610361
VT,2021-01-09,946464.6147311935
VT,2021-01-16,911325.2371697051
VT,2021-01-23,857940.3410733417
VT,2021-01-30,811754.6054002579
VT,2021-02-06,789743.8019101316
VT,2021-02-13,913227.8462670106
VT,2021-02-20,1253930.296097011
VT,2021-02-27,925631.3896840003
VT,2021-03-06,945644.7659204799
VT,2021-03-13,985650.2072186135
VT,2021-03-20,1220926.2784677881
VT,2021-03-27,1139494.7751482516
VT,2021-04-03,1302499.5265101271
VT,2021-04-10,1366701.769959918
VT,2021-04-17,731387.6773386437
VT,2021-04-24,1196041.1870103015
VT,2021-05-01,1104277.401130047
VT,2021-05-08,1104008.8238449327
VT,2021-05-15,1020905.4151110859
VT,2021-05-22,896232.2384896021
VT,2021-05-29,1019664.5771372231
VT,2021-06-05,1294907.712910702
VT,2021-06-12,1009023.1068131209
VT,2021-06-19,1193473.0781869448
VT,2021-06-26,1032873.314649745
VT,2021-07-03,1204907.136595676
VT,2021-07-10,1124348.0384839978
VT,2021-07-17,1095181.2307456506
VT,2021-07-24,1942191.3474264985
VT,2021-07-31,1077486.553809669
VT,2021-08-07,1183425.4559245924
VT,2021-08-14,1197958.7825500704
VT,2021-08-21,1117740.0298312497
VT,2021-08-28,1479677.6777049385
VT,2021-09-04,1256898.9282650154
VT,2021-09-11,1252089.9913679021
VT,2021-09-18,1576302.563384963
VT,2021-09-25,1093859.9332433958
VT,2021-10-02,1239946.7525950938
VT,2021-10-09,1330487.2204501189
VT,2021-10-16,1534730.5260329156
VT,2021-10-23,1254267.7075079675
VT,2021-10-30,1390399.828732108
VT,2021-11-06,1459048.2366052035
VT,2021-11-13,1720872.2250355259
VT,2021-11-20,1105032.5875789488
VT,2021-11-27,1045425.3003461289
VT,2021-12-04,2276320.417034037
VT,2021-12-11,1258236.075769637
VT,2021-12-18,1376047.8678651415
VT,2021-12-25,1151663.0968591508
VT,2022-01-01,1144685.9630346543
VT,2022-01-08,1516066.7443274872
VT,2022-01-15,991460.5922176929
VT,2022-01-22,1084037.2641644035
VT,2022-01-29,1422499.0374264296
VT,2022-02-05,1295251.425976881
VT,2022-02-12,1789479.9336195497
VT,2022-02-19,1621739.791257371
VT,2022-02-26,1358360.2311386697
VT,2022-03-05,1430127.2529626822
VT,2022-03-12,1489414.4554296609
VT,2022-03-19,1894407.3301522443
VT,2022-03-26,1429560.6904934624
VT,2022-04-02,1216426.3151908938
VT,2022-04-09,1533739.7895726128
VT,2022-04-16,1893712.5584466902
VT,2022-04-23,1312733.2720074044
VT,2022-04-30,1236225.1529227144
VT,2022-05-07,1602036.657231217
VT,2022-05-14,1781326.3028486185
VT,2022-05-21,1586758.8809730446
VT,2022-05-28,1568598.7679946832
VT,2022-06-04,2082115.7924470343
VT,2022-06-11,1656985.7499890972
VT,2022-06-18,265748.3735960926
VT,2022-08-20,848691.6357983352
VT,2022-08-27,834633.9209316571
VT,2022-09-03,1674371.4056882218
VT,2022-09-10,1374860.1276139747
VT,2022-09-17,1601534.7069289875
VT,2022-09-24,1811956.8143689868
VT,2022-10-01,1865077.3325167727
VT,2022-10-08,1784662.3302385816
VT,2022-10-15,1538501.8064955682
VT,2022-10-22,2338508.469481318
VT,2022-10-29,1893924.6286399697
VT,2022-11-05,2045275.6827173373
VT,2022-11-12,2244328.7336914297
VT,2022-11-19,2113792.693766264
VT,2022-11-26,1853766.2678121056
VT,2022-12-03,1556678.990066288
VT,2022-12-10,1823431.1403296082
VT,2022-12-17,1731067.1281336376
VT,2022-12-24,1514463.6386981374
VT,2022-12-31,1770953.72658941
VT,2023-01-07,2200437.048858062
VT,2023-01-14,2204607.3730006097
VT,2023-01-21,1878867.5564543826
VT,2023-01-28,1871825.5131410207
VT,2023-02-04,2805668.8837523717
VT,2023-02-11,2774447.1277311365
VT,2023-02-18,2571772.5583590274
VT,2023-02-25,2421632.4888328584
VT,2023-03-04,3540608.4687528173
VT,2023-03-11,3014170.9241999444
VT,2023-03-18,2540978.0858751065
VT,2023-03-25,2891645.9525455036
VT,2023-04-01,2901253.39508199
VT,2023-04-08,2695108.6970336596
VT,2023-04-15,2285599.3570144987
VT,2023-04-22,2113874.8974971855
VT,2023-04-29,1977677.2021358402
VT,2023-05-06,3019659.4089842644
VT,2023-05-13,3176210.1464186003
VT,2023-05-20,2828692.309332028
VT,2023-05-27,3398802.7052732133
VT,2023-06-03,3281262.391461691
VT,2023-06-10,2462011.025182207
VT,2023-06-17,3511086.475758047
VT,2023-06-24,2322507.075852285
VT,2023-07-01,2632542.9083405365
VT,2023-07-08,2097751.841350942
VT,2023-07-15,1708202.0406617883
VT,2023-07-22,1893576.9156149782
VT,2023-07-29,1765068.2590534324
VT,2023-08-05,1433276.110899268
VT,2023-08-12,1543919.7785311344
VT,2023-08-19,1688309.5994752934
VT,2023-08-26,1153065.0587287738
VT,2023-09-02,1374121.2592281103
VT,2023-09-09,1601182.8963066915
VT,2023-09-16,1379761.2647621778
VT,2023-09-23,1120533.050085578
VT,2023-09-30,1191944.415076001
VT,2023-10-07,1689358.7568642641
VT,2023-10-14,1668745.6273675815
VT,2023-10-21,1172392.3772137952
VT,2023-10-28,1414736.470655041
VT,2023-11-04,1150002.9115734233
VT,2023-11-11,1189162.2170003194
VT,2023-11-18,1157448.5180168801
VT,2023-11-25,1212746.7976068046
VT,2023-12-02,1054021.803418464
VT,2023-12-09,1593619.3420293818
VT,2023-12-16,1414614.261636677
VT,2023-12-23,1394659.689171655
VT,2023-12-30,1395944.9690541287
VT,2024-01-06,1366160.7613226168
VT,2024-01-13,1300154.7646926502
VT,2024-01-20,1195394.6070575644
VT,2024-01-27,1723937.504837253
VT,2024-02-03,2473399.427359367
VT,2024-02-10,1935450.5250720368
VT,2024-02-17,1810040.8509932077
VT,2024-02-24,1673302.213009447
VT,2024-03-02,1656936.8516228362
VT,2024-03-09,3077187.3061131714
VT,2024-03-16,2951361.6463416433
VT,2024-03-23,2830070.5384104135
VT,2024-03-30,2562511.567884258
VT,2024-04-06,3937525.9254135913
VT,2024-04-13,4176585.5143617783
VT,2024-04-20,2481693.12425022
VT,2024-04-27,2321984.4222477195
VT,2024-05-04,5434728.632705219
VT,2024-05-11,3508413.33041862
VT,2024-05-18,2891365.209851644
VT,2024-05-25,3472203.005476556
VT,2024-06-01,3628423.6067320234
VT,2024-06-08,3620063.4978600563
VT,2024-06-15,2960010.1678371364
VT,2024-09-28,17.485837611421857
VT,2024-10-12,2706945.2993335593
VT,2024-10-19,1928384.4962149733
VT,2024-10-26,1436256.2296078454
VT,2024-11-02,1584476.5643746231
VT,2024-11-09,2136444.611545577
VT,2024-11-16,894965.8016156928
VT,2024-11-23,857588.3835552068
VT,2024-11-30,880976.4185001652
VT,2024-12-07,1130833.3482721355
VT,2024-12-14,945323.4854086447
VT,2024-12-21,1057228.3132576942
VT,2024-12-28,925075.7960553425
VT,2025-01-04,895061.6793688629
VT,2025-01-11,794323.9213041713
VT,2025-01-18,926218.1352045096
VT,2025-01-25,846137.8360310477
VT,2025-02-01,701783.7491566086
VT,2025-02-08,821216.2631794659
VT,2025-02-15,837931.2183353462
VT,2025-02-22,889317.1717571082
VT,2025-03-01,750780.590347321
VT,2025-03-08,850383.2116598614
VT,2025-03-15,676876.5519282856
VT,2025-03-22,666133.9340719007
VT,2025-03-29,724997.8142919948
VT,2025-04-05,915181.7646608093
VT,2025-04-12,670681.6415374237
VT,2025-04-19,761634.5108806287
VT,2025-04-26,862526.6658978737
VT,2025-05-03,1037545.1809459995
WA,2019-01-26,2143626.3592046653
WA,2019-02-02,2301959.682305074
WA,2019-02-09,2164107.0202980144
WA,2019-02-16,1959847.4002371733
WA,2019-02-23,2176214.5196727933
WA,2019-03-02,2077300.596446714
WA,2019-03-09,2639472.3648121357
WA,2019-03-16,2443488.73495392
WA,2019-03-23,2328647.16416731
WA,2019-03-30,2462304.0746198883
WA,2019-04-06,2423041.1089781485
WA,2019-04-13,2478778.909410981
WA,2019-04-20,2481743.51333191
WA,2019-04-27,2486131.1727086175
WA,2019-05-04,3979561.5251805577
WA,2019-05-11,4195607.054837211
WA,2019-05-18,3388670.955172777
WA,2019-05-25,4006420.3286173954
WA,2019-06-01,3472177.3570287917
WA,2019-06-08,3996129.616436055
WA,2019-06-15,3976400.6436184268
WA,2019-06-22,3602819.3690716093
WA,2019-06-29,3810006.6279423884
WA,2019-07-06,4258939.319513948
WA,2019-07-13,4531608.4785846425
WA,2019-07-20,4022582.5572309624
WA,2019-07-27,3853206.330465713
WA,2019-08-03,4839262.582328051
WA,2019-08-10,4790679.828643739
WA,2019-08-17,4482384.835898482
WA,2019-08-24,4537014.508430131
WA,2019-08-31,4755357.136397503
WA,2019-09-07,6237853.620506413
WA,2019-09-14,5625070.849962096
WA,2019-09-21,5793035.1687426185
WA,2019-09-28,5159216.3660590025
WA,2019-10-05,6125726.644501044
WA,2019-10-12,5367115.15864185
WA,2019-10-19,5393547.653967463
WA,2019-10-26,4941170.597131561
WA,2019-11-02,5118639.643599052
WA,2019-11-09,5347769.505796834
WA,2019-11-16,5018746.428819974
WA,2019-11-23,5212114.969671912
WA,2019-11-30,4187073.4733586465
WA,2019-12-07,6572639.99296172
WA,2019-12-14,6438753.0004671225
WA,2019-12-21,5869569.820173775
WA,2019-12-28,4267385.793808241
WA,2020-01-04,5994137.561320404
WA,2020-01-11,5456671.9166269
WA,2020-01-18,4777205.576356202
WA,2020-01-25,5099518.524658833
WA,2020-02-01,5158071.903956254
WA,2020-02-08,5918375.927826258
WA,2020-02-15,5909734.399701758
WA,2020-02-22,5877390.193206325
WA,2020-02-29,5915239.865981047
WA,2020-03-07,7180481.790915273
WA,2020-03-14,6074745.975262543
WA,2020-03-21,3597965.402838879
WA,2020-03-28,2784499.0562312594
WA,2020-04-04,2854340.254990513
WA,2020-04-11,2895785.414133599
WA,2020-04-18,2620390.131043774
WA,2020-04-25,2882431.150905213
WA,2020-05-02,2921715.8196514975
WA,2020-05-09,4629364.754287729
WA,2020-05-16,3801917.051421464
WA,2020-05-23,4590394.692600467
WA,2020-05-30,4317098.175804672
WA,2020-06-06,5394929.806755599
WA,2020-06-13,4969502.076086144
WA,2020-06-20,5401942.38929637
WA,2020-06-27,4694155.47787623
WA,2020-07-04,5883180.067876193
WA,2020-07-11,5393480.762633271
WA,2020-07-18,5779115.970954938
WA,2020-07-25,4631109.44741138
WA,2020-08-01,5260316.144808203
WA,2020-08-08,5551235.2354885535
WA,2020-08-15,5632720.672142604
WA,2020-08-22,5107360.438353994
WA,2020-08-29,5392616.305940889
WA,2020-09-05,5660601.94305071
WA,2020-09-12,5744464.681809992
WA,2020-09-19,4847163.3870583875
WA,2020-09-26,4712726.289061401
WA,2020-10-03,5059972.773251143
WA,2020-10-10,5305764.121592095
WA,2020-10-17,4791717.06548824
WA,2020-10-24,4605483.949921548
WA,2020-10-31,4560080.465157961
WA,2020-11-07,4689776.508993655
WA,2020-11-14,4543549.436341016
WA,2020-11-21,3871889.824373815
WA,2020-11-28,3261847.6657487215
WA,2020-12-05,4324457.021774396
WA,2020-12-12,4121121.145308715
WA,2020-12-19,3897776.0374798886
WA,2020-12-26,3548613.7799566
WA,2021-01-09,4532544.181002407
WA,2021-01-16,4114745.4234849554
WA,2021-01-23,3715786.1987225795
WA,2021-01-30,3821516.4476672686
WA,2021-02-06,4296138.0865734285
WA,2021-02-13,4091376.6151842447
WA,2021-02-20,4456613.419416194
WA,2021-02-27,4429224.857799156
WA,2021-03-06,5004461.209336361
WA,2021-03-13,5285447.026740173
WA,2021-03-20,5427129.952731306
WA,2021-03-27,4719807.672848183
WA,2021-04-03,6005614.203158245
WA,2021-04-10,5543759.291917157
WA,2021-04-17,5191943.644991035
WA,2021-04-24,4732906.867660833
WA,2021-05-01,4509490.3667103825
WA,2021-05-08,6410852.227631681
WA,2021-05-15,5507980.438450849
WA,2021-05-22,5046193.852194968
WA,2021-05-29,6711456.669546992
WA,2021-06-05,6134662.777581424
WA,2021-06-12,6032264.589896282
WA,2021-06-19,6107034.946049568
WA,2021-06-26,6559415.287953393
WA,2021-07-03,7533502.319545626
WA,2021-07-10,6825365.816835611
WA,2021-07-17,6456539.8994382
WA,2021-07-24,6858071.398796862
WA,2021-07-31,5956599.85608966
WA,2021-08-07,6339026.220854103
WA,2021-08-14,6743353.50184527
WA,2021-08-21,6593248.879526561
WA,2021-08-28,6639427.563959651
WA,2021-09-04,7200841.178440594
WA,2021-09-11,6367212.414099913
WA,2021-09-18,6491307.921537945
WA,2021-09-25,5962007.02828758
WA,2021-10-02,5455749.108682543
WA,2021-10-09,6178336.459105671
WA,2021-10-16,6348111.161287478
WA,2021-10-23,6023730.095567675
WA,2021-10-30,5629462.043435855
WA,2021-11-06,6257414.083963946
WA,2021-11-13,6585924.123552781
WA,2021-11-20,6215739.272120296
WA,2021-11-27,5220193.375385822
WA,2021-12-04,7281128.686739788
WA,2021-12-11,5749408.701126722
WA,2021-12-18,6785965.933879144
WA,2021-12-25,5472412.4155151425
WA,2022-01-01,4325742.313861018
WA,2022-01-08,5168420.332151243
WA,2022-01-15,6250431.602909036
WA,2022-01-22,5101021.879510077
WA,2022-01-29,5394532.207312821
WA,2022-02-05,6393763.995717784
WA,2022-02-12,6740608.781184945
WA,2022-02-19,6687018.153627092
WA,2022-02-26,6232018.472104269
WA,2022-03-05,7273434.046551401
WA,2022-03-12,6584614.8970692465
WA,2022-03-19,6504223.568989904
WA,2022-03-26,6568589.7093357565
WA,2022-04-02,6244829.562049895
WA,2022-04-09,7437349.682361084
WA,2022-04-16,7788491.473539394
WA,2022-04-23,6984491.333181006
WA,2022-04-30,6595907.198067981
WA,2022-05-07,7911201.042972936
WA,2022-05-14,7746419.910785319
WA,2022-05-21,6989221.897212978
WA,2022-05-28,7686198.105208154
WA,2022-06-04,7837757.67683713
WA,2022-06-11,7992984.425135859
WA,2022-06-18,6402428.638851788
WA,2022-06-25,5201460.751256587
WA,2022-07-02,5561807.485153071
WA,2022-07-09,5947395.5025221035
WA,2022-07-16,5946953.966213358
WA,2022-07-23,5900117.658710238
WA,2022-07-30,5639821.871623767
WA,2022-08-06,7713708.349657754
WA,2022-08-13,6868275.8351645935
WA,2022-08-20,7446679.851249614
WA,2022-08-27,8102094.272812803
WA,2022-09-03,7904055.550997889
WA,2022-09-10,8614685.922257647
WA,2022-09-17,7095363.903832297
WA,2022-09-24,7051517.225311393
WA,2022-10-01,6899261.505374128
WA,2022-10-08,6833235.709295611
WA,2022-10-15,7876394.623958481
WA,2022-10-22,7292852.100394279
WA,2022-10-29,7153063.638624819
WA,2022-11-05,7956975.151047307
WA,2022-11-12,7747791.160994678
WA,2022-11-19,7105009.909685341
WA,2022-11-26,6250887.25689534
WA,2022-12-03,7447584.722299178
WA,2022-12-10,7392219.596859714
WA,2022-12-17,7211638.103182214
WA,2022-12-24,5088674.088883658
WA,2022-12-31,5586768.833013015
WA,2023-01-07,8244560.500185132
WA,2023-01-14,7082865.841845266
WA,2023-01-21,7064939.059900625
WA,2023-01-28,7172797.93465198
WA,2023-02-04,14094079.320689851
WA,2023-02-11,12159287.870524378
WA,2023-02-18,10449993.794844422
WA,2023-02-25,10488642.463407671
WA,2023-03-04,15807034.401621044
WA,2023-03-11,14405639.349180702
WA,2023-03-18,11717049.022846531
WA,2023-03-25,10950025.41594325
WA,2023-04-01,9439034.996046225
WA,2023-04-08,11062114.06806766
WA,2023-04-15,10171212.806586074
WA,2023-04-22,8464440.34147827
WA,2023-04-29,10645218.123436557
WA,2023-05-06,15680714.292592255
WA,2023-05-13,18448741.030760508
WA,2023-05-20,14426160.113035185
WA,2023-05-27,15095496.139583105
WA,2023-06-03,20289605.690427173
WA,2023-06-10,10568354.287944648
WA,2023-06-17,11375491.81129688
WA,2023-06-24,8932762.947446017
WA,2023-07-01,9440537.200346641
WA,2023-07-08,12638722.862748446
WA,2023-07-15,9546275.511593534
WA,2023-07-22,9641564.925413992
WA,2023-07-29,8094207.081928496
WA,2023-08-05,6781149.220383244
WA,2023-08-12,8965778.170797752
WA,2023-08-19,7317050.6686046645
WA,2023-08-26,7358003.297207989
WA,2023-09-02,7499111.033227336
WA,2023-09-09,6949184.2926540375
WA,2023-09-16,7680133.126679401
WA,2023-09-23,5037642.2453238955
WA,2023-09-30,4633181.912402339
WA,2023-10-07,5768928.191340973
WA,2023-10-14,4859341.4336746475
WA,2023-10-21,5005662.961056694
WA,2023-10-28,7376921.103904162
WA,2023-11-04,3961777.071151143
WA,2023-11-11,3893719.288352678
WA,2023-11-18,3341019.2844580603
WA,2023-11-25,3318524.814008048
WA,2023-12-02,3385260.3889131704
WA,2023-12-09,4426824.317434581
WA,2023-12-16,4098106.183353933
WA,2023-12-23,3972927.812271747
WA,2023-12-30,3533729.714471127
WA,2024-01-06,4324967.990806907
WA,2024-01-13,4367663.82470786
WA,2024-01-20,3924941.1925340598
WA,2024-01-27,10816245.495247133
WA,2024-02-03,10178909.611382058
WA,2024-02-10,9274392.56645655
WA,2024-02-17,7737081.125804447
WA,2024-02-24,6704306.435380512
WA,2024-03-02,6487419.705188514
WA,2024-03-09,15732795.796174137
WA,2024-03-16,15279821.27429014
WA,2024-03-23,13768342.392383026
WA,2024-03-30,13461540.453143235
WA,2024-04-06,18542509.36204801
WA,2024-04-13,19461393.19701693
WA,2024-04-20,14308892.19949051
WA,2024-04-27,11136754.013063172
WA,2024-05-04,19481592.83680341
WA,2024-05-11,21489896.101445258
WA,2024-05-18,17642475.220602702
WA,2024-05-25,18383284.220521115
WA,2024-06-01,15939623.395975765
WA,2024-06-08,20629872.559555676
WA,2024-06-15,17603939.981851306
WA,2024-07-20,10.565707407812669
WA,2024-08-03,15.242765267140216
WA,2024-08-24,15.508599508599508
WA,2024-09-07,9.573372409462005
WA,2024-09-14,42.99752283929499
WA,2024-10-05,10239.12777094622
WA,2024-10-12,13075785.665004218
WA,2024-10-19,7840349.754432929
WA,2024-10-26,5693221.348908781
WA,2024-11-02,7673187.718939885
WA,2024-11-09,8850039.48467864
WA,2024-11-16,2882039.0626589297
WA,2024-11-23,2678786.2115684985
WA,2024-11-30,2543983.9630855713
WA,2024-12-07,2976619.947956312
WA,2024-12-14,2886036.0609645625
WA,2024-12-21,2800552.8911051597
WA,2024-12-28,2376012.7432112703
WA,2025-01-04,2941305.7584577
WA,2025-01-11,2844855.491105251
WA,2025-01-18,2955881.9286521613
WA,2025-01-25,2620725.3733362793
WA,2025-02-01,2875436.073954287
WA,2025-02-08,2406544.3383230655
WA,2025-02-15,2675119.66059043
WA,2025-02-22,2440002.2302755634
WA,2025-03-01,2441145.6681380724
WA,2025-03-08,2585681.7165223267
WA,2025-03-15,2530000.8547355533
WA,2025-03-22,2395503.8664624104
WA,2025-03-29,2633584.058647503
WA,2025-04-05,2876235.6628807043
WA,2025-04-12,2561668.155317668
WA,2025-04-19,2558825.506352094
WA,2025-04-26,2884653.3009208227
WA,2025-05-03,3808922.8985718433
WI,2019-01-26,5311260.36072904
WI,2019-02-02,4957022.922293721
WI,2019-02-09,5773968.741828691
WI,2019-02-16,5830791.727290025
WI,2019-02-23,5096999.253265435
WI,2019-03-02,5648914.872128521
WI,2019-03-09,6234228.47315864
WI,2019-03-16,6001760.710494247
WI,2019-03-23,5335403.647599692
WI,2019-03-30,5493506.058943593
WI,2019-04-06,6121115.187017085
WI,2019-04-13,5908405.2931642225
WI,2019-04-20,5948722.752621867
WI,2019-04-27,6419730.615594062
WI,2019-05-04,9867064.674811443
WI,2019-05-11,10322207.822007965
WI,2019-05-18,9989620.909748754
WI,2019-05-25,10887666.92139618
WI,2019-06-01,9255025.408941085
WI,2019-06-08,10709314.421031829
WI,2019-06-15,10436775.966787053
WI,2019-06-22,10027279.283570478
WI,2019-06-29,9648947.193587221
WI,2019-07-06,10720311.532561626
WI,2019-07-13,11291210.244731864
WI,2019-07-20,9997231.186087754
WI,2019-07-27,9566413.123010393
WI,2019-08-03,12071397.312140187
WI,2019-08-10,10908836.693501001
WI,2019-08-17,11151186.422656728
WI,2019-08-24,10592002.92186064
WI,2019-08-31,11137528.445187977
WI,2019-09-07,14161544.167753909
WI,2019-09-14,14981331.275524842
WI,2019-09-21,14167072.057712575
WI,2019-09-28,14069438.49241115
WI,2019-10-05,15350297.55008702
WI,2019-10-12,13394037.807660926
WI,2019-10-19,12697750.845301077
WI,2019-10-26,12115047.322406577
WI,2019-11-02,11223484.287473975
WI,2019-11-09,13387227.137924725
WI,2019-11-16,12907749.550101893
WI,2019-11-23,12765682.23435151
WI,2019-11-30,10782146.471895376
WI,2019-12-07,14189158.945461443
WI,2019-12-14,13642899.358604757
WI,2019-12-21,14672015.665406851
WI,2019-12-28,9287511.78406383
WI,2020-01-04,11897051.933340658
WI,2020-01-11,12883036.83862423
WI,2020-01-18,12431027.659758803
WI,2020-01-25,12791626.624688603
WI,2020-02-01,12824777.151521934
WI,2020-02-08,13743722.177699173
WI,2020-02-15,15089948.434283372
WI,2020-02-22,15055693.051248435
WI,2020-02-29,14677903.458234653
WI,2020-03-07,15451156.675347803
WI,2020-03-14,15052651.366822565
WI,2020-03-21,8009507.425255869
WI,2020-03-28,5375422.003455325
WI,2020-04-04,6815563.815668111
WI,2020-04-11,6120949.558123413
WI,2020-04-18,6195328.851483477
WI,2020-04-25,6668388.546663626
WI,2020-05-02,7905564.111167313
WI,2020-05-09,8638842.312598284
WI,2020-05-16,9198853.47395847
WI,2020-05-23,12273122.153650837
WI,2020-05-30,12499655.999391766
WI,2020-06-06,13418581.702453421
WI,2020-06-13,13248337.805197073
WI,2020-06-20,13462850.104403574
WI,2020-06-27,13075573.899080839
WI,2020-07-04,13513180.667991355
WI,2020-07-11,13226335.614142232
WI,2020-07-18,12557701.769050036
WI,2020-07-25,13018607.925218055
WI,2020-08-01,11893762.395524554
WI,2020-08-08,12997551.377683973
WI,2020-08-15,12556636.659119248
WI,2020-08-22,12434149.839969214
WI,2020-08-29,12358759.51737008
WI,2020-09-05,15032195.840133797
WI,2020-09-12,13501983.936309054
WI,2020-09-19,12541313.092925012
WI,2020-09-26,12315102.99967213
WI,2020-10-03,13916720.793864321
WI,2020-10-10,13762616.013123197
WI,2020-10-17,12508386.85265041
WI,2020-10-24,12139480.25155615
WI,2020-10-31,10980212.399105739
WI,2020-11-07,11007648.953086548
WI,2020-11-14,10076318.694313137
WI,2020-11-21,9361482.539124247
WI,2020-11-28,8098849.75996259
WI,2020-12-05,11109440.908285802
WI,2020-12-12,10508233.855698034
WI,2020-12-19,10413345.539173273
WI,2020-12-26,7732858.893164668
WI,2021-01-09,10839589.10548104
WI,2021-01-16,10490607.32199104
WI,2021-01-23,10988383.609929672
WI,2021-01-30,10094840.531354945
WI,2021-02-06,11030424.81046617
WI,2021-02-13,10749210.593668152
WI,2021-02-20,11308501.499195876
WI,2021-02-27,12223992.392634695
WI,2021-03-06,13888421.79611148
WI,2021-03-13,13079417.37700111
WI,2021-03-20,12547556.828416452
WI,2021-03-27,12484056.163563322
WI,2021-04-03,13402383.679978365
WI,2021-04-10,13212830.809179768
WI,2021-04-17,13282226.305747364
WI,2021-04-24,12191938.531666527
WI,2021-05-01,12407825.422251891
WI,2021-05-08,15101938.296930458
WI,2021-05-15,14436837.145837506
WI,2021-05-22,13973282.968530219
WI,2021-05-29,15100854.889665272
WI,2021-06-05,15727354.866652036
WI,2021-06-12,15411178.224970605
WI,2021-06-19,15027854.679967929
WI,2021-06-26,14933743.442650666
WI,2021-07-03,16843194.336847715
WI,2021-07-10,14472728.883722203
WI,2021-07-17,16192820.395579716
WI,2021-07-24,15138992.282444987
WI,2021-07-31,15109030.955643991
WI,2021-08-07,17253730.35888357
WI,2021-08-14,15543457.72409758
WI,2021-08-21,14848252.249029437
WI,2021-08-28,15559265.83270181
WI,2021-09-04,16320634.862497633
WI,2021-09-11,15509033.95138481
WI,2021-09-18,15675847.416435633
WI,2021-09-25,14749035.662030626
WI,2021-10-02,14673730.176869726
WI,2021-10-09,15736323.611541187
WI,2021-10-16,16411440.60147508
WI,2021-10-23,15667663.286494123
WI,2021-10-30,14332523.666568903
WI,2021-11-06,16669946.492339553
WI,2021-11-13,14236102.356960434
WI,2021-11-20,15330891.565900505
WI,2021-11-27,13965003.75827116
WI,2021-12-04,16943446.589280542
WI,2021-12-11,14427804.242766198
WI,2021-12-18,16637515.19933375
WI,2021-12-25,13152796.923014604
WI,2022-01-01,11766676.455513945
WI,2022-01-08,14328088.72389871
WI,2022-01-15,13826403.033592679
WI,2022-01-22,14577960.751578936
WI,2022-01-29,14122230.305858254
WI,2022-02-05,16079200.233323872
WI,2022-02-12,16559847.09261799
WI,2022-02-19,16994539.043029185
WI,2022-02-26,15867569.848241063
WI,2022-03-05,16386732.551486548
WI,2022-03-12,16247883.13390276
WI,2022-03-19,15820986.310750384
WI,2022-03-26,14933758.686338644
WI,2022-04-02,14607530.228577951
WI,2022-04-09,17354572.7110494
WI,2022-04-16,16724417.058528926
WI,2022-04-23,15841631.789544266
WI,2022-04-30,16435728.633898912
WI,2022-05-07,19895029.890718862
WI,2022-05-14,18827539.15694982
WI,2022-05-21,19140227.228457276
WI,2022-05-28,19656531.178036593
WI,2022-06-04,17985697.521621384
WI,2022-06-11,18716398.752183877
WI,2022-06-18,15506000.904897926
WI,2022-06-25,12913487.478719542
WI,2022-07-02,13473749.757041808
WI,2022-07-09,13643198.926550237
WI,2022-07-16,13691245.097972935
WI,2022-07-23,13391380.088336231
WI,2022-07-30,12781231.210766964
WI,2022-08-06,17273364.339115437
WI,2022-08-13,16460742.316676456
WI,2022-08-20,16531004.973431274
WI,2022-08-27,15369518.262716167
WI,2022-09-03,17762858.18157395
WI,2022-09-10,16273561.04767488
WI,2022-09-17,17020997.27280373
WI,2022-09-24,16175026.315888721
WI,2022-10-01,16974801.449559342
WI,2022-10-08,18145566.486443676
WI,2022-10-15,17508204.95676428
WI,2022-10-22,17145452.287937514
WI,2022-10-29,17839428.773522362
WI,2022-11-05,19224432.853213165
WI,2022-11-12,17801813.240068343
WI,2022-11-19,17780580.97056518
WI,2022-11-26,15243266.71875835
WI,2022-12-03,17687213.43448604
WI,2022-12-10,16051472.749086853
WI,2022-12-17,15808674.69389336
WI,2022-12-24,12931307.796058128
WI,2022-12-31,12736657.778116668
WI,2023-01-07,17805894.745614395
WI,2023-01-14,16301106.533537248
WI,2023-01-21,16279660.17508133
WI,2023-01-28,17304688.965661872
WI,2023-02-04,24720866.044970658
WI,2023-02-11,23901638.615010727
WI,2023-02-18,23468396.854345445
WI,2023-02-25,20471769.039049525
WI,2023-03-04,31596086.28010086
WI,2023-03-11,27267663.97072348
WI,2023-03-18,25108669.001403738
WI,2023-03-25,22879713.64578874
WI,2023-04-01,21877091.051138043
WI,2023-04-08,21678377.8993992
WI,2023-04-15,21511457.82009114
WI,2023-04-22,20293358.528925132
WI,2023-04-29,19930789.88445049
WI,2023-05-06,27387555.14296315
WI,2023-05-13,30308932.888519153
WI,2023-05-20,27515966.986895893
WI,2023-05-27,24671419.958321787
WI,2023-06-03,35613714.87808857
WI,2023-06-10,20838835.68344596
WI,2023-06-17,23251365.97007256
WI,2023-06-24,22277053.30811087
WI,2023-07-01,18723179.691609226
WI,2023-07-08,19933198.09985308
WI,2023-07-15,17304493.454899166
WI,2023-07-22,15912016.324531803
WI,2023-07-29,14514237.928529698
WI,2023-08-05,10503921.739977116
WI,2023-08-12,12343939.934438255
WI,2023-08-19,13027218.487748832
WI,2023-08-26,11420808.732217632
WI,2023-09-02,11151510.152131379
WI,2023-09-09,12307897.668331878
WI,2023-09-16,13071041.010377808
WI,2023-09-23,11429846.317545261
WI,2023-09-30,10645608.893640548
WI,2023-10-07,11237380.893167134
WI,2023-10-14,10444734.249016793
WI,2023-10-21,9126721.924140047
WI,2023-10-28,11941453.036100095
WI,2023-11-04,9019791.973949568
WI,2023-11-11,9245893.854521679
WI,2023-11-18,8963124.538028514
WI,2023-11-25,8903914.652909514
WI,2023-12-02,8316458.67481103
WI,2023-12-09,10427764.185483044
WI,2023-12-16,10493609.32285291
WI,2023-12-23,10685125.893201651
WI,2023-12-30,9405553.414327478
WI,2024-01-06,11008603.312638136
WI,2024-01-13,10635652.142625362
WI,2024-01-20,10685331.450876085
WI,2024-01-27,22466609.581570387
WI,2024-02-03,28787517.12567737
WI,2024-02-10,23476936.405785058
WI,2024-02-17,19446544.470130194
WI,2024-02-24,14998922.526886899
WI,2024-03-02,17167391.08651531
WI,2024-03-09,39228825.14132036
WI,2024-03-16,33349130.399396658
WI,2024-03-23,35352625.26397843
WI,2024-03-30,32586758.58972042
WI,2024-04-06,43817330.10467992
WI,2024-04-13,36241223.74920125
WI,2024-04-20,29562873.48958101
WI,2024-04-27,21821940.40946932
WI,2024-05-04,37949232.15500089
WI,2024-05-11,36200177.49723267
WI,2024-05-18,30500505.991027344
WI,2024-05-25,30523587.588692054
WI,2024-06-01,31853991.89612447
WI,2024-06-08,27198504.13262963
WI,2024-06-15,25496123.39069034
WI,2024-07-06,61.64811486377391
WI,2024-08-03,20.292699076576596
WI,2024-08-31,40.86771139631355
WI,2024-09-14,12.264562034894832
WI,2024-09-28,15.09663082125109
WI,2024-10-05,11.023630187564615
WI,2024-10-12,19460260.795173254
WI,2024-10-19,16905208.027979475
WI,2024-10-26,13094807.225025078
WI,2024-11-02,15300810.427340325
WI,2024-11-09,19710535.347893916
WI,2024-11-16,6385578.815499106
WI,2024-11-23,6723013.486366349
WI,2024-11-30,5582744.2860024385
WI,2024-12-07,7049807.609492366
WI,2024-12-14,6676290.863064974
WI,2024-12-21,7353177.5872590775
WI,2024-12-28,6533211.609605499
WI,2025-01-04,6817161.824368438
WI,2025-01-11,6811970.64621345
WI,2025-01-18,6841352.364174649
WI,2025-01-25,6797562.640827519
WI,2025-02-01,6247213.535918905
WI,2025-02-08,7275505.027600628
WI,2025-02-15,7838826.890361855
WI,2025-02-22,7004120.234296546
WI,2025-03-01,6369952.044951257
WI,2025-03-08,6460915.064835185
WI,2025-03-15,6797950.630060143
WI,2025-03-22,6682388.698719234
WI,2025-03-29,7117238.171278961
WI,2025-04-05,7174542.405706016
WI,2025-04-12,6057983.156492009
WI,2025-04-19,6172127.908233417
WI,2025-04-26,6614668.206256078
WI,2025-05-03,7324016.232408202
WV,2019-01-26,5180334.963386008
WV,2019-02-02,5086063.192634352
WV,2019-02-09,5545684.57170363
WV,2019-02-16,5896473.493852277
WV,2019-02-23,4964902.75473052
WV,2019-03-02,5445235.768416714
WV,2019-03-09,6132654.517958489
WV,2019-03-16,6182513.930512839
WV,2019-03-23,5772011.327013749
WV,2019-03-30,5567997.80913098
WV,2019-04-06,5985053.671302446
WV,2019-04-13,5755280.012634493
WV,2019-04-20,5866692.281880306
WV,2019-04-27,5676138.423082985
WV,2019-05-04,9404550.469008276
WV,2019-05-11,9277301.30844615
WV,2019-05-18,9104573.842131756
WV,2019-05-25,8793156.406794703
WV,2019-06-01,8076033.566288212
WV,2019-06-08,9143302.706542272
WV,2019-06-15,8857725.336749244
WV,2019-06-22,8457262.557688005
WV,2019-06-29,8685368.154037945
WV,2019-07-06,9295913.12156357
WV,2019-07-13,8679539.482517248
WV,2019-07-20,8275350.762713869
WV,2019-07-27,8356453.450454198
WV,2019-08-03,11265083.096369378
WV,2019-08-10,11122575.3026742
WV,2019-08-17,10253191.396314006
WV,2019-08-24,10721175.360206053
WV,2019-08-31,10534785.51502591
WV,2019-09-07,14575420.603857765
WV,2019-09-14,14985879.339953588
WV,2019-09-21,14207799.294720484
WV,2019-09-28,14552517.437513834
WV,2019-10-05,15945925.311591828
WV,2019-10-12,15086670.252067855
WV,2019-10-19,12833416.849910615
WV,2019-10-26,13169415.100359436
WV,2019-11-02,12185194.55624154
WV,2019-11-09,13217868.09891462
WV,2019-11-16,13541209.84555361
WV,2019-11-23,12930131.133961748
WV,2019-11-30,12454134.678284775
WV,2019-12-07,14582066.733596276
WV,2019-12-14,14769170.505180031
WV,2019-12-21,16355243.772538902
WV,2019-12-28,12148794.92381513
WV,2020-01-04,14157554.875029638
WV,2020-01-11,13446516.241047747
WV,2020-01-18,12616031.095762404
WV,2020-01-25,12209370.428286823
WV,2020-02-01,12501752.265964791
WV,2020-02-08,15577836.981826209
WV,2020-02-15,15029247.957941197
WV,2020-02-22,14804286.136222217
WV,2020-02-29,14692325.39665027
WV,2020-03-07,17019222.690268744
WV,2020-03-14,13948690.497215834
WV,2020-03-21,8712108.8213009
WV,2020-03-28,5553563.607059295
WV,2020-04-04,6374710.2187683545
WV,2020-04-11,5801246.1458327705
WV,2020-04-18,6762383.411004126
WV,2020-04-25,6362056.735278782
WV,2020-05-02,7584866.303710297
WV,2020-05-09,10401945.047797447
WV,2020-05-16,9866939.75855445
WV,2020-05-23,10699164.8069214
WV,2020-05-30,11281922.157224586
WV,2020-06-06,13164741.2039812
WV,2020-06-13,12842003.382774025
WV,2020-06-20,13051375.250760483
WV,2020-06-27,12289697.382480135
WV,2020-07-04,13141967.911263049
WV,2020-07-11,12850490.001649084
WV,2020-07-18,11968600.125497302
WV,2020-07-25,11202359.028540839
WV,2020-08-01,11273439.689955337
WV,2020-08-08,13275789.601992713
WV,2020-08-15,11974975.429779483
WV,2020-08-22,12373394.320697194
WV,2020-08-29,11487126.570875863
WV,2020-09-05,14632332.03871292
WV,2020-09-12,12316564.366180211
WV,2020-09-19,12214369.936364973
WV,2020-09-26,11951192.854744107
WV,2020-10-03,13497380.8972005
WV,2020-10-10,14578210.295259299
WV,2020-10-17,13040739.533079928
WV,2020-10-24,11604359.314133799
WV,2020-10-31,11883656.764072973
WV,2020-11-07,12169730.582506994
WV,2020-11-14,12053078.321312087
WV,2020-11-21,10287521.946966836
WV,2020-11-28,8875472.70231877
WV,2020-12-05,10745759.359502848
WV,2020-12-12,11080915.227032358
WV,2020-12-19,11495809.166176174
WV,2020-12-26,9506954.992999341
WV,2021-01-09,10588719.979180302
WV,2021-01-16,10618530.826947672
WV,2021-01-23,9900088.497501224
WV,2021-01-30,8862300.56536277
WV,2021-02-06,9968230.728659015
WV,2021-02-13,10837219.668546777
WV,2021-02-20,9314101.24649106
WV,2021-02-27,11793138.66630606
WV,2021-03-06,14181186.612574603
WV,2021-03-13,15272458.62353282
WV,2021-03-20,13664697.92115075
WV,2021-03-27,13067051.280833688
WV,2021-04-03,14743168.071311472
WV,2021-04-10,14269918.756681232
WV,2021-04-17,12889196.362091267
WV,2021-04-24,13183612.671101086
WV,2021-05-01,12077850.96374047
WV,2021-05-08,15484898.344001535
WV,2021-05-15,13421422.697683992
WV,2021-05-22,13121239.752238397
WV,2021-05-29,13516615.04452687
WV,2021-06-05,15283157.025569052
WV,2021-06-12,13837340.434446098
WV,2021-06-19,13920196.36839428
WV,2021-06-26,13542496.385351138
WV,2021-07-03,14872954.100620732
WV,2021-07-10,15591000.915209519
WV,2021-07-17,14438998.292428665
WV,2021-07-24,14700517.20380235
WV,2021-07-31,14176102.293911805
WV,2021-08-07,16611369.24945749
WV,2021-08-14,15333343.239097564
WV,2021-08-21,16959197.123661324
WV,2021-08-28,15194758.470877787
WV,2021-09-04,16345930.266458068
WV,2021-09-11,14329432.593641013
WV,2021-09-18,14972681.840332966
WV,2021-09-25,14628605.98086367
WV,2021-10-02,16242265.94361834
WV,2021-10-09,15796338.03209102
WV,2021-10-16,16607792.165232085
WV,2021-10-23,17346697.87148904
WV,2021-10-30,16437457.249009568
WV,2021-11-06,17489387.11456015
WV,2021-11-13,17110290.432008076
WV,2021-11-20,16316532.493101595
WV,2021-11-27,14051921.249462198
WV,2021-12-04,17854201.1896793
WV,2021-12-11,16003791.989556136
WV,2021-12-18,18641582.20216176
WV,2021-12-25,15084397.393957049
WV,2022-01-01,12867355.022264028
WV,2022-01-08,13424496.32121633
WV,2022-01-15,14275832.518929778
WV,2022-01-22,11975443.967156408
WV,2022-01-29,13669261.866902107
WV,2022-02-05,15717124.765162243
WV,2022-02-12,18043904.668725118
WV,2022-02-19,16704318.59521263
WV,2022-02-26,17093398.73540198
WV,2022-03-05,18423345.09186132
WV,2022-03-12,15792994.660972636
WV,2022-03-19,17230517.8666748
WV,2022-03-26,15812804.326910254
WV,2022-04-02,15809919.544318436
WV,2022-04-09,16816715.160209086
WV,2022-04-16,17095673.165175915
WV,2022-04-23,16065165.724049635
WV,2022-04-30,16811627.13481322
WV,2022-05-07,19931944.223369103
WV,2022-05-14,17942543.14821293
WV,2022-05-21,16581498.022116227
WV,2022-05-28,17319199.885814767
WV,2022-06-04,18599637.966492552
WV,2022-06-11,17735586.94288882
WV,2022-06-18,13499118.959274376
WV,2022-06-25,11895551.105268551
WV,2022-07-02,12611819.046913495
WV,2022-07-09,13644552.816837374
WV,2022-07-16,13119031.873934459
WV,2022-07-23,12080092.546565395
WV,2022-07-30,12888849.000120582
WV,2022-08-06,17316492.2649424
WV,2022-08-13,17461675.51245932
WV,2022-08-20,16502806.537100455
WV,2022-08-27,17225489.65827692
WV,2022-09-03,17932607.198143695
WV,2022-09-10,16856954.542416915
WV,2022-09-17,17607381.188992906
WV,2022-09-24,16907638.04202981
WV,2022-10-01,18366563.663793597
WV,2022-10-08,19405728.014283802
WV,2022-10-15,18735608.363734335
WV,2022-10-22,17513743.310792837
WV,2022-10-29,17815487.959566977
WV,2022-11-05,18195755.785264693
WV,2022-11-12,19514829.850122787
WV,2022-11-19,19033484.8420318
WV,2022-11-26,16985598.925920736
WV,2022-12-03,18700714.114321772
WV,2022-12-10,19635838.84727382
WV,2022-12-17,18312518.744006254
WV,2022-12-24,15552475.874661984
WV,2022-12-31,14488778.122587893
WV,2023-01-07,12298444.604837148
WV,2023-01-14,11512934.872843165
WV,2023-01-21,11078804.032531293
WV,2023-01-28,11719100.48914704
WV,2023-02-04,26639076.331267517
WV,2023-02-11,25062668.587044407
WV,2023-02-18,23956279.702551678
WV,2023-02-25,23244077.66474571
WV,2023-03-04,35024052.148421794
WV,2023-03-11,35875666.66034254
WV,2023-03-18,30746246.92067655
WV,2023-03-25,28782424.319913764
WV,2023-04-01,26031436.43824477
WV,2023-04-08,23847520.968221687
WV,2023-04-15,22276783.529474802
WV,2023-04-22,20371846.247066237
WV,2023-04-29,21944848.205041576
WV,2023-05-06,32373464.717483312
WV,2023-05-13,31940638.241515744
WV,2023-05-20,27337152.38168196
WV,2023-05-27,25102909.874460272
WV,2023-06-03,42300193.63466701
WV,2023-06-10,28914856.11772437
WV,2023-06-17,25192996.522007823
WV,2023-06-24,24874890.8129248
WV,2023-07-01,21514536.204252735
WV,2023-07-08,27296852.175571717
WV,2023-07-15,23287818.396485876
WV,2023-07-22,19326983.324795477
WV,2023-07-29,17747682.2492994
WV,2023-08-05,15046043.723081283
WV,2023-08-12,18876097.742367964
WV,2023-08-19,19327954.70017545
WV,2023-08-26,16604715.021352805
WV,2023-09-02,15933937.757525733
WV,2023-09-09,17229485.30574317
WV,2023-09-16,17766703.01763532
WV,2023-09-23,14756877.45503911
WV,2023-09-30,12750085.730696132
WV,2023-10-07,15719497.834537366
WV,2023-10-14,14733623.61638758
WV,2023-10-21,14092600.524703592
WV,2023-10-28,18266121.965053275
WV,2023-11-04,12148661.23748716
WV,2023-11-11,12503798.79588555
WV,2023-11-18,11974953.46660255
WV,2023-11-25,11984289.510655502
WV,2023-12-02,11486688.873002177
WV,2023-12-09,14112795.903811501
WV,2023-12-16,13555761.432326589
WV,2023-12-23,13726892.570244964
WV,2023-12-30,11286561.651415879
WV,2024-01-06,11616378.749847045
WV,2024-01-13,11893123.210015358
WV,2024-01-20,10132961.722047314
WV,2024-01-27,31093205.441634465
WV,2024-02-03,35131340.635944225
WV,2024-02-10,30469483.88152924
WV,2024-02-17,23650228.656359352
WV,2024-02-24,20719349.98224247
WV,2024-03-02,26916229.99447755
WV,2024-03-09,54707203.71785074
WV,2024-03-16,57863870.95902438
WV,2024-03-23,45318221.207641385
WV,2024-03-30,38647116.90278861
WV,2024-04-06,57826008.19222844
WV,2024-04-13,61945120.872998744
WV,2024-04-20,41984922.23741255
WV,2024-04-27,33526724.029004402
WV,2024-05-04,54721597.73898523
WV,2024-05-11,51922795.55768521
WV,2024-05-18,48552887.56069534
WV,2024-05-25,51962465.13592719
WV,2024-06-01,43996468.59637511
WV,2024-06-08,67206383.86972599
WV,2024-06-15,54486092.939680435
WV,2024-06-22,57.8822935163173
WV,2024-06-29,94.86757973147732
WV,2024-10-12,36456875.83100345
WV,2024-10-19,25295817.152161982
WV,2024-10-26,21800374.404600732
WV,2024-11-02,22637428.944320925
WV,2024-11-09,33379188.307927486
WV,2024-11-16,8934662.816105312
WV,2024-11-23,9253417.509612158
WV,2024-11-30,8318582.209158216
WV,2024-12-07,9808192.667872423
WV,2024-12-14,9416196.104845809
WV,2024-12-21,9394509.728452753
WV,2024-12-28,8123780.821989521
WV,2025-01-04,8187207.4077954
WV,2025-01-11,7944993.919521519
WV,2025-01-18,8757817.063017612
WV,2025-01-25,7977185.167361536
WV,2025-02-01,8071675.483680122
WV,2025-02-08,7762576.570331674
WV,2025-02-15,8446935.481540073
WV,2025-02-22,6640072.195200335
WV,2025-03-01,7228251.886504939
WV,2025-03-08,8296936.898216434
WV,2025-03-15,8182155.260673471
WV,2025-03-22,7244037.274496042
WV,2025-03-29,8017962.727823968
WV,2025-04-05,9782922.047128074
WV,2025-04-12,8779844.270622889
WV,2025-04-19,9311111.69772072
WV,2025-04-26,8883903.99995956
WV,2025-05-03,9363015.130688742
WY,2019-01-26,1853284.778402977
WY,2019-02-02,1885154.286834435
WY,2019-02-09,1772980.207527515
WY,2019-02-16,1800959.2676148936
WY,2019-02-23,1779418.8312729788
WY,2019-03-02,1689710.8074223865
WY,2019-03-09,1926400.7336858646
WY,2019-03-16,1855582.238644436
WY,2019-03-23,1808481.6938608037
WY,2019-03-30,1792694.9534763668
WY,2019-04-06,1861179.4513183234
WY,2019-04-13,1729102.4656523983
WY,2019-04-20,1843048.4178578272
WY,2019-04-27,1776326.8250878935
WY,2019-05-04,3588766.87968688
WY,2019-05-11,3527253.407380109
WY,2019-05-18,3850388.576681899
WY,2019-05-25,4251915.87407242
WY,2019-06-01,4204651.03467412
WY,2019-06-08,4939435.0167494
WY,2019-06-15,5334454.692328102
WY,2019-06-22,4875170.320952211
WY,2019-06-29,5433916.58780823
WY,2019-07-06,4814296.896158995
WY,2019-07-13,5139412.495533156
WY,2019-07-20,5535936.913331659
WY,2019-07-27,4868070.033910113
WY,2019-08-03,5675778.936758016
WY,2019-08-10,5634930.456952037
WY,2019-08-17,5067341.017254419
WY,2019-08-24,5055527.428746372
WY,2019-08-31,5036027.003882191
WY,2019-09-07,6665947.069501291
WY,2019-09-14,5832342.12962428
WY,2019-09-21,6185980.470018141
WY,2019-09-28,5309256.63927795
WY,2019-10-05,5506073.660246814
WY,2019-10-12,4654079.531624811
WY,2019-10-19,4281455.207632171
WY,2019-10-26,3903816.442980721
WY,2019-11-02,3554768.1438659085
WY,2019-11-09,4135917.106236384
WY,2019-11-16,4036030.8053048374
WY,2019-11-23,3820437.9415259464
WY,2019-11-30,2915629.250929181
WY,2019-12-07,5325374.084944331
WY,2019-12-14,4763572.453924625
WY,2019-12-21,4909919.047720624
WY,2019-12-28,3634529.8502824623
WY,2020-01-04,4348784.675688306
WY,2020-01-11,4417494.291604629
WY,2020-01-18,4228397.100979572
WY,2020-01-25,3770372.6693673353
WY,2020-02-01,3846543.332161889
WY,2020-02-08,4475839.502359966
WY,2020-02-15,4936419.780901564
WY,2020-02-22,4897955.142383846
WY,2020-02-29,4439691.049824166
WY,2020-03-07,4909161.430407771
WY,2020-03-14,4933606.60145328
WY,2020-03-21,2718011.821630264
WY,2020-03-28,2132971.0211659786
WY,2020-04-04,2395925.4252104093
WY,2020-04-11,2215667.8358042883
WY,2020-04-18,2331561.8971052137
WY,2020-04-25,2532510.9164778222
WY,2020-05-02,2727097.697240188
WY,2020-05-09,3758201.345991139
WY,2020-05-16,3596317.1974417446
WY,2020-05-23,4336389.291850086
WY,2020-05-30,4418646.332080522
WY,2020-06-06,5795079.826610189
WY,2020-06-13,6083327.660095064
WY,2020-06-20,6851710.019319487
WY,2020-06-27,7518438.207248765
WY,2020-07-04,8206849.8531983355
WY,2020-07-11,6386360.533681908
WY,2020-07-18,7636477.877181474
WY,2020-07-25,6929355.650816421
WY,2020-08-01,6626003.3212034125
WY,2020-08-08,7152169.946753183
WY,2020-08-15,7086850.29834672
WY,2020-08-22,6904186.940951221
WY,2020-08-29,6188678.808739234
WY,2020-09-05,6834472.653165845
WY,2020-09-12,6957830.162826149
WY,2020-09-19,6271376.462532809
WY,2020-09-26,5931660.810787851
WY,2020-10-03,6176471.085947096
WY,2020-10-10,6107795.915841776
WY,2020-10-17,5044029.959734996
WY,2020-10-24,4061832.295413602
WY,2020-10-31,4371456.2006401345
WY,2020-11-07,3547392.53357795
WY,2020-11-14,3203703.145526735
WY,2020-11-21,3047220.982141232
WY,2020-11-28,2688531.1623415984
WY,2020-12-05,3939811.2077163234
WY,2020-12-12,3952889.4893465517
WY,2020-12-19,4192997.2133110324
WY,2020-12-26,3565361.258797894
WY,2021-01-09,3977160.8291987483
WY,2021-01-16,3767728.7483109306
WY,2021-01-23,3481440.099095954
WY,2021-01-30,3278822.2567885616
WY,2021-02-06,3992526.312666278
WY,2021-02-13,3798611.5212164116
WY,2021-02-20,3962671.4668667205
WY,2021-02-27,3800170.833283107
WY,2021-03-06,4722181.00693567
WY,2021-03-13,4179642.0299934736
WY,2021-03-20,4035985.648750992
WY,2021-03-27,4081539.2754934113
WY,2021-04-03,4325787.698769808
WY,2021-04-10,4247378.535926216
WY,2021-04-17,3987181.973249397
WY,2021-04-24,4129479.6534372563
WY,2021-05-01,3878618.5464057154
WY,2021-05-08,5644612.42833882
WY,2021-05-15,5497896.023739065
WY,2021-05-22,5271096.807790449
WY,2021-05-29,6852488.945813779
WY,2021-06-05,8531927.434873942
WY,2021-06-12,9095667.521886816
WY,2021-06-19,9078175.79184626
WY,2021-06-26,7027022.155594059
WY,2021-07-03,9115770.84083738
WY,2021-07-10,8616047.846659536
WY,2021-07-17,8458947.612288363
WY,2021-07-24,9389670.380297966
WY,2021-07-31,7696099.225218643
WY,2021-08-07,7804426.665921086
WY,2021-08-14,8231489.581120962
WY,2021-08-21,8302974.139763945
WY,2021-08-28,6590553.34750306
WY,2021-09-04,6389169.127399054
WY,2021-09-11,6444061.852879946
WY,2021-09-18,6325947.069173801
WY,2021-09-25,5696152.081185795
WY,2021-10-02,5380682.512528642
WY,2021-10-09,6281019.4445665935
WY,2021-10-16,4885848.116477145
WY,2021-10-23,5106561.95804907
WY,2021-10-30,4694878.201419562
WY,2021-11-06,5314834.830591164
WY,2021-11-13,4889730.042837081
WY,2021-11-20,5062214.532533726
WY,2021-11-27,4214943.577327529
WY,2021-12-04,5693304.745367804
WY,2021-12-11,4685355.548005295
WY,2021-12-18,5628723.406387423
WY,2021-12-25,4438474.302841556
WY,2022-01-01,4310313.305600573
WY,2022-01-08,4600955.325005293
WY,2022-01-15,4879495.874508005
WY,2022-01-22,4565691.37621095
WY,2022-01-29,5036133.132170761
WY,2022-02-05,5744327.262912706
WY,2022-02-12,5581467.276276431
WY,2022-02-19,5678812.709891994
WY,2022-02-26,5045557.504850562
WY,2022-03-05,5914978.172886241
WY,2022-03-12,5663258.261942045
WY,2022-03-19,5646085.003121124
WY,2022-03-26,5074544.341528725
WY,2022-04-02,4941005.841046221
WY,2022-04-09,5518996.454974402
WY,2022-04-16,5161894.410588423
WY,2022-04-23,5226085.670034179
WY,2022-04-30,5471195.57466904
WY,2022-05-07,6511119.395684207
WY,2022-05-14,6739232.885377837
WY,2022-05-21,6905004.799581274
WY,2022-05-28,8271749.015962691
WY,2022-06-04,9261790.326886263
WY,2022-06-11,8373894.080180066
WY,2022-06-18,6263597.969303781
WY,2022-06-25,5805898.74831735
WY,2022-07-02,6519760.181494368
WY,2022-07-09,7461346.117313369
WY,2022-07-16,6853539.0256320145
WY,2022-07-23,6613258.852885007
WY,2022-07-30,6996280.134808886
WY,2022-08-06,8114902.1588778915
WY,2022-08-13,8266706.42543541
WY,2022-08-20,7508954.565193808
WY,2022-08-27,6487021.9315987835
WY,2022-09-03,8025255.163223808
WY,2022-09-10,6879389.954650211
WY,2022-09-17,7144208.203404909
WY,2022-09-24,6482328.75858622
WY,2022-10-01,6772275.662663179
WY,2022-10-08,6692498.099643677
WY,2022-10-15,6434806.997029675
WY,2022-10-22,6066647.985698373
WY,2022-10-29,5587884.241324207
WY,2022-11-05,6187425.462796335
WY,2022-11-12,5496440.230189442
WY,2022-11-19,5499989.440681422
WY,2022-11-26,5077454.852353958
WY,2022-12-03,5666498.165218565
WY,2022-12-10,5061743.971241507
WY,2022-12-17,4712663.816522806
WY,2022-12-24,4412539.639420511
WY,2022-12-31,4173256.1212325385
WY,2023-01-07,6853034.363129697
WY,2023-01-14,7954411.614353535
WY,2023-01-21,7571682.365653473
WY,2023-01-28,5727715.456443676
WY,2023-02-04,9832598.686874652
WY,2023-02-11,8640231.098620458
WY,2023-02-18,8693940.17498652
WY,2023-02-25,7461490.781784668
WY,2023-03-04,11008954.93456813
WY,2023-03-11,10702739.135716317
WY,2023-03-18,9754903.615023468
WY,2023-03-25,9994074.6410855
WY,2023-04-01,9178693.085198335
WY,2023-04-08,8242184.752509678
WY,2023-04-15,8505206.186860796
WY,2023-04-22,7148027.951468556
WY,2023-04-29,7815851.549228392
WY,2023-05-06,11284558.995473722
WY,2023-05-13,12119972.845668187
WY,2023-05-20,10013127.682237547
WY,2023-05-27,10128441.99845726
WY,2023-06-03,12459672.57850896
WY,2023-06-10,8580550.229273224
WY,2023-06-17,8749758.87582244
WY,2023-06-24,8478237.19467908
WY,2023-07-01,7877515.994149467
WY,2023-07-08,8124663.63861892
WY,2023-07-15,7490266.917875241
WY,2023-07-22,7032638.070929275
WY,2023-07-29,6201110.874527805
WY,2023-08-05,5778337.363388081
WY,2023-08-12,6250995.042012404
WY,2023-08-19,7061936.2505488945
WY,2023-08-26,6073047.224941961
WY,2023-09-02,5640976.527354266
WY,2023-09-09,5936800.29655616
WY,2023-09-16,6943381.007326248
WY,2023-09-23,6518303.67554893
WY,2023-09-30,5201860.331239575
WY,2023-10-07,5656154.2514668815
WY,2023-10-14,4823996.633731395
WY,2023-10-21,4096229.3801938347
WY,2023-10-28,5017276.1204719655
WY,2023-11-04,3925543.3724602265
WY,2023-11-11,4159315.3534633317
WY,2023-11-18,3739999.8382229637
WY,2023-11-25,3683136.669080744
WY,2023-12-02,3425684.0286890888
WY,2023-12-09,4482879.886949843
WY,2023-12-16,4616678.227005912
WY,2023-12-23,4506621.477518125
WY,2023-12-30,3974723.7897282625
WY,2024-01-06,4650227.835693798
WY,2024-01-13,4953818.842462188
WY,2024-01-20,4089194.5480395975
WY,2024-01-27,10301785.985048505
WY,2024-02-03,11320186.92121228
WY,2024-02-10,9433915.686015097
WY,2024-02-17,7244869.127977886
WY,2024-02-24,6243525.34382018
WY,2024-03-02,7058769.14717195
WY,2024-03-09,13559794.82305495
WY,2024-03-16,13782553.901618274
WY,2024-03-23,12792712.596244654
WY,2024-03-30,12651001.669191819
WY,2024-04-06,17618386.90336155
WY,2024-04-13,17921282.41953993
WY,2024-04-20,13059524.301858896
WY,2024-04-27,10228264.941760266
WY,2024-05-04,16815655.370437343
WY,2024-05-11,16674934.636680378
WY,2024-05-18,12471105.0464294
WY,2024-05-25,13656431.73744823
WY,2024-06-01,15175439.123502286
WY,2024-06-08,16938287.73759317
WY,2024-06-15,12588317.250664951
WY,2024-08-03,30.93377226652756
WY,2024-08-10,24.026512586002525
WY,2024-08-17,91.27767589279038
WY,2024-08-31,5.198397324674019
WY,2024-09-14,24.79687906724064
WY,2024-09-21,143.60807277848787
WY,2024-09-28,32.646519480076634
WY,2024-10-05,96.15694086185886
WY,2024-10-12,8622567.345410546
WY,2024-10-19,7539941.406622758
WY,2024-10-26,5396672.546616492
WY,2024-11-02,6501963.775926398
WY,2024-11-09,8259573.541084113
WY,2024-11-16,2522971.4627179513
WY,2024-11-23,2867755.1264286726
WY,2024-11-30,2412749.70465529
WY,2024-12-07,2841564.9391160384
WY,2024-12-14,3112258.772634945
WY,2024-12-21,3012811.5519911903
WY,2024-12-28,2810336.090776487
WY,2025-01-04,2729423.8782360875
WY,2025-01-11,2725782.0251902295
WY,2025-01-18,3035274.05458257
WY,2025-01-25,2685366.54868568
WY,2025-02-01,2582790.4651297037
WY,2025-02-08,2506557.3283392983
WY,2025-02-15,2705077.803799837
WY,2025-02-22,2516030.857387031
WY,2025-03-01,2453988.8040386946
WY,2025-03-08,2639697.0200761957
WY,2025-03-15,2640656.808990235
WY,2025-03-22,2662004.215031258
WY,2025-03-29,3017562.0645629494
WY,2025-04-05,2827434.9161066962
WY,2025-04-12,2640269.300774162
WY,2025-04-19,2475735.954086402
WY,2025-04-26,2643902.123297299
WY,2025-05-03,3217031.886496612
