state,date,rt
AK,2016-10-10,1.0
AK,2016-10-17,1.0628833523037682
AK,2016-10-24,0.9773592683044928
AK,2016-10-31,1.030211950389456
AK,2016-11-07,0.9652761307410892
AK,2016-11-14,1.0686993847257775
AK,2016-11-21,1.0583068510503753
AK,2016-11-28,1.0988646975172471
AK,2016-12-05,1.0715715476465686
AK,2016-12-12,0.99210392771251
AK,2016-12-19,0.9989249311102256
AK,2016-12-26,1.0884994090738265
AK,2017-01-02,1.1807336472828227
AK,2017-01-09,1.101946778036513
AK,2017-01-16,1.1666818892761397
AK,2017-01-23,1.079356080683858
AK,2017-01-30,1.1472324956893147
AK,2017-02-06,1.0311190636584842
AK,2017-02-13,1.1612075921916682
AK,2017-02-20,1.1567656556272776
AK,2017-02-27,1.0848720217948618
AK,2017-03-06,0.9514524813266252
AK,2017-03-13,0.847725280226138
AK,2017-03-20,0.8878517462913444
AK,2017-03-27,0.9307205848151427
AK,2017-04-03,1.094925995207894
AK,2017-04-10,1.0466231334589102
AK,2017-04-17,0.9931170049823774
AK,2017-04-24,0.8530417433605735
AK,2017-05-01,0.8093610045803111
AK,2017-05-08,0.9519759009637108
AK,2017-05-15,0.9102027371186756
AK,2017-05-22,0.948873163800149
AK,2017-05-29,0.7853392698679866
AK,2017-06-05,0.8830021339118306
AK,2017-06-12,0.9445164683250488
AK,2017-06-19,0.8941465833096641
AK,2017-06-26,1.2265438508038664
AK,2017-07-03,1.0525792907464282
AK,2017-07-10,1.1498107387402972
AK,2017-07-17,0.8712370484028921
AK,2017-07-24,0.8853403406969906
AK,2017-07-31,0.8861038516912071
AK,2017-08-07,1.2628445162320576
AK,2017-08-14,1.3656082416823143
AK,2017-08-21,1.3338575325153994
AK,2017-08-28,1.0199727650370856
AK,2017-09-04,1.1511429053852436
AK,2017-09-11,1.2659209767569513
AK,2017-09-18,1.2217289993807132
AK,2017-09-25,1.165819616828968
AK,2017-10-02,1.0497253513067717
AK,2017-10-09,1.0993057676321298
AK,2017-10-16,1.086185497854265
AK,2017-10-23,1.1733374545201216
AK,2017-10-30,1.068465751279113
AK,2017-11-06,1.036631849030121
AK,2017-11-13,0.9778335037916872
AK,2017-11-20,1.0232735887577502
AK,2017-11-27,1.0635395447778375
AK,2017-12-04,1.062578948161402
AK,2017-12-11,1.0649352588313892
AK,2017-12-18,1.062700592843371
AK,2017-12-25,1.102243901757002
AK,2018-01-01,1.1223428853352249
AK,2018-01-08,1.1068804251640203
AK,2018-01-15,1.048674519581981
AK,2018-01-22,1.004161275283009
AK,2018-01-29,1.0512456782784358
AK,2018-02-05,1.0866267870919144
AK,2018-02-12,1.0877055346102673
AK,2018-02-19,1.0564358264987814
AK,2018-02-26,0.95469223897914
AK,2018-03-05,0.9499793075097236
AK,2018-03-12,0.9444672711001052
AK,2018-03-19,0.9584725955539872
AK,2018-03-26,0.936843654536796
AK,2018-04-02,0.9342256008003508
AK,2018-04-09,0.9827105276557774
AK,2018-04-16,0.9478492967318992
AK,2018-04-23,0.9278898166305274
AK,2018-04-30,0.8756231540300927
AK,2018-05-07,0.879154169490643
AK,2018-05-14,0.8728115252258697
AK,2018-05-21,0.8784688524386982
AK,2018-05-28,0.936907001776813
AK,2018-06-04,0.881836836849125
AK,2018-06-11,0.9090680858242866
AK,2018-06-18,0.7949080825596657
AK,2018-06-25,0.9255716656760896
AK,2018-07-02,1.03324908457954
AK,2018-07-09,1.1280385484240083
AK,2018-07-16,1.0756453150188996
AK,2018-07-23,0.957542018552418
AK,2018-07-30,0.9485905539266808
AK,2018-08-06,0.9493403944488072
AK,2018-08-13,1.0077965156820483
AK,2018-08-20,1.0846892459496544
AK,2018-08-27,0.9446443155489652
AK,2018-09-03,1.3511997435108878
AK,2018-09-10,1.3190531821783258
AK,2018-09-17,1.4342128352114167
AK,2018-09-24,0.9770593984807768
AK,2018-10-01,1.043675926763641
AK,2018-10-08,0.9991978261352634
AK,2018-10-15,1.060881711453628
AK,2018-10-22,0.9536762077042236
AK,2018-10-29,0.9455279769208192
AK,2018-11-05,1.0674743586376003
AK,2018-11-12,1.0533055208643058
AK,2018-11-19,1.177175791328127
AK,2018-11-26,1.0436765085531023
AK,2018-12-03,1.0386767222797175
AK,2018-12-10,1.004628600634917
AK,2018-12-17,1.029811295828826
AK,2018-12-24,1.0873074306702006
AK,2018-12-31,1.122130196674876
AK,2019-01-07,1.0633290116959204
AK,2019-01-14,0.989953352585933
AK,2019-01-21,1.017885926234869
AK,2019-01-28,1.1637654637711792
AK,2019-02-04,1.261553402191746
AK,2019-02-11,1.2733577152339752
AK,2019-02-18,1.1403231114187609
AK,2019-02-25,1.049354992492482
AK,2019-03-04,0.9245624240518708
AK,2019-03-11,0.9092826111952428
AK,2019-03-18,0.9035823603454448
AK,2019-03-25,0.8360578681394716
AK,2019-04-01,0.7307996864192957
AK,2019-04-08,0.8058349831294774
AK,2019-04-15,0.882641818933244
AK,2019-04-22,1.1246828598948098
AK,2019-04-29,1.0668227136122428
AK,2019-05-06,1.0909587925753843
AK,2019-05-13,0.9404469149807588
AK,2019-05-20,0.9371529535486744
AK,2019-05-27,0.8319487210145964
AK,2019-06-03,1.1196418517588744
AK,2019-06-10,0.9272901277604576
AK,2019-06-17,1.0617946245973275
AK,2019-06-24,0.8606874477349291
AK,2019-07-01,1.0279844945948775
AK,2019-07-08,1.05115827414931
AK,2019-07-15,0.994296575594609
AK,2019-07-22,0.9921633219515168
AK,2019-07-29,1.0062520144011984
AK,2019-08-05,1.0579826940624173
AK,2019-08-12,1.0090827096280377
AK,2019-08-19,1.0262328568424028
AK,2019-08-26,0.9757948404167838
AK,2019-09-02,1.2137567828395164
AK,2019-09-09,1.198315368618679
AK,2019-09-16,1.231265748292765
AK,2019-09-23,1.0339225983802047
AK,2019-09-30,0.8891108231808359
AK,2019-10-07,0.8811410081442013
AK,2019-10-14,1.0589768540331677
AK,2019-10-21,1.1055838545730885
AK,2019-10-28,1.1035964657281228
AK,2019-11-04,0.9662154482762696
AK,2019-11-11,1.1062434011608302
AK,2019-11-18,1.1604432080070597
AK,2019-11-25,1.1095432375421417
AK,2019-12-02,1.0554829483859882
AK,2019-12-09,1.0153760746974962
AK,2019-12-16,1.1111176574569503
AK,2019-12-23,1.3612657079542292
AK,2019-12-30,1.4867257446684012
AK,2020-01-06,1.2877515316089074
AK,2020-01-13,0.9678477009621176
AK,2020-01-20,0.827669098032262
AK,2020-01-27,0.9931095859791966
AK,2020-02-03,1.0387498916642646
AK,2020-02-10,1.0164043628760375
AK,2020-02-17,0.9616628713862134
AK,2020-02-24,1.0490703266164778
AK,2020-03-02,1.002893533890564
AK,2020-03-09,1.0038357677981966
AK,2020-03-16,0.8849191028584517
AK,2020-03-23,1.0001022699276396
AK,2020-03-30,0.9360372965335544
AK,2020-04-06,0.8390781130753123
AK,2020-04-13,0.9068146720302735
AK,2020-04-20,0.857192596457126
AK,2020-04-27,0.9250350641989404
AK,2020-05-04,0.7381842967248574
AK,2020-05-11,0.8438718705176997
AK,2020-05-18,0.9242935280627612
AK,2020-05-25,0.8952648472981579
AK,2020-06-01,0.9803013267015082
AK,2020-06-08,0.8936177546584947
AK,2020-06-15,1.0202585506181563
AK,2020-06-22,0.93693186367363
AK,2020-06-29,0.9710517303796188
AK,2020-07-06,1.0253321208304478
AK,2020-07-13,1.0460487457832324
AK,2020-07-20,1.125503868477175
AK,2020-07-27,1.1137413190795222
AK,2020-08-03,1.0038622900484129
AK,2020-08-10,0.9209312969429664
AK,2020-08-17,0.8557121858239035
AK,2020-08-24,1.1897928136510387
AK,2020-08-31,1.150679606392894
AK,2020-09-07,1.1467357875033557
AK,2020-09-14,1.0104159959687469
AK,2020-09-21,1.0566472130640083
AK,2020-09-28,1.0973531678260966
AK,2020-10-05,1.166510326891359
AK,2020-10-12,1.0853542786615231
AK,2020-10-19,1.0786440576249685
AK,2020-10-26,0.9515580407228902
AK,2020-11-02,1.0296465291838184
AK,2020-11-09,1.070401000331416
AK,2020-11-16,1.0461841309547435
AK,2020-11-23,1.059781080518733
AK,2020-11-30,1.0181463763442886
AK,2020-12-07,0.949139226314832
AK,2020-12-14,0.9743370294323792
AK,2020-12-21,0.9323471665625948
AK,2020-12-28,1.020324007771175
AK,2021-01-04,0.95499719744291
AK,2021-01-11,1.0258753850552889
AK,2021-01-18,0.9422383424801316
AK,2021-01-25,1.007223549453511
AK,2021-02-01,0.9171178040866108
AK,2021-02-08,0.9342538090377732
AK,2021-02-15,0.9272783284146178
AK,2021-02-22,0.9153655056698154
AK,2021-03-01,0.9602519875019208
AK,2021-03-08,0.915607339617577
AK,2021-03-15,1.0328492828811742
AK,2021-03-22,1.0279749467579362
AK,2021-03-29,1.0457931582432736
AK,2021-04-05,0.9897325576359676
AK,2021-04-12,1.007265001468554
AK,2021-04-19,1.00332352309795
AK,2021-04-26,0.9752526300027032
AK,2021-05-03,0.9594088723736228
AK,2021-05-10,1.0263975351085868
AK,2021-05-17,1.082977046671757
AK,2021-05-24,1.0906163261864728
AK,2021-05-31,0.9945791128255802
AK,2021-06-07,0.9970720155711826
AK,2021-06-14,0.957591498861638
AK,2021-06-21,1.0397731383551985
AK,2021-06-28,1.0215238360618246
AK,2021-07-05,1.0579302378893185
AK,2021-07-12,1.084449153357155
AK,2021-07-19,1.048324893247592
AK,2021-07-26,1.0961714566081548
AK,2021-08-02,1.0900105403286335
AK,2021-08-09,1.09446181892638
AK,2021-08-16,1.0869924694518889
AK,2021-08-23,1.029995076117197
AK,2021-08-30,1.1252042156000592
AK,2021-09-06,1.0372360375254288
AK,2021-09-13,0.9300674989779396
AK,2021-09-20,1.0244034482378153
AK,2021-09-27,1.044942675820654
AK,2021-10-04,1.1768009863592728
AK,2021-10-11,0.9982077276322614
AK,2021-10-18,1.0174981298084111
AK,2021-10-25,0.9941424556137792
AK,2021-11-01,0.9914779383576074
AK,2021-11-08,1.014067189997984
AK,2021-11-15,1.0604883436687904
AK,2021-11-22,1.0454691903091446
AK,2021-11-29,1.014983946325373
AK,2021-12-06,1.0495459436165804
AK,2021-12-13,1.0614629319720974
AK,2021-12-20,1.1704183217241608
AK,2021-12-27,1.288794398896148
AK,2022-01-03,1.2226342950739049
AK,2022-01-10,1.0964006270851288
AK,2022-01-17,0.8810006083219808
AK,2022-01-24,0.8966485579730188
AK,2022-01-31,0.8433053426326568
AK,2022-02-07,0.8308924812133942
AK,2022-02-14,0.8490560374038615
AK,2022-02-21,0.8670192419417344
AK,2022-02-28,0.9375570890607235
AK,2022-03-07,0.9532804948590728
AK,2022-03-14,0.950981665992116
AK,2022-03-21,1.0782854489102436
AK,2022-03-28,1.00578638922424
AK,2022-04-04,1.061094256181773
AK,2022-04-11,0.9498711144135944
AK,2022-04-18,1.0310647393741903
AK,2022-04-25,1.075280349787187
AK,2022-05-02,1.0279833570315997
AK,2022-05-09,1.0569140845992429
AK,2022-05-16,1.0393241945784082
AK,2022-05-23,1.0728904210113237
AK,2022-05-30,1.050563350760206
AK,2022-06-06,0.9860563733800128
AK,2022-06-13,0.9393180275177556
AK,2022-06-20,0.7969892503575662
AK,2022-06-27,0.8885707761611413
AK,2022-07-04,0.8138301879763274
AK,2022-07-11,1.077039836877046
AK,2022-07-18,1.020859371630201
AK,2022-07-25,1.2597125345994102
AK,2022-08-01,1.091775945695911
AK,2022-08-08,1.0400859674255547
AK,2022-08-15,0.9851821393769
AK,2022-08-22,1.026321148475709
AK,2022-08-29,1.15653466931602
AK,2022-09-05,0.9807373373846268
AK,2022-09-12,1.1406278970143806
AK,2022-09-19,1.0389026972076183
AK,2022-09-26,1.2117669317113249
AK,2022-10-03,1.015802401299453
AK,2022-10-10,1.0903059498392689
AK,2022-10-17,1.132503928133175
AK,2022-10-24,1.1517212560829366
AK,2022-10-31,1.1533874426991937
AK,2022-11-07,1.097596809271569
AK,2022-11-14,1.1535373355833485
AK,2022-11-21,1.1266927915807583
AK,2022-11-28,1.158334879401904
AK,2022-12-05,1.0892872548230914
AK,2022-12-12,1.0627571775777795
AK,2022-12-19,0.9933946857234018
AK,2022-12-26,0.9239628123413088
AK,2023-01-02,0.911913669512743
AK,2023-01-09,0.823941432021411
AK,2023-01-16,0.8204289049456005
AK,2023-01-23,0.8291611962234385
AK,2023-01-30,0.866484470087488
AK,2023-02-06,0.968823121018314
AK,2023-02-13,1.0147886096433734
AK,2023-02-20,1.0238868045684726
AK,2023-02-27,0.998413863679436
AK,2023-03-06,0.9362844547450314
AK,2023-03-13,0.9554181208418584
AK,2023-03-20,0.9321494739061356
AK,2023-03-27,1.0344395792217005
AK,2023-04-03,1.0518284934628512
AK,2023-04-10,1.0724586460908314
AK,2023-04-17,1.0176704658738678
AK,2023-04-24,0.9861287376674645
AK,2023-05-01,0.96547824281783
AK,2023-05-08,0.9216130980632008
AK,2023-05-15,0.9300383430303162
AK,2023-05-22,0.9670218987748798
AK,2023-05-29,1.0135704110300188
AK,2023-06-05,0.9919124339298088
AK,2023-06-12,0.9966485606108
AK,2023-06-19,0.9861582126675495
AK,2023-06-26,0.9806775946568106
AK,2023-07-03,0.9578214108263472
AK,2023-07-10,0.9452951398217574
AK,2023-07-17,0.93656883117908
AK,2023-07-24,0.9732494185088308
AK,2023-07-31,0.9824497025397976
AK,2023-08-07,1.0095618686481531
AK,2023-08-14,1.0536946581615505
AK,2023-08-21,1.0844244348031282
AK,2023-08-28,1.1355741801400263
AK,2023-09-04,1.0601126311964475
AK,2023-09-11,1.095781883583501
AK,2023-09-18,1.151508448659186
AK,2023-09-25,1.1857291539103112
AK,2023-10-02,1.1044090542282192
AK,2023-10-09,1.0601009748759105
AK,2023-10-16,1.0974336521279373
AK,2023-10-23,1.0944698749752186
AK,2023-10-30,1.0696430932103578
AK,2023-11-06,1.0782431168223148
AK,2023-11-13,1.0790902232612984
AK,2023-11-20,1.02414879630287
AK,2023-11-27,0.9420089701159698
AK,2023-12-04,0.9214775736463092
AK,2023-12-11,0.993601298586822
AK,2023-12-18,1.0009514964097512
AK,2023-12-25,1.0593853145722123
AK,2024-01-01,1.0941534335092795
AK,2024-01-08,1.0447529302177454
AK,2024-01-15,0.9545594747741052
AK,2024-01-22,0.9111232042280856
AK,2024-01-29,0.9262119509807928
AK,2024-02-05,1.0461455028605209
AK,2024-02-12,1.0001863788964167
AK,2024-02-19,1.0728636602626784
AK,2024-02-26,0.982251392908104
AK,2024-03-04,1.0454926141719254
AK,2024-03-11,0.9502250507413758
AK,2024-03-18,0.9785004461334486
AK,2024-03-25,0.9552713216304476
AK,2024-04-01,0.9610551382960032
AK,2024-04-08,0.9345098340974188
AK,2024-04-15,0.9612043915372396
AK,2024-04-22,0.9328859022524408
AK,2024-04-29,0.9786570607277364
AK,2024-05-06,0.9244735579815492
AK,2024-05-13,0.99905421875103
AK,2024-05-20,0.9568166028992228
AK,2024-05-27,0.9598677299407192
AK,2024-06-03,0.9471691701895338
AK,2024-06-10,0.9212924216999564
AK,2024-06-17,0.9414510710747358
AK,2024-06-24,0.749314921361869
AK,2024-07-01,1.1468128359275285
AK,2024-07-08,0.984628828266754
AK,2024-07-15,1.48491978373502
AK,2024-07-22,1.2164042105985131
AK,2024-07-29,1.399270743987718
AK,2024-08-05,1.0450705333338128
AK,2024-08-12,0.8170847455702576
AK,2024-08-19,1.192343483839833
AK,2024-08-26,1.2372385502801393
AK,2024-09-02,1.2416031415334607
AK,2024-09-09,1.1444691463508394
AK,2024-09-16,1.240697034846262
AK,2024-09-23,1.3408872194869308
AK,2024-09-30,1.0450497897775708
AK,2024-10-07,0.9399493817241864
AK,2024-10-14,0.9844471078631448
AK,2024-10-21,1.0166713880125162
AK,2024-10-28,0.9940984168023989
AK,2024-11-04,1.0533552626219826
AK,2024-11-11,0.9973143797530049
AK,2024-11-18,1.0607215192726382
AK,2024-11-25,1.0318878651782335
AK,2024-12-02,1.1073344730573376
AK,2024-12-09,1.1169472773333693
AK,2024-12-16,1.117937539937676
AK,2024-12-23,1.1967501110291476
AK,2024-12-30,1.1903378118924657
AK,2025-01-06,1.166432658671024
AK,2025-01-13,0.9751678456231504
AK,2025-01-20,0.9060730979318936
AK,2025-01-27,0.9363640709519462
AK,2025-02-03,1.0442207876176477
AK,2025-02-10,1.0557930933349695
AK,2025-02-17,1.0266853282054873
AK,2025-02-24,0.9920070153300162
AK,2025-03-03,0.9740756297822932
AK,2025-03-10,0.9387508856496648
AK,2025-03-17,0.9351553879175752
AK,2025-03-24,0.8822179861239793
AK,2025-03-31,0.8863015889786902
AK,2025-04-07,0.8803060192405225
AK,2025-04-14,0.9012192334588968
AK,2025-04-21,0.945655162093807
AK,2025-04-28,0.949313128364571
AK,2025-05-05,0.943510328966612
AK,2025-05-12,0.8928169545497435
AK,2025-05-19,0.922339951885558
AK,2025-05-26,0.95640650448737
AK,2025-06-02,1.0188952769807171
AK,2025-06-09,0.9169964325515736
AK,2025-06-16,0.908342864800356
AK,2025-06-23,0.8938153500190493
AK,2025-06-30,0.9842183396828964
AK,2025-07-07,1.030420626697375
AK,2025-07-14,1.0241579815851931
AK,2025-07-21,0.986723469306058
AK,2025-07-28,0.9107766151776112
AK,2025-08-04,0.9345218611527084
AK,2025-08-11,1.0214081751779576
AK,2025-08-18,1.096167976796938
AK,2025-08-25,1.121810303533627
AK,2025-09-01,1.113320648615771
AK,2025-09-08,1.131926729431932
AK,2025-09-15,1.056851067169254
AL,2016-10-10,1.0
AL,2016-10-17,0.7416605127883511
AL,2016-10-24,1.0111500649379768
AL,2016-10-31,1.058041960321303
AL,2016-11-07,1.254629286265433
AL,2016-11-14,1.030287535974367
AL,2016-11-21,1.052530800016005
AL,2016-11-28,1.005666563807445
AL,2016-12-05,1.077102999672771
AL,2016-12-12,0.9808604745887898
AL,2016-12-19,1.176773488113758
AL,2016-12-26,1.20690373962776
AL,2017-01-02,1.243026363746185
AL,2017-01-09,1.0047021009584982
AL,2017-01-16,0.9649190925286396
AL,2017-01-23,1.105097371068695
AL,2017-01-30,1.1084412264441157
AL,2017-02-06,1.2176215136374502
AL,2017-02-13,1.1079530687306989
AL,2017-02-20,1.1636582665083828
AL,2017-02-27,1.0129887570207126
AL,2017-03-06,0.8975865618790221
AL,2017-03-13,0.9704417539462916
AL,2017-03-20,0.921256927301103
AL,2017-03-27,1.051258509575755
AL,2017-04-03,0.8961617179642718
AL,2017-04-10,0.8467325503586627
AL,2017-04-17,0.7883212375410005
AL,2017-04-24,0.8717613058352071
AL,2017-05-01,0.8741829358865535
AL,2017-05-08,0.9751446348913368
AL,2017-05-15,0.9684604064986976
AL,2017-05-22,1.0922807730879036
AL,2017-05-29,0.9141985050682284
AL,2017-06-05,0.8255666060366978
AL,2017-06-12,0.8067413663310758
AL,2017-06-19,0.8281906608541155
AL,2017-06-26,1.0632290957136217
AL,2017-07-03,0.9488319607547911
AL,2017-07-10,1.0930206173126962
AL,2017-07-17,0.9379485652837808
AL,2017-07-24,0.9597146954601344
AL,2017-07-31,0.9226543914264724
AL,2017-08-07,0.961295065038994
AL,2017-08-14,1.132592927553674
AL,2017-08-21,1.2565248465766783
AL,2017-08-28,1.2881349201394758
AL,2017-09-04,1.1935135813633415
AL,2017-09-11,1.0795353042256586
AL,2017-09-18,1.0190544979213532
AL,2017-09-25,1.048137362050884
AL,2017-10-02,1.036977140618071
AL,2017-10-09,1.018862380812019
AL,2017-10-16,1.0679009593452733
AL,2017-10-23,1.015465353110846
AL,2017-10-30,1.0750677315322903
AL,2017-11-06,1.1009445361879613
AL,2017-11-13,1.0763945957177372
AL,2017-11-20,1.0825922935144383
AL,2017-11-27,1.0461227967193791
AL,2017-12-04,1.077880623374932
AL,2017-12-11,1.0931067791331015
AL,2017-12-18,1.1785776302816369
AL,2017-12-25,1.3775873110238332
AL,2018-01-01,1.329443251040892
AL,2018-01-08,1.2328092411679463
AL,2018-01-15,1.0952561722895295
AL,2018-01-22,1.120625381187665
AL,2018-01-29,1.0564447015142864
AL,2018-02-05,1.0437749545072748
AL,2018-02-12,0.9728272520901272
AL,2018-02-19,0.8687742650957265
AL,2018-02-26,0.8532251699859409
AL,2018-03-05,0.7351069197363529
AL,2018-03-12,0.897727424032063
AL,2018-03-19,0.8155186157016646
AL,2018-03-26,0.9295121350448952
AL,2018-04-02,0.885965967886426
AL,2018-04-09,0.8921208979424305
AL,2018-04-16,0.8936373935900519
AL,2018-04-23,0.926877283967816
AL,2018-04-30,0.913192887064856
AL,2018-05-07,0.931418701715646
AL,2018-05-14,0.9231655687509548
AL,2018-05-21,0.9164942953084916
AL,2018-05-28,0.9405011465182694
AL,2018-06-04,0.9730078633063202
AL,2018-06-11,0.87954161130245
AL,2018-06-18,0.9209332113703848
AL,2018-06-25,0.8615420845273214
AL,2018-07-02,0.9900059613133504
AL,2018-07-09,0.9816435015758712
AL,2018-07-16,0.9573998042496594
AL,2018-07-23,0.9861940079626126
AL,2018-07-30,0.9590658613903232
AL,2018-08-06,1.049626604810216
AL,2018-08-13,1.032803996077223
AL,2018-08-20,1.1450893234345163
AL,2018-08-27,1.2457040514972553
AL,2018-09-03,1.1737697377595626
AL,2018-09-10,1.1608253896407807
AL,2018-09-17,1.0410084923588585
AL,2018-09-24,1.1199135589274845
AL,2018-10-01,1.0137187904426568
AL,2018-10-08,1.099203327440102
AL,2018-10-15,1.0451411844971976
AL,2018-10-22,1.0609773925530046
AL,2018-10-29,1.0819009446643413
AL,2018-11-05,1.0812386677932115
AL,2018-11-12,1.1193156933916713
AL,2018-11-19,1.057717611219898
AL,2018-11-26,1.068840613130544
AL,2018-12-03,1.0202202981717208
AL,2018-12-10,1.0022323311077956
AL,2018-12-17,1.0796892738102326
AL,2018-12-24,1.1052232931544947
AL,2018-12-31,1.2201354510796163
AL,2019-01-07,1.0337457903347302
AL,2019-01-14,0.9797013360468306
AL,2019-01-21,0.9971896428023096
AL,2019-01-28,1.1451750482775938
AL,2019-02-04,1.3008091189360418
AL,2019-02-11,1.1809868359532394
AL,2019-02-18,1.127550415349439
AL,2019-02-25,0.942952180693106
AL,2019-03-04,0.8999361711380289
AL,2019-03-11,0.860580003862614
AL,2019-03-18,0.9258705386189948
AL,2019-03-25,0.8797766084420553
AL,2019-04-01,0.8765552232446143
AL,2019-04-08,0.8205282762315065
AL,2019-04-15,0.8532557211497181
AL,2019-04-22,0.8693081222762293
AL,2019-04-29,0.9513648232414008
AL,2019-05-06,0.9458866167063098
AL,2019-05-13,0.9343982944877464
AL,2019-05-20,0.9117697756488
AL,2019-05-27,0.9413587757317924
AL,2019-06-03,0.9372649783008942
AL,2019-06-10,0.9010883715102233
AL,2019-06-17,0.877503448514138
AL,2019-06-24,0.9121082990736392
AL,2019-07-01,0.8912114861004821
AL,2019-07-08,0.913490806591548
AL,2019-07-15,0.925792310080669
AL,2019-07-22,1.0126340814840065
AL,2019-07-29,1.0160340003521358
AL,2019-08-05,1.0533708975403977
AL,2019-08-12,1.0075472716317266
AL,2019-08-19,1.146564585718416
AL,2019-08-26,1.186328314806165
AL,2019-09-02,1.2633207704567764
AL,2019-09-09,1.1574007355074252
AL,2019-09-16,1.0525413619300032
AL,2019-09-23,1.025218912072016
AL,2019-09-30,1.041447150575657
AL,2019-10-07,1.0490129010293363
AL,2019-10-14,1.0581004419487174
AL,2019-10-21,1.0566984226591185
AL,2019-10-28,1.0802449925492423
AL,2019-11-04,1.1153654998985452
AL,2019-11-11,1.12381813338196
AL,2019-11-18,1.1291729873068572
AL,2019-11-25,1.1847196224377925
AL,2019-12-02,1.088917812394388
AL,2019-12-09,1.1073533977633732
AL,2019-12-16,1.0537342080002037
AL,2019-12-23,1.169555190233267
AL,2019-12-30,1.2244265723850265
AL,2020-01-06,1.0964558000866922
AL,2020-01-13,0.9228788003784192
AL,2020-01-20,0.9034615332428048
AL,2020-01-27,1.046791117297975
AL,2020-02-03,1.226218780616645
AL,2020-02-10,1.126801801920738
AL,2020-02-17,1.01784967620577
AL,2020-02-24,0.9591457639574767
AL,2020-03-02,0.8835139018092664
AL,2020-03-09,1.0100815298997112
AL,2020-03-16,0.9596386722831683
AL,2020-03-23,1.1034693116188563
AL,2020-03-30,0.8937307477573576
AL,2020-04-06,0.8427194551884564
AL,2020-04-13,0.7222623230374422
AL,2020-04-20,0.8140630153056555
AL,2020-04-27,0.7884834121834144
AL,2020-05-04,0.8431642358898757
AL,2020-05-11,0.8120094003046673
AL,2020-05-18,0.924915215642476
AL,2020-05-25,0.9181407799672062
AL,2020-06-01,0.9387792822212828
AL,2020-06-08,0.9080261278618194
AL,2020-06-15,0.9474130328670984
AL,2020-06-22,1.0142266123201098
AL,2020-06-29,1.0697794527568083
AL,2020-07-06,1.130621934251181
AL,2020-07-13,1.172792935278638
AL,2020-07-20,1.0905764028293292
AL,2020-07-27,0.9497708215033808
AL,2020-08-03,0.9363699271642528
AL,2020-08-10,0.9075062164372856
AL,2020-08-17,0.9655874826243926
AL,2020-08-24,0.9819421571464256
AL,2020-08-31,1.054100745415265
AL,2020-09-07,1.0660205972721022
AL,2020-09-14,1.0198375978741745
AL,2020-09-21,0.9997348188185552
AL,2020-09-28,1.028914320030649
AL,2020-10-05,1.0530430848917112
AL,2020-10-12,1.0540986984247005
AL,2020-10-19,1.0291662540232394
AL,2020-10-26,1.038423985781226
AL,2020-11-02,0.9915116549197452
AL,2020-11-09,1.0857504320022624
AL,2020-11-16,1.00965737848695
AL,2020-11-23,1.1019349682048551
AL,2020-11-30,0.9936900500710812
AL,2020-12-07,1.0622073192539268
AL,2020-12-14,1.0061142417882023
AL,2020-12-21,0.988869876997302
AL,2020-12-28,1.007278187433032
AL,2021-01-04,1.0181726184889297
AL,2021-01-11,0.9917377587858498
AL,2021-01-18,0.9406428698189636
AL,2021-01-25,0.9098247103564951
AL,2021-02-01,0.9888380415591064
AL,2021-02-08,1.0038250815511864
AL,2021-02-15,0.9837287673402902
AL,2021-02-22,0.8751544040317695
AL,2021-03-01,0.9476363169432483
AL,2021-03-08,0.9328307902152094
AL,2021-03-15,1.034677094985322
AL,2021-03-22,0.9637027356566028
AL,2021-03-29,1.0201208201477578
AL,2021-04-05,0.9479687106107134
AL,2021-04-12,1.0672383733428197
AL,2021-04-19,1.0320964219310822
AL,2021-04-26,1.113622641264959
AL,2021-05-03,1.0575659881562192
AL,2021-05-10,1.084625357612767
AL,2021-05-17,1.0567050526958353
AL,2021-05-24,1.0139144871773458
AL,2021-05-31,0.9670707745083986
AL,2021-06-07,0.9649268903568612
AL,2021-06-14,0.947785905007488
AL,2021-06-21,0.9217103652701052
AL,2021-06-28,0.9621135731322544
AL,2021-07-05,0.9977506877458407
AL,2021-07-12,1.053339963494219
AL,2021-07-19,1.066260012832602
AL,2021-07-26,1.1143452337843518
AL,2021-08-02,1.120789876934149
AL,2021-08-09,1.1056833794607048
AL,2021-08-16,1.0505679713457283
AL,2021-08-23,1.108947566545143
AL,2021-08-30,1.1040975935906634
AL,2021-09-06,1.0801513952381994
AL,2021-09-13,0.9979258631094432
AL,2021-09-20,0.8857156611786563
AL,2021-09-27,0.9708389653659396
AL,2021-10-04,0.9719961024671758
AL,2021-10-11,1.0240485856174335
AL,2021-10-18,0.9993310572722705
AL,2021-10-25,1.0188561519361885
AL,2021-11-01,1.030058999324979
AL,2021-11-08,1.048412492240126
AL,2021-11-15,1.0934161552746045
AL,2021-11-22,1.0849940050015086
AL,2021-11-29,1.0726351246462087
AL,2021-12-06,1.0089651578418442
AL,2021-12-13,1.059520350274408
AL,2021-12-20,1.0814461209466604
AL,2021-12-27,1.1825799554308007
AL,2022-01-03,1.2045745041241804
AL,2022-01-10,1.0837547236215714
AL,2022-01-17,0.9971679595657672
AL,2022-01-24,0.8394555004208835
AL,2022-01-31,0.8439736052233688
AL,2022-02-07,0.7947217012561211
AL,2022-02-14,0.7706893719533722
AL,2022-02-21,0.9562546053901736
AL,2022-02-28,0.953413045635898
AL,2022-03-07,1.0656273568294774
AL,2022-03-14,0.990888466716938
AL,2022-03-21,1.0160325110858963
AL,2022-03-28,1.0415610879309432
AL,2022-04-04,0.9746063756097004
AL,2022-04-11,1.0062105574167162
AL,2022-04-18,1.0079227742087944
AL,2022-04-25,1.0593399603072415
AL,2022-05-02,1.0270984216020953
AL,2022-05-09,1.0031641545676488
AL,2022-05-16,0.9953147218471624
AL,2022-05-23,0.9977834244685796
AL,2022-05-30,0.9727150921510548
AL,2022-06-06,0.962838240336197
AL,2022-06-13,0.9528008244289926
AL,2022-06-20,0.958060715840147
AL,2022-06-27,0.9904309795348056
AL,2022-07-04,1.0326747384745785
AL,2022-07-11,1.0377510251054058
AL,2022-07-18,1.0233339490157056
AL,2022-07-25,0.942061967927707
AL,2022-08-01,1.003444052022984
AL,2022-08-08,0.9562444411992737
AL,2022-08-15,1.0526564886999616
AL,2022-08-22,1.0370222232240212
AL,2022-08-29,1.1626870448432272
AL,2022-09-05,1.0961592304871368
AL,2022-09-12,1.0660357401330491
AL,2022-09-19,0.9598858648304194
AL,2022-09-26,1.053905946088193
AL,2022-10-03,1.087098108791544
AL,2022-10-10,1.208977964164973
AL,2022-10-17,1.217098701594767
AL,2022-10-24,1.2314265757602725
AL,2022-10-31,1.4508011095875977
AL,2022-11-07,1.3574045126640475
AL,2022-11-14,1.180586235191566
AL,2022-11-21,0.8895698817987155
AL,2022-11-28,0.9722210236953108
AL,2022-12-05,1.015573057085859
AL,2022-12-12,0.9821241179706264
AL,2022-12-19,0.8901070343094766
AL,2022-12-26,0.929035159435602
AL,2023-01-02,0.9575852766516822
AL,2023-01-09,0.8760524338728113
AL,2023-01-16,0.8190481652512323
AL,2023-01-23,0.8231299649357875
AL,2023-01-30,0.9609937840276422
AL,2023-02-06,0.9924912677712856
AL,2023-02-13,1.0055521223647246
AL,2023-02-20,0.946343442286835
AL,2023-02-27,0.957813274062018
AL,2023-03-06,0.9258723092252852
AL,2023-03-13,0.939898340279884
AL,2023-03-20,0.970638609750428
AL,2023-03-27,1.003897839151488
AL,2023-04-03,0.9509541905171428
AL,2023-04-10,0.9348410557575852
AL,2023-04-17,0.955856227458186
AL,2023-04-24,0.9755908833030982
AL,2023-05-01,1.0033816328989815
AL,2023-05-08,1.0140268971275062
AL,2023-05-15,0.9886765575913352
AL,2023-05-22,0.977852551518104
AL,2023-05-29,0.9401269182957552
AL,2023-06-05,0.9938657905945668
AL,2023-06-12,0.9274061948560104
AL,2023-06-19,0.9492816337150858
AL,2023-06-26,0.8543678444140752
AL,2023-07-03,0.9234531276663588
AL,2023-07-10,0.9282864131123628
AL,2023-07-17,1.0163041286806964
AL,2023-07-24,1.0018542067452498
AL,2023-07-31,1.052730678355993
AL,2023-08-07,1.057165638364392
AL,2023-08-14,1.1663356777239458
AL,2023-08-21,1.1877628649868583
AL,2023-08-28,1.299905795822652
AL,2023-09-04,1.1884154226417185
AL,2023-09-11,1.0885491142957953
AL,2023-09-18,0.9544152452330597
AL,2023-09-25,0.9906694653195478
AL,2023-10-02,0.9960296474930151
AL,2023-10-09,1.0217813219398166
AL,2023-10-16,1.0298332607251086
AL,2023-10-23,1.089170031342135
AL,2023-10-30,1.0894674559961364
AL,2023-11-06,1.1220226493569945
AL,2023-11-13,1.1824761100939998
AL,2023-11-20,1.144545581733886
AL,2023-11-27,1.0921951943956385
AL,2023-12-04,1.001442621331455
AL,2023-12-11,1.0843174672889513
AL,2023-12-18,1.1898588431439392
AL,2023-12-25,1.2173466890858793
AL,2024-01-01,1.1364356659005637
AL,2024-01-08,0.9618651115253126
AL,2024-01-15,0.8512283965742862
AL,2024-01-22,0.8267856109334035
AL,2024-01-29,0.8831091297217555
AL,2024-02-05,0.9530818447963249
AL,2024-02-12,1.011832354386072
AL,2024-02-19,0.9943309623238572
AL,2024-02-26,0.9796504546772844
AL,2024-03-04,0.935201530201332
AL,2024-03-11,0.9221620030511788
AL,2024-03-18,0.9005946667917221
AL,2024-03-25,0.9137574144915528
AL,2024-04-01,0.9320538469809394
AL,2024-04-08,0.9466082164152152
AL,2024-04-15,0.9336688070500848
AL,2024-04-22,0.9167390025769436
AL,2024-04-29,0.9220806424101444
AL,2024-05-06,0.9593598385144588
AL,2024-05-13,0.967884883049081
AL,2024-05-20,0.9494081038216664
AL,2024-05-27,0.9545987829104672
AL,2024-06-03,0.951501615894538
AL,2024-06-10,0.9203542214171552
AL,2024-06-17,0.9304092470286948
AL,2024-06-24,0.929725094155733
AL,2024-07-01,0.9718020622855992
AL,2024-07-08,0.941276265887446
AL,2024-07-15,1.0294176461529945
AL,2024-07-22,1.0671306991234724
AL,2024-07-29,1.0380365897978008
AL,2024-08-05,1.0748591395578282
AL,2024-08-12,1.094926141735055
AL,2024-08-19,1.1456096777319678
AL,2024-08-26,1.1496480825179067
AL,2024-09-02,1.1047769931497542
AL,2024-09-09,1.0187424422647078
AL,2024-09-16,0.9783327613264762
AL,2024-09-23,0.9205534603293736
AL,2024-09-30,1.0324970903302515
AL,2024-10-07,0.9772971117573972
AL,2024-10-14,1.0516648260650694
AL,2024-10-21,1.0225829950043333
AL,2024-10-28,1.0687958720074204
AL,2024-11-04,1.0610658648568936
AL,2024-11-11,1.0268461781202254
AL,2024-11-18,1.0835913959199988
AL,2024-11-25,1.0505078208526313
AL,2024-12-02,1.1593946861609938
AL,2024-12-09,1.0458701475890984
AL,2024-12-16,1.2036902571017392
AL,2024-12-23,1.245497881767295
AL,2024-12-30,1.4035942458098267
AL,2025-01-06,1.1479702217309495
AL,2025-01-13,0.9330539139608164
AL,2025-01-20,0.8859919595176842
AL,2025-01-27,1.0927466190241917
AL,2025-02-03,1.1369715035083656
AL,2025-02-10,1.0755523292707063
AL,2025-02-17,0.9026521635506128
AL,2025-02-24,0.8804486373290216
AL,2025-03-03,0.8883813568231952
AL,2025-03-10,0.9066697109144772
AL,2025-03-17,0.8985122853395113
AL,2025-03-24,0.8394672713279916
AL,2025-03-31,0.8447550239872205
AL,2025-04-07,0.8347438909241222
AL,2025-04-14,0.8619809849526273
AL,2025-04-21,0.935100648367267
AL,2025-04-28,0.958238388995997
AL,2025-05-05,0.9941081043257176
AL,2025-05-12,0.9325031206652048
AL,2025-05-19,0.963311098567978
AL,2025-05-26,0.9248968608206228
AL,2025-06-02,1.010190252472505
AL,2025-06-09,0.9197154754708972
AL,2025-06-16,0.93327150673772
AL,2025-06-23,0.8804879398558813
AL,2025-06-30,0.9426343247823435
AL,2025-07-07,0.9677748092128324
AL,2025-07-14,0.9642570248677228
AL,2025-07-21,0.9558849316623376
AL,2025-07-28,1.051630480128641
AL,2025-08-04,1.00381395939758
AL,2025-08-11,1.1159015312907987
AL,2025-08-18,1.1202612243534993
AL,2025-08-25,1.2793324531548609
AL,2025-09-01,1.2151465159636998
AL,2025-09-08,1.1039382695063331
AL,2025-09-15,0.9318076186992692
AR,2016-10-10,1.0
AR,2016-10-17,1.014099771839638
AR,2016-10-24,1.0262267530206854
AR,2016-10-31,1.0769315000474156
AR,2016-11-07,1.0917202448284284
AR,2016-11-14,1.1172365638267792
AR,2016-11-21,1.080075845401275
AR,2016-11-28,1.0684739452212038
AR,2016-12-05,1.00250381128144
AR,2016-12-12,0.9676288103120916
AR,2016-12-19,1.0600339076564664
AR,2016-12-26,1.0957507536137068
AR,2017-01-02,1.1702322047903584
AR,2017-01-09,1.0538428919799088
AR,2017-01-16,1.070921887304078
AR,2017-01-23,1.0672248459613938
AR,2017-01-30,1.163519676613243
AR,2017-02-06,1.2661788005876653
AR,2017-02-13,1.3259581807775431
AR,2017-02-20,1.2549487428824218
AR,2017-02-27,1.0641105213431628
AR,2017-03-06,0.8279525082408308
AR,2017-03-13,0.8244328532480805
AR,2017-03-20,0.8274413922069038
AR,2017-03-27,0.949156490264772
AR,2017-04-03,0.8988135298327689
AR,2017-04-10,0.8688115746589521
AR,2017-04-17,0.821851359568711
AR,2017-04-24,0.8352906013753659
AR,2017-05-01,0.8563448592731909
AR,2017-05-08,0.9650116353207512
AR,2017-05-15,0.9187510827639036
AR,2017-05-22,0.994503434580142
AR,2017-05-29,0.9206979415484848
AR,2017-06-05,0.9348438595254654
AR,2017-06-12,0.8458384619856182
AR,2017-06-19,0.8253833130200204
AR,2017-06-26,0.9452406645990185
AR,2017-07-03,1.0140389757865942
AR,2017-07-10,0.932568498869891
AR,2017-07-17,0.9549235564008604
AR,2017-07-24,1.001886737954807
AR,2017-07-31,1.014426718865681
AR,2017-08-07,1.0713788238221382
AR,2017-08-14,1.0098703612894695
AR,2017-08-21,0.9685356316005032
AR,2017-08-28,1.3861404504942378
AR,2017-09-04,1.55257545383469
AR,2017-09-11,1.572091594317692
AR,2017-09-18,1.0406850354649062
AR,2017-09-25,0.8949939176736447
AR,2017-10-02,1.0610385874292845
AR,2017-10-09,1.0360802823522477
AR,2017-10-16,1.104544743015061
AR,2017-10-23,1.0021189701451554
AR,2017-10-30,1.1036653523102355
AR,2017-11-06,1.064972289059957
AR,2017-11-13,1.091190744953335
AR,2017-11-20,1.11899344291442
AR,2017-11-27,1.1119027223622888
AR,2017-12-04,1.154228137197577
AR,2017-12-11,1.1561696892917883
AR,2017-12-18,1.2597337229393142
AR,2017-12-25,1.4415726402880389
AR,2018-01-01,1.3928109022730653
AR,2018-01-08,1.2160180547558732
AR,2018-01-15,1.045241283588066
AR,2018-01-22,0.9921240598902882
AR,2018-01-29,1.035465907272522
AR,2018-02-05,1.0445972468509803
AR,2018-02-12,1.0296527773257995
AR,2018-02-19,0.9807109341989606
AR,2018-02-26,0.8578474601266912
AR,2018-03-05,0.7835277888909479
AR,2018-03-12,0.7681379384553391
AR,2018-03-19,0.7694025414563407
AR,2018-03-26,0.8030104355749628
AR,2018-04-02,0.8380903005108593
AR,2018-04-09,0.826457339250909
AR,2018-04-16,0.8784439534887113
AR,2018-04-23,0.9424445297210738
AR,2018-04-30,1.0353851446253437
AR,2018-05-07,1.0012124748646063
AR,2018-05-14,1.039185907038826
AR,2018-05-21,0.9381271955070548
AR,2018-05-28,0.9739422475283346
AR,2018-06-04,0.9116206228433832
AR,2018-06-11,0.947911827082754
AR,2018-06-18,1.0013239694939282
AR,2018-06-25,0.8711825136336718
AR,2018-07-02,0.8881529713724671
AR,2018-07-09,0.8763076431528014
AR,2018-07-16,0.994717162022361
AR,2018-07-23,1.0280175884946097
AR,2018-07-30,0.9455837261192772
AR,2018-08-06,0.9669141588629404
AR,2018-08-13,1.0463132154844823
AR,2018-08-20,1.071466294730965
AR,2018-08-27,1.1012236323791629
AR,2018-09-03,1.105631895067963
AR,2018-09-10,1.1662513968563393
AR,2018-09-17,1.1258941333035504
AR,2018-09-24,1.033629722119349
AR,2018-10-01,1.1532008875051252
AR,2018-10-08,1.1413794272936764
AR,2018-10-15,1.0861674726806716
AR,2018-10-22,1.02062889962595
AR,2018-10-29,1.055864667176906
AR,2018-11-05,1.1486344598724554
AR,2018-11-12,1.0747902994800804
AR,2018-11-19,1.1066773129411274
AR,2018-11-26,1.06621783699475
AR,2018-12-03,1.035202677474079
AR,2018-12-10,0.9758276386369366
AR,2018-12-17,1.0416195653417173
AR,2018-12-24,1.129344750307453
AR,2018-12-31,1.242823117184729
AR,2019-01-07,1.0714010799137288
AR,2019-01-14,0.9687688317929014
AR,2019-01-21,0.9093306847914095
AR,2019-01-28,1.1051603029218688
AR,2019-02-04,1.2527060990552643
AR,2019-02-11,1.2995066227089125
AR,2019-02-18,1.1854637725279868
AR,2019-02-25,1.1090169114330577
AR,2019-03-04,0.9948977324545002
AR,2019-03-11,0.8841893627795936
AR,2019-03-18,0.8908899811947911
AR,2019-03-25,0.878176171890136
AR,2019-04-01,0.893099930510522
AR,2019-04-08,0.8219830249317946
AR,2019-04-15,0.7842417377378378
AR,2019-04-22,0.822549377856885
AR,2019-04-29,0.8492763315172805
AR,2019-05-06,0.9195503511237236
AR,2019-05-13,0.91352532346542
AR,2019-05-20,0.9729225570607656
AR,2019-05-27,0.9413371992637172
AR,2019-06-03,0.9236263607554924
AR,2019-06-10,1.0030250841543067
AR,2019-06-17,0.9918869539230342
AR,2019-06-24,0.93207998982073
AR,2019-07-01,0.810455188037436
AR,2019-07-08,0.8745923278293036
AR,2019-07-15,0.8892316244321551
AR,2019-07-22,1.0341401138576036
AR,2019-07-29,1.0339777711349094
AR,2019-08-05,1.138166339040333
AR,2019-08-12,0.999934717448154
AR,2019-08-19,1.0957871284425424
AR,2019-08-26,1.1676733605791203
AR,2019-09-02,1.2456368007013832
AR,2019-09-09,1.1392005515947736
AR,2019-09-16,1.0213600790063833
AR,2019-09-23,1.0224852416583254
AR,2019-09-30,0.9690541724706878
AR,2019-10-07,1.0392493576398685
AR,2019-10-14,1.1401268713275263
AR,2019-10-21,1.200117581736435
AR,2019-10-28,1.1273470098689924
AR,2019-11-04,1.0671471007442417
AR,2019-11-11,1.0753571707561604
AR,2019-11-18,1.1851566472902229
AR,2019-11-25,1.1166025713156549
AR,2019-12-02,1.1083435250027018
AR,2019-12-09,1.0126905836669036
AR,2019-12-16,1.1125042699280572
AR,2019-12-23,1.1259662828288897
AR,2019-12-30,1.2864234145358535
AR,2020-01-06,1.0926982375853689
AR,2020-01-13,1.0043304688093593
AR,2020-01-20,0.9653259406700216
AR,2020-01-27,1.08282632265412
AR,2020-02-03,1.2566185956375653
AR,2020-02-10,1.0934402818382436
AR,2020-02-17,1.0741008819894553
AR,2020-02-24,0.9001196290242908
AR,2020-03-02,1.0323559728756055
AR,2020-03-09,0.9486111860917804
AR,2020-03-16,0.9181806249954356
AR,2020-03-23,0.8559305476979155
AR,2020-03-30,0.9062738873479866
AR,2020-04-06,0.8389228658574777
AR,2020-04-13,0.7476435926679591
AR,2020-04-20,0.7039037216361429
AR,2020-04-27,0.7654037865434851
AR,2020-05-04,0.8200377698470624
AR,2020-05-11,0.8922894955865229
AR,2020-05-18,1.0629731979398334
AR,2020-05-25,1.0339339448530631
AR,2020-06-01,1.0145188785516328
AR,2020-06-08,0.9114591421831296
AR,2020-06-15,0.95808875393529
AR,2020-06-22,0.9859109178648032
AR,2020-06-29,1.007687269535579
AR,2020-07-06,1.0821160193368515
AR,2020-07-13,1.1392427860568402
AR,2020-07-20,1.0643880068332514
AR,2020-07-27,1.01373508708994
AR,2020-08-03,0.9960139360727068
AR,2020-08-10,0.970937546494825
AR,2020-08-17,0.9955435990200138
AR,2020-08-24,0.9663048657713494
AR,2020-08-31,1.076589986959004
AR,2020-09-07,1.0270346153691667
AR,2020-09-14,1.127229051068244
AR,2020-09-21,1.025447162079136
AR,2020-09-28,1.049071128848343
AR,2020-10-05,0.9931835171097886
AR,2020-10-12,1.0166111155056563
AR,2020-10-19,1.0004865970202674
AR,2020-10-26,1.0068900498936737
AR,2020-11-02,1.0119107560084202
AR,2020-11-09,1.107823291484549
AR,2020-11-16,1.0676680688306843
AR,2020-11-23,1.0481955007346253
AR,2020-11-30,0.968784688949658
AR,2020-12-07,0.9734276971157204
AR,2020-12-14,0.9763930896455985
AR,2020-12-21,0.9712839204938022
AR,2020-12-28,1.0086786550902516
AR,2021-01-04,1.0322625608903575
AR,2021-01-11,0.9974547469871584
AR,2021-01-18,0.9435416600919928
AR,2021-01-25,0.9395662585050494
AR,2021-02-01,0.978439777067778
AR,2021-02-08,0.9718463367251567
AR,2021-02-15,0.9643319810593626
AR,2021-02-22,0.9262821650827684
AR,2021-03-01,0.9411735594371052
AR,2021-03-08,0.8894928003478393
AR,2021-03-15,0.9561471301411136
AR,2021-03-22,1.0027570809838946
AR,2021-03-29,1.0164138744788855
AR,2021-04-05,1.0118507453177592
AR,2021-04-12,0.9830834979683936
AR,2021-04-19,1.0227782094045956
AR,2021-04-26,1.0072654462375437
AR,2021-05-03,1.078211156835298
AR,2021-05-10,1.0592473562071445
AR,2021-05-17,1.0728754429383005
AR,2021-05-24,1.066426499378598
AR,2021-05-31,1.069228233443013
AR,2021-06-07,1.0819415315566852
AR,2021-06-14,0.9866996120138316
AR,2021-06-21,1.0243609554890063
AR,2021-06-28,0.9508340526449648
AR,2021-07-05,1.050191643570824
AR,2021-07-12,1.0557756625538048
AR,2021-07-19,1.07862441724904
AR,2021-07-26,1.077570180886718
AR,2021-08-02,1.0668643750311642
AR,2021-08-09,1.03314312041383
AR,2021-08-16,0.9795529736044444
AR,2021-08-23,0.9964940525035292
AR,2021-08-30,1.0166211743827849
AR,2021-09-06,1.0873139059083767
AR,2021-09-13,1.039408787607625
AR,2021-09-20,1.0078484134638117
AR,2021-09-27,0.9416517870173348
AR,2021-10-04,0.936493328067885
AR,2021-10-11,1.013504608926004
AR,2021-10-18,1.0255795451157743
AR,2021-10-25,1.0379302185733843
AR,2021-11-01,0.9704472741318046
AR,2021-11-08,1.0358247656001387
AR,2021-11-15,1.0822250632738784
AR,2021-11-22,1.1028288102986303
AR,2021-11-29,1.109718179992789
AR,2021-12-06,1.071957138034753
AR,2021-12-13,1.0617458425723745
AR,2021-12-20,1.0234160113317858
AR,2021-12-27,1.0721472790215705
AR,2022-01-03,1.0951128691853649
AR,2022-01-10,1.0673839194570662
AR,2022-01-17,0.9987331806663062
AR,2022-01-24,0.9137101681097723
AR,2022-01-31,0.8407640646717466
AR,2022-02-07,0.8035697355885899
AR,2022-02-14,0.808596217121575
AR,2022-02-21,0.9491871485172416
AR,2022-02-28,1.0826566346659414
AR,2022-03-07,1.1013926671440568
AR,2022-03-14,1.1395755136952237
AR,2022-03-21,1.0808552156993687
AR,2022-03-28,1.0449708890689768
AR,2022-04-04,0.9441982285575886
AR,2022-04-11,0.9129249200895044
AR,2022-04-18,0.9595445112708822
AR,2022-04-25,0.967774744051616
AR,2022-05-02,0.9503198879690512
AR,2022-05-09,0.955224331782808
AR,2022-05-16,0.9572032139918136
AR,2022-05-23,0.9610724004554791
AR,2022-05-30,0.969394590361945
AR,2022-06-06,0.9857759774637392
AR,2022-06-13,0.9568221975665084
AR,2022-06-20,0.9357700926284938
AR,2022-06-27,0.9527387263117671
AR,2022-07-04,1.0139526472854363
AR,2022-07-11,1.0670609179594446
AR,2022-07-18,1.0225990700028562
AR,2022-07-25,0.9938633143612132
AR,2022-08-01,0.9599493086889648
AR,2022-08-08,0.9738632551724666
AR,2022-08-15,0.9583381332719448
AR,2022-08-22,0.9878320669662106
AR,2022-08-29,1.0714420616207443
AR,2022-09-05,1.1421235176313516
AR,2022-09-12,1.138377679444838
AR,2022-09-19,1.0707497535808377
AR,2022-09-26,1.0131722531318703
AR,2022-10-03,1.039668637846744
AR,2022-10-10,1.098373028766399
AR,2022-10-17,1.1365131392901302
AR,2022-10-24,1.1362513278523854
AR,2022-10-31,1.198272782558674
AR,2022-11-07,1.258873878328819
AR,2022-11-14,1.2524992060421534
AR,2022-11-21,1.1655851130292068
AR,2022-11-28,1.1146507973010191
AR,2022-12-05,1.0888459290378163
AR,2022-12-12,1.03204222419203
AR,2022-12-19,0.924584067168691
AR,2022-12-26,0.8995776553175115
AR,2023-01-02,0.9008016877624312
AR,2023-01-09,0.8609051106576238
AR,2023-01-16,0.7882560644167604
AR,2023-01-23,0.7997901811139474
AR,2023-01-30,0.8727648144356314
AR,2023-02-06,0.96702044796313
AR,2023-02-13,0.965628623160734
AR,2023-02-20,0.977145399373646
AR,2023-02-27,0.97254823733726
AR,2023-03-06,0.9981574869560736
AR,2023-03-13,0.9585479838797856
AR,2023-03-20,0.959186129272995
AR,2023-03-27,0.952018096703434
AR,2023-04-03,0.9483975482028668
AR,2023-04-10,0.9215735624887592
AR,2023-04-17,0.924240410131849
AR,2023-04-24,0.9612802953623248
AR,2023-05-01,1.0016761583348264
AR,2023-05-08,1.0283637384052766
AR,2023-05-15,0.948207016432394
AR,2023-05-22,0.9319330739284992
AR,2023-05-29,0.9658098834343676
AR,2023-06-05,0.9884584724910362
AR,2023-06-12,0.980345744903723
AR,2023-06-19,0.8829046712803043
AR,2023-06-26,0.8984117354315111
AR,2023-07-03,0.9128692069442944
AR,2023-07-10,0.9644084190493344
AR,2023-07-17,0.946710689002408
AR,2023-07-24,0.965767196256202
AR,2023-07-31,0.979147299751806
AR,2023-08-07,1.0253912279389767
AR,2023-08-14,1.1023651747598116
AR,2023-08-21,1.143859022749292
AR,2023-08-28,1.217153264410684
AR,2023-09-04,1.2576738313975022
AR,2023-09-11,1.2086338810075643
AR,2023-09-18,1.1210159426304251
AR,2023-09-25,1.0063354879610942
AR,2023-10-02,0.9789875011262256
AR,2023-10-09,0.9881756952564232
AR,2023-10-16,1.02633765318341
AR,2023-10-23,1.1091448564366542
AR,2023-10-30,1.0863682622205586
AR,2023-11-06,1.0846605194254602
AR,2023-11-13,1.101722567545456
AR,2023-11-20,1.1203441988491245
AR,2023-11-27,1.086895503701791
AR,2023-12-04,1.0367279984558009
AR,2023-12-11,1.032825905016636
AR,2023-12-18,1.079354294051711
AR,2023-12-25,1.1402303999850965
AR,2024-01-01,1.167344738238891
AR,2024-01-08,1.0599992935646847
AR,2024-01-15,0.9455739326647452
AR,2024-01-22,0.9164661821452595
AR,2024-01-29,0.9757769470562884
AR,2024-02-05,1.0620121663768418
AR,2024-02-12,1.0601216132019364
AR,2024-02-19,1.0489875501158952
AR,2024-02-26,1.0043985168475809
AR,2024-03-04,0.964359852469542
AR,2024-03-11,0.9080156245795712
AR,2024-03-18,0.8614805005713813
AR,2024-03-25,0.8436280911063048
AR,2024-04-01,0.8579336881963379
AR,2024-04-08,0.8690266620709807
AR,2024-04-15,0.9175750129396768
AR,2024-04-22,0.9141801694344082
AR,2024-04-29,0.931674302485332
AR,2024-05-06,0.9360949714904924
AR,2024-05-13,0.962734194325108
AR,2024-05-20,0.9546717626669322
AR,2024-05-27,0.9862065711811026
AR,2024-06-03,0.9975993536324474
AR,2024-06-10,0.9529625201366696
AR,2024-06-17,0.8981315223139297
AR,2024-06-24,0.8638319620980034
AR,2024-07-01,0.9205225571010532
AR,2024-07-08,0.9765291503648568
AR,2024-07-15,1.0483474775119326
AR,2024-07-22,1.0521528731972936
AR,2024-07-29,1.052183114665763
AR,2024-08-05,1.0608056675878832
AR,2024-08-12,1.1063143071388666
AR,2024-08-19,1.073717361972186
AR,2024-08-26,1.0749004733216674
AR,2024-09-02,1.0928102357318472
AR,2024-09-09,1.1157878719398535
AR,2024-09-16,1.072418276331415
AR,2024-09-23,0.9791857184083388
AR,2024-09-30,0.9574154999188788
AR,2024-10-07,0.9636366948942696
AR,2024-10-14,0.9896790385335512
AR,2024-10-21,1.0334199207699206
AR,2024-10-28,1.0392487400566113
AR,2024-11-04,1.0371091316544891
AR,2024-11-11,1.0115060553900113
AR,2024-11-18,1.0296824631835757
AR,2024-11-25,1.0797325610748
AR,2024-12-02,1.0594653845870148
AR,2024-12-09,1.069800457949037
AR,2024-12-16,1.133539793209147
AR,2024-12-23,1.244805640631178
AR,2024-12-30,1.290952948490642
AR,2025-01-06,1.1403035267032584
AR,2025-01-13,0.9817522370550495
AR,2025-01-20,0.9324539108185472
AR,2025-01-27,1.047953797031425
AR,2025-02-03,1.192301084797494
AR,2025-02-10,1.1538581063207451
AR,2025-02-17,1.0544290094404436
AR,2025-02-24,0.8835617566152428
AR,2025-03-03,0.8218988080213384
AR,2025-03-10,0.8229770334346317
AR,2025-03-17,0.8521266512251798
AR,2025-03-24,0.8721420401542822
AR,2025-03-31,0.8401667563154055
AR,2025-04-07,0.8359409554933087
AR,2025-04-14,0.8700519902749784
AR,2025-04-21,0.9491046159251568
AR,2025-04-28,0.9852205702019694
AR,2025-05-05,0.9675285505218388
AR,2025-05-12,0.971801617556001
AR,2025-05-19,0.9554139351309991
AR,2025-05-26,0.978653962255235
AR,2025-06-02,0.9671412661519616
AR,2025-06-09,0.9648062145992266
AR,2025-06-16,0.906790607957632
AR,2025-06-23,0.8790331847791809
AR,2025-06-30,0.9287589596942676
AR,2025-07-07,1.0115972472582746
AR,2025-07-14,0.945492308990718
AR,2025-07-21,0.9074960869667648
AR,2025-07-28,0.9467284702700732
AR,2025-08-04,1.0303521001822444
AR,2025-08-11,1.1095699293116776
AR,2025-08-18,1.014741134537155
AR,2025-08-25,1.0717667672544935
AR,2025-09-01,1.1694320091582917
AR,2025-09-08,1.2343270486583098
AR,2025-09-15,1.1649444596113925
AZ,2016-10-10,1.0
AZ,2016-10-17,0.920211802566466
AZ,2016-10-24,0.9653494232020888
AZ,2016-10-31,1.0213420767954977
AZ,2016-11-07,1.1027395684198804
AZ,2016-11-14,1.046717881881693
AZ,2016-11-21,1.0456788222198534
AZ,2016-11-28,1.0361027167539452
AZ,2016-12-05,1.0818728106658189
AZ,2016-12-12,1.049854823855053
AZ,2016-12-19,1.104160386123531
AZ,2016-12-26,1.163578704536084
AZ,2017-01-02,1.1544276212130595
AZ,2017-01-09,1.0781457196409747
AZ,2017-01-16,0.9883827869015256
AZ,2017-01-23,1.001822063155222
AZ,2017-01-30,1.0291682682386656
AZ,2017-02-06,1.087970517794815
AZ,2017-02-13,1.0834634862925747
AZ,2017-02-20,1.0682421690029709
AZ,2017-02-27,1.014050426546656
AZ,2017-03-06,0.9613503709134996
AZ,2017-03-13,0.9566412670229923
AZ,2017-03-20,0.92527031886606
AZ,2017-03-27,0.939946926104824
AZ,2017-04-03,0.9524823956932088
AZ,2017-04-10,0.9648137494680248
AZ,2017-04-17,0.9097923336384206
AZ,2017-04-24,0.9109044122849268
AZ,2017-05-01,0.9867331050441632
AZ,2017-05-08,1.00773415762826
AZ,2017-05-15,0.9813393647080804
AZ,2017-05-22,0.9290179233335094
AZ,2017-05-29,0.972099571754621
AZ,2017-06-05,0.9548668282348928
AZ,2017-06-12,0.9255044899858142
AZ,2017-06-19,0.891833863566175
AZ,2017-06-26,0.8538633268510495
AZ,2017-07-03,0.909308261508595
AZ,2017-07-10,0.942009889870516
AZ,2017-07-17,0.9975017859375304
AZ,2017-07-24,0.9759289476054982
AZ,2017-07-31,0.9954327608483742
AZ,2017-08-07,1.0356182487927188
AZ,2017-08-14,1.0033181750368354
AZ,2017-08-21,1.0786118987864104
AZ,2017-08-28,1.216414948601908
AZ,2017-09-04,1.2373750250105862
AZ,2017-09-11,1.0920912649585492
AZ,2017-09-18,1.0030666921520257
AZ,2017-09-25,0.997619924892909
AZ,2017-10-02,1.0114136566911125
AZ,2017-10-09,1.0604406667409216
AZ,2017-10-16,1.097649431767216
AZ,2017-10-23,1.1125819000138966
AZ,2017-10-30,0.9954170522399118
AZ,2017-11-06,1.0712930141282742
AZ,2017-11-13,1.0464971032524903
AZ,2017-11-20,1.0544797747065713
AZ,2017-11-27,0.9903158307258654
AZ,2017-12-04,1.1306941816704918
AZ,2017-12-11,1.1073960329595798
AZ,2017-12-18,1.2557803303477184
AZ,2017-12-25,1.2470251157086452
AZ,2018-01-01,1.337234346286504
AZ,2018-01-08,1.164603528307984
AZ,2018-01-15,1.0332313157759034
AZ,2018-01-22,0.9454286638789984
AZ,2018-01-29,0.9482459502149848
AZ,2018-02-05,1.0083663526033653
AZ,2018-02-12,1.0076081278461255
AZ,2018-02-19,1.001525886371237
AZ,2018-02-26,0.9603577671457724
AZ,2018-03-05,0.8920929311027791
AZ,2018-03-12,0.8718681387207373
AZ,2018-03-19,0.8788377338257978
AZ,2018-03-26,0.9214636565407892
AZ,2018-04-02,0.9320528108556024
AZ,2018-04-09,0.9372828329880534
AZ,2018-04-16,0.9392119800791344
AZ,2018-04-23,0.9704803533729603
AZ,2018-04-30,0.9405451320522248
AZ,2018-05-07,0.974967587526849
AZ,2018-05-14,0.9547597701387714
AZ,2018-05-21,0.9460849336565932
AZ,2018-05-28,0.9316021491693132
AZ,2018-06-04,0.9894592198945552
AZ,2018-06-11,0.8863414303792964
AZ,2018-06-18,0.9212490416328571
AZ,2018-06-25,0.9144883745470236
AZ,2018-07-02,1.0181328835403838
AZ,2018-07-09,1.0095725486784932
AZ,2018-07-16,0.9386509159492098
AZ,2018-07-23,0.9070963763713282
AZ,2018-07-30,0.9935696137595744
AZ,2018-08-06,0.9846314801545538
AZ,2018-08-13,1.1195834946612504
AZ,2018-08-20,1.0228503303508834
AZ,2018-08-27,1.1783099308396645
AZ,2018-09-03,1.0774266416657967
AZ,2018-09-10,1.1004242478432107
AZ,2018-09-17,1.0239246533415778
AZ,2018-09-24,1.0057358974150026
AZ,2018-10-01,1.0133677146421984
AZ,2018-10-08,1.0046099051443091
AZ,2018-10-15,1.002508174027368
AZ,2018-10-22,0.9739795169218688
AZ,2018-10-29,0.988730647175852
AZ,2018-11-05,1.0554811775151385
AZ,2018-11-12,1.0508481061779122
AZ,2018-11-19,1.0694010297303502
AZ,2018-11-26,1.0796688241055914
AZ,2018-12-03,1.0741743284895378
AZ,2018-12-10,1.0591681338073005
AZ,2018-12-17,1.0566291608510343
AZ,2018-12-24,1.0740790778786813
AZ,2018-12-31,1.1778577085441908
AZ,2019-01-07,1.0823322566196047
AZ,2019-01-14,1.0750446247236018
AZ,2019-01-21,0.9603030102108442
AZ,2019-01-28,1.0177225256285418
AZ,2019-02-04,1.02672382288344
AZ,2019-02-11,1.0613950794870994
AZ,2019-02-18,1.021511466592745
AZ,2019-02-25,1.031810040105704
AZ,2019-03-04,1.0017464515405985
AZ,2019-03-11,0.9953551550158724
AZ,2019-03-18,0.965988232756894
AZ,2019-03-25,0.9600190653878375
AZ,2019-04-01,0.9336562712599016
AZ,2019-04-08,0.9222996518369184
AZ,2019-04-15,0.909690138098354
AZ,2019-04-22,0.918467105047996
AZ,2019-04-29,0.935252364245168
AZ,2019-05-06,0.9410456643798716
AZ,2019-05-13,0.9047158249630188
AZ,2019-05-20,0.98802224547794
AZ,2019-05-27,0.9705216451930934
AZ,2019-06-03,1.0228435046649729
AZ,2019-06-10,0.9008270755962504
AZ,2019-06-17,0.8375751925294027
AZ,2019-06-24,0.8314533197852959
AZ,2019-07-01,0.8781259244533274
AZ,2019-07-08,0.8991241395945752
AZ,2019-07-15,0.9740760702856476
AZ,2019-07-22,0.930682635148674
AZ,2019-07-29,0.8891414975288309
AZ,2019-08-05,0.8840401394103857
AZ,2019-08-12,1.2380507931709257
AZ,2019-08-19,1.3768891063473263
AZ,2019-08-26,1.3445318447476624
AZ,2019-09-02,1.097642531549534
AZ,2019-09-09,1.0861102829165832
AZ,2019-09-16,1.0216698642930675
AZ,2019-09-23,1.0464108675766095
AZ,2019-09-30,0.9829431193853592
AZ,2019-10-07,0.962268824087394
AZ,2019-10-14,0.9484485160433296
AZ,2019-10-21,0.9907985159858612
AZ,2019-10-28,1.0893646984035077
AZ,2019-11-04,1.0607851373183386
AZ,2019-11-11,1.179099471200871
AZ,2019-11-18,1.194263561804371
AZ,2019-11-25,1.189022762434357
AZ,2019-12-02,1.0647829546054128
AZ,2019-12-09,1.0387543889929547
AZ,2019-12-16,1.055036121970552
AZ,2019-12-23,1.0904474491061615
AZ,2019-12-30,1.2287327118211404
AZ,2020-01-06,1.1646229791745182
AZ,2020-01-13,1.0255387726475798
AZ,2020-01-20,0.948986786629386
AZ,2020-01-27,1.0571957711418862
AZ,2020-02-03,1.1238944245183438
AZ,2020-02-10,1.0443043084563706
AZ,2020-02-17,0.9421691049139568
AZ,2020-02-24,0.9695550441780943
AZ,2020-03-02,0.9169594239180684
AZ,2020-03-09,0.9250762602215892
AZ,2020-03-16,0.9711478860184136
AZ,2020-03-23,1.0667692200660996
AZ,2020-03-30,1.0497540191683683
AZ,2020-04-06,0.9330658140707728
AZ,2020-04-13,0.7983731863523423
AZ,2020-04-20,0.818662911736472
AZ,2020-04-27,0.8513615967142291
AZ,2020-05-04,0.857138300284751
AZ,2020-05-11,0.85572612571764
AZ,2020-05-18,0.8666429735051421
AZ,2020-05-25,0.9541084721368016
AZ,2020-06-01,0.9653495714195756
AZ,2020-06-08,0.950501112928174
AZ,2020-06-15,1.0210228610415288
AZ,2020-06-22,1.057579438621271
AZ,2020-06-29,1.1107996676056622
AZ,2020-07-06,1.0744829772934108
AZ,2020-07-13,0.9950017350841134
AZ,2020-07-20,0.936679969924206
AZ,2020-07-27,0.8720500166420805
AZ,2020-08-03,0.9164801011524932
AZ,2020-08-10,0.9138184726253344
AZ,2020-08-17,0.8793086517468226
AZ,2020-08-24,0.9171899402038076
AZ,2020-08-31,0.9746387375964934
AZ,2020-09-07,1.0121394383452562
AZ,2020-09-14,1.0392786054892718
AZ,2020-09-21,1.0792107567644973
AZ,2020-09-28,1.1043275777853496
AZ,2020-10-05,1.141662954865979
AZ,2020-10-12,1.072518210978896
AZ,2020-10-19,1.0433875326418778
AZ,2020-10-26,0.9742879462265722
AZ,2020-11-02,0.9730968150396652
AZ,2020-11-09,1.0855646119954494
AZ,2020-11-16,1.175279226616745
AZ,2020-11-23,1.1375249505432816
AZ,2020-11-30,1.0868400178219082
AZ,2020-12-07,1.00140218683205
AZ,2020-12-14,0.9941412131790884
AZ,2020-12-21,0.9437152295463298
AZ,2020-12-28,0.9869519150236084
AZ,2021-01-04,1.0365358418453698
AZ,2021-01-11,0.9837612522147132
AZ,2021-01-18,0.973107932572309
AZ,2021-01-25,0.9441805272721878
AZ,2021-02-01,0.9038829902744896
AZ,2021-02-08,0.93638540471434
AZ,2021-02-15,0.8623167890228903
AZ,2021-02-22,0.944237641824501
AZ,2021-03-01,0.9108030494120676
AZ,2021-03-08,0.9797405466182174
AZ,2021-03-15,0.970709548742994
AZ,2021-03-22,0.9774247628257646
AZ,2021-03-29,1.0340176644232266
AZ,2021-04-05,1.1664234975271626
AZ,2021-04-12,1.1094080545595495
AZ,2021-04-19,1.0207293629060603
AZ,2021-04-26,0.9620528463048954
AZ,2021-05-03,1.0207934433489465
AZ,2021-05-10,1.0396763337219386
AZ,2021-05-17,1.0415457884010877
AZ,2021-05-24,1.0139779972919185
AZ,2021-05-31,1.0351799526203325
AZ,2021-06-07,1.002271415844345
AZ,2021-06-14,0.964437588724906
AZ,2021-06-21,0.9429357509873776
AZ,2021-06-28,0.9303816011091004
AZ,2021-07-05,0.9817606306156555
AZ,2021-07-12,1.0270520363121054
AZ,2021-07-19,1.0170806633584617
AZ,2021-07-26,1.0990054420222053
AZ,2021-08-02,1.1191305736306645
AZ,2021-08-09,1.2296038587726057
AZ,2021-08-16,1.1566744212420208
AZ,2021-08-23,1.1709542377838962
AZ,2021-08-30,1.0520414557254028
AZ,2021-09-06,1.051837324344058
AZ,2021-09-13,0.9646683960201772
AZ,2021-09-20,0.9775539835449336
AZ,2021-09-27,0.965298000496168
AZ,2021-10-04,0.9854877543419552
AZ,2021-10-11,0.9930402273317184
AZ,2021-10-18,1.0436762039616136
AZ,2021-10-25,1.0123873640240175
AZ,2021-11-01,1.0082263457230043
AZ,2021-11-08,1.0647502184225088
AZ,2021-11-15,1.08660871711396
AZ,2021-11-22,1.0554718850030966
AZ,2021-11-29,1.0775532968365809
AZ,2021-12-06,1.0496465006320728
AZ,2021-12-13,1.028778667962918
AZ,2021-12-20,0.9868821482054732
AZ,2021-12-27,1.075824656320355
AZ,2022-01-03,1.1628004028967174
AZ,2022-01-10,1.080398281038771
AZ,2022-01-17,1.0324787754711404
AZ,2022-01-24,0.9476705183934072
AZ,2022-01-31,0.8767454628169001
AZ,2022-02-07,0.8143670318256803
AZ,2022-02-14,0.8090295847112385
AZ,2022-02-21,0.9112534177716064
AZ,2022-02-28,0.9849185239694256
AZ,2022-03-07,0.9598849034414296
AZ,2022-03-14,0.991540272947305
AZ,2022-03-21,0.9722849158256244
AZ,2022-03-28,1.040164408265449
AZ,2022-04-04,0.9972647635849629
AZ,2022-04-11,1.0210564463025886
AZ,2022-04-18,1.0013428238700153
AZ,2022-04-25,1.0120656777235262
AZ,2022-05-02,1.0080679599300684
AZ,2022-05-09,1.016073384003764
AZ,2022-05-16,1.0552629675638792
AZ,2022-05-23,1.0284174448380816
AZ,2022-05-30,1.0043879244372305
AZ,2022-06-06,0.9645487139962154
AZ,2022-06-13,0.9231628112864584
AZ,2022-06-20,0.9106027986748
AZ,2022-06-27,0.9260018685867644
AZ,2022-07-04,0.9609050068463156
AZ,2022-07-11,0.9950766689618928
AZ,2022-07-18,0.98999670098793
AZ,2022-07-25,0.9865908477723256
AZ,2022-08-01,0.9423908041051456
AZ,2022-08-08,0.9938032275441018
AZ,2022-08-15,0.9596879871961286
AZ,2022-08-22,1.067968746130182
AZ,2022-08-29,1.012380467647058
AZ,2022-09-05,1.071780336406538
AZ,2022-09-12,1.0066936688375536
AZ,2022-09-19,1.0014980054746263
AZ,2022-09-26,1.0128993857912625
AZ,2022-10-03,1.0465707340432646
AZ,2022-10-10,1.1772258903609814
AZ,2022-10-17,1.1450470628669738
AZ,2022-10-24,1.126129760201298
AZ,2022-10-31,1.1159705887015885
AZ,2022-11-07,1.238551086622777
AZ,2022-11-14,1.2689620000716657
AZ,2022-11-21,1.2303493209260643
AZ,2022-11-28,1.1655574500861328
AZ,2022-12-05,1.1242260975475946
AZ,2022-12-12,1.086862776227234
AZ,2022-12-19,0.9604965679484444
AZ,2022-12-26,0.9382856213047596
AZ,2023-01-02,0.8981034285327475
AZ,2023-01-09,0.8533912007595563
AZ,2023-01-16,0.763615925523171
AZ,2023-01-23,0.7643222789460329
AZ,2023-01-30,0.8621613872509598
AZ,2023-02-06,0.9714739373626738
AZ,2023-02-13,1.0122177159747874
AZ,2023-02-20,0.9959743638895876
AZ,2023-02-27,0.994432806186561
AZ,2023-03-06,0.9783623267306136
AZ,2023-03-13,0.9774328137504724
AZ,2023-03-20,0.9821587839173884
AZ,2023-03-27,0.9501557971608604
AZ,2023-04-03,0.9823754739061124
AZ,2023-04-10,0.9427256553781764
AZ,2023-04-17,1.0118325359630906
AZ,2023-04-24,0.9492183341247517
AZ,2023-05-01,0.9927805317013167
AZ,2023-05-08,1.0140600563471684
AZ,2023-05-15,1.004476950531214
AZ,2023-05-22,0.9838079459039336
AZ,2023-05-29,0.9642759801960338
AZ,2023-06-05,0.9676266192183148
AZ,2023-06-12,0.9419962275023656
AZ,2023-06-19,0.896908444378792
AZ,2023-06-26,0.9069052763760592
AZ,2023-07-03,0.907704691043872
AZ,2023-07-10,0.9112886917402976
AZ,2023-07-17,0.9251610222005112
AZ,2023-07-24,0.9409451470462764
AZ,2023-07-31,1.016269668002829
AZ,2023-08-07,1.0424763010579958
AZ,2023-08-14,1.0982574229112647
AZ,2023-08-21,1.1217518895082084
AZ,2023-08-28,1.1303999493208496
AZ,2023-09-04,1.0682696894061017
AZ,2023-09-11,1.0179970270605811
AZ,2023-09-18,0.9917994504505389
AZ,2023-09-25,1.0566527885847257
AZ,2023-10-02,1.0033820289659614
AZ,2023-10-09,1.2236267952866442
AZ,2023-10-16,1.1945046689380046
AZ,2023-10-23,1.2440053021026267
AZ,2023-10-30,1.0397221510591304
AZ,2023-11-06,1.070510286507931
AZ,2023-11-13,1.1108813389194254
AZ,2023-11-20,1.0992809032774942
AZ,2023-11-27,1.074095965941809
AZ,2023-12-04,1.0600217942679755
AZ,2023-12-11,1.067837998990362
AZ,2023-12-18,1.1472821867366036
AZ,2023-12-25,1.1960142375836056
AZ,2024-01-01,1.174023257382503
AZ,2024-01-08,1.0493906049765742
AZ,2024-01-15,0.9012272267147078
AZ,2024-01-22,0.8711140986247674
AZ,2024-01-29,0.9044862561092168
AZ,2024-02-05,0.960301315767718
AZ,2024-02-12,0.97720823497583
AZ,2024-02-19,0.9731875843675282
AZ,2024-02-26,0.9818527508482234
AZ,2024-03-04,0.96670895740905
AZ,2024-03-11,0.944295647871334
AZ,2024-03-18,0.9175937806116
AZ,2024-03-25,0.9220339000141416
AZ,2024-04-01,0.9375517648283824
AZ,2024-04-08,0.9331690040430378
AZ,2024-04-15,0.967829354982121
AZ,2024-04-22,0.95123732620999
AZ,2024-04-29,0.9665441599850796
AZ,2024-05-06,0.957724811770976
AZ,2024-05-13,0.9815104682814806
AZ,2024-05-20,0.9773586374268822
AZ,2024-05-27,0.9803074735090324
AZ,2024-06-03,1.0015299898587118
AZ,2024-06-10,0.9325356378337968
AZ,2024-06-17,0.9168273302814484
AZ,2024-06-24,0.8981567150896322
AZ,2024-07-01,0.9226532629286276
AZ,2024-07-08,0.906441640147842
AZ,2024-07-15,0.938344641393116
AZ,2024-07-22,0.9533513874069828
AZ,2024-07-29,1.0318624209428893
AZ,2024-08-05,1.0298189949198382
AZ,2024-08-12,1.0558519293532118
AZ,2024-08-19,1.1151213440640826
AZ,2024-08-26,1.1356625723423588
AZ,2024-09-02,1.151845846113117
AZ,2024-09-09,1.0157124011037637
AZ,2024-09-16,0.9923815465352204
AZ,2024-09-23,0.9727356272442504
AZ,2024-09-30,1.0051995038523007
AZ,2024-10-07,1.023068039541906
AZ,2024-10-14,1.051699214197432
AZ,2024-10-21,1.029834499377143
AZ,2024-10-28,1.0449022972278466
AZ,2024-11-04,1.0536375203053354
AZ,2024-11-11,1.09550457844762
AZ,2024-11-18,1.115939943749046
AZ,2024-11-25,1.109155974467278
AZ,2024-12-02,1.1222228187198018
AZ,2024-12-09,1.0809353453404231
AZ,2024-12-16,1.0698736021123736
AZ,2024-12-23,1.120808887446177
AZ,2024-12-30,1.2334252081591155
AZ,2025-01-06,1.1870536429143292
AZ,2025-01-13,1.014782454363305
AZ,2025-01-20,0.8924633906851788
AZ,2025-01-27,0.965521874256734
AZ,2025-02-03,1.051649208482989
AZ,2025-02-10,1.065332537450695
AZ,2025-02-17,0.9875482748812592
AZ,2025-02-24,0.944196718111898
AZ,2025-03-03,0.9108463914053962
AZ,2025-03-10,0.9010117969506548
AZ,2025-03-17,0.9147293669299869
AZ,2025-03-24,0.9109403920384072
AZ,2025-03-31,0.9050919580279984
AZ,2025-04-07,0.923315569414947
AZ,2025-04-14,0.920850442831685
AZ,2025-04-21,0.953613232067224
AZ,2025-04-28,0.9461596234752832
AZ,2025-05-05,0.9735638343249524
AZ,2025-05-12,0.9576162023251776
AZ,2025-05-19,0.9159299283718207
AZ,2025-05-26,0.9241792312251378
AZ,2025-06-02,0.9499875814215586
AZ,2025-06-09,0.9267714754948324
AZ,2025-06-16,0.8826129932603913
AZ,2025-06-23,0.8504055788091328
AZ,2025-06-30,0.9209887549328276
AZ,2025-07-07,0.9378803732892116
AZ,2025-07-14,0.9547978756875978
AZ,2025-07-21,0.9433264857075808
AZ,2025-07-28,0.9951514587051004
AZ,2025-08-04,1.0206055131560443
AZ,2025-08-11,1.0491777400235092
AZ,2025-08-18,1.1041297562890633
AZ,2025-08-25,1.1102014825852922
AZ,2025-09-01,1.1188542652622138
AZ,2025-09-08,1.067599251263686
AZ,2025-09-15,1.0425181267648358
CA,2016-10-10,1.0
CA,2016-10-17,0.90374983853827
CA,2016-10-24,0.966066914224946
CA,2016-10-31,0.9698009357767168
CA,2016-11-07,1.0402884929649785
CA,2016-11-14,1.0409830094463524
CA,2016-11-21,1.0339228039205486
CA,2016-11-28,1.1007471570145395
CA,2016-12-05,1.0361426457069915
CA,2016-12-12,1.0534141521049942
CA,2016-12-19,1.0375368047758748
CA,2016-12-26,1.1504045961598124
CA,2017-01-02,1.1911893082867862
CA,2017-01-09,1.086653807236443
CA,2017-01-16,1.0031977664561476
CA,2017-01-23,0.9427926190052898
CA,2017-01-30,1.0509069014649204
CA,2017-02-06,1.0738369676156725
CA,2017-02-13,1.06067024846007
CA,2017-02-20,1.0057765198322242
CA,2017-02-27,0.9611309578346036
CA,2017-03-06,0.924156179945448
CA,2017-03-13,0.931893493535608
CA,2017-03-20,0.949905326818504
CA,2017-03-27,0.96242848721091
CA,2017-04-03,0.947190405963638
CA,2017-04-10,0.8983594865108167
CA,2017-04-17,0.8996132831821543
CA,2017-04-24,0.9033893621307738
CA,2017-05-01,0.9344218184419985
CA,2017-05-08,0.948770144137138
CA,2017-05-15,0.9393161348450544
CA,2017-05-22,0.9538816769485804
CA,2017-05-29,0.9786920934303668
CA,2017-06-05,0.986599488256153
CA,2017-06-12,1.0397931248059726
CA,2017-06-19,0.9506103044063118
CA,2017-06-26,0.9819332033222752
CA,2017-07-03,0.9753704946627488
CA,2017-07-10,1.038157442974501
CA,2017-07-17,0.9523185725285334
CA,2017-07-24,0.9339745408758604
CA,2017-07-31,0.9406246375278984
CA,2017-08-07,0.9719535014100898
CA,2017-08-14,1.0025359935029174
CA,2017-08-21,1.0409347488855103
CA,2017-08-28,1.1120958995838353
CA,2017-09-04,1.0959283507981583
CA,2017-09-11,1.094830339360024
CA,2017-09-18,1.0917400162489372
CA,2017-09-25,1.0534080047249883
CA,2017-10-02,1.0509992928769414
CA,2017-10-09,1.032714948213969
CA,2017-10-16,1.004026877794953
CA,2017-10-23,1.017044638443659
CA,2017-10-30,1.017028229404669
CA,2017-11-06,1.0899396106602222
CA,2017-11-13,1.046295083323968
CA,2017-11-20,1.0508105220920252
CA,2017-11-27,1.0451706311006967
CA,2017-12-04,1.0149498977118898
CA,2017-12-11,1.1031397963560508
CA,2017-12-18,1.162367138313276
CA,2017-12-25,1.3340593378520478
CA,2018-01-01,1.3607176444485105
CA,2018-01-08,1.2118227896781872
CA,2018-01-15,1.0207630923125832
CA,2018-01-22,0.8945650920751947
CA,2018-01-29,0.953191454229594
CA,2018-02-05,1.0602106806360263
CA,2018-02-12,1.027371904798414
CA,2018-02-19,0.9798393882992956
CA,2018-02-26,0.9092947183034402
CA,2018-03-05,0.9113160207193572
CA,2018-03-12,0.8850983467741536
CA,2018-03-19,0.9005169575202133
CA,2018-03-26,0.9015472504971171
CA,2018-04-02,0.9268300903695714
CA,2018-04-09,0.8896765454918519
CA,2018-04-16,0.864405106209456
CA,2018-04-23,0.9040356757263474
CA,2018-04-30,0.9498577535128822
CA,2018-05-07,1.0014428264415745
CA,2018-05-14,0.9556844617038412
CA,2018-05-21,0.9261008249356136
CA,2018-05-28,0.991872168481204
CA,2018-06-04,0.958870741595022
CA,2018-06-11,0.9596654330635208
CA,2018-06-18,0.9227371499745932
CA,2018-06-25,1.0455421483885288
CA,2018-07-02,1.0407956984977855
CA,2018-07-09,0.9430297807047084
CA,2018-07-16,0.8752747959712748
CA,2018-07-23,0.9050032062688308
CA,2018-07-30,1.0044434978814336
CA,2018-08-06,0.9984682470767916
CA,2018-08-13,1.0262513192456832
CA,2018-08-20,1.0168809218327324
CA,2018-08-27,1.0150214325224909
CA,2018-09-03,1.0763759231198902
CA,2018-09-10,1.1734367781645971
CA,2018-09-17,1.1980710119709033
CA,2018-09-24,1.0607286150942288
CA,2018-10-01,0.973924461628666
CA,2018-10-08,1.0217689760293738
CA,2018-10-15,1.006243625959096
CA,2018-10-22,1.0496671045405717
CA,2018-10-29,1.0110224761537
CA,2018-11-05,1.1006741649719982
CA,2018-11-12,1.067752979298615
CA,2018-11-19,1.0708441532350306
CA,2018-11-26,1.0367625610942437
CA,2018-12-03,1.0743840981674158
CA,2018-12-10,1.0492674341437491
CA,2018-12-17,1.095965992046603
CA,2018-12-24,1.099817501037356
CA,2018-12-31,1.1308610684620242
CA,2019-01-07,1.0516621311317491
CA,2019-01-14,0.9997946467262566
CA,2019-01-21,0.9387466969855874
CA,2019-01-28,0.9849057983630776
CA,2019-02-04,1.0867138438834787
CA,2019-02-11,1.0958231825957898
CA,2019-02-18,1.1184236221309596
CA,2019-02-25,1.0161313418938396
CA,2019-03-04,1.017671935814188
CA,2019-03-11,0.9568649025173264
CA,2019-03-18,0.972610552687728
CA,2019-03-25,0.951468127423156
CA,2019-04-01,0.9040676909276816
CA,2019-04-08,0.9169144491332584
CA,2019-04-15,0.8595647841812606
CA,2019-04-22,0.9136062081906028
CA,2019-04-29,0.8770970991143662
CA,2019-05-06,0.8956962134016482
CA,2019-05-13,0.946579651052048
CA,2019-05-20,0.952109266217346
CA,2019-05-27,1.0004993567301388
CA,2019-06-03,0.9832332389549232
CA,2019-06-10,0.9778409522447143
CA,2019-06-17,0.9734611885512692
CA,2019-06-24,0.8969209412449886
CA,2019-07-01,0.9512809428038752
CA,2019-07-08,0.9088312229998088
CA,2019-07-15,0.92851332444901
CA,2019-07-22,0.940094416443116
CA,2019-07-29,0.9958110493466238
CA,2019-08-05,0.9876790434166728
CA,2019-08-12,1.0553929368555313
CA,2019-08-19,0.9915370837716776
CA,2019-08-26,1.036146710139692
CA,2019-09-02,1.0723420140365103
CA,2019-09-09,1.1323998739638843
CA,2019-09-16,1.134579318805352
CA,2019-09-23,1.0389892670079164
CA,2019-09-30,1.0426692606373205
CA,2019-10-07,1.0653983821572095
CA,2019-10-14,1.0721814185368008
CA,2019-10-21,1.0862204263423454
CA,2019-10-28,1.0626411404437062
CA,2019-11-04,1.0467864574061017
CA,2019-11-11,1.083749327914126
CA,2019-11-18,1.1023160658544575
CA,2019-11-25,1.0875979083467011
CA,2019-12-02,1.0942583402413375
CA,2019-12-09,1.0371915641688587
CA,2019-12-16,1.0773942134937744
CA,2019-12-23,1.1033434067055998
CA,2019-12-30,1.2770566322138437
CA,2020-01-06,1.196789257942298
CA,2020-01-13,1.0495456298813617
CA,2020-01-20,0.9330219756828024
CA,2020-01-27,1.0261480348412109
CA,2020-02-03,1.1069863467665615
CA,2020-02-10,1.0744010983174077
CA,2020-02-17,1.0004394500153644
CA,2020-02-24,0.954347417156354
CA,2020-03-02,0.9256932558035748
CA,2020-03-09,0.9485261352516888
CA,2020-03-16,1.0063730413625576
CA,2020-03-23,1.061885798972488
CA,2020-03-30,0.9650458119433032
CA,2020-04-06,0.8521583170169206
CA,2020-04-13,0.7522910317838367
CA,2020-04-20,0.775897470477372
CA,2020-04-27,0.8087281871945884
CA,2020-05-04,0.8606093753393276
CA,2020-05-11,0.8872699541291378
CA,2020-05-18,0.94260841175643
CA,2020-05-25,0.91611616630869
CA,2020-06-01,0.9570582085122364
CA,2020-06-08,0.87289960113877
CA,2020-06-15,0.964732058551816
CA,2020-06-22,1.017649810557965
CA,2020-06-29,1.190349660528763
CA,2020-07-06,1.18594611066599
CA,2020-07-13,1.1667378094008352
CA,2020-07-20,1.0352522844388137
CA,2020-07-27,0.974507742875912
CA,2020-08-03,0.9757061724105768
CA,2020-08-10,0.9341373427009716
CA,2020-08-17,0.934977066110788
CA,2020-08-24,0.8748945970363058
CA,2020-08-31,0.982632213293678
CA,2020-09-07,0.988812440714365
CA,2020-09-14,1.054846423550388
CA,2020-09-21,0.9576534916784244
CA,2020-09-28,1.048191786817279
CA,2020-10-05,1.0119212699008635
CA,2020-10-12,1.096861738337506
CA,2020-10-19,1.0064750096634871
CA,2020-10-26,1.0408895986416231
CA,2020-11-02,1.0217063649165343
CA,2020-11-09,1.1002829241993175
CA,2020-11-16,1.0953677815227028
CA,2020-11-23,1.0501178381943976
CA,2020-11-30,1.0766296645694882
CA,2020-12-07,1.0074466509709834
CA,2020-12-14,1.0719319723794327
CA,2020-12-21,0.9869666880549072
CA,2020-12-28,1.066446803529838
CA,2021-01-04,0.9862548506297676
CA,2021-01-11,0.9642779793752232
CA,2021-01-18,0.8939751359018567
CA,2021-01-25,0.8908984626057224
CA,2021-02-01,0.9034546762394384
CA,2021-02-08,0.9194852014389828
CA,2021-02-15,0.9204499828095242
CA,2021-02-22,0.9107315687689204
CA,2021-03-01,0.9503748571748896
CA,2021-03-08,0.9659546539767312
CA,2021-03-15,0.9737273925774056
CA,2021-03-22,0.9719962570208336
CA,2021-03-29,1.019161862091087
CA,2021-04-05,1.0108894273040248
CA,2021-04-12,1.0180003356260796
CA,2021-04-19,1.030029532985736
CA,2021-04-26,1.0236481233100103
CA,2021-05-03,1.054275288449669
CA,2021-05-10,1.0311595607596695
CA,2021-05-17,1.0939951454863246
CA,2021-05-24,1.0357945313492531
CA,2021-05-31,1.039388238889028
CA,2021-06-07,0.9782113351749144
CA,2021-06-14,1.0145523827182823
CA,2021-06-21,0.9985357871121496
CA,2021-06-28,1.045867388911783
CA,2021-07-05,1.0442912424352229
CA,2021-07-12,1.0606491444151338
CA,2021-07-19,1.1153033468206264
CA,2021-07-26,1.10462574108601
CA,2021-08-02,1.13834899877878
CA,2021-08-09,1.082312689284156
CA,2021-08-16,1.088761562857241
CA,2021-08-23,1.0874172221191178
CA,2021-08-30,1.045062674542848
CA,2021-09-06,1.0884649939554942
CA,2021-09-13,0.9910370188647696
CA,2021-09-20,0.9695623774324482
CA,2021-09-27,0.9006926998293269
CA,2021-10-04,0.9017652878163392
CA,2021-10-11,0.960875717972542
CA,2021-10-18,0.9733802875102008
CA,2021-10-25,1.0260890515969217
CA,2021-11-01,0.9900378545945288
CA,2021-11-08,1.002022642489545
CA,2021-11-15,1.0211444285363211
CA,2021-11-22,1.0100550650583855
CA,2021-11-29,1.0609820869161226
CA,2021-12-06,1.0192666513779491
CA,2021-12-13,1.0568109893174649
CA,2021-12-20,1.0372847239528888
CA,2021-12-27,1.200351641062454
CA,2022-01-03,1.2616719561293626
CA,2022-01-10,1.1914824049779058
CA,2022-01-17,0.9749359377629938
CA,2022-01-24,0.786559679688116
CA,2022-01-31,0.7699268659891525
CA,2022-02-07,0.7775111574682558
CA,2022-02-14,0.8324241241251801
CA,2022-02-21,0.8839890940098186
CA,2022-02-28,0.9395246660574328
CA,2022-03-07,1.022440340057733
CA,2022-03-14,1.041453824274094
CA,2022-03-21,1.0733416334595995
CA,2022-03-28,1.0488431006693086
CA,2022-04-04,1.0450544008516025
CA,2022-04-11,1.0391049041767044
CA,2022-04-18,1.0237705773623105
CA,2022-04-25,1.0515774897861525
CA,2022-05-02,1.054178621917938
CA,2022-05-09,1.075243291307748
CA,2022-05-16,1.073034297712194
CA,2022-05-23,1.0825626306512552
CA,2022-05-30,1.0290057957678058
CA,2022-06-06,1.0393803749009125
CA,2022-06-13,0.9599990651612118
CA,2022-06-20,0.960931408160589
CA,2022-06-27,0.935311881559141
CA,2022-07-04,0.954257194213447
CA,2022-07-11,0.997516178986418
CA,2022-07-18,0.9806787819223072
CA,2022-07-25,0.9933831808212386
CA,2022-08-01,0.9611940458439904
CA,2022-08-08,0.9492406330889348
CA,2022-08-15,0.9490951996673536
CA,2022-08-22,0.9887144187187396
CA,2022-08-29,1.0798527512266023
CA,2022-09-05,1.1084212507300426
CA,2022-09-12,1.0756580756521288
CA,2022-09-19,1.0118326018318642
CA,2022-09-26,1.0096948384709812
CA,2022-10-03,1.044787799378814
CA,2022-10-10,1.1313555308884484
CA,2022-10-17,1.1100871964441823
CA,2022-10-24,1.1378529998925715
CA,2022-10-31,1.1462256571609808
CA,2022-11-07,1.2037510879353055
CA,2022-11-14,1.2047383716476128
CA,2022-11-21,1.1437687249478716
CA,2022-11-28,1.200270185890503
CA,2022-12-05,1.1161066926460128
CA,2022-12-12,1.0519606313679355
CA,2022-12-19,0.8991683186331585
CA,2022-12-26,0.94935774110923
CA,2023-01-02,0.948936294908814
CA,2023-01-09,0.8887695048838309
CA,2023-01-16,0.7731812279761127
CA,2023-01-23,0.7812008736115282
CA,2023-01-30,0.8749699425283604
CA,2023-02-06,0.9962039314854784
CA,2023-02-13,1.0218190487592826
CA,2023-02-20,1.0256450919188942
CA,2023-02-27,1.0142388572079728
CA,2023-03-06,0.9882272318995748
CA,2023-03-13,0.9821721974810248
CA,2023-03-20,0.9574948940770908
CA,2023-03-27,0.9993961824583736
CA,2023-04-03,0.9946268042827864
CA,2023-04-10,0.9818542184839416
CA,2023-04-17,0.9657221469331784
CA,2023-04-24,0.9477500742871856
CA,2023-05-01,0.9552031267735156
CA,2023-05-08,1.0019134317489728
CA,2023-05-15,1.006484232864315
CA,2023-05-22,1.023201157109166
CA,2023-05-29,1.002680443956419
CA,2023-06-05,1.0221593071126278
CA,2023-06-12,0.995311634941138
CA,2023-06-19,0.971620748055796
CA,2023-06-26,0.9336226743809648
CA,2023-07-03,0.9564199508931944
CA,2023-07-10,0.9672015266173442
CA,2023-07-17,0.9238265835146198
CA,2023-07-24,0.9574231030710691
CA,2023-07-31,0.9479233053040136
CA,2023-08-07,1.0220509123683597
CA,2023-08-14,1.0309504627174022
CA,2023-08-21,1.043496134291415
CA,2023-08-28,1.0738297834820294
CA,2023-09-04,1.0946401312960286
CA,2023-09-11,1.1034519819476674
CA,2023-09-18,1.030755379326991
CA,2023-09-25,1.0223471765283323
CA,2023-10-02,1.0028348933917668
CA,2023-10-09,1.0639402361704309
CA,2023-10-16,1.0061618063430422
CA,2023-10-23,1.0920742818610287
CA,2023-10-30,1.0427055481639786
CA,2023-11-06,1.1137109711274658
CA,2023-11-13,1.0828144665398745
CA,2023-11-20,1.099775719267627
CA,2023-11-27,1.087394322654433
CA,2023-12-04,1.0725928579131718
CA,2023-12-11,1.063211077552093
CA,2023-12-18,1.0699271336546414
CA,2023-12-25,1.1277122384824578
CA,2024-01-01,1.1205138673291446
CA,2024-01-08,1.0158654598682362
CA,2024-01-15,0.8893752548014261
CA,2024-01-22,0.8620219949416095
CA,2024-01-29,0.8817949393286625
CA,2024-02-05,0.968973356613848
CA,2024-02-12,0.9764038084866108
CA,2024-02-19,1.0238773518479056
CA,2024-02-26,1.0078244686332156
CA,2024-03-04,0.9886505737807428
CA,2024-03-11,0.9618006038974412
CA,2024-03-18,0.9453483454346172
CA,2024-03-25,0.9599147236829996
CA,2024-04-01,0.9556803453406092
CA,2024-04-08,0.9605464939407204
CA,2024-04-15,0.9610398447049392
CA,2024-04-22,0.9316042171899028
CA,2024-04-29,0.9604483741855084
CA,2024-05-06,0.9647889105222184
CA,2024-05-13,1.0024758805824523
CA,2024-05-20,0.9853567536315672
CA,2024-05-27,1.0038103012022108
CA,2024-06-03,1.0138477573882818
CA,2024-06-10,0.956715024220382
CA,2024-06-17,0.9516109766989496
CA,2024-06-24,0.92402810585923
CA,2024-07-01,0.9641661778282212
CA,2024-07-08,0.9715818600287378
CA,2024-07-15,0.9567969924097004
CA,2024-07-22,0.9714442558482504
CA,2024-07-29,0.9773772088018986
CA,2024-08-05,1.0097357818041552
CA,2024-08-12,1.0050244159316677
CA,2024-08-19,1.0062732019038385
CA,2024-08-26,1.0475483762859987
CA,2024-09-02,1.0570070886155896
CA,2024-09-09,1.0751363924209236
CA,2024-09-16,1.008664908806029
CA,2024-09-23,0.9836154577762108
CA,2024-09-30,0.9838690195999832
CA,2024-10-07,0.9826750440065918
CA,2024-10-14,1.006756324390489
CA,2024-10-21,1.0079257804861923
CA,2024-10-28,1.0587812914324408
CA,2024-11-04,1.0594838371703583
CA,2024-11-11,1.084538870087894
CA,2024-11-18,1.069967951739402
CA,2024-11-25,1.099851019125219
CA,2024-12-02,1.106616155257513
CA,2024-12-09,1.0908203747720853
CA,2024-12-16,1.100837791542962
CA,2024-12-23,1.1551627598851684
CA,2024-12-30,1.2757731191109625
CA,2025-01-06,1.1791974002432966
CA,2025-01-13,0.98643316583426
CA,2025-01-20,0.8863255203222563
CA,2025-01-27,1.0164640016435018
CA,2025-02-03,1.091018091133221
CA,2025-02-10,1.078880781082408
CA,2025-02-17,0.9544086792572184
CA,2025-02-24,0.9310684439767862
CA,2025-03-03,0.8623261120078829
CA,2025-03-10,0.8737577893306909
CA,2025-03-17,0.878801911009259
CA,2025-03-24,0.9187471777343088
CA,2025-03-31,0.9296006954540228
CA,2025-04-07,0.9179441281377828
CA,2025-04-14,0.9387538528263184
CA,2025-04-21,0.9337200564039876
CA,2025-04-28,0.9697585768263594
CA,2025-05-05,0.9533118049311592
CA,2025-05-12,0.99134105841721
CA,2025-05-19,0.9717131915495896
CA,2025-05-26,0.9855469720472536
CA,2025-06-02,0.9994679881265648
CA,2025-06-09,0.963191862224082
CA,2025-06-16,0.960563783892883
CA,2025-06-23,0.928133339564164
CA,2025-06-30,0.9499782742662012
CA,2025-07-07,0.9543504334777856
CA,2025-07-14,0.9416688477467404
CA,2025-07-21,0.9799562040928652
CA,2025-07-28,0.9582330930070035
CA,2025-08-04,1.0008183226599707
CA,2025-08-11,1.0343890952566137
CA,2025-08-18,1.0553458309425292
CA,2025-08-25,1.0643014037978775
CA,2025-09-01,1.0841101212489928
CA,2025-09-08,1.0989641563782604
CA,2025-09-15,1.0417185585866888
CO,2016-10-10,1.0
CO,2016-10-17,1.05431309809633
CO,2016-10-24,0.9783509483641628
CO,2016-10-31,0.9657339721824064
CO,2016-11-07,0.8022363698816702
CO,2016-11-14,1.0800392648471284
CO,2016-11-21,1.1486655110163246
CO,2016-11-28,1.1925978824961745
CO,2016-12-05,1.2650938921908652
CO,2016-12-12,1.0981233785447115
CO,2016-12-19,1.27862209179644
CO,2016-12-26,1.06166993219914
CO,2017-01-02,1.016235273803361
CO,2017-01-09,1.3390946219284787
CO,2017-01-16,1.1857014571549231
CO,2017-01-23,1.4590441136861247
CO,2017-01-30,0.9996504034465256
CO,2017-02-06,1.1743376878924126
CO,2017-02-13,1.0473012283441556
CO,2017-02-20,1.2367446344308672
CO,2017-02-27,0.9410688513832146
CO,2017-03-06,1.098154684447633
CO,2017-03-13,0.9051787356797568
CO,2017-03-20,1.0380533389628508
CO,2017-03-27,1.0169048215880911
CO,2017-04-03,0.9567777136233748
CO,2017-04-10,1.0374599937896132
CO,2017-04-17,0.7892433424958151
CO,2017-04-24,0.9662376092839022
CO,2017-05-01,0.9527636958986486
CO,2017-05-08,1.0627035163546388
CO,2017-05-15,0.8161063119506815
CO,2017-05-22,1.1588511011198042
CO,2017-05-29,1.1964718348703336
CO,2017-06-05,1.190964713512136
CO,2017-06-12,0.8332614001786636
CO,2017-06-19,0.5742398363291593
CO,2017-06-26,2.687244782258516
CO,2017-07-03,2.532462176741904
CO,2017-07-10,2.8191768278379903
CO,2017-07-17,0.8843692413400815
CO,2017-07-24,0.9304479788659076
CO,2017-07-31,0.9386117573387568
CO,2017-08-07,1.1874344426578818
CO,2017-08-14,1.3091750009528074
CO,2017-08-21,1.2163217610980772
CO,2017-08-28,1.091633921985795
CO,2017-09-04,1.2759265364790984
CO,2017-09-11,1.3165603371927612
CO,2017-09-18,0.9354840839680784
CO,2017-09-25,1.125657560007174
CO,2017-10-02,1.1191566757269136
CO,2017-10-09,1.3932177760595248
CO,2017-10-16,1.050077192638258
CO,2017-10-23,1.0652190910927144
CO,2017-10-30,1.0254535836970242
CO,2017-11-06,1.070063595227286
CO,2017-11-13,1.083912018183028
CO,2017-11-20,1.1177133318632653
CO,2017-11-27,1.088088301336352
CO,2017-12-04,1.0681875212083
CO,2017-12-11,1.1047856786235264
CO,2017-12-18,1.1170819603886009
CO,2017-12-25,1.2339299475033942
CO,2018-01-01,1.23249460990607
CO,2018-01-08,1.1620991029789407
CO,2018-01-15,1.053433507836156
CO,2018-01-22,1.0176414164928815
CO,2018-01-29,1.067516902481093
CO,2018-02-05,1.1082871778443488
CO,2018-02-12,1.0552293257034435
CO,2018-02-19,0.9645124397239648
CO,2018-02-26,0.8878840057679914
CO,2018-03-05,0.8410121887532498
CO,2018-03-12,0.8185625195744427
CO,2018-03-19,0.8239666039867322
CO,2018-03-26,0.8681078921175543
CO,2018-04-02,0.8631078963900972
CO,2018-04-09,0.9007846150501222
CO,2018-04-16,0.8620797039814928
CO,2018-04-23,0.920601481553265
CO,2018-04-30,0.9205440498718674
CO,2018-05-07,0.9561149908233166
CO,2018-05-14,0.90269755499859
CO,2018-05-21,0.8796254597577096
CO,2018-05-28,0.9229345634620016
CO,2018-06-04,1.0066199911126064
CO,2018-06-11,0.9281352044904904
CO,2018-06-18,0.93904691541388
CO,2018-06-25,0.8670566996911283
CO,2018-07-02,1.023338805055894
CO,2018-07-09,0.9817491769468396
CO,2018-07-16,1.0419484089922229
CO,2018-07-23,0.9399020260663118
CO,2018-07-30,0.9588645797802828
CO,2018-08-06,0.9795139886869256
CO,2018-08-13,1.019997400741249
CO,2018-08-20,1.0928754810394894
CO,2018-08-27,1.1596045316687935
CO,2018-09-03,1.1411586830462237
CO,2018-09-10,1.2657163669887863
CO,2018-09-17,1.0757410126521283
CO,2018-09-24,1.090114487494103
CO,2018-10-01,0.9457157232488944
CO,2018-10-08,1.7395767183167596
CO,2018-10-15,1.6586846312705783
CO,2018-10-22,1.668855688050855
CO,2018-10-29,0.9105171265281572
CO,2018-11-05,1.0456754447038006
CO,2018-11-12,1.0347599243537
CO,2018-11-19,1.1132816727605874
CO,2018-11-26,0.9985972735793676
CO,2018-12-03,1.0984378012445488
CO,2018-12-10,1.0654175244173694
CO,2018-12-17,1.1997350553321644
CO,2018-12-24,1.1675186341371018
CO,2018-12-31,1.236155487634692
CO,2019-01-07,1.031679602966058
CO,2019-01-14,0.9676789970554912
CO,2019-01-21,0.8670664737775282
CO,2019-01-28,0.9846410842017124
CO,2019-02-04,1.056434073792461
CO,2019-02-11,1.078145980019186
CO,2019-02-18,1.1281522724721456
CO,2019-02-25,1.0801734779751213
CO,2019-03-04,1.0371886533533796
CO,2019-03-11,1.004150514868931
CO,2019-03-18,0.949370085280875
CO,2019-03-25,0.8892735373357424
CO,2019-04-01,0.8016793462969587
CO,2019-04-08,0.8634311672037988
CO,2019-04-15,0.8887826508945993
CO,2019-04-22,0.930437675156359
CO,2019-04-29,0.8832260682558345
CO,2019-05-06,0.9902943827924148
CO,2019-05-13,0.9509802297569184
CO,2019-05-20,1.0058797592398878
CO,2019-05-27,0.9455779399150056
CO,2019-06-03,0.943982529926637
CO,2019-06-10,0.9533888446804212
CO,2019-06-17,0.892980502875424
CO,2019-06-24,0.9196279295436874
CO,2019-07-01,0.887561160569307
CO,2019-07-08,0.8905049374853836
CO,2019-07-15,0.9173929537368328
CO,2019-07-22,0.954359490854411
CO,2019-07-29,0.9801799062305868
CO,2019-08-05,1.0275467514711931
CO,2019-08-12,0.9831473428653532
CO,2019-08-19,1.143889207461551
CO,2019-08-26,1.1436015350348707
CO,2019-09-02,1.3017083303115824
CO,2019-09-09,1.1950236650537986
CO,2019-09-16,1.165674002307331
CO,2019-09-23,1.0181365160352007
CO,2019-09-30,1.004722871158544
CO,2019-10-07,1.0395852351026444
CO,2019-10-14,1.0217794914639389
CO,2019-10-21,1.0421164801329026
CO,2019-10-28,1.0218274842765156
CO,2019-11-04,1.0268088793113337
CO,2019-11-11,1.0127025334571775
CO,2019-11-18,1.0560502656780792
CO,2019-11-25,1.073150015585935
CO,2019-12-02,1.1351300555074368
CO,2019-12-09,1.0781879722202738
CO,2019-12-16,1.1228234276496605
CO,2019-12-23,1.1361010469634425
CO,2019-12-30,1.2610329982758413
CO,2020-01-06,1.133234914466366
CO,2020-01-13,1.0452722808874777
CO,2020-01-20,0.9166025488653716
CO,2020-01-27,1.0631424900233677
CO,2020-02-03,1.0959722974169874
CO,2020-02-10,1.0875830216357716
CO,2020-02-17,0.9436240619695162
CO,2020-02-24,0.9071206591604268
CO,2020-03-02,0.9024852734673472
CO,2020-03-09,0.999454415554297
CO,2020-03-16,1.113694639547489
CO,2020-03-23,1.0677636082965245
CO,2020-03-30,0.9133576765300848
CO,2020-04-06,0.7744445794615398
CO,2020-04-13,0.7215424310289713
CO,2020-04-20,0.7669308388120993
CO,2020-04-27,0.7650143668328645
CO,2020-05-04,0.784149878273929
CO,2020-05-11,0.8382143966936103
CO,2020-05-18,0.8945190984900563
CO,2020-05-25,0.8963746656642108
CO,2020-06-01,0.9297674963571464
CO,2020-06-08,0.7878957670493136
CO,2020-06-15,0.9886211700165912
CO,2020-06-22,0.9863226970346384
CO,2020-06-29,1.1717052969428414
CO,2020-07-06,1.1273495127445392
CO,2020-07-13,1.1362313371711268
CO,2020-07-20,1.071326005229757
CO,2020-07-27,1.00976817920957
CO,2020-08-03,0.9739982690986232
CO,2020-08-10,0.9727648743634532
CO,2020-08-17,1.0303820709821787
CO,2020-08-24,1.0275250926978108
CO,2020-08-31,1.04092953275734
CO,2020-09-07,0.9836602026949082
CO,2020-09-14,1.0773023364338687
CO,2020-09-21,1.0773547481286634
CO,2020-09-28,1.1174890242826137
CO,2020-10-05,1.0126616775081323
CO,2020-10-12,1.102497501435526
CO,2020-10-19,1.0263300516547984
CO,2020-10-26,1.1144279033525577
CO,2020-11-02,1.056712422690108
CO,2020-11-09,1.103642438712828
CO,2020-11-16,1.0339243346428644
CO,2020-11-23,0.965340466340426
CO,2020-11-30,0.9158453780911808
CO,2020-12-07,0.953741137646127
CO,2020-12-14,0.9337264149508911
CO,2020-12-21,0.9572594555300348
CO,2020-12-28,0.9328672397661856
CO,2021-01-04,0.9546733600748716
CO,2021-01-11,0.9927998181659008
CO,2021-01-18,0.9560507388114964
CO,2021-01-25,1.0234463235537634
CO,2021-02-01,0.979443233129376
CO,2021-02-08,0.995107691371305
CO,2021-02-15,0.9714805935907276
CO,2021-02-22,0.9717767050925502
CO,2021-03-01,0.9795640919183016
CO,2021-03-08,0.9084785503068742
CO,2021-03-15,1.0329875215582298
CO,2021-03-22,0.9801831092285006
CO,2021-03-29,1.0560244818917657
CO,2021-04-05,0.9836204839528572
CO,2021-04-12,1.0884571127355462
CO,2021-04-19,1.0732295132631422
CO,2021-04-26,1.067839498318606
CO,2021-05-03,1.0430673027595585
CO,2021-05-10,1.0263557058788628
CO,2021-05-17,1.0503565083963406
CO,2021-05-24,1.0119726934924456
CO,2021-05-31,1.016621171617288
CO,2021-06-07,1.0051928368172418
CO,2021-06-14,0.9918349684170984
CO,2021-06-21,1.0179089814020266
CO,2021-06-28,1.011438819061329
CO,2021-07-05,1.0652877562357788
CO,2021-07-12,0.991459649885266
CO,2021-07-19,1.057680031636247
CO,2021-07-26,1.0681458857146442
CO,2021-08-02,1.121396503296482
CO,2021-08-09,1.010567040692219
CO,2021-08-16,1.0643791565114773
CO,2021-08-23,1.103375780907556
CO,2021-08-30,1.2073072576339816
CO,2021-09-06,1.1452880359663935
CO,2021-09-13,1.076815106735797
CO,2021-09-20,0.9712612082201012
CO,2021-09-27,0.932671467375918
CO,2021-10-04,0.9569665982671468
CO,2021-10-11,1.0359725074679786
CO,2021-10-18,1.0465938184350947
CO,2021-10-25,1.0067569957856437
CO,2021-11-01,0.9633684804591804
CO,2021-11-08,1.02383464786128
CO,2021-11-15,1.0530174743386609
CO,2021-11-22,1.041807569338416
CO,2021-11-29,0.985267503977736
CO,2021-12-06,1.0158563700811818
CO,2021-12-13,1.0283237628508393
CO,2021-12-20,1.091899670296203
CO,2021-12-27,1.1095487024354198
CO,2022-01-03,1.1670329311560212
CO,2022-01-10,1.0385666717078963
CO,2022-01-17,0.9209316321424412
CO,2022-01-24,0.7966014725291574
CO,2022-01-31,0.8085243062766622
CO,2022-02-07,0.8315964510563336
CO,2022-02-14,0.8350831695631294
CO,2022-02-21,0.9780993202239254
CO,2022-02-28,1.0295126267484451
CO,2022-03-07,1.1387292121754562
CO,2022-03-14,1.129053588158894
CO,2022-03-21,1.158770366719814
CO,2022-03-28,1.0914522270433669
CO,2022-04-04,1.0343594284175428
CO,2022-04-11,1.054440084795045
CO,2022-04-18,1.0458912143455503
CO,2022-04-25,1.139416664343581
CO,2022-05-02,1.0510658247935922
CO,2022-05-09,1.0827410396274195
CO,2022-05-16,0.9752175375112372
CO,2022-05-23,0.9872250321719108
CO,2022-05-30,0.910462832449044
CO,2022-06-06,0.9321291151994968
CO,2022-06-13,0.8595578421402755
CO,2022-06-20,0.8552007570327289
CO,2022-06-27,0.8460504533450548
CO,2022-07-04,0.9448237630610656
CO,2022-07-11,0.951712067756465
CO,2022-07-18,0.9658002671189452
CO,2022-07-25,0.9609184222127092
CO,2022-08-01,0.9745411118410618
CO,2022-08-08,1.0139964116537663
CO,2022-08-15,0.9787989746500668
CO,2022-08-22,1.0451821713213594
CO,2022-08-29,1.223106080592783
CO,2022-09-05,1.2547643645298383
CO,2022-09-12,1.1468826722938523
CO,2022-09-19,1.000361702483905
CO,2022-09-26,0.9718700298311864
CO,2022-10-03,1.118184595057913
CO,2022-10-10,1.0272687562091871
CO,2022-10-17,1.107215579817306
CO,2022-10-24,1.1198783242498085
CO,2022-10-31,1.2322431745681088
CO,2022-11-07,1.2543366916136844
CO,2022-11-14,1.2373909977996531
CO,2022-11-21,1.2137452804984166
CO,2022-11-28,1.162126786456027
CO,2022-12-05,1.087911817410427
CO,2022-12-12,1.0101497144754348
CO,2022-12-19,0.9869587208593998
CO,2022-12-26,0.9742039732101964
CO,2023-01-02,0.8959188306763264
CO,2023-01-09,0.7492017733741364
CO,2023-01-16,0.6876101940151913
CO,2023-01-23,0.7863257690533139
CO,2023-01-30,0.9519875197416314
CO,2023-02-06,1.0438022747116484
CO,2023-02-13,1.0326499569863612
CO,2023-02-20,0.9929021098633702
CO,2023-02-27,0.9592988242579084
CO,2023-03-06,0.9853451233557416
CO,2023-03-13,0.9802459814030422
CO,2023-03-20,1.018062762815542
CO,2023-03-27,1.0000143230212384
CO,2023-04-03,0.9509014531025148
CO,2023-04-10,0.95065834453444
CO,2023-04-17,0.9545409135833178
CO,2023-04-24,0.9887109561947656
CO,2023-05-01,0.9815652599375776
CO,2023-05-08,0.9771124503144316
CO,2023-05-15,0.9794826208316296
CO,2023-05-22,0.9740531572674958
CO,2023-05-29,0.9407031172492292
CO,2023-06-05,0.956538995535032
CO,2023-06-12,0.9206767654428476
CO,2023-06-19,0.9357598667301416
CO,2023-06-26,0.8946534428779793
CO,2023-07-03,0.9173016780491512
CO,2023-07-10,0.9474764994002772
CO,2023-07-17,0.9506031512674578
CO,2023-07-24,0.9698668266724304
CO,2023-07-31,0.9553209818625356
CO,2023-08-07,1.005337769403576
CO,2023-08-14,1.090370001908252
CO,2023-08-21,1.109659222444126
CO,2023-08-28,1.2075348346913153
CO,2023-09-04,1.1661195924009171
CO,2023-09-11,1.1739966671398132
CO,2023-09-18,1.0142830080255434
CO,2023-09-25,1.0391059240842828
CO,2023-10-02,1.0375973860141718
CO,2023-10-09,1.0581959691574596
CO,2023-10-16,1.0498249242628954
CO,2023-10-23,1.058618699584137
CO,2023-10-30,1.043306670469078
CO,2023-11-06,1.0769515516018324
CO,2023-11-13,1.1128848720382387
CO,2023-11-20,1.1731699501311534
CO,2023-11-27,1.123262002496851
CO,2023-12-04,1.0659033077795508
CO,2023-12-11,1.0698991882520466
CO,2023-12-18,1.1107448633443544
CO,2023-12-25,1.1708962575301356
CO,2024-01-01,1.1315127430948382
CO,2024-01-08,0.9831889789492576
CO,2024-01-15,0.8876927031965368
CO,2024-01-22,0.8486471869935457
CO,2024-01-29,0.9357058977989516
CO,2024-02-05,0.9931549759040388
CO,2024-02-12,1.0108058774405129
CO,2024-02-19,0.9759340753143246
CO,2024-02-26,0.9582370405668256
CO,2024-03-04,0.9394634284403108
CO,2024-03-11,0.9580984772884922
CO,2024-03-18,0.9469820775057934
CO,2024-03-25,0.9006849470968686
CO,2024-04-01,0.8998506909653642
CO,2024-04-08,0.9147306500313688
CO,2024-04-15,0.9753447403557912
CO,2024-04-22,0.952756203819935
CO,2024-04-29,0.9513412546866666
CO,2024-05-06,0.984196019372234
CO,2024-05-13,0.963331612580794
CO,2024-05-20,0.9713372580488524
CO,2024-05-27,0.9195269743123414
CO,2024-06-03,0.9569741014213042
CO,2024-06-10,0.9083172674896114
CO,2024-06-17,0.8941174674209991
CO,2024-06-24,0.9021156574060728
CO,2024-07-01,0.946968557340562
CO,2024-07-08,0.9661792026007554
CO,2024-07-15,1.0019955912760594
CO,2024-07-22,1.0124641682477555
CO,2024-07-29,1.0541318364553696
CO,2024-08-05,1.0148332100145985
CO,2024-08-12,1.0291306207792492
CO,2024-08-19,1.051744672961071
CO,2024-08-26,1.1284514564541317
CO,2024-09-02,1.1751513513020944
CO,2024-09-09,1.1068386423785488
CO,2024-09-16,1.0360586716387348
CO,2024-09-23,0.9412847475297982
CO,2024-09-30,0.9765762088483472
CO,2024-10-07,0.9631826451488926
CO,2024-10-14,1.0250829933457304
CO,2024-10-21,1.023444815271653
CO,2024-10-28,1.0704695243412858
CO,2024-11-04,1.0546339365142603
CO,2024-11-11,1.0758886326236765
CO,2024-11-18,1.0381201380532423
CO,2024-11-25,1.062821156923398
CO,2024-12-02,1.044069159964237
CO,2024-12-09,1.091785237887708
CO,2024-12-16,1.0809436564674866
CO,2024-12-23,1.2218949793136822
CO,2024-12-30,1.3299118071008051
CO,2025-01-06,1.2469196763602488
CO,2025-01-13,1.0274940171157825
CO,2025-01-20,0.8994153647362962
CO,2025-01-27,1.023365476044267
CO,2025-02-03,1.0976512579718862
CO,2025-02-10,1.122042632394583
CO,2025-02-17,1.0061573744726144
CO,2025-02-24,0.936376887933384
CO,2025-03-03,0.875489597394783
CO,2025-03-10,0.8518874758775755
CO,2025-03-17,0.8754599209353493
CO,2025-03-24,0.8429300251426468
CO,2025-03-31,0.8833186124141299
CO,2025-04-07,0.8895721030853855
CO,2025-04-14,0.9347368743042134
CO,2025-04-21,0.9395585144218144
CO,2025-04-28,0.9796571331761312
CO,2025-05-05,0.9758881383359828
CO,2025-05-12,0.9888285411588846
CO,2025-05-19,0.9617159872197112
CO,2025-05-26,0.9484737884954076
CO,2025-06-02,0.931238612992913
CO,2025-06-09,0.913944653632334
CO,2025-06-16,0.9047553964148912
CO,2025-06-23,0.8766006712205718
CO,2025-06-30,0.8987932143974512
CO,2025-07-07,0.8945194529581612
CO,2025-07-14,0.9748589558284833
CO,2025-07-21,0.9452096741162362
CO,2025-07-28,1.0304159253215597
CO,2025-08-04,0.9693269956555564
CO,2025-08-11,1.0888400731773784
CO,2025-08-18,1.0779346624400852
CO,2025-08-25,1.1885477835886271
CO,2025-09-01,1.1958611625586777
CO,2025-09-08,1.171238111992264
CO,2025-09-15,1.1083153152377427
CT,2016-10-10,1.0
CT,2016-10-17,0.8670142920239949
CT,2016-10-24,0.9114754050119098
CT,2016-10-31,0.9576590775627504
CT,2016-11-07,1.1442198126385874
CT,2016-11-14,1.135962783675502
CT,2016-11-21,1.0759320266950447
CT,2016-11-28,1.0230338215321948
CT,2016-12-05,1.0002763681062108
CT,2016-12-12,1.0249572823249742
CT,2016-12-19,1.0100450795553133
CT,2016-12-26,1.0798147275318717
CT,2017-01-02,1.1196135609272535
CT,2017-01-09,1.1584502999577224
CT,2017-01-16,1.0958702378202416
CT,2017-01-23,1.1106210972181874
CT,2017-01-30,1.0795867324762585
CT,2017-02-06,1.167424247704592
CT,2017-02-13,1.173356708687472
CT,2017-02-20,1.1070796175094917
CT,2017-02-27,1.0218035737819595
CT,2017-03-06,0.8789939483008455
CT,2017-03-13,0.8778969202546237
CT,2017-03-20,0.8891925225517628
CT,2017-03-27,0.8807672216427981
CT,2017-04-03,0.9339483163860024
CT,2017-04-10,0.9632405990735332
CT,2017-04-17,0.9497478120002342
CT,2017-04-24,0.9775826125890495
CT,2017-05-01,0.8752130995826045
CT,2017-05-08,0.9336377994351384
CT,2017-05-15,0.7313163132568393
CT,2017-05-22,0.8188941478332904
CT,2017-05-29,0.8784536843122565
CT,2017-06-05,0.9797462517287362
CT,2017-06-12,0.970322130132328
CT,2017-06-19,0.8294220859920887
CT,2017-06-26,0.9237910045850896
CT,2017-07-03,1.0232450964866715
CT,2017-07-10,1.0576012801970274
CT,2017-07-17,0.8098125458211437
CT,2017-07-24,0.8245277711182031
CT,2017-07-31,0.951517076695503
CT,2017-08-07,1.1512072877402495
CT,2017-08-14,1.036833969531519
CT,2017-08-21,1.0382873118027425
CT,2017-08-28,1.075992418257747
CT,2017-09-04,1.2820224183576598
CT,2017-09-11,1.1721472780327622
CT,2017-09-18,1.2966292112997662
CT,2017-09-25,1.0436844583556304
CT,2017-10-02,1.251762348673534
CT,2017-10-09,1.325333676442921
CT,2017-10-16,1.3595249549554935
CT,2017-10-23,1.2371492671533422
CT,2017-10-30,1.0446076899162553
CT,2017-11-06,1.0645183568093857
CT,2017-11-13,1.0809792642946627
CT,2017-11-20,1.0666211757181423
CT,2017-11-27,1.162444958641738
CT,2017-12-04,1.1497086811775898
CT,2017-12-11,1.112433959450006
CT,2017-12-18,1.0604172830934415
CT,2017-12-25,1.206269679905885
CT,2018-01-01,1.233864459731466
CT,2018-01-08,1.1817765107319889
CT,2018-01-15,1.0858351282209402
CT,2018-01-22,1.0957434009806268
CT,2018-01-29,1.0867131618430268
CT,2018-02-05,1.0517211482780786
CT,2018-02-12,1.0590734807801974
CT,2018-02-19,0.9857826114371492
CT,2018-02-26,0.924007028773472
CT,2018-03-05,0.858360880648466
CT,2018-03-12,0.8189308561829765
CT,2018-03-19,0.875788097399438
CT,2018-03-26,0.8928894637322262
CT,2018-04-02,1.0455768759552373
CT,2018-04-09,0.9382423272485492
CT,2018-04-16,0.9509328313522296
CT,2018-04-23,0.8816826699784354
CT,2018-04-30,0.9582522251507204
CT,2018-05-07,0.9186622760997348
CT,2018-05-14,0.7992061922409495
CT,2018-05-21,0.908079379459289
CT,2018-05-28,1.3098135811771812
CT,2018-06-04,1.1408686736736264
CT,2018-06-11,1.6109236646146712
CT,2018-06-18,1.37005459271767
CT,2018-06-25,1.735186811157545
CT,2018-07-02,1.3274205867403848
CT,2018-07-09,0.9078978617157252
CT,2018-07-16,3.0
CT,2018-07-23,3.0
CT,2018-07-30,3.0
CT,2018-08-06,0.3
CT,2018-08-13,0.3
CT,2018-08-20,0.3
CT,2018-08-27,3.0
CT,2018-09-03,2.0231759063778525
CT,2018-09-10,2.433810224816229
CT,2018-09-17,1.3436756607976872
CT,2018-09-24,1.5499422367482554
CT,2018-10-01,1.1950652287547727
CT,2018-10-08,1.1943005499619073
CT,2018-10-15,1.1253577203761171
CT,2018-10-22,1.2808039804570122
CT,2018-10-29,1.0047879760515912
CT,2018-11-05,1.068114594544977
CT,2018-11-12,1.1785588803722813
CT,2018-11-19,1.0924992830056623
CT,2018-11-26,1.078108044347577
CT,2018-12-03,1.021578345536522
CT,2018-12-10,1.1350448900210672
CT,2018-12-17,1.0698741280974209
CT,2018-12-24,1.1892328944238408
CT,2018-12-31,1.1060297251242173
CT,2019-01-07,1.1406090929054795
CT,2019-01-14,1.0427185245336934
CT,2019-01-21,0.99741406366576
CT,2019-01-28,0.9909521042286416
CT,2019-02-04,1.0345337585645291
CT,2019-02-11,1.0460016946698385
CT,2019-02-18,1.0645683748179473
CT,2019-02-25,1.0047058982701724
CT,2019-03-04,0.9864990036988808
CT,2019-03-11,0.9744973391305172
CT,2019-03-18,0.9043957235262584
CT,2019-03-25,0.9390272799407476
CT,2019-04-01,0.9399585526587128
CT,2019-04-08,0.9420858748153228
CT,2019-04-15,0.8948358317430586
CT,2019-04-22,0.8975403500444604
CT,2019-04-29,0.8914262366472553
CT,2019-05-06,0.8217417142419497
CT,2019-05-13,0.8877900104378521
CT,2019-05-20,0.9238759233053097
CT,2019-05-27,0.8659662822078726
CT,2019-06-03,0.7977535772868755
CT,2019-06-10,0.6716007797302777
CT,2019-06-17,0.8819168869121229
CT,2019-06-24,0.8871364659036001
CT,2019-07-01,1.0459744352652731
CT,2019-07-08,0.9643701739237996
CT,2019-07-15,0.9280600763189742
CT,2019-07-22,0.9628257654192268
CT,2019-07-29,0.9688962606454125
CT,2019-08-05,1.003609457535952
CT,2019-08-12,1.0073085077537336
CT,2019-08-19,1.34648775508959
CT,2019-08-26,1.4407644088993563
CT,2019-09-02,1.3668922619283057
CT,2019-09-09,1.4989895033613505
CT,2019-09-16,1.570133552884714
CT,2019-09-23,1.4650841180925638
CT,2019-09-30,1.0710329953421347
CT,2019-10-07,0.8533074034860385
CT,2019-10-14,1.088409878099166
CT,2019-10-21,1.056122251805327
CT,2019-10-28,1.141597448218159
CT,2019-11-04,1.0208194344862866
CT,2019-11-11,1.040801796414697
CT,2019-11-18,1.061196568105058
CT,2019-11-25,1.1191585460776172
CT,2019-12-02,1.098675541227658
CT,2019-12-09,1.072809368692427
CT,2019-12-16,1.0564330237057171
CT,2019-12-23,1.1367062964934505
CT,2019-12-30,1.283173336735732
CT,2020-01-06,1.2238545787506616
CT,2020-01-13,1.077581860705395
CT,2020-01-20,0.98879139665821
CT,2020-01-27,1.0909531069951386
CT,2020-02-03,1.1897942560365795
CT,2020-02-10,1.176520441623029
CT,2020-02-17,1.033568616307584
CT,2020-02-24,0.925716778481887
CT,2020-03-02,0.8526045448985522
CT,2020-03-09,0.9240224569233884
CT,2020-03-16,1.0148334187397865
CT,2020-03-23,1.070522357226784
CT,2020-03-30,1.0264126698178095
CT,2020-04-06,0.922400618649364
CT,2020-04-13,0.8133577986494075
CT,2020-04-20,0.8600368686484159
CT,2020-04-27,0.746459923223836
CT,2020-05-04,0.7667909066479062
CT,2020-05-11,0.7324903165365723
CT,2020-05-18,0.8876606578904854
CT,2020-05-25,0.8762947983754442
CT,2020-06-01,0.8876485700971694
CT,2020-06-08,0.7974645166327401
CT,2020-06-15,0.907901158836134
CT,2020-06-22,0.923227049787708
CT,2020-06-29,1.051427272455627
CT,2020-07-06,1.074412885889076
CT,2020-07-13,1.1273595709869082
CT,2020-07-20,1.0547779719181976
CT,2020-07-27,1.0519125923399717
CT,2020-08-03,0.9759045236098136
CT,2020-08-10,1.000896167969728
CT,2020-08-17,0.958039564950438
CT,2020-08-24,1.0009876848084756
CT,2020-08-31,1.0970117158195374
CT,2020-09-07,1.0278394749579334
CT,2020-09-14,1.0702764136427927
CT,2020-09-21,0.9836634781194796
CT,2020-09-28,1.1670306841167726
CT,2020-10-05,1.1022737369200823
CT,2020-10-12,1.117601576511469
CT,2020-10-19,1.018853630558557
CT,2020-10-26,0.9923894620641196
CT,2020-11-02,1.072032773676613
CT,2020-11-09,1.0514070870125347
CT,2020-11-16,1.0839729101315358
CT,2020-11-23,0.9766499049641002
CT,2020-11-30,0.9721992182804604
CT,2020-12-07,1.0084973130591852
CT,2020-12-14,1.0260629905369312
CT,2020-12-21,0.9565512863735872
CT,2020-12-28,0.9491571724658104
CT,2021-01-04,0.9198161045821046
CT,2021-01-11,1.0163291916910635
CT,2021-01-18,0.9547559328798458
CT,2021-01-25,0.9237157570234444
CT,2021-02-01,0.9151943747357808
CT,2021-02-08,0.8850174126228326
CT,2021-02-15,0.9576282777839964
CT,2021-02-22,0.912590859567064
CT,2021-03-01,0.960874557517972
CT,2021-03-08,0.9557190057945864
CT,2021-03-15,1.085877425490782
CT,2021-03-22,1.0463142113406945
CT,2021-03-29,1.0788571930725477
CT,2021-04-05,0.9355832883922196
CT,2021-04-12,1.0455004613325571
CT,2021-04-19,0.9986487831434158
CT,2021-04-26,1.0451661479031642
CT,2021-05-03,0.9887091808512176
CT,2021-05-10,1.0273607727528775
CT,2021-05-17,1.0549718717542036
CT,2021-05-24,1.1020614724530844
CT,2021-05-31,1.0493916491570296
CT,2021-06-07,1.0486445656775634
CT,2021-06-14,0.9564609183742768
CT,2021-06-21,1.0676826359552765
CT,2021-06-28,1.010644359053226
CT,2021-07-05,1.0261111233004654
CT,2021-07-12,1.0062559493634993
CT,2021-07-19,1.040695829262595
CT,2021-07-26,1.1465355614854007
CT,2021-08-02,1.114743123285324
CT,2021-08-09,1.144643064770721
CT,2021-08-16,1.0544384211111577
CT,2021-08-23,1.0416887534655954
CT,2021-08-30,1.0568779353497073
CT,2021-09-06,1.019620685439898
CT,2021-09-13,1.0175819335397724
CT,2021-09-20,1.0194485991801396
CT,2021-09-27,1.003606139290042
CT,2021-10-04,0.9969857325297252
CT,2021-10-11,1.002718520734835
CT,2021-10-18,1.057897305464662
CT,2021-10-25,0.9698811910965348
CT,2021-11-01,0.960011464706037
CT,2021-11-08,1.0146428207377571
CT,2021-11-15,1.055757236682247
CT,2021-11-22,1.0423831149770786
CT,2021-11-29,1.0470670487783644
CT,2021-12-06,1.0936364492377424
CT,2021-12-13,1.1098233695040145
CT,2021-12-20,1.0713642641687091
CT,2021-12-27,1.113694094088884
CT,2022-01-03,1.1911468287456526
CT,2022-01-10,1.0819604053559713
CT,2022-01-17,0.9118892431040048
CT,2022-01-24,0.7468086357114653
CT,2022-01-31,0.7699655918572139
CT,2022-02-07,0.8038258529778256
CT,2022-02-14,0.8309733964367915
CT,2022-02-21,0.9216527348901355
CT,2022-02-28,1.0101621321921108
CT,2022-03-07,1.0289447044362097
CT,2022-03-14,1.1193525937157431
CT,2022-03-21,1.0902898770220286
CT,2022-03-28,1.0941275654846996
CT,2022-04-04,1.1020205457507608
CT,2022-04-11,1.0949485818746694
CT,2022-04-18,1.120990342892097
CT,2022-04-25,1.000639564285222
CT,2022-05-02,1.0293455705761885
CT,2022-05-09,1.066019589287081
CT,2022-05-16,1.076706766936726
CT,2022-05-23,1.01884594247248
CT,2022-05-30,0.913938553944004
CT,2022-06-06,0.9383964046729342
CT,2022-06-13,0.9274028940280375
CT,2022-06-20,0.940222132879571
CT,2022-06-27,0.9581433456551856
CT,2022-07-04,0.9679659688080532
CT,2022-07-11,0.9709520679266608
CT,2022-07-18,0.9229238792297622
CT,2022-07-25,0.9943239308977132
CT,2022-08-01,1.0172294924998968
CT,2022-08-08,1.055655037990031
CT,2022-08-15,0.9819004469356968
CT,2022-08-22,1.0044413218274866
CT,2022-08-29,1.006466949072541
CT,2022-09-05,1.019354299868125
CT,2022-09-12,1.085851797688779
CT,2022-09-19,1.1084001456461898
CT,2022-09-26,1.0990352649027817
CT,2022-10-03,1.0731708315012458
CT,2022-10-10,1.071363497783575
CT,2022-10-17,1.1012496851804547
CT,2022-10-24,1.1219726010305908
CT,2022-10-31,1.1873160675946783
CT,2022-11-07,1.2415207746340715
CT,2022-11-14,1.1841687204409612
CT,2022-11-21,1.0757854691156363
CT,2022-11-28,1.1660210216661058
CT,2022-12-05,1.2036412191755783
CT,2022-12-12,1.1484509280741966
CT,2022-12-19,0.938761189284445
CT,2022-12-26,0.8937022166371711
CT,2023-01-02,0.8857816584071433
CT,2023-01-09,0.8152933823831399
CT,2023-01-16,0.7436537770344317
CT,2023-01-23,0.7576137745496117
CT,2023-01-30,0.8676326262781828
CT,2023-02-06,0.9520880084345744
CT,2023-02-13,0.9756638227057658
CT,2023-02-20,1.0019316408472616
CT,2023-02-27,0.9855811142730326
CT,2023-03-06,0.9887865616809433
CT,2023-03-13,0.9630519601405698
CT,2023-03-20,0.9920995283306204
CT,2023-03-27,1.0078564398030825
CT,2023-04-03,0.9900311348232316
CT,2023-04-10,0.9467397868634808
CT,2023-04-17,0.9636394486224598
CT,2023-04-24,0.9277911317661632
CT,2023-05-01,0.9648111885387756
CT,2023-05-08,0.9768824990810896
CT,2023-05-15,1.0018251668241152
CT,2023-05-22,1.0015590438538675
CT,2023-05-29,0.9518237383723034
CT,2023-06-05,1.009961243920265
CT,2023-06-12,0.9391204804257278
CT,2023-06-19,0.9967449453858972
CT,2023-06-26,0.9140713801643396
CT,2023-07-03,0.9848922942642002
CT,2023-07-10,0.924380014706226
CT,2023-07-17,0.9393002994773332
CT,2023-07-24,0.9868985075715216
CT,2023-07-31,1.001839999203322
CT,2023-08-07,1.0685996506300126
CT,2023-08-14,1.0677168293205366
CT,2023-08-21,1.0666827082458836
CT,2023-08-28,1.064289798400018
CT,2023-09-04,1.0809574674901354
CT,2023-09-11,1.130265818653495
CT,2023-09-18,1.096359654689078
CT,2023-09-25,1.1365864334190072
CT,2023-10-02,1.0592216523607842
CT,2023-10-09,1.070357274849303
CT,2023-10-16,0.966733613536254
CT,2023-10-23,1.017011500109012
CT,2023-10-30,1.0190799784799316
CT,2023-11-06,1.0789203436807164
CT,2023-11-13,1.1097294313591004
CT,2023-11-20,1.0906533159876293
CT,2023-11-27,1.1031204069946634
CT,2023-12-04,1.0652161135408122
CT,2023-12-11,1.0254276164761051
CT,2023-12-18,1.0735604742256393
CT,2023-12-25,1.113941343456058
CT,2024-01-01,1.2121286138026937
CT,2024-01-08,1.0400290012752658
CT,2024-01-15,0.9469865242663694
CT,2024-01-22,0.8580261846894416
CT,2024-01-29,0.9340784221147684
CT,2024-02-05,0.9895907947505946
CT,2024-02-12,1.0172856419242493
CT,2024-02-19,1.0088274229176788
CT,2024-02-26,0.9892969465219348
CT,2024-03-04,0.9721340285396464
CT,2024-03-11,0.9859340189723954
CT,2024-03-18,0.9362983832050036
CT,2024-03-25,0.903944958247432
CT,2024-04-01,0.9486349758258236
CT,2024-04-08,0.9623018818037616
CT,2024-04-15,0.9778663304512646
CT,2024-04-22,0.8821442045547128
CT,2024-04-29,0.927263579744214
CT,2024-05-06,0.9013640902235764
CT,2024-05-13,0.9526159803138464
CT,2024-05-20,0.958374244074494
CT,2024-05-27,0.969488233402189
CT,2024-06-03,0.9634181846959864
CT,2024-06-10,0.9355572404570512
CT,2024-06-17,0.9484752913954642
CT,2024-06-24,0.9605751207440572
CT,2024-07-01,0.928091837607382
CT,2024-07-08,0.9681319157746348
CT,2024-07-15,0.9805104999781956
CT,2024-07-22,1.0525786743923142
CT,2024-07-29,1.0588364571928923
CT,2024-08-05,1.061870514832959
CT,2024-08-12,1.0378304615007945
CT,2024-08-19,1.0387882656032743
CT,2024-08-26,1.0676404947459015
CT,2024-09-02,1.0653531107738907
CT,2024-09-09,1.036245434231034
CT,2024-09-16,1.0722085221662867
CT,2024-09-23,1.0914271873676855
CT,2024-09-30,1.0202144918983598
CT,2024-10-07,1.0205985651091896
CT,2024-10-14,0.9903540384443082
CT,2024-10-21,1.1058374817862924
CT,2024-10-28,1.0711660539159569
CT,2024-11-04,1.044240126999445
CT,2024-11-11,0.9933975779012764
CT,2024-11-18,1.009220500139572
CT,2024-11-25,1.0446854180610798
CT,2024-12-02,1.0497939494626731
CT,2024-12-09,1.030284382551769
CT,2024-12-16,1.0483646930944115
CT,2024-12-23,1.1172338105021589
CT,2024-12-30,1.2139351061664574
CT,2025-01-06,1.198814315147296
CT,2025-01-13,1.0660328368407683
CT,2025-01-20,1.0235319464757533
CT,2025-01-27,1.0610149571230314
CT,2025-02-03,1.1351406852836818
CT,2025-02-10,1.120739987826471
CT,2025-02-17,1.0168599438707695
CT,2025-02-24,0.9036262417502892
CT,2025-03-03,0.834377778431032
CT,2025-03-10,0.8485397695663124
CT,2025-03-17,0.8942819763549407
CT,2025-03-24,0.900349903192684
CT,2025-03-31,0.9019823511788012
CT,2025-04-07,0.904793921888073
CT,2025-04-14,0.9032056863908168
CT,2025-04-21,0.9271851029918424
CT,2025-04-28,0.8850938100987364
CT,2025-05-05,0.910567142815596
CT,2025-05-12,0.9104465000890396
CT,2025-05-19,0.9536700902803512
CT,2025-05-26,0.9698300292117488
CT,2025-06-02,1.0310157630178385
CT,2025-06-09,0.974284748983153
CT,2025-06-16,0.9728843526089792
CT,2025-06-23,0.913700501179374
CT,2025-06-30,0.9530743430216572
CT,2025-07-07,0.9162111990319968
CT,2025-07-14,0.9381897320544844
CT,2025-07-21,0.9310362398336772
CT,2025-07-28,0.9916748322404608
CT,2025-08-04,0.9952429522667748
CT,2025-08-11,1.049446721632769
CT,2025-08-18,1.0383107520805452
CT,2025-08-25,1.0721947777978866
CT,2025-09-01,1.0734216664856548
CT,2025-09-08,1.1572235796132473
CT,2025-09-15,1.1643131091442414
DE,2016-10-10,1.0
DE,2016-10-17,1.0009262706328437
DE,2016-10-24,1.020598095299819
DE,2016-10-31,1.0670999568414818
DE,2016-11-07,1.0891453346672688
DE,2016-11-14,1.0253404272892837
DE,2016-11-21,0.9977048079018018
DE,2016-11-28,0.9979372288049692
DE,2016-12-05,1.0309880890834775
DE,2016-12-12,1.0361407310028778
DE,2016-12-19,1.0616242978279666
DE,2016-12-26,1.135819787638753
DE,2017-01-02,1.1640631903729828
DE,2017-01-09,1.103689549230576
DE,2017-01-16,1.0887532107661504
DE,2017-01-23,1.0561733854467592
DE,2017-01-30,1.0969082653694626
DE,2017-02-06,1.1254307092611044
DE,2017-02-13,1.1489530802773
DE,2017-02-20,1.1474883401395677
DE,2017-02-27,1.0478042681270343
DE,2017-03-06,0.9275882950617048
DE,2017-03-13,0.9040560478259032
DE,2017-03-20,0.8809585022122591
DE,2017-03-27,0.948810043039869
DE,2017-04-03,0.9231629740217288
DE,2017-04-10,0.922648981566758
DE,2017-04-17,0.8806371115933763
DE,2017-04-24,0.8489771142504036
DE,2017-05-01,0.8104650233638393
DE,2017-05-08,0.8845387657923166
DE,2017-05-15,0.88652942566655
DE,2017-05-22,0.9696665986507976
DE,2017-05-29,0.9449029388859548
DE,2017-06-05,1.0031379885652665
DE,2017-06-12,0.9478698393126586
DE,2017-06-19,1.056245141257845
DE,2017-06-26,0.9628167817139656
DE,2017-07-03,0.974142521090076
DE,2017-07-10,0.8663080803645841
DE,2017-07-17,0.9225245752691444
DE,2017-07-24,1.0121002520493034
DE,2017-07-31,1.002499251940011
DE,2017-08-07,1.0256378236566366
DE,2017-08-14,0.9709429706734426
DE,2017-08-21,1.031686367124285
DE,2017-08-28,1.0887882192046796
DE,2017-09-04,1.1359128789700563
DE,2017-09-11,1.1247200411248108
DE,2017-09-18,1.0228467050905905
DE,2017-09-25,1.015173879821008
DE,2017-10-02,1.029759477220195
DE,2017-10-09,1.0501667666336327
DE,2017-10-16,1.048992668164916
DE,2017-10-23,1.0063268313069889
DE,2017-10-30,1.0552331819026268
DE,2017-11-06,1.1228481991383834
DE,2017-11-13,1.1088308634582258
DE,2017-11-20,1.073239576199029
DE,2017-11-27,1.0052899308976808
DE,2017-12-04,1.0317489590219802
DE,2017-12-11,1.0785976670878203
DE,2017-12-18,1.1263681243268566
DE,2017-12-25,1.267392457955151
DE,2018-01-01,1.293860394687646
DE,2018-01-08,1.2123307664888243
DE,2018-01-15,1.103409984857152
DE,2018-01-22,1.0877462951958934
DE,2018-01-29,1.1427033863568714
DE,2018-02-05,1.1689255509245908
DE,2018-02-12,1.2082387496585856
DE,2018-02-19,1.0921035330117954
DE,2018-02-26,0.9484127660540675
DE,2018-03-05,0.7706232054857151
DE,2018-03-12,0.7318106675935928
DE,2018-03-19,0.8062654387351811
DE,2018-03-26,0.8887248965451995
DE,2018-04-02,0.9339696967620588
DE,2018-04-09,0.8500589922842755
DE,2018-04-16,0.8334182123871218
DE,2018-04-23,0.8526971202339174
DE,2018-04-30,0.8929748411768305
DE,2018-05-07,0.9339659827680936
DE,2018-05-14,0.9008503184193992
DE,2018-05-21,0.9155246304777588
DE,2018-05-28,0.9451722831537576
DE,2018-06-04,0.9481211374312974
DE,2018-06-11,0.9562043147341353
DE,2018-06-18,0.9145629285200754
DE,2018-06-25,0.9573315460399678
DE,2018-07-02,1.0769281312015622
DE,2018-07-09,1.0305334796084022
DE,2018-07-16,0.9863258203271972
DE,2018-07-23,0.975988899510901
DE,2018-07-30,1.010871539574089
DE,2018-08-06,0.9985636237920328
DE,2018-08-13,0.9293799744787936
DE,2018-08-20,0.9768561829395052
DE,2018-08-27,1.07708840618718
DE,2018-09-03,1.0807631364944967
DE,2018-09-10,1.1310652851215663
DE,2018-09-17,1.1105495847799274
DE,2018-09-24,1.0681854789267222
DE,2018-10-01,1.0427564644680467
DE,2018-10-08,1.0354261898679895
DE,2018-10-15,1.049589634338569
DE,2018-10-22,1.0230455736952138
DE,2018-10-29,1.0398487928542892
DE,2018-11-05,1.0564736794143414
DE,2018-11-12,1.116320505874218
DE,2018-11-19,1.0884815351811294
DE,2018-11-26,1.0628370485239569
DE,2018-12-03,0.997498065076551
DE,2018-12-10,1.0440548221624204
DE,2018-12-17,1.085631964623881
DE,2018-12-24,1.211597659603521
DE,2018-12-31,1.202928186866303
DE,2019-01-07,1.1074980523578433
DE,2019-01-14,0.990468482105116
DE,2019-01-21,0.958439313749786
DE,2019-01-28,1.0630194697354742
DE,2019-02-04,1.2128932998236626
DE,2019-02-11,1.203376561778697
DE,2019-02-18,1.158160104621164
DE,2019-02-25,1.0221849026176075
DE,2019-03-04,0.9660603250842036
DE,2019-03-11,0.9203544145981084
DE,2019-03-18,0.9067561696406874
DE,2019-03-25,0.885378550274964
DE,2019-04-01,0.8817894595923187
DE,2019-04-08,0.8569657862275241
DE,2019-04-15,0.8487846686518533
DE,2019-04-22,0.8324573879983179
DE,2019-04-29,0.8474681286595065
DE,2019-05-06,0.8998179424099766
DE,2019-05-13,0.9132837305973976
DE,2019-05-20,0.952755089258943
DE,2019-05-27,0.9237750450876286
DE,2019-06-03,0.976362016238465
DE,2019-06-10,0.925227519256945
DE,2019-06-17,0.9493173920922148
DE,2019-06-24,0.9153915817132576
DE,2019-07-01,0.9727603826324408
DE,2019-07-08,0.952819214259232
DE,2019-07-15,0.9358010640125
DE,2019-07-22,0.9295578519832172
DE,2019-07-29,0.9708742638204876
DE,2019-08-05,0.9923833946165768
DE,2019-08-12,0.9994273659825184
DE,2019-08-19,1.0136913621826458
DE,2019-08-26,1.0519149041634794
DE,2019-09-02,1.132834536366272
DE,2019-09-09,1.126740991502641
DE,2019-09-16,1.10857019343818
DE,2019-09-23,1.035380369078539
DE,2019-09-30,1.077616247308809
DE,2019-10-07,1.1059283053127025
DE,2019-10-14,1.0539582123266322
DE,2019-10-21,1.0133141260280925
DE,2019-10-28,1.0194474466235022
DE,2019-11-04,1.1592605234611162
DE,2019-11-11,1.1161479278091613
DE,2019-11-18,1.1153692067609728
DE,2019-11-25,1.0230967170071057
DE,2019-12-02,1.219154386584995
DE,2019-12-09,1.123984731006984
DE,2019-12-16,1.1618057042201562
DE,2019-12-23,1.1452369196995875
DE,2019-12-30,1.4499973776124058
DE,2020-01-06,1.346230690687973
DE,2020-01-13,1.113076356151112
DE,2020-01-20,0.9043395371773332
DE,2020-01-27,0.9550462215319636
DE,2020-02-03,1.1458081355989562
DE,2020-02-10,1.0598655906293213
DE,2020-02-17,1.0662394814771303
DE,2020-02-24,0.9825186564525724
DE,2020-03-02,1.0677069690513112
DE,2020-03-09,0.9865378340049472
DE,2020-03-16,0.9651045793574038
DE,2020-03-23,0.9853536568948598
DE,2020-03-30,0.9356352010180684
DE,2020-04-06,0.8443007456052609
DE,2020-04-13,0.6855746778367235
DE,2020-04-20,0.733063721032107
DE,2020-04-27,0.7864711611143138
DE,2020-05-04,0.8586645127677046
DE,2020-05-11,0.8622621630332921
DE,2020-05-18,0.8806908481471758
DE,2020-05-25,0.8661933980660831
DE,2020-06-01,0.9024539203584694
DE,2020-06-08,0.8874452712161944
DE,2020-06-15,0.957270068408418
DE,2020-06-22,1.000764348130719
DE,2020-06-29,1.0711275911986151
DE,2020-07-06,1.1014213507680486
DE,2020-07-13,1.2822623926474592
DE,2020-07-20,1.2257006348526076
DE,2020-07-27,1.1834644447347484
DE,2020-08-03,0.9848901722234712
DE,2020-08-10,0.9843966812588988
DE,2020-08-17,0.9660173623112256
DE,2020-08-24,0.9771961397210038
DE,2020-08-31,1.0296823313473826
DE,2020-09-07,1.0547105844601286
DE,2020-09-14,1.0171788298767142
DE,2020-09-21,0.9178153519239732
DE,2020-09-28,0.93478995659347
DE,2020-10-05,1.0007286786478813
DE,2020-10-12,1.0031075039281936
DE,2020-10-19,1.050634807613164
DE,2020-10-26,1.0369320467515932
DE,2020-11-02,1.0840912537528151
DE,2020-11-09,1.0808538790851752
DE,2020-11-16,1.0270428716742808
DE,2020-11-23,1.0416561687208767
DE,2020-11-30,1.0430453933261703
DE,2020-12-07,1.058148717502532
DE,2020-12-14,0.992372030706037
DE,2020-12-21,0.920981190624355
DE,2020-12-28,0.9256369210231924
DE,2021-01-04,1.0232441808964774
DE,2021-01-11,0.9849515891763768
DE,2021-01-18,0.981550899530121
DE,2021-01-25,0.91460026652112
DE,2021-02-01,0.9310327065206906
DE,2021-02-08,0.9083187263680628
DE,2021-02-15,0.9189347860590842
DE,2021-02-22,0.9942438902345818
DE,2021-03-01,0.9967109881716508
DE,2021-03-08,0.9722574679649398
DE,2021-03-15,0.9197256610642836
DE,2021-03-22,0.9469769621602204
DE,2021-03-29,1.0004079651596345
DE,2021-04-05,1.0851618372050609
DE,2021-04-12,1.0630903134322025
DE,2021-04-19,1.0764080379239973
DE,2021-04-26,0.960670656289178
DE,2021-05-03,1.0038338703778726
DE,2021-05-10,1.0027169347523512
DE,2021-05-17,1.0299555762258297
DE,2021-05-24,1.0604468283669763
DE,2021-05-31,1.035234507478727
DE,2021-06-07,1.0786899024847936
DE,2021-06-14,1.0097479424616282
DE,2021-06-21,1.0284862605605194
DE,2021-06-28,1.0072027309695182
DE,2021-07-05,1.0402136884292723
DE,2021-07-12,1.035223798532943
DE,2021-07-19,1.0599314078134354
DE,2021-07-26,1.0801382350083153
DE,2021-08-02,1.1108796825148106
DE,2021-08-09,1.0928594654171555
DE,2021-08-16,1.0785347455387075
DE,2021-08-23,1.049004758933673
DE,2021-08-30,1.05511776798768
DE,2021-09-06,1.044208400338826
DE,2021-09-13,1.0398984737474108
DE,2021-09-20,1.009064430230899
DE,2021-09-27,0.9901368987677855
DE,2021-10-04,0.9848486382883316
DE,2021-10-11,0.9948037456798582
DE,2021-10-18,0.9943055718523366
DE,2021-10-25,0.9475148035309372
DE,2021-11-01,0.9808615673773968
DE,2021-11-08,0.9740715510366448
DE,2021-11-15,1.0067298707553491
DE,2021-11-22,1.0132479625130193
DE,2021-11-29,1.0783725974495613
DE,2021-12-06,1.1442713102286708
DE,2021-12-13,1.1164646813492078
DE,2021-12-20,1.1324625049694237
DE,2021-12-27,1.0876024913904363
DE,2022-01-03,1.1720478810444197
DE,2022-01-10,1.0806152602434047
DE,2022-01-17,0.9866674420924874
DE,2022-01-24,0.8029466037389855
DE,2022-01-31,0.7707378776676542
DE,2022-02-07,0.7638384940012377
DE,2022-02-14,0.8234468035578486
DE,2022-02-21,0.900839139158574
DE,2022-02-28,0.95753262834646
DE,2022-03-07,1.061120521475972
DE,2022-03-14,1.0600233004574051
DE,2022-03-21,1.131826234492353
DE,2022-03-28,1.067819785314079
DE,2022-04-04,1.0964311217101967
DE,2022-04-11,1.0533134397488484
DE,2022-04-18,1.0313992773143348
DE,2022-04-25,1.0137890383649883
DE,2022-05-02,1.0141368642796842
DE,2022-05-09,0.9989881605137456
DE,2022-05-16,1.019785943440963
DE,2022-05-23,1.0204365838599052
DE,2022-05-30,1.0194549786588916
DE,2022-06-06,1.0494769831822846
DE,2022-06-13,0.999298588740858
DE,2022-06-20,0.9582480733439632
DE,2022-06-27,0.8950426995777204
DE,2022-07-04,0.9162778639139604
DE,2022-07-11,0.9557950146480884
DE,2022-07-18,0.9812583537839076
DE,2022-07-25,0.9935838429913766
DE,2022-08-01,1.0219051268823407
DE,2022-08-08,0.9953603347451544
DE,2022-08-15,0.9967327265120396
DE,2022-08-22,0.9686115315210456
DE,2022-08-29,1.039250591580238
DE,2022-09-05,1.325281053538257
DE,2022-09-12,1.233687900494499
DE,2022-09-19,1.1444763533078273
DE,2022-09-26,0.8660063588064499
DE,2022-10-03,1.028899515434192
DE,2022-10-10,1.0681463334851764
DE,2022-10-17,1.0738475738599014
DE,2022-10-24,1.063348258418889
DE,2022-10-31,1.1712969615302946
DE,2022-11-07,1.290132718824605
DE,2022-11-14,1.2328130792830978
DE,2022-11-21,1.116020017170092
DE,2022-11-28,1.0649149052923397
DE,2022-12-05,1.1345683361792345
DE,2022-12-12,1.0982010833176916
DE,2022-12-19,0.9980955039763818
DE,2022-12-26,0.9291089630551628
DE,2023-01-02,0.9303878317383324
DE,2023-01-09,0.8355070658762836
DE,2023-01-16,0.752166540388043
DE,2023-01-23,0.757043629857653
DE,2023-01-30,0.8497480398325234
DE,2023-02-06,0.9928661836083033
DE,2023-02-13,0.9945435164193344
DE,2023-02-20,1.0122389472098643
DE,2023-02-27,0.9491734812213888
DE,2023-03-06,0.9768710667536205
DE,2023-03-13,0.9458942736558666
DE,2023-03-20,0.9816990442666336
DE,2023-03-27,1.0074808710672407
DE,2023-04-03,1.0360312910235072
DE,2023-04-10,0.9644199601153228
DE,2023-04-17,0.9567466029689872
DE,2023-04-24,0.9168169386403836
DE,2023-05-01,0.9799142318526812
DE,2023-05-08,0.9867695155438
DE,2023-05-15,1.0035302658691183
DE,2023-05-22,0.9952478211469816
DE,2023-05-29,0.995516588870363
DE,2023-06-05,1.0027071048803726
DE,2023-06-12,0.964235547681514
DE,2023-06-19,0.944120307697356
DE,2023-06-26,0.9096353325226596
DE,2023-07-03,0.9542387281413932
DE,2023-07-10,0.9634340156003216
DE,2023-07-17,0.9572907929789336
DE,2023-07-24,0.9925156684707104
DE,2023-07-31,1.0171961573026869
DE,2023-08-07,1.083936734241203
DE,2023-08-14,1.067117766940893
DE,2023-08-21,1.069084022972072
DE,2023-08-28,1.0594690615050018
DE,2023-09-04,1.0986925124303497
DE,2023-09-11,1.0790745796870531
DE,2023-09-18,1.0508346054950817
DE,2023-09-25,1.0670359792202655
DE,2023-10-02,1.0576324101763963
DE,2023-10-09,1.0350141873569754
DE,2023-10-16,0.9815707547570376
DE,2023-10-23,1.0038238081970072
DE,2023-10-30,1.0149172952167145
DE,2023-11-06,1.0663930323081543
DE,2023-11-13,1.0753431181525328
DE,2023-11-20,1.0735470775351497
DE,2023-11-27,1.043886163404539
DE,2023-12-04,1.070304001379108
DE,2023-12-11,1.058767922641943
DE,2023-12-18,1.104050635379132
DE,2023-12-25,1.1482805430856178
DE,2024-01-01,1.20850522414494
DE,2024-01-08,1.0845224982110526
DE,2024-01-15,0.9524494890330666
DE,2024-01-22,0.8459915568507153
DE,2024-01-29,0.8878137017831892
DE,2024-02-05,0.9932080821141882
DE,2024-02-12,1.0196457038898925
DE,2024-02-19,1.0188640208262767
DE,2024-02-26,1.0026074680432089
DE,2024-03-04,1.0439533265425534
DE,2024-03-11,1.005840654100986
DE,2024-03-18,0.9337995671702088
DE,2024-03-25,0.871215248407397
DE,2024-04-01,0.932516161387842
DE,2024-04-08,0.9221560679509404
DE,2024-04-15,0.9269879608254624
DE,2024-04-22,0.8580960691392029
DE,2024-04-29,0.9109031693705288
DE,2024-05-06,0.9496659771598772
DE,2024-05-13,0.9549544035822772
DE,2024-05-20,0.9693472352516592
DE,2024-05-27,0.9481148716960036
DE,2024-06-03,1.0105215056891084
DE,2024-06-10,0.9501817741413432
DE,2024-06-17,0.9482765144559356
DE,2024-06-24,0.9119943083007462
DE,2024-07-01,0.9806294951796928
DE,2024-07-08,0.967132603806595
DE,2024-07-15,0.9858517037717444
DE,2024-07-22,0.9818314474288412
DE,2024-07-29,1.0572895852976034
DE,2024-08-05,1.0687404550829704
DE,2024-08-12,1.0461945310661058
DE,2024-08-19,1.047852826199094
DE,2024-08-26,1.0754459711138684
DE,2024-09-02,1.0759833188105998
DE,2024-09-09,1.0420737458433835
DE,2024-09-16,1.0146367643139165
DE,2024-09-23,1.0103756131261707
DE,2024-09-30,0.9992371347341168
DE,2024-10-07,1.010357979279963
DE,2024-10-14,0.9963515098873444
DE,2024-10-21,1.0202379368155767
DE,2024-10-28,1.040332674684275
DE,2024-11-04,1.0828646115089482
DE,2024-11-11,1.0321806911392124
DE,2024-11-18,1.019384054651283
DE,2024-11-25,1.031355945324439
DE,2024-12-02,1.1109108701872066
DE,2024-12-09,1.0731140072271392
DE,2024-12-16,1.0744608861189568
DE,2024-12-23,1.1354977030938729
DE,2024-12-30,1.267513052631002
DE,2025-01-06,1.2602642915222049
DE,2025-01-13,1.0616130367140983
DE,2025-01-20,0.9576073165620363
DE,2025-01-27,1.0069799786733304
DE,2025-02-03,1.2020463129022374
DE,2025-02-10,1.19256081976927
DE,2025-02-17,1.0884133618820964
DE,2025-02-24,0.9210541722500916
DE,2025-03-03,0.8841649145658687
DE,2025-03-10,0.8352799108717723
DE,2025-03-17,0.8219159020492023
DE,2025-03-24,0.812619050330201
DE,2025-03-31,0.8530062873120039
DE,2025-04-07,0.9060138535064808
DE,2025-04-14,0.8834304641669811
DE,2025-04-21,0.9294472675937496
DE,2025-04-28,0.922013755006658
DE,2025-05-05,0.965934020994568
DE,2025-05-12,0.9474181800073196
DE,2025-05-19,0.962707339678352
DE,2025-05-26,0.9830237274984712
DE,2025-06-02,1.010620135630298
DE,2025-06-09,0.957764451168882
DE,2025-06-16,0.9494511864398064
DE,2025-06-23,0.9141186103167082
DE,2025-06-30,0.9327868507778976
DE,2025-07-07,0.922910756382317
DE,2025-07-14,0.9436938663091644
DE,2025-07-21,0.9921647176762944
DE,2025-07-28,0.9787778554590892
DE,2025-08-04,1.0199507326687267
DE,2025-08-11,1.0317099180221685
DE,2025-08-18,1.059783921326687
DE,2025-08-25,1.0367340864918666
DE,2025-09-01,1.0970654999026663
DE,2025-09-08,1.0870459625091533
DE,2025-09-15,1.1016914477618236
GA,2016-10-10,1.0
GA,2016-10-17,1.0068321019140198
GA,2016-10-24,0.9737449044543404
GA,2016-10-31,1.0223684612084305
GA,2016-11-07,1.073655471581658
GA,2016-11-14,1.1090101556324137
GA,2016-11-21,1.05054916428095
GA,2016-11-28,1.085606639317272
GA,2016-12-05,1.0218236997924286
GA,2016-12-12,1.069682203477505
GA,2016-12-19,1.0289570136131827
GA,2016-12-26,1.1954882783470957
GA,2017-01-02,1.1439913223120823
GA,2017-01-09,1.0434933205065036
GA,2017-01-16,0.9510049647954566
GA,2017-01-23,1.0388498808330162
GA,2017-01-30,1.0835592819201525
GA,2017-02-06,1.1322806027559105
GA,2017-02-13,1.073581021019404
GA,2017-02-20,1.1551030718775237
GA,2017-02-27,1.0338808751670223
GA,2017-03-06,0.921735989749139
GA,2017-03-13,0.9154382366195166
GA,2017-03-20,0.9521684019246864
GA,2017-03-27,1.0567282100167308
GA,2017-04-03,0.9205520876233568
GA,2017-04-10,0.8447394833527717
GA,2017-04-17,0.7875260010714846
GA,2017-04-24,0.8379017336433408
GA,2017-05-01,0.8657244819109006
GA,2017-05-08,0.9429137711684344
GA,2017-05-15,0.941103763600903
GA,2017-05-22,0.973779323897518
GA,2017-05-29,0.9631689146881374
GA,2017-06-05,0.8963878726004995
GA,2017-06-12,0.9240289520716258
GA,2017-06-19,0.9148754075631302
GA,2017-06-26,0.9414818005207491
GA,2017-07-03,0.9455364275188342
GA,2017-07-10,0.9770605241098452
GA,2017-07-17,0.9469794163604908
GA,2017-07-24,0.9585982080910312
GA,2017-07-31,0.9630201478738176
GA,2017-08-07,1.0604125953537025
GA,2017-08-14,1.1286342966450358
GA,2017-08-21,1.1451500052629762
GA,2017-08-28,1.1463393248912048
GA,2017-09-04,1.1165954824423332
GA,2017-09-11,1.0539279960100314
GA,2017-09-18,1.0522699630742411
GA,2017-09-25,1.0077701255716351
GA,2017-10-02,1.0618690644457374
GA,2017-10-09,1.030303126017903
GA,2017-10-16,1.0939202564991648
GA,2017-10-23,1.0392231941392345
GA,2017-10-30,1.0857585657675453
GA,2017-11-06,1.0731775315665906
GA,2017-11-13,1.1247977990637277
GA,2017-11-20,1.0673062645137503
GA,2017-11-27,1.1245623298425858
GA,2017-12-04,1.0026039531531117
GA,2017-12-11,1.0759304175943945
GA,2017-12-18,1.0234813271740582
GA,2017-12-25,1.2216224851278352
GA,2018-01-01,1.2097174261774164
GA,2018-01-08,1.2042678197183585
GA,2018-01-15,1.195455072750048
GA,2018-01-22,1.2331100238283053
GA,2018-01-29,1.2278049941704028
GA,2018-02-05,1.1214864824411075
GA,2018-02-12,1.0295731566773407
GA,2018-02-19,0.9145266206438004
GA,2018-02-26,0.7495514007939218
GA,2018-03-05,0.729771230242987
GA,2018-03-12,0.7974258562151376
GA,2018-03-19,0.892418620216214
GA,2018-03-26,0.8760877714560763
GA,2018-04-02,0.9093469190332614
GA,2018-04-09,0.91307129045152
GA,2018-04-16,0.9588758650888382
GA,2018-04-23,0.9021668546815113
GA,2018-04-30,0.9165981613857228
GA,2018-05-07,0.9540816407856716
GA,2018-05-14,0.9786524299374164
GA,2018-05-21,0.9844130108077682
GA,2018-05-28,0.9366153126438976
GA,2018-06-04,1.0006163492157358
GA,2018-06-11,0.9218748090983396
GA,2018-06-18,0.9017494306211788
GA,2018-06-25,0.8648851924244042
GA,2018-07-02,0.9213042788861612
GA,2018-07-09,0.969489868425315
GA,2018-07-16,0.9504086725351046
GA,2018-07-23,0.9413734091535452
GA,2018-07-30,1.0238976103925734
GA,2018-08-06,0.9846068547139152
GA,2018-08-13,1.1201751566418856
GA,2018-08-20,1.1707249489848732
GA,2018-08-27,1.2427318402139735
GA,2018-09-03,1.1252155316205366
GA,2018-09-10,1.0669683383294248
GA,2018-09-17,1.0297635833102157
GA,2018-09-24,1.045124914238796
GA,2018-10-01,1.0216140077343845
GA,2018-10-08,1.1069695599063518
GA,2018-10-15,1.0706679541571171
GA,2018-10-22,1.0481860051587435
GA,2018-10-29,1.058809175010546
GA,2018-11-05,1.0936073779915518
GA,2018-11-12,1.0619582518548307
GA,2018-11-19,1.0646521920266685
GA,2018-11-26,1.0948156598086782
GA,2018-12-03,1.046915067814684
GA,2018-12-10,1.0289838073972035
GA,2018-12-17,1.0827050588906193
GA,2018-12-24,1.1871376298661482
GA,2018-12-31,1.1999871132998683
GA,2019-01-07,0.9739423882322036
GA,2019-01-14,0.8891558780305541
GA,2019-01-21,0.8984773102614453
GA,2019-01-28,1.0466904427638213
GA,2019-02-04,1.123238528910948
GA,2019-02-11,1.148143006158683
GA,2019-02-18,1.0588171793515997
GA,2019-02-25,1.0159759782291613
GA,2019-03-04,0.8828154825177406
GA,2019-03-11,0.9572113762078216
GA,2019-03-18,0.939709396128717
GA,2019-03-25,0.9610708827603892
GA,2019-04-01,0.9170416237967726
GA,2019-04-08,0.8886704322817959
GA,2019-04-15,0.8846568097390964
GA,2019-04-22,0.8664384084037332
GA,2019-04-29,0.9247703693807428
GA,2019-05-06,0.9188742201569168
GA,2019-05-13,0.944643510636388
GA,2019-05-20,0.9557674426992848
GA,2019-05-27,0.9384535553313412
GA,2019-06-03,0.9650686999522056
GA,2019-06-10,0.8792739695845269
GA,2019-06-17,0.9491635508229588
GA,2019-06-24,0.8541369016892814
GA,2019-07-01,0.960880103287536
GA,2019-07-08,0.9111960545137614
GA,2019-07-15,0.9673217155615532
GA,2019-07-22,0.9421564550001096
GA,2019-07-29,0.9985550379808538
GA,2019-08-05,1.0212065866491236
GA,2019-08-12,1.071861069759087
GA,2019-08-19,1.169242105454665
GA,2019-08-26,1.216037051438266
GA,2019-09-02,1.1902661789263471
GA,2019-09-09,1.0950634624779698
GA,2019-09-16,1.000787534812636
GA,2019-09-23,1.0493799397095631
GA,2019-09-30,1.0489871435794356
GA,2019-10-07,1.0777942690190865
GA,2019-10-14,1.0649010574429745
GA,2019-10-21,1.0233785850577677
GA,2019-10-28,1.1122180506987451
GA,2019-11-04,1.0951244005014804
GA,2019-11-11,1.1335062355860004
GA,2019-11-18,1.1108943219507266
GA,2019-11-25,1.1466019740341415
GA,2019-12-02,1.111325711329844
GA,2019-12-09,1.026294050077464
GA,2019-12-16,1.1252221657996924
GA,2019-12-23,1.2287029326363712
GA,2019-12-30,1.351224988064495
GA,2020-01-06,1.0813549286394597
GA,2020-01-13,0.912312103938618
GA,2020-01-20,0.8719192736807477
GA,2020-01-27,0.9977006398328104
GA,2020-02-03,1.1255286635250232
GA,2020-02-10,1.0445200681581088
GA,2020-02-17,0.9828341485280376
GA,2020-02-24,0.8819714621642988
GA,2020-03-02,0.8873026094500112
GA,2020-03-09,1.013904051788993
GA,2020-03-16,1.1604562463738208
GA,2020-03-23,1.1819192927541002
GA,2020-03-30,1.013662288327002
GA,2020-04-06,0.8191015461219608
GA,2020-04-13,0.7729323659999201
GA,2020-04-20,0.77045414110818
GA,2020-04-27,0.79916785555607
GA,2020-05-04,0.8194315794155276
GA,2020-05-11,0.8504845261427512
GA,2020-05-18,0.8803153006141623
GA,2020-05-25,0.904453945081842
GA,2020-06-01,0.9147768966723292
GA,2020-06-08,0.9365169761088816
GA,2020-06-15,0.9264385145816836
GA,2020-06-22,1.080374800179134
GA,2020-06-29,1.1317771375615562
GA,2020-07-06,1.2646628675639522
GA,2020-07-13,1.2261091597581142
GA,2020-07-20,1.135553527711235
GA,2020-07-27,0.9431271267263188
GA,2020-08-03,0.9485140769108308
GA,2020-08-10,0.9119136542095256
GA,2020-08-17,0.9733789877613752
GA,2020-08-24,0.9705839716717108
GA,2020-08-31,1.010489483501034
GA,2020-09-07,0.9975513260523842
GA,2020-09-14,0.9578495989912058
GA,2020-09-21,0.9785710906611808
GA,2020-09-28,1.0035948311618268
GA,2020-10-05,1.028395806465112
GA,2020-10-12,1.0478855575215478
GA,2020-10-19,0.9932187955980252
GA,2020-10-26,1.0229198439359644
GA,2020-11-02,0.9664422387594694
GA,2020-11-09,1.1137275468678438
GA,2020-11-16,1.0276752798169742
GA,2020-11-23,1.1143299945520058
GA,2020-11-30,1.00073718294851
GA,2020-12-07,1.0525588958567007
GA,2020-12-14,1.0023839953531946
GA,2020-12-21,1.0339970458672691
GA,2020-12-28,1.005496840613009
GA,2021-01-04,1.088720991635597
GA,2021-01-11,0.9976174655530676
GA,2021-01-18,1.029635932655956
GA,2021-01-25,0.9045450532233597
GA,2021-02-01,0.9456406305293792
GA,2021-02-08,0.9359580207133876
GA,2021-02-15,0.9204708248651003
GA,2021-02-22,0.920001141395929
GA,2021-03-01,0.9308470957509576
GA,2021-03-08,0.9580289882295432
GA,2021-03-15,1.0129689878927393
GA,2021-03-22,0.9934272136447276
GA,2021-03-29,0.969350694892536
GA,2021-04-05,1.015365976073976
GA,2021-04-12,1.0223814554603985
GA,2021-04-19,1.088095565025405
GA,2021-04-26,1.021646952754641
GA,2021-05-03,1.103125770267655
GA,2021-05-10,1.059683471587054
GA,2021-05-17,1.0623352104016783
GA,2021-05-24,1.0611818920287024
GA,2021-05-31,0.9918498744026484
GA,2021-06-07,1.0189228050202286
GA,2021-06-14,0.8899839867239854
GA,2021-06-21,0.9638064317674876
GA,2021-06-28,0.9244203717818816
GA,2021-07-05,0.9916885145347918
GA,2021-07-12,1.0104149037032883
GA,2021-07-19,1.0413723561016963
GA,2021-07-26,1.1239180320793256
GA,2021-08-02,1.163868781961045
GA,2021-08-09,1.1496827787874633
GA,2021-08-16,1.2250552571943032
GA,2021-08-23,1.1532161160196557
GA,2021-08-30,1.074832272574318
GA,2021-09-06,0.9752865422097596
GA,2021-09-13,0.9092414373549572
GA,2021-09-20,0.9346182374927808
GA,2021-09-27,0.8941471873068683
GA,2021-10-04,0.9316973145430004
GA,2021-10-11,0.992297266283388
GA,2021-10-18,1.0263535092404508
GA,2021-10-25,1.0049641497907051
GA,2021-11-01,1.0294718936342402
GA,2021-11-08,1.0523884839040891
GA,2021-11-15,1.1811982925790283
GA,2021-11-22,1.0944313080644483
GA,2021-11-29,1.031082198603144
GA,2021-12-06,0.977061253930242
GA,2021-12-13,1.0092921542351014
GA,2021-12-20,1.1021906775921535
GA,2021-12-27,1.2460084526278732
GA,2022-01-03,1.252024116818694
GA,2022-01-10,1.0690848876735637
GA,2022-01-17,0.9116978972750466
GA,2022-01-24,0.8048797980624602
GA,2022-01-31,0.8333296916471236
GA,2022-02-07,0.7863818926984171
GA,2022-02-14,0.8343296053579548
GA,2022-02-21,0.9332878592943477
GA,2022-02-28,0.9293515907647996
GA,2022-03-07,0.9671260661444137
GA,2022-03-14,0.9842469510519702
GA,2022-03-21,1.0347336517777528
GA,2022-03-28,1.0540427137283537
GA,2022-04-04,1.03454833535663
GA,2022-04-11,1.0103423844880404
GA,2022-04-18,1.0020788064816435
GA,2022-04-25,1.020133684065904
GA,2022-05-02,1.0496108259426882
GA,2022-05-09,1.037673567233916
GA,2022-05-16,1.073883780091651
GA,2022-05-23,1.0407873372568417
GA,2022-05-30,1.03510606158843
GA,2022-06-06,0.99274953489019
GA,2022-06-13,0.932569228857804
GA,2022-06-20,0.9402640532393132
GA,2022-06-27,0.9294893574844147
GA,2022-07-04,1.0310446310310402
GA,2022-07-11,1.0317554919665517
GA,2022-07-18,1.0131514959701555
GA,2022-07-25,1.0127514977242578
GA,2022-08-01,0.996018660591156
GA,2022-08-08,1.0004200255878015
GA,2022-08-15,1.0674587906795532
GA,2022-08-22,1.1601128158653828
GA,2022-08-29,1.1262434904118055
GA,2022-09-05,1.042566134028824
GA,2022-09-12,0.9758536597778552
GA,2022-09-19,1.012516363649361
GA,2022-09-26,1.1101480072878556
GA,2022-10-03,1.1148437301396326
GA,2022-10-10,1.184172401065123
GA,2022-10-17,1.0811034658339995
GA,2022-10-24,1.0542664590512365
GA,2022-10-31,1.216672780890994
GA,2022-11-07,1.1803905720794683
GA,2022-11-14,1.136104017216956
GA,2022-11-21,0.9111899503327456
GA,2022-11-28,1.0076158914914386
GA,2022-12-05,1.0124010703834752
GA,2022-12-12,1.0360660495660086
GA,2022-12-19,0.914217737819474
GA,2022-12-26,0.9487016399838044
GA,2023-01-02,0.9374038233811192
GA,2023-01-09,0.8717481900168949
GA,2023-01-16,0.8172879464072761
GA,2023-01-23,0.8295792011115333
GA,2023-01-30,0.9365053846586932
GA,2023-02-06,0.9896285781364104
GA,2023-02-13,1.0092101718998567
GA,2023-02-20,0.9742441819377856
GA,2023-02-27,0.9641589074073744
GA,2023-03-06,0.9303399199322778
GA,2023-03-13,0.9651586580551214
GA,2023-03-20,0.999924364382155
GA,2023-03-27,1.0383398904710048
GA,2023-04-03,0.975121158570866
GA,2023-04-10,0.9543972021165174
GA,2023-04-17,0.9374767805657
GA,2023-04-24,0.94640665568643
GA,2023-05-01,0.9730288047874392
GA,2023-05-08,0.9955296010265012
GA,2023-05-15,1.0530945472579378
GA,2023-05-22,1.0059182820754724
GA,2023-05-29,1.001610467995567
GA,2023-06-05,0.9889542050584093
GA,2023-06-12,0.9249480152682478
GA,2023-06-19,0.9190019349841012
GA,2023-06-26,0.8704381770803699
GA,2023-07-03,0.9225600714057388
GA,2023-07-10,0.9273147305225634
GA,2023-07-17,0.9666219946865974
GA,2023-07-24,1.0136692533176486
GA,2023-07-31,1.0604903881681458
GA,2023-08-07,1.05014051498032
GA,2023-08-14,1.1970026134765086
GA,2023-08-21,1.2701073862014824
GA,2023-08-28,1.2697816069130026
GA,2023-09-04,1.10547031740568
GA,2023-09-11,0.9648218525577305
GA,2023-09-18,0.997361591200118
GA,2023-09-25,1.0509037107534445
GA,2023-10-02,1.0738962729006651
GA,2023-10-09,1.0133264130712645
GA,2023-10-16,1.0381057955152806
GA,2023-10-23,1.0321315009095913
GA,2023-10-30,1.0815247174356302
GA,2023-11-06,1.0544696966317375
GA,2023-11-13,1.139023436797445
GA,2023-11-20,1.0817667061105918
GA,2023-11-27,1.0704018188764903
GA,2023-12-04,0.9919031643315184
GA,2023-12-11,1.0535340127804556
GA,2023-12-18,1.1461569914520788
GA,2023-12-25,1.2481197495817635
GA,2024-01-01,1.1953153549967697
GA,2024-01-08,0.9869397762343308
GA,2024-01-15,0.8915018402728377
GA,2024-01-22,0.8467164221375176
GA,2024-01-29,0.9992547972447912
GA,2024-02-05,0.9573990255216251
GA,2024-02-12,1.0286696522092853
GA,2024-02-19,0.9258811861384856
GA,2024-02-26,0.9500789723071444
GA,2024-03-04,0.9086736333803784
GA,2024-03-11,0.9227066847624616
GA,2024-03-18,0.9157540441922736
GA,2024-03-25,0.9211733310379808
GA,2024-04-01,0.9682213690255936
GA,2024-04-08,0.9042105236050028
GA,2024-04-15,0.9449418933560728
GA,2024-04-22,0.8822216677917284
GA,2024-04-29,0.9516545668897384
GA,2024-05-06,0.9470449386415952
GA,2024-05-13,0.9803025885721736
GA,2024-05-20,0.9702992595776028
GA,2024-05-27,0.947012971256264
GA,2024-06-03,0.9743423618500106
GA,2024-06-10,0.943108185313955
GA,2024-06-17,0.9399321572908288
GA,2024-06-24,0.9119332901080884
GA,2024-07-01,0.9513739344794012
GA,2024-07-08,0.948334417392422
GA,2024-07-15,1.0412657975898776
GA,2024-07-22,1.0503105928200542
GA,2024-07-29,1.056586824324519
GA,2024-08-05,1.0761730272740826
GA,2024-08-12,1.073975283168157
GA,2024-08-19,1.198494199744959
GA,2024-08-26,1.1574456842820624
GA,2024-09-02,1.1079301185523305
GA,2024-09-09,0.9692646666938548
GA,2024-09-16,0.9562363267447463
GA,2024-09-23,0.9968073928034512
GA,2024-09-30,1.0335948340541643
GA,2024-10-07,1.0003773033280852
GA,2024-10-14,1.010013882269572
GA,2024-10-21,0.9861135685906526
GA,2024-10-28,1.1032941522829292
GA,2024-11-04,1.0519462578900034
GA,2024-11-11,1.1126673477396654
GA,2024-11-18,1.036098889271462
GA,2024-11-25,1.1071095536858435
GA,2024-12-02,1.0574432702228225
GA,2024-12-09,1.0272459713184012
GA,2024-12-16,1.0397433487014611
GA,2024-12-23,1.144813704543158
GA,2024-12-30,1.3025315215645643
GA,2025-01-06,1.1709466341796644
GA,2025-01-13,1.0065323365748
GA,2025-01-20,0.9654357858612432
GA,2025-01-27,1.0980173990364182
GA,2025-02-03,1.127534357839705
GA,2025-02-10,1.037979035611981
GA,2025-02-17,0.8969789075402685
GA,2025-02-24,0.8829620408181308
GA,2025-03-03,0.8367825474413818
GA,2025-03-10,0.9069763023252858
GA,2025-03-17,0.904361621554984
GA,2025-03-24,0.8767481690639886
GA,2025-03-31,0.8875408321705317
GA,2025-04-07,0.8708810963795183
GA,2025-04-14,0.9159259173660462
GA,2025-04-21,0.9112084001380788
GA,2025-04-28,0.964970066512262
GA,2025-05-05,0.9929317639693516
GA,2025-05-12,1.000007613212331
GA,2025-05-19,0.9679421592151768
GA,2025-05-26,0.964855204824992
GA,2025-06-02,0.9772381994885762
GA,2025-06-09,0.9222543838178514
GA,2025-06-16,0.8757326617912949
GA,2025-06-23,0.8677653779306204
GA,2025-06-30,0.9166677376541068
GA,2025-07-07,0.9421420578315878
GA,2025-07-14,0.9718857015642668
GA,2025-07-21,0.9842739973188144
GA,2025-07-28,1.0273121631576418
GA,2025-08-04,0.9947733225688716
GA,2025-08-11,1.115305953296617
GA,2025-08-18,1.2076280006096265
GA,2025-08-25,1.272989831941457
GA,2025-09-01,1.18887082433569
GA,2025-09-08,1.039953918704512
GA,2025-09-15,0.9486612523750636
HI,2016-10-10,1.0
HI,2016-10-17,0.9530904206267072
HI,2016-10-24,1.0075681028121517
HI,2016-10-31,1.0777656273443044
HI,2016-11-07,1.1317035657093282
HI,2016-11-14,1.0790888760984108
HI,2016-11-21,0.9818056812315946
HI,2016-11-28,1.0351817138682082
HI,2016-12-05,1.0236568798446908
HI,2016-12-12,1.1184889062642491
HI,2016-12-19,1.1119896383689007
HI,2016-12-26,1.1275385257256485
HI,2017-01-02,1.1029816026269492
HI,2017-01-09,1.03044007481398
HI,2017-01-16,1.093142731332131
HI,2017-01-23,1.0196533661539202
HI,2017-01-30,1.121947432497538
HI,2017-02-06,1.0583423005840125
HI,2017-02-13,1.08588668559474
HI,2017-02-20,0.990864574124366
HI,2017-02-27,1.0021682103247924
HI,2017-03-06,0.9382814410875424
HI,2017-03-13,0.9972488808149342
HI,2017-03-20,0.9180858861183624
HI,2017-03-27,1.0135476334638187
HI,2017-04-03,0.9055421132953942
HI,2017-04-10,0.971433612564352
HI,2017-04-17,0.8631375525017344
HI,2017-04-24,0.9457701673539444
HI,2017-05-01,0.9384957623365467
HI,2017-05-08,1.0121760111166884
HI,2017-05-15,0.9110332108768928
HI,2017-05-22,1.0120861826716745
HI,2017-05-29,0.8228932716966378
HI,2017-06-05,0.998725661219102
HI,2017-06-12,0.9148784628521838
HI,2017-06-19,0.969712063551824
HI,2017-06-26,0.9359194124555112
HI,2017-07-03,0.9655651932185332
HI,2017-07-10,1.0214445594184305
HI,2017-07-17,0.9168274142828424
HI,2017-07-24,0.9083692083916918
HI,2017-07-31,0.9920003938945454
HI,2017-08-07,1.1706116161475488
HI,2017-08-14,1.0706110012652796
HI,2017-08-21,0.960102119390775
HI,2017-08-28,1.0547441672847886
HI,2017-09-04,1.2532196379405165
HI,2017-09-11,1.3597702249395305
HI,2017-09-18,1.1233500338914364
HI,2017-09-25,1.0188118410038265
HI,2017-10-02,0.8783402819738756
HI,2017-10-09,0.9480477533382892
HI,2017-10-16,0.9080423322285656
HI,2017-10-23,1.1001599058842666
HI,2017-10-30,1.094469955308036
HI,2017-11-06,1.1860739823830853
HI,2017-11-13,1.1347721855041073
HI,2017-11-20,1.117098578700037
HI,2017-11-27,1.1390569043463703
HI,2017-12-04,1.0799153421720715
HI,2017-12-11,1.1191406961675443
HI,2017-12-18,1.0378031630453706
HI,2017-12-25,1.155919958096172
HI,2018-01-01,1.254938472673268
HI,2018-01-08,1.19570442982153
HI,2018-01-15,1.0950162462682749
HI,2018-01-22,0.9768352173999996
HI,2018-01-29,1.0763284918975449
HI,2018-02-05,0.9926061015881468
HI,2018-02-12,1.004077394045202
HI,2018-02-19,0.9803387190601632
HI,2018-02-26,0.9260570871461438
HI,2018-03-05,0.8756427388539001
HI,2018-03-12,0.95108571354
HI,2018-03-19,0.9409692731071518
HI,2018-03-26,0.9601275623341986
HI,2018-04-02,0.8575933673101784
HI,2018-04-09,0.9560199683886552
HI,2018-04-16,0.9040940389129768
HI,2018-04-23,0.9480623402804113
HI,2018-04-30,0.9120428275664676
HI,2018-05-07,0.9256687300063016
HI,2018-05-14,0.9710717841363224
HI,2018-05-21,0.8877235806342831
HI,2018-05-28,1.0127651937301336
HI,2018-06-04,0.92270150727993
HI,2018-06-11,0.9895508919466618
HI,2018-06-18,0.8545058806723795
HI,2018-06-25,0.9866458543896038
HI,2018-07-02,0.920747051387492
HI,2018-07-09,1.10787539362218
HI,2018-07-16,0.9298258073697692
HI,2018-07-23,1.0632562610291982
HI,2018-07-30,0.8778045721149283
HI,2018-08-06,0.932205876520653
HI,2018-08-13,0.9832928145994064
HI,2018-08-20,0.9660752632018318
HI,2018-08-27,1.1459700132378927
HI,2018-09-03,1.178013856729756
HI,2018-09-10,1.260128486482219
HI,2018-09-17,1.2546499895979508
HI,2018-09-24,1.05243599508726
HI,2018-10-01,1.1499467849305856
HI,2018-10-08,0.9741716019055724
HI,2018-10-15,1.0717816774148785
HI,2018-10-22,0.9389036376825896
HI,2018-10-29,1.0466192322583072
HI,2018-11-05,1.0300336780435757
HI,2018-11-12,0.9975487763935892
HI,2018-11-19,1.0436529410666755
HI,2018-11-26,1.0491630438169948
HI,2018-12-03,1.0454359972730152
HI,2018-12-10,1.0391372658298494
HI,2018-12-17,0.9935657889115348
HI,2018-12-24,1.0386264490480288
HI,2018-12-31,1.0919803334785496
HI,2019-01-07,1.130970173951076
HI,2019-01-14,1.0942147152202788
HI,2019-01-21,1.009671745758511
HI,2019-01-28,1.1419711586216257
HI,2019-02-04,1.158122966076421
HI,2019-02-11,1.1992640979131124
HI,2019-02-18,1.0722577395233006
HI,2019-02-25,1.0411033561669158
HI,2019-03-04,1.0261427071936773
HI,2019-03-11,0.9678107488641806
HI,2019-03-18,0.9368294694544222
HI,2019-03-25,0.8904454385066292
HI,2019-04-01,0.8962503052690265
HI,2019-04-08,0.9008789041881948
HI,2019-04-15,0.984306682744964
HI,2019-04-22,0.924224022514348
HI,2019-04-29,0.9367328519279176
HI,2019-05-06,0.856098318223329
HI,2019-05-13,0.9498726072829168
HI,2019-05-20,0.9108511532070848
HI,2019-05-27,0.9865164384445548
HI,2019-06-03,0.9934222202924278
HI,2019-06-10,1.0133739370328834
HI,2019-06-17,0.9392872818468816
HI,2019-06-24,0.9728362782893096
HI,2019-07-01,0.9108790014779398
HI,2019-07-08,0.9723355811642544
HI,2019-07-15,0.8705752442663507
HI,2019-07-22,0.8746778938552987
HI,2019-07-29,0.9791936570353086
HI,2019-08-05,0.9407946405103303
HI,2019-08-12,1.021850546469798
HI,2019-08-19,0.8838610637587087
HI,2019-08-26,1.1844167545489257
HI,2019-09-02,1.244043221336521
HI,2019-09-09,1.4124282037671296
HI,2019-09-16,1.173376170275077
HI,2019-09-23,1.1414671139253612
HI,2019-09-30,1.054424084679475
HI,2019-10-07,1.050605419327802
HI,2019-10-14,0.9644021347813576
HI,2019-10-21,0.9585411240578192
HI,2019-10-28,1.0063730605843095
HI,2019-11-04,1.077393430424529
HI,2019-11-11,0.9993426238446412
HI,2019-11-18,1.0769785001088437
HI,2019-11-25,1.038830296483304
HI,2019-12-02,1.192492558035897
HI,2019-12-09,1.076633186813194
HI,2019-12-16,1.0850394363030276
HI,2019-12-23,1.0117818442908897
HI,2019-12-30,1.156734484076858
HI,2020-01-06,1.1263264858461874
HI,2020-01-13,1.0197213332570183
HI,2020-01-20,0.9682266351422726
HI,2020-01-27,1.004154500346656
HI,2020-02-03,1.147352156548818
HI,2020-02-10,1.1123745031903882
HI,2020-02-17,1.0813158013142554
HI,2020-02-24,0.9705317165404678
HI,2020-03-02,0.9674750933013698
HI,2020-03-09,0.9721642393912736
HI,2020-03-16,0.9651838121047556
HI,2020-03-23,0.9822870931445564
HI,2020-03-30,0.8733854550241481
HI,2020-04-06,0.8420107082259446
HI,2020-04-13,0.7537189952759964
HI,2020-04-20,0.7652998542907852
HI,2020-04-27,0.7557285988314173
HI,2020-05-04,0.8353099219110289
HI,2020-05-11,0.8144959687490599
HI,2020-05-18,0.8810065430525346
HI,2020-05-25,0.9080931764062696
HI,2020-06-01,0.918295613869856
HI,2020-06-08,0.9388966840913776
HI,2020-06-15,0.9277861846970464
HI,2020-06-22,1.0322725669262445
HI,2020-06-29,0.9902535068197664
HI,2020-07-06,1.14107784160082
HI,2020-07-13,1.1530096131550345
HI,2020-07-20,1.1776794781392672
HI,2020-07-27,1.0495709983869017
HI,2020-08-03,1.1109477926804328
HI,2020-08-10,1.094738908761197
HI,2020-08-17,0.9663007290953984
HI,2020-08-24,0.9211274443713152
HI,2020-08-31,1.0147346265914574
HI,2020-09-07,0.9952510158453922
HI,2020-09-14,1.0417695057454297
HI,2020-09-21,0.9602000649120562
HI,2020-09-28,1.0482926422465315
HI,2020-10-05,1.0454454753177258
HI,2020-10-12,1.0518982892979436
HI,2020-10-19,1.0226543889586923
HI,2020-10-26,1.0914412288406332
HI,2020-11-02,1.0497522475700884
HI,2020-11-09,1.160814459075762
HI,2020-11-16,0.980072791383122
HI,2020-11-23,1.024274691923209
HI,2020-11-30,0.8986026079199463
HI,2020-12-07,0.9434228499095918
HI,2020-12-14,0.9883121371047676
HI,2020-12-21,0.9810500616916767
HI,2020-12-28,1.0171735459170574
HI,2021-01-04,1.00594869861493
HI,2021-01-11,0.9952538454440396
HI,2021-01-18,0.9906773224088444
HI,2021-01-25,0.929142278008919
HI,2021-02-01,0.9806884798458458
HI,2021-02-08,0.9520064196459382
HI,2021-02-15,0.8960742144882569
HI,2021-02-22,0.8961258536822947
HI,2021-03-01,0.9639770177159376
HI,2021-03-08,1.1251521383994876
HI,2021-03-15,1.02085819209793
HI,2021-03-22,1.0177979250609253
HI,2021-03-29,1.0506041427329886
HI,2021-04-05,1.1279903112562772
HI,2021-04-12,1.0306919608530996
HI,2021-04-19,0.8808776466424022
HI,2021-04-26,1.127498200970592
HI,2021-05-03,1.1914934702001054
HI,2021-05-10,1.165235976564351
HI,2021-05-17,1.0567501793961536
HI,2021-05-24,1.0023030410279763
HI,2021-05-31,1.059214718075987
HI,2021-06-07,0.9880137986035744
HI,2021-06-14,0.9247873453738744
HI,2021-06-21,0.9655400422594316
HI,2021-06-28,0.949711666881655
HI,2021-07-05,1.0638969453639024
HI,2021-07-12,1.0536539816249673
HI,2021-07-19,1.1108692670854117
HI,2021-07-26,1.05141602700097
HI,2021-08-02,1.163233999623705
HI,2021-08-09,1.1166491550474476
HI,2021-08-16,1.1499301774646562
HI,2021-08-23,1.1143342831661545
HI,2021-08-30,1.1473815662009803
HI,2021-09-06,1.063002736272698
HI,2021-09-13,0.9676223704191772
HI,2021-09-20,0.8858397364025241
HI,2021-09-27,0.967415062960645
HI,2021-10-04,0.903901637906742
HI,2021-10-11,0.9742162145928364
HI,2021-10-18,0.957826236910031
HI,2021-10-25,1.000298408764149
HI,2021-11-01,1.018427721821011
HI,2021-11-08,1.041907955348215
HI,2021-11-15,1.073219600274118
HI,2021-11-22,1.0642718032783829
HI,2021-11-29,1.0970258283362069
HI,2021-12-06,1.0859618448922543
HI,2021-12-13,1.1072886536374855
HI,2021-12-20,1.0681150161729678
HI,2021-12-27,1.1289758305193884
HI,2022-01-03,1.1583532046248302
HI,2022-01-10,1.0692846409010557
HI,2022-01-17,0.9622609783405258
HI,2022-01-24,0.8658184588552565
HI,2022-01-31,0.8648692450046807
HI,2022-02-07,0.8125510724666266
HI,2022-02-14,0.8054467402373717
HI,2022-02-21,0.8244758052402724
HI,2022-02-28,0.9085650586852334
HI,2022-03-07,0.992948366297267
HI,2022-03-14,1.0118196694234387
HI,2022-03-21,1.0992334058668898
HI,2022-03-28,1.057027279859565
HI,2022-04-04,1.0821394147563117
HI,2022-04-11,1.0682589298724117
HI,2022-04-18,1.007410154924286
HI,2022-04-25,1.0374662474927758
HI,2022-05-02,1.0703185813834728
HI,2022-05-09,1.114397834503511
HI,2022-05-16,1.1750779424328348
HI,2022-05-23,1.1037246728980348
HI,2022-05-30,1.04944787067835
HI,2022-06-06,0.937051792616398
HI,2022-06-13,0.952900479197768
HI,2022-06-20,1.0218429467031866
HI,2022-06-27,1.047433861163752
HI,2022-07-04,0.9878369563745228
HI,2022-07-11,0.978452317239685
HI,2022-07-18,0.8946460663552825
HI,2022-07-25,1.0512251406052382
HI,2022-08-01,0.9533031979099476
HI,2022-08-08,1.0308785586888254
HI,2022-08-15,0.9544335087340348
HI,2022-08-22,1.0861216568148593
HI,2022-08-29,1.0316411130200172
HI,2022-09-05,1.1329992972176044
HI,2022-09-12,1.063105711412751
HI,2022-09-19,1.157529720578085
HI,2022-09-26,1.0688440928707623
HI,2022-10-03,1.0526941295985268
HI,2022-10-10,1.0763686913047743
HI,2022-10-17,1.0419673921420105
HI,2022-10-24,1.0510410646500092
HI,2022-10-31,1.0776777770046
HI,2022-11-07,1.1370129844970027
HI,2022-11-14,1.1291840723309483
HI,2022-11-21,1.034733093404881
HI,2022-11-28,1.065593651755267
HI,2022-12-05,1.0542260701134745
HI,2022-12-12,1.0505402741725691
HI,2022-12-19,0.9785767320335146
HI,2022-12-26,0.9828397809327076
HI,2023-01-02,0.9827581078455228
HI,2023-01-09,0.9124487340645324
HI,2023-01-16,0.8613560534470649
HI,2023-01-23,0.8418908509511663
HI,2023-01-30,0.9011188879189728
HI,2023-02-06,0.9554284842126254
HI,2023-02-13,0.971864733207798
HI,2023-02-20,0.9741627412312532
HI,2023-02-27,0.9912442712754652
HI,2023-03-06,0.9472454286668958
HI,2023-03-13,0.9863259390910588
HI,2023-03-20,0.9667905011505749
HI,2023-03-27,0.9993303816080188
HI,2023-04-03,1.0046791269649948
HI,2023-04-10,0.9958576030716296
HI,2023-04-17,1.0004886704934033
HI,2023-04-24,0.9732112851928704
HI,2023-05-01,0.9834332802302886
HI,2023-05-08,0.9942527854629784
HI,2023-05-15,0.972845519981242
HI,2023-05-22,0.9754641225932852
HI,2023-05-29,0.9505170223207656
HI,2023-06-05,1.0054941450998438
HI,2023-06-12,0.957733039540336
HI,2023-06-19,1.0009032773756104
HI,2023-06-26,0.9528287353300814
HI,2023-07-03,1.000639065206263
HI,2023-07-10,0.9747677119244376
HI,2023-07-17,1.007312221666438
HI,2023-07-24,1.0375475607427365
HI,2023-07-31,1.0064608596562654
HI,2023-08-07,1.0913304235122254
HI,2023-08-14,1.0354809046035052
HI,2023-08-21,1.0331988587522964
HI,2023-08-28,1.0632929014142458
HI,2023-09-04,1.0827472934712703
HI,2023-09-11,1.1216903045303674
HI,2023-09-18,1.0071607250314123
HI,2023-09-25,1.0084602531625129
HI,2023-10-02,0.9979772876722924
HI,2023-10-09,1.0000599281138385
HI,2023-10-16,1.0054521969466006
HI,2023-10-23,1.0142780850879631
HI,2023-10-30,1.0599834956897831
HI,2023-11-06,1.0556451695304665
HI,2023-11-13,1.066582742074689
HI,2023-11-20,1.0340052583038926
HI,2023-11-27,1.0453731269175797
HI,2023-12-04,0.988523586821432
HI,2023-12-11,1.0265555604391294
HI,2023-12-18,1.0340282677139987
HI,2023-12-25,1.0973487616236175
HI,2024-01-01,1.146382799279664
HI,2024-01-08,1.031510913669943
HI,2024-01-15,0.9623161536667696
HI,2024-01-22,0.8863564239795666
HI,2024-01-29,0.9228203514921844
HI,2024-02-05,0.990460831053774
HI,2024-02-12,1.0250837527384302
HI,2024-02-19,1.0272735649068572
HI,2024-02-26,1.0161506196365868
HI,2024-03-04,0.9683336275332284
HI,2024-03-11,0.9591201841050176
HI,2024-03-18,0.9091977881717364
HI,2024-03-25,0.9364905178412848
HI,2024-04-01,0.9571490019999068
HI,2024-04-08,0.9422757345359974
HI,2024-04-15,0.9687216634645036
HI,2024-04-22,0.9442069972054736
HI,2024-04-29,1.0159186384549277
HI,2024-05-06,0.9735667100074488
HI,2024-05-13,1.048305601269479
HI,2024-05-20,0.9634643727677424
HI,2024-05-27,0.9758859010944414
HI,2024-06-03,1.0217417936760331
HI,2024-06-10,1.0440010552180827
HI,2024-06-17,1.069269559093758
HI,2024-06-24,1.0217392063502675
HI,2024-07-01,0.9950750057676216
HI,2024-07-08,0.9691752666835756
HI,2024-07-15,0.9789428950358884
HI,2024-07-22,0.9525188794916792
HI,2024-07-29,0.9442547821698496
HI,2024-08-05,0.9584619897321648
HI,2024-08-12,0.9783253347977472
HI,2024-08-19,1.0138601873377109
HI,2024-08-26,1.0486920754074702
HI,2024-09-02,1.091050678946904
HI,2024-09-09,1.0879550461225242
HI,2024-09-16,1.0413244660120582
HI,2024-09-23,0.9924371167907092
HI,2024-09-30,0.962706139298418
HI,2024-10-07,0.9632638469366724
HI,2024-10-14,0.9174453794913364
HI,2024-10-21,0.9520277946396908
HI,2024-10-28,0.9712643342308626
HI,2024-11-04,1.0078353114429428
HI,2024-11-11,1.0035463304970031
HI,2024-11-18,1.0244249814136293
HI,2024-11-25,1.017948750297209
HI,2024-12-02,1.101200000456095
HI,2024-12-09,1.0563214135050754
HI,2024-12-16,1.0869048831857826
HI,2024-12-23,1.068310158391495
HI,2024-12-30,1.224731959281826
HI,2025-01-06,1.1707012220309103
HI,2025-01-13,1.0620578524824764
HI,2025-01-20,0.9516121164425924
HI,2025-01-27,1.0108415942234583
HI,2025-02-03,1.070321505089806
HI,2025-02-10,1.0802969626792582
HI,2025-02-17,1.0138147798122346
HI,2025-02-24,0.9739445558143468
HI,2025-03-03,0.9341234689769584
HI,2025-03-10,0.911220614301122
HI,2025-03-17,0.8827333484900347
HI,2025-03-24,0.8876243666057833
HI,2025-03-31,0.9014845221831252
HI,2025-04-07,0.8994170601922079
HI,2025-04-14,0.9615478648393152
HI,2025-04-21,0.9339055529021136
HI,2025-04-28,0.9802389555757888
HI,2025-05-05,0.9948339199575462
HI,2025-05-12,1.001174179746539
HI,2025-05-19,1.0409540517664304
HI,2025-05-26,1.0016928645663663
HI,2025-06-02,1.0525315988224222
HI,2025-06-09,1.008649545471972
HI,2025-06-16,0.9918468419955296
HI,2025-06-23,0.942646599423332
HI,2025-06-30,0.9761141564839692
HI,2025-07-07,0.9945983304394412
HI,2025-07-14,1.0021350278461407
HI,2025-07-21,1.0188626348764944
HI,2025-07-28,0.9977244973879672
HI,2025-08-04,1.030924818273673
HI,2025-08-11,1.0279457992521686
HI,2025-08-18,1.043026063666064
HI,2025-08-25,1.059963391566194
HI,2025-09-01,1.065365304895044
HI,2025-09-08,1.058264633530816
HI,2025-09-15,0.9722171955665369
IA,2016-10-10,1.0
IA,2016-10-17,1.0245472795154804
IA,2016-10-24,1.023254576446451
IA,2016-10-31,1.053082330521941
IA,2016-11-07,1.0293147736400223
IA,2016-11-14,1.087993376179057
IA,2016-11-21,1.0691670878051227
IA,2016-11-28,1.114985658179472
IA,2016-12-05,1.0593393767600985
IA,2016-12-12,1.07040813387641
IA,2016-12-19,1.003314986203524
IA,2016-12-26,1.0814049355621325
IA,2017-01-02,1.163270854854542
IA,2017-01-09,1.1334944032930154
IA,2017-01-16,1.0705140428514983
IA,2017-01-23,1.0407838414374797
IA,2017-01-30,1.1679038888390847
IA,2017-02-06,1.1558773002482416
IA,2017-02-13,1.1609692383504775
IA,2017-02-20,1.0585250444697003
IA,2017-02-27,1.0045582865740992
IA,2017-03-06,0.8526968331019126
IA,2017-03-13,0.8784231018116431
IA,2017-03-20,0.8561625166188404
IA,2017-03-27,0.93437290224949
IA,2017-04-03,0.8715911566147307
IA,2017-04-10,0.9091578784078016
IA,2017-04-17,0.8110923156129154
IA,2017-04-24,0.8657839448178485
IA,2017-05-01,0.838221620303061
IA,2017-05-08,0.9478697242442556
IA,2017-05-15,0.9378816498447344
IA,2017-05-22,0.9434120371923774
IA,2017-05-29,0.8823373330997877
IA,2017-06-05,0.9750624646321848
IA,2017-06-12,0.9676332198550484
IA,2017-06-19,0.9739510686903192
IA,2017-06-26,0.8594955716933449
IA,2017-07-03,1.0317461811574349
IA,2017-07-10,1.0267066291897866
IA,2017-07-17,1.020332555097763
IA,2017-07-24,0.8688905646901991
IA,2017-07-31,0.9400642402734682
IA,2017-08-07,0.9853619569916152
IA,2017-08-14,1.0452252258992454
IA,2017-08-21,1.056436344435694
IA,2017-08-28,1.0800718098585425
IA,2017-09-04,1.1642420953595616
IA,2017-09-11,1.1599919488453294
IA,2017-09-18,1.090585399376932
IA,2017-09-25,1.048635466385588
IA,2017-10-02,1.0414998237288866
IA,2017-10-09,1.125860370421223
IA,2017-10-16,1.126097269517527
IA,2017-10-23,1.0840270745915546
IA,2017-10-30,1.044125552512052
IA,2017-11-06,1.0647964014338054
IA,2017-11-13,1.094394316557205
IA,2017-11-20,1.0688920764341765
IA,2017-11-27,1.0988602184280836
IA,2017-12-04,1.071009323915918
IA,2017-12-11,1.1166713860713666
IA,2017-12-18,1.081932008908728
IA,2017-12-25,1.2096379029843272
IA,2018-01-01,1.3398999186777405
IA,2018-01-08,1.214065908105323
IA,2018-01-15,1.128511292708581
IA,2018-01-22,1.0076629419055465
IA,2018-01-29,1.0991335854061788
IA,2018-02-05,1.0909783016544436
IA,2018-02-12,1.0465541219198058
IA,2018-02-19,0.9487950370431072
IA,2018-02-26,0.8772473720158084
IA,2018-03-05,0.8061417060304352
IA,2018-03-12,0.837466537467375
IA,2018-03-19,0.8865770155823391
IA,2018-03-26,0.9003705682300424
IA,2018-04-02,0.9168971772434674
IA,2018-04-09,0.879506025400789
IA,2018-04-16,0.8735959147459338
IA,2018-04-23,0.8295421169878029
IA,2018-04-30,0.858644936884751
IA,2018-05-07,0.9060095111960084
IA,2018-05-14,0.9135462724116046
IA,2018-05-21,0.9325737166960298
IA,2018-05-28,0.9514338361348182
IA,2018-06-04,0.9112271032242985
IA,2018-06-11,0.8665659445934198
IA,2018-06-18,0.857645981034263
IA,2018-06-25,0.9276183202586048
IA,2018-07-02,0.9690399494463996
IA,2018-07-09,0.9958504069103032
IA,2018-07-16,1.0596882073223737
IA,2018-07-23,1.0287438631383383
IA,2018-07-30,1.0324367171585862
IA,2018-08-06,0.958663586515064
IA,2018-08-13,1.047246437010185
IA,2018-08-20,1.105460830269304
IA,2018-08-27,1.129919837760237
IA,2018-09-03,1.1075306201465718
IA,2018-09-10,1.1152857959764586
IA,2018-09-17,1.1116715784671911
IA,2018-09-24,1.077138359625662
IA,2018-10-01,1.0398297999838149
IA,2018-10-08,1.1175057815342788
IA,2018-10-15,1.104753839393906
IA,2018-10-22,1.069686151258713
IA,2018-10-29,1.034120287943341
IA,2018-11-05,1.0524045028873317
IA,2018-11-12,1.0557582413365587
IA,2018-11-19,1.0054461460254391
IA,2018-11-26,1.044145221864743
IA,2018-12-03,1.0500661731889227
IA,2018-12-10,1.0435943690210083
IA,2018-12-17,1.0206045545218136
IA,2018-12-24,1.0847203019040554
IA,2018-12-31,1.2414821160094605
IA,2019-01-07,1.1542186111319397
IA,2019-01-14,1.0838993689450385
IA,2019-01-21,0.9603868224124226
IA,2019-01-28,1.053376658227399
IA,2019-02-04,1.1248726651456806
IA,2019-02-11,1.0854509270838946
IA,2019-02-18,1.0816732149338937
IA,2019-02-25,1.0509326199255329
IA,2019-03-04,1.0483435226664573
IA,2019-03-11,1.0537427056359487
IA,2019-03-18,1.019577644602552
IA,2019-03-25,0.951246901704738
IA,2019-04-01,0.8418656442717
IA,2019-04-08,0.7877624779764617
IA,2019-04-15,0.8282758811415869
IA,2019-04-22,0.8198368965465705
IA,2019-04-29,0.829622513749466
IA,2019-05-06,0.8283236368145684
IA,2019-05-13,0.9042035701673096
IA,2019-05-20,0.947576113497332
IA,2019-05-27,0.9902098358625672
IA,2019-06-03,0.97065796401879
IA,2019-06-10,0.9358435262663244
IA,2019-06-17,0.91150307245585
IA,2019-06-24,0.8879350196988651
IA,2019-07-01,0.9668940966654752
IA,2019-07-08,0.942918879281454
IA,2019-07-15,1.0071545651632818
IA,2019-07-22,0.96695507541967
IA,2019-07-29,0.9722362782760552
IA,2019-08-05,1.0386596987577312
IA,2019-08-12,1.0282828220532283
IA,2019-08-19,1.0522450945986872
IA,2019-08-26,1.0160588334917164
IA,2019-09-02,1.084030535101769
IA,2019-09-09,1.1386920854962015
IA,2019-09-16,1.1097391039764284
IA,2019-09-23,1.0911324469537316
IA,2019-09-30,1.047226886178526
IA,2019-10-07,1.19194519259186
IA,2019-10-14,1.1154977731783742
IA,2019-10-21,1.139008713976833
IA,2019-10-28,1.0641809694516997
IA,2019-11-04,1.0512287179393411
IA,2019-11-11,1.0621378065177554
IA,2019-11-18,1.0581772864615038
IA,2019-11-25,1.0597289894834487
IA,2019-12-02,1.098687308138301
IA,2019-12-09,1.04926269313424
IA,2019-12-16,1.101194859810533
IA,2019-12-23,1.1006382204505876
IA,2019-12-30,1.3723011651212205
IA,2020-01-06,1.2542826077556262
IA,2020-01-13,1.1191573600305886
IA,2020-01-20,0.8908843569747559
IA,2020-01-27,0.980389230427334
IA,2020-02-03,1.0835965531044636
IA,2020-02-10,1.1108445869323544
IA,2020-02-17,1.0971096041673798
IA,2020-02-24,1.017529381554925
IA,2020-03-02,0.9581820394195024
IA,2020-03-09,0.938211393368222
IA,2020-03-16,0.9739784028336314
IA,2020-03-23,0.9625855545888348
IA,2020-03-30,0.8899711852182108
IA,2020-04-06,0.8109003884171726
IA,2020-04-13,0.7510643122160882
IA,2020-04-20,0.7690837985411682
IA,2020-04-27,0.8432474268323006
IA,2020-05-04,0.8845974461310054
IA,2020-05-11,0.8845377086536232
IA,2020-05-18,0.8852656906349378
IA,2020-05-25,0.8839448154347029
IA,2020-06-01,0.8799395104234523
IA,2020-06-08,0.8986152687019417
IA,2020-06-15,0.9476843515636636
IA,2020-06-22,1.0837294035515328
IA,2020-06-29,1.2286667708824792
IA,2020-07-06,1.215771572675911
IA,2020-07-13,1.1305761334434652
IA,2020-07-20,0.9351486743447112
IA,2020-07-27,0.963556943639057
IA,2020-08-03,0.9472327183473358
IA,2020-08-10,1.0362754170111694
IA,2020-08-17,1.01455992166946
IA,2020-08-24,1.1642116831964218
IA,2020-08-31,2.4371754252342965
IA,2020-09-07,2.307090815891507
IA,2020-09-14,2.084673751981942
IA,2020-09-21,0.6496072772274522
IA,2020-09-28,0.8129653033995418
IA,2020-10-05,0.9005927839653669
IA,2020-10-12,1.0207006252705926
IA,2020-10-19,0.9882478937883404
IA,2020-10-26,1.0350545773274695
IA,2020-11-02,1.0543597397404847
IA,2020-11-09,1.3053719519901257
IA,2020-11-16,1.078987670383479
IA,2020-11-23,1.0985163211804585
IA,2020-11-30,0.8045177365425624
IA,2020-12-07,1.0217065324429135
IA,2020-12-14,0.928339708812837
IA,2020-12-21,1.0190345201425772
IA,2020-12-28,0.955338176365366
IA,2021-01-04,0.9671503898936328
IA,2021-01-11,0.9002936901284054
IA,2021-01-18,0.9468243828844538
IA,2021-01-25,0.9262187540162632
IA,2021-02-01,0.968331292259214
IA,2021-02-08,0.9547619831143932
IA,2021-02-15,1.0240071582761756
IA,2021-02-22,0.9793023490517246
IA,2021-03-01,0.9626208800392038
IA,2021-03-08,0.907490526762858
IA,2021-03-15,0.9542927830452924
IA,2021-03-22,0.9480169134327638
IA,2021-03-29,1.0023657091274052
IA,2021-04-05,0.9670720590299166
IA,2021-04-12,0.9946986366803604
IA,2021-04-19,1.0101675467811193
IA,2021-04-26,0.9863044170715398
IA,2021-05-03,1.0334998410860166
IA,2021-05-10,0.9895617593062744
IA,2021-05-17,1.0559107434215058
IA,2021-05-24,0.9918498288250076
IA,2021-05-31,1.0362931942418676
IA,2021-06-07,1.0180693596119226
IA,2021-06-14,1.0496810894144082
IA,2021-06-21,1.0553237082333546
IA,2021-06-28,1.0498576135531086
IA,2021-07-05,1.0187152468596603
IA,2021-07-12,0.9764787671909811
IA,2021-07-19,0.9668177677023446
IA,2021-07-26,1.0476559047313858
IA,2021-08-02,1.0284498144802028
IA,2021-08-09,1.1502121627186142
IA,2021-08-16,1.049959619834398
IA,2021-08-23,1.0605380325093328
IA,2021-08-30,1.0628923242535486
IA,2021-09-06,1.1030404189135352
IA,2021-09-13,1.0766451206766787
IA,2021-09-20,1.1316851313265837
IA,2021-09-27,1.070582542135689
IA,2021-10-04,1.0376470573979124
IA,2021-10-11,0.9785140441201502
IA,2021-10-18,1.018104596525922
IA,2021-10-25,1.0019909588011373
IA,2021-11-01,0.9569864453426224
IA,2021-11-08,1.0212644151851644
IA,2021-11-15,1.0647162125277878
IA,2021-11-22,1.0491024853300022
IA,2021-11-29,1.0895189249130637
IA,2021-12-06,1.0677141604493512
IA,2021-12-13,1.1750959846773876
IA,2021-12-20,1.1323212238612783
IA,2021-12-27,1.1765054513743298
IA,2022-01-03,1.0990581196804885
IA,2022-01-10,1.0235230212902535
IA,2022-01-17,0.9467667514380332
IA,2022-01-24,0.839362051523955
IA,2022-01-31,0.8591057554280308
IA,2022-02-07,0.9382851103580332
IA,2022-02-14,0.9569813670860324
IA,2022-02-21,0.9199583618413164
IA,2022-02-28,0.8942602539383433
IA,2022-03-07,0.9730505520948404
IA,2022-03-14,1.0037803666282363
IA,2022-03-21,1.1245707906609526
IA,2022-03-28,1.0163409723904466
IA,2022-04-04,1.04722815865526
IA,2022-04-11,0.9195232468116394
IA,2022-04-18,0.9886870623625912
IA,2022-04-25,0.9740609719478492
IA,2022-05-02,0.9600775642877232
IA,2022-05-09,0.9833630189655724
IA,2022-05-16,1.0061592914787447
IA,2022-05-23,0.9891448417693224
IA,2022-05-30,0.9738602322347536
IA,2022-06-06,0.9507911093854582
IA,2022-06-13,0.9559265409179558
IA,2022-06-20,0.9613651754120024
IA,2022-06-27,0.9503727635939831
IA,2022-07-04,0.9258382046103132
IA,2022-07-11,0.9952867356979616
IA,2022-07-18,0.9666738286136608
IA,2022-07-25,1.0260798657362975
IA,2022-08-01,0.9886025746374456
IA,2022-08-08,1.0413778473567283
IA,2022-08-15,0.9939802845747602
IA,2022-08-22,0.9979360628596532
IA,2022-08-29,0.9962601648000472
IA,2022-09-05,1.063430287863965
IA,2022-09-12,1.0676605345675585
IA,2022-09-19,1.0562129720986049
IA,2022-09-26,0.978898134736942
IA,2022-10-03,1.021163722485072
IA,2022-10-10,1.1310888772523215
IA,2022-10-17,1.1450318534609338
IA,2022-10-24,1.1520515621680374
IA,2022-10-31,1.138617859998882
IA,2022-11-07,1.2197431013281983
IA,2022-11-14,1.2084886869940712
IA,2022-11-21,1.1258027513267654
IA,2022-11-28,1.2124080023084072
IA,2022-12-05,1.1677178590160562
IA,2022-12-12,1.13815106667911
IA,2022-12-19,1.017813516184099
IA,2022-12-26,1.0766049364437884
IA,2023-01-02,0.9938221665613776
IA,2023-01-09,0.8560666725178375
IA,2023-01-16,0.7326466339253219
IA,2023-01-23,0.7592684820298126
IA,2023-01-30,0.8320798815683479
IA,2023-02-06,0.8967665788354456
IA,2023-02-13,0.9607973931786824
IA,2023-02-20,0.9919141805612296
IA,2023-02-27,0.9447707995968008
IA,2023-03-06,0.992790725393154
IA,2023-03-13,0.9700602285036076
IA,2023-03-20,1.025836908220705
IA,2023-03-27,0.958712571343196
IA,2023-04-03,0.9520028945310202
IA,2023-04-10,0.9074974988085074
IA,2023-04-17,0.995359029708678
IA,2023-04-24,0.9635704383359596
IA,2023-05-01,0.9640135349063712
IA,2023-05-08,0.9261322149943708
IA,2023-05-15,0.9318113320833576
IA,2023-05-22,0.996862902123732
IA,2023-05-29,0.994538123327037
IA,2023-06-05,1.0408649089751634
IA,2023-06-12,0.9783295129825382
IA,2023-06-19,0.9289391974818711
IA,2023-06-26,0.8670248414418121
IA,2023-07-03,0.8824632564012763
IA,2023-07-10,0.9496547544746146
IA,2023-07-17,0.9885451884664684
IA,2023-07-24,1.0478741876339457
IA,2023-07-31,1.048604525603941
IA,2023-08-07,1.0992143683927782
IA,2023-08-14,1.1115445602664067
IA,2023-08-21,1.0792135489453298
IA,2023-08-28,1.053161644200257
IA,2023-09-04,1.0758087225407087
IA,2023-09-11,1.135979293178192
IA,2023-09-18,1.0222025031828923
IA,2023-09-25,1.1016533870929075
IA,2023-10-02,0.9829873203805772
IA,2023-10-09,1.0562751041550271
IA,2023-10-16,1.0508208359486526
IA,2023-10-23,1.0812204391015852
IA,2023-10-30,1.0656366999629197
IA,2023-11-06,1.0211393954030308
IA,2023-11-13,1.080928508821119
IA,2023-11-20,1.1503603603576766
IA,2023-11-27,1.1484113646390786
IA,2023-12-04,1.0951245615361054
IA,2023-12-11,1.0233630897887451
IA,2023-12-18,1.0690865106762024
IA,2023-12-25,1.1260346481926318
IA,2024-01-01,1.1380810080284318
IA,2024-01-08,1.0294452226903632
IA,2024-01-15,0.9448164777672388
IA,2024-01-22,0.8735525966691642
IA,2024-01-29,0.9341496034108734
IA,2024-02-05,1.0490207689354485
IA,2024-02-12,1.1052799001550198
IA,2024-02-19,1.080038393672342
IA,2024-02-26,1.052914733269383
IA,2024-03-04,0.995794237007523
IA,2024-03-11,0.9926727639595748
IA,2024-03-18,0.9527545214725828
IA,2024-03-25,0.9219332390562782
IA,2024-04-01,0.9176936498083014
IA,2024-04-08,0.9001085302571308
IA,2024-04-15,0.8859463211136123
IA,2024-04-22,0.8780430615781324
IA,2024-04-29,0.8579820028020924
IA,2024-05-06,0.9006095171456414
IA,2024-05-13,0.8839875256737899
IA,2024-05-20,0.9856344378630174
IA,2024-05-27,0.9502645152243672
IA,2024-06-03,1.001717163770648
IA,2024-06-10,0.9238156606144988
IA,2024-06-17,0.9173907369595558
IA,2024-06-24,0.9003620745807623
IA,2024-07-01,0.8688732149205447
IA,2024-07-08,1.0134868275134907
IA,2024-07-15,1.025056551787481
IA,2024-07-22,1.059006445126038
IA,2024-07-29,0.9910352004698048
IA,2024-08-05,1.0705304886330278
IA,2024-08-12,1.0820202851489764
IA,2024-08-19,1.0990637917595976
IA,2024-08-26,1.0793557085873215
IA,2024-09-02,1.0489533941976774
IA,2024-09-09,1.0292044044576318
IA,2024-09-16,1.0557378152677264
IA,2024-09-23,1.0262690462894404
IA,2024-09-30,1.0241703056530254
IA,2024-10-07,1.0228341351317176
IA,2024-10-14,1.0271159001344752
IA,2024-10-21,1.05748074690969
IA,2024-10-28,1.0598075525990476
IA,2024-11-04,1.0816638786251949
IA,2024-11-11,0.9911516449676911
IA,2024-11-18,1.0259630745042778
IA,2024-11-25,0.9989723935724364
IA,2024-12-02,1.12715014861141
IA,2024-12-09,1.061175875099703
IA,2024-12-16,1.1120914775565292
IA,2024-12-23,1.1829849378355426
IA,2024-12-30,1.298138741424805
IA,2025-01-06,1.2291439576688583
IA,2025-01-13,1.015116151902402
IA,2025-01-20,0.9676605678010892
IA,2025-01-27,1.052990748575264
IA,2025-02-03,1.1830945050184354
IA,2025-02-10,1.1590995302118678
IA,2025-02-17,1.0884168059937225
IA,2025-02-24,0.9056931279909654
IA,2025-03-03,0.846342238027319
IA,2025-03-10,0.7884312489579387
IA,2025-03-17,0.8394714305569043
IA,2025-03-24,0.8301034470243303
IA,2025-03-31,0.8563082062214703
IA,2025-04-07,0.8729365620050531
IA,2025-04-14,0.8733735668969008
IA,2025-04-21,0.9095153645548046
IA,2025-04-28,0.905314667750887
IA,2025-05-05,0.9563175068290334
IA,2025-05-12,0.95506078567804
IA,2025-05-19,0.9795049981736942
IA,2025-05-26,0.9394264714097444
IA,2025-06-02,0.9872598062195622
IA,2025-06-09,0.9229764350042228
IA,2025-06-16,0.8884897434644426
IA,2025-06-23,0.9041198305342812
IA,2025-06-30,0.9132005058921274
IA,2025-07-07,0.9940239618403144
IA,2025-07-14,0.9764172121759788
IA,2025-07-21,1.0198151659327206
IA,2025-07-28,0.9911662000949591
IA,2025-08-04,0.9705462557767706
IA,2025-08-11,0.9821894616013394
IA,2025-08-18,1.0758181948361565
IA,2025-08-25,1.1355195917809957
IA,2025-09-01,1.20146513294387
IA,2025-09-08,1.1354678801875309
IA,2025-09-15,1.1206290277600106
ID,2016-10-10,1.0
ID,2016-10-17,0.988492390579965
ID,2016-10-24,1.0585399544319112
ID,2016-10-31,1.1125705748944423
ID,2016-11-07,1.0657658201110924
ID,2016-11-14,1.0614566381255632
ID,2016-11-21,1.0144349155097885
ID,2016-11-28,1.0915395285696416
ID,2016-12-05,1.0745216805438602
ID,2016-12-12,1.0273998359085093
ID,2016-12-19,1.1250709966654513
ID,2016-12-26,1.105025639531208
ID,2017-01-02,1.3199610817488008
ID,2017-01-09,1.1334927777562347
ID,2017-01-16,1.144341107620607
ID,2017-01-23,1.0240679829056936
ID,2017-01-30,1.0558765096302356
ID,2017-02-06,1.0404970464199963
ID,2017-02-13,1.031100229121645
ID,2017-02-20,1.0770752290794054
ID,2017-02-27,1.003323342836342
ID,2017-03-06,0.9004761654887163
ID,2017-03-13,0.9183328187528266
ID,2017-03-20,0.9121391829351062
ID,2017-03-27,0.9381717099731852
ID,2017-04-03,0.8715008627600046
ID,2017-04-10,0.8868398994248928
ID,2017-04-17,0.8846329602812918
ID,2017-04-24,0.8404768288849761
ID,2017-05-01,0.904785270742024
ID,2017-05-08,0.98706597600248
ID,2017-05-15,0.9878535145560746
ID,2017-05-22,1.0588699825315857
ID,2017-05-29,0.8701191800980886
ID,2017-06-05,0.8927427486361563
ID,2017-06-12,0.7854601227326031
ID,2017-06-19,0.884392834264465
ID,2017-06-26,0.9606281719612416
ID,2017-07-03,0.9619288862734704
ID,2017-07-10,0.9845280441409217
ID,2017-07-17,0.940745378117611
ID,2017-07-24,0.9608501172754872
ID,2017-07-31,0.990310353574539
ID,2017-08-07,1.0196433469530612
ID,2017-08-14,1.0174942814531402
ID,2017-08-21,1.0381609052052878
ID,2017-08-28,1.060263456274275
ID,2017-09-04,1.130987233996922
ID,2017-09-11,1.1279597337409424
ID,2017-09-18,1.066523909798096
ID,2017-09-25,1.0433249999707654
ID,2017-10-02,1.0391297549133682
ID,2017-10-09,1.0931373645740698
ID,2017-10-16,1.1675839708431264
ID,2017-10-23,1.1281838717671124
ID,2017-10-30,1.111524842165659
ID,2017-11-06,1.1312273356263307
ID,2017-11-13,1.0900557255782344
ID,2017-11-20,1.0937996826619858
ID,2017-11-27,1.081938709508251
ID,2017-12-04,1.1324747035111014
ID,2017-12-11,1.120450870986626
ID,2017-12-18,1.0179594718887337
ID,2017-12-25,1.242636819963293
ID,2018-01-01,1.2501958362161805
ID,2018-01-08,1.3428890397076312
ID,2018-01-15,1.1513860160553056
ID,2018-01-22,1.1209326331770684
ID,2018-01-29,1.009292063377842
ID,2018-02-05,1.0229551860795547
ID,2018-02-12,1.0102577857291302
ID,2018-02-19,0.9537029667796632
ID,2018-02-26,0.889278240106624
ID,2018-03-05,0.8348749054202004
ID,2018-03-12,0.7645385777487089
ID,2018-03-19,0.8206184089211839
ID,2018-03-26,0.940537200569133
ID,2018-04-02,0.9698560965777592
ID,2018-04-09,0.9834313892924964
ID,2018-04-16,0.8522374946920063
ID,2018-04-23,0.8972761416298709
ID,2018-04-30,0.8417346502596368
ID,2018-05-07,0.9994089905963792
ID,2018-05-14,0.9116400956536532
ID,2018-05-21,0.9395912774677604
ID,2018-05-28,0.9994336025484998
ID,2018-06-04,1.027744055492856
ID,2018-06-11,1.0311525622733673
ID,2018-06-18,0.8602176585347874
ID,2018-06-25,0.9452557791329278
ID,2018-07-02,0.936319436075805
ID,2018-07-09,0.9947246814091922
ID,2018-07-16,0.9167856973798244
ID,2018-07-23,0.9099974040179564
ID,2018-07-30,1.0645073731831751
ID,2018-08-06,1.026405750666629
ID,2018-08-13,1.06383536752607
ID,2018-08-20,0.926753170189366
ID,2018-08-27,1.078522606866327
ID,2018-09-03,1.0827091496294117
ID,2018-09-10,1.1277092418526395
ID,2018-09-17,1.098547278992948
ID,2018-09-24,1.166632860191385
ID,2018-10-01,1.0811310085456178
ID,2018-10-08,1.2313184845122285
ID,2018-10-15,1.061208031078796
ID,2018-10-22,1.0453662512273092
ID,2018-10-29,1.0006833494094016
ID,2018-11-05,1.0506443113481092
ID,2018-11-12,1.1514542271428132
ID,2018-11-19,1.1795783316653927
ID,2018-11-26,1.1362817725545422
ID,2018-12-03,1.07354632375247
ID,2018-12-10,0.9461054243727768
ID,2018-12-17,1.009870600995726
ID,2018-12-24,1.0818374297745337
ID,2018-12-31,1.3048249015244522
ID,2019-01-07,1.229430992940376
ID,2019-01-14,1.1686012848074343
ID,2019-01-21,0.9659187890936324
ID,2019-01-28,1.116298457334843
ID,2019-02-04,1.1545686194341096
ID,2019-02-11,1.2478914150695375
ID,2019-02-18,1.1214093319468177
ID,2019-02-25,1.132045846032423
ID,2019-03-04,0.9046047230608988
ID,2019-03-11,0.9396474645496964
ID,2019-03-18,0.8471722045444853
ID,2019-03-25,0.899437738954079
ID,2019-04-01,0.9408615594877408
ID,2019-04-08,0.8661046190219432
ID,2019-04-15,0.8301545149812393
ID,2019-04-22,0.7477595545824192
ID,2019-04-29,0.8859886669299993
ID,2019-05-06,0.962116722104996
ID,2019-05-13,1.0098484430050372
ID,2019-05-20,0.8887876012036564
ID,2019-05-27,0.8733638049862187
ID,2019-06-03,0.9078492869240242
ID,2019-06-10,0.96841673739791
ID,2019-06-17,0.8967294974217813
ID,2019-06-24,0.888577760043128
ID,2019-07-01,0.885712959921709
ID,2019-07-08,0.946123323912943
ID,2019-07-15,0.9240479034620164
ID,2019-07-22,0.974713840504978
ID,2019-07-29,0.9549990185908402
ID,2019-08-05,1.009213553849562
ID,2019-08-12,0.9986562880595524
ID,2019-08-19,1.0210346625954896
ID,2019-08-26,1.072684253827349
ID,2019-09-02,1.0774652013860353
ID,2019-09-09,1.120242312201055
ID,2019-09-16,1.1137270709719045
ID,2019-09-23,1.0851655050570406
ID,2019-09-30,1.2188993881731165
ID,2019-10-07,1.22946298642767
ID,2019-10-14,1.2103692310286152
ID,2019-10-21,1.032337456892614
ID,2019-10-28,1.0788849128743423
ID,2019-11-04,1.1064386594242894
ID,2019-11-11,1.0994844431363835
ID,2019-11-18,1.0025263693363526
ID,2019-11-25,1.104298670110743
ID,2019-12-02,1.1294834243328435
ID,2019-12-09,1.1523505581036635
ID,2019-12-16,1.1064119625430695
ID,2019-12-23,1.1744165481238582
ID,2019-12-30,1.2806671345645706
ID,2020-01-06,1.1324781631457972
ID,2020-01-13,0.9801041594844327
ID,2020-01-20,0.8963919092257987
ID,2020-01-27,1.014211001272299
ID,2020-02-03,1.0920406525881157
ID,2020-02-10,1.0840977929481628
ID,2020-02-17,1.0015593271475094
ID,2020-02-24,0.9684125540271764
ID,2020-03-02,0.97843974872128
ID,2020-03-09,1.0355315402014795
ID,2020-03-16,1.0541956656372329
ID,2020-03-23,1.060224535466685
ID,2020-03-30,1.0320252925601696
ID,2020-04-06,1.0603584750498185
ID,2020-04-13,0.8877007947159667
ID,2020-04-20,0.9728359370193644
ID,2020-04-27,0.9388313307897806
ID,2020-05-04,0.9575990662594472
ID,2020-05-11,0.8807871700519522
ID,2020-05-18,0.9200190480613982
ID,2020-05-25,0.7819407766925315
ID,2020-06-01,1.714397987858293
ID,2020-06-08,1.4464567914497646
ID,2020-06-15,1.7561194707577172
ID,2020-06-22,0.7008651316126565
ID,2020-06-29,1.402164873990251
ID,2020-07-06,1.4819438855472824
ID,2020-07-13,1.6281821916274282
ID,2020-07-20,1.2160204817061404
ID,2020-07-27,1.0330835284361437
ID,2020-08-03,0.9607048174713744
ID,2020-08-10,0.9129534753443528
ID,2020-08-17,0.8978981248332238
ID,2020-08-24,0.9770349314849316
ID,2020-08-31,0.9461964847581216
ID,2020-09-07,1.037063404568766
ID,2020-09-14,1.0374664365183035
ID,2020-09-21,0.9919887418154304
ID,2020-09-28,1.0471480350407876
ID,2020-10-05,1.0528584900725648
ID,2020-10-12,1.1119734156877772
ID,2020-10-19,1.0121823582953071
ID,2020-10-26,1.035733287871021
ID,2020-11-02,1.0183828710315064
ID,2020-11-09,1.1360527065863006
ID,2020-11-16,1.0532086876885385
ID,2020-11-23,1.0042996401531208
ID,2020-11-30,0.9902795266400216
ID,2020-12-07,0.9651717384690868
ID,2020-12-14,1.0005121334410287
ID,2020-12-21,0.8944229420907226
ID,2020-12-28,0.9228007516458516
ID,2021-01-04,0.9646511687034808
ID,2021-01-11,0.9756942019096942
ID,2021-01-18,0.9701877774603628
ID,2021-01-25,0.9250583542289162
ID,2021-02-01,0.9507272524156384
ID,2021-02-08,0.9741680242174268
ID,2021-02-15,0.9724865515619192
ID,2021-02-22,0.967305714436255
ID,2021-03-01,0.9192559865921098
ID,2021-03-08,0.953817608060092
ID,2021-03-15,0.9716508555640128
ID,2021-03-22,1.0025662844943082
ID,2021-03-29,1.0243142031231969
ID,2021-04-05,0.9778198076442908
ID,2021-04-12,1.0101440978794312
ID,2021-04-19,1.0426123793189932
ID,2021-04-26,1.0650763732789832
ID,2021-05-03,1.042164205628006
ID,2021-05-10,1.0158772942864127
ID,2021-05-17,1.00617965037304
ID,2021-05-24,1.0464144844980592
ID,2021-05-31,1.0525666117070829
ID,2021-06-07,1.0243673815746566
ID,2021-06-14,0.9699341303341914
ID,2021-06-21,1.0021756346011503
ID,2021-06-28,1.0058220867730434
ID,2021-07-05,1.0143517198148078
ID,2021-07-12,0.9710079053587364
ID,2021-07-19,1.0203644174733812
ID,2021-07-26,1.1160591728737386
ID,2021-08-02,1.14067398358403
ID,2021-08-09,1.176174316337986
ID,2021-08-16,1.0612580748203078
ID,2021-08-23,1.0634756665776273
ID,2021-08-30,1.1112700033255516
ID,2021-09-06,1.1746314692306206
ID,2021-09-13,1.1210070692105725
ID,2021-09-20,1.005038249433751
ID,2021-09-27,0.9291088162141364
ID,2021-10-04,0.9059237854170056
ID,2021-10-11,0.9466486004662088
ID,2021-10-18,0.982573678100258
ID,2021-10-25,0.967641879875298
ID,2021-11-01,0.95183146900656
ID,2021-11-08,0.9928232288843764
ID,2021-11-15,1.012776338129615
ID,2021-11-22,1.0298835185018194
ID,2021-11-29,1.038194425964601
ID,2021-12-06,1.053646864007849
ID,2021-12-13,1.0289519665612172
ID,2021-12-20,1.0492993015534555
ID,2021-12-27,1.161634017708234
ID,2022-01-03,1.1814145398471032
ID,2022-01-10,1.0913395324534882
ID,2022-01-17,1.0076551071194155
ID,2022-01-24,1.0337599569570717
ID,2022-01-31,0.9339702004380044
ID,2022-02-07,0.8336050367000882
ID,2022-02-14,0.8003233113801071
ID,2022-02-21,0.978732558517062
ID,2022-02-28,1.0402037770483994
ID,2022-03-07,1.093695345012079
ID,2022-03-14,1.0610940633452963
ID,2022-03-21,1.099196391037763
ID,2022-03-28,0.9733729684037852
ID,2022-04-04,0.9392216432276173
ID,2022-04-11,0.9103047600662922
ID,2022-04-18,0.939898759115756
ID,2022-04-25,0.9925658105476526
ID,2022-05-02,0.9682714369730452
ID,2022-05-09,1.0173790626417554
ID,2022-05-16,0.9811064126605866
ID,2022-05-23,0.9744469401164704
ID,2022-05-30,1.0052584331489076
ID,2022-06-06,0.9948502574148836
ID,2022-06-13,0.9629596135750516
ID,2022-06-20,0.9246448295730616
ID,2022-06-27,0.9279814520657296
ID,2022-07-04,0.9517562575899948
ID,2022-07-11,1.0091775778708605
ID,2022-07-18,0.976121532645542
ID,2022-07-25,0.970557393877938
ID,2022-08-01,0.919210425727526
ID,2022-08-08,0.9948487969775928
ID,2022-08-15,0.9801520145289968
ID,2022-08-22,1.0159185058689113
ID,2022-08-29,1.0800876324205808
ID,2022-09-05,1.109391130839261
ID,2022-09-12,1.1049150866785973
ID,2022-09-19,0.990790464884206
ID,2022-09-26,0.9893588726646988
ID,2022-10-03,1.0196297177544518
ID,2022-10-10,1.0780882497257072
ID,2022-10-17,1.126952702091722
ID,2022-10-24,1.1181233108882342
ID,2022-10-31,1.1426310218584694
ID,2022-11-07,1.2231108650760825
ID,2022-11-14,1.2413662867961095
ID,2022-11-21,1.2722381968643337
ID,2022-11-28,1.302049177720895
ID,2022-12-05,1.2232146580895948
ID,2022-12-12,1.1814536852129809
ID,2022-12-19,1.0473273628381972
ID,2022-12-26,1.0610020676637897
ID,2023-01-02,0.8763268159300321
ID,2023-01-09,0.7520891206255093
ID,2023-01-16,0.6443424887880543
ID,2023-01-23,0.715296815701128
ID,2023-01-30,0.8256555150233396
ID,2023-02-06,0.925736985159206
ID,2023-02-13,0.9776103382495948
ID,2023-02-20,1.0022929522474389
ID,2023-02-27,0.9836239729375184
ID,2023-03-06,0.9792090910738938
ID,2023-03-13,0.9906999258154564
ID,2023-03-20,0.986401086448638
ID,2023-03-27,1.016909254653383
ID,2023-04-03,0.9322475787681244
ID,2023-04-10,0.9633573816286718
ID,2023-04-17,0.9562591416444782
ID,2023-04-24,0.998055708650206
ID,2023-05-01,0.9876334300721816
ID,2023-05-08,0.9796057751891596
ID,2023-05-15,0.9569183478304348
ID,2023-05-22,0.9594575303725812
ID,2023-05-29,0.9441476245889836
ID,2023-06-05,0.9792989351871436
ID,2023-06-12,0.981404688513099
ID,2023-06-19,0.9733058559042774
ID,2023-06-26,0.953980790906422
ID,2023-07-03,0.9077149228934448
ID,2023-07-10,0.995034740419588
ID,2023-07-17,0.9418284594862631
ID,2023-07-24,0.9548393764804458
ID,2023-07-31,0.9513668469640788
ID,2023-08-07,0.9878408915850304
ID,2023-08-14,1.1381538054492584
ID,2023-08-21,1.0735091230779488
ID,2023-08-28,1.1379349315030496
ID,2023-09-04,1.1114659374372473
ID,2023-09-11,1.163922636222476
ID,2023-09-18,1.0639906151244771
ID,2023-09-25,1.079870217824482
ID,2023-10-02,0.985577778874556
ID,2023-10-09,1.0435443355162568
ID,2023-10-16,0.996151721921313
ID,2023-10-23,1.0486440729758697
ID,2023-10-30,1.0074742156103194
ID,2023-11-06,1.068589303484047
ID,2023-11-13,1.0801791347628402
ID,2023-11-20,1.099562368423581
ID,2023-11-27,1.0797379031088867
ID,2023-12-04,1.099612136903669
ID,2023-12-11,1.1125716862542423
ID,2023-12-18,1.1403831135308782
ID,2023-12-25,1.248980516239601
ID,2024-01-01,1.2741296529017068
ID,2024-01-08,1.135739629088982
ID,2024-01-15,0.9480713060879004
ID,2024-01-22,0.8374907213151768
ID,2024-01-29,0.8672464238184412
ID,2024-02-05,0.9778029987371494
ID,2024-02-12,1.0207779711875526
ID,2024-02-19,1.063113275795757
ID,2024-02-26,1.0243140482339028
ID,2024-03-04,0.9346145843622192
ID,2024-03-11,0.9755491606170992
ID,2024-03-18,0.9462381783386934
ID,2024-03-25,0.9931583728886064
ID,2024-04-01,0.8579959547892276
ID,2024-04-08,0.9101963827826968
ID,2024-04-15,0.8903995856620176
ID,2024-04-22,0.9613051181612282
ID,2024-04-29,0.901857276830414
ID,2024-05-06,0.9153417764112964
ID,2024-05-13,0.99649532817719
ID,2024-05-20,0.9709702386250988
ID,2024-05-27,1.0095594814043034
ID,2024-06-03,0.9683872059550498
ID,2024-06-10,0.9419912476873687
ID,2024-06-17,0.9129756135157971
ID,2024-06-24,0.9223382220684636
ID,2024-07-01,0.9438056919662968
ID,2024-07-08,0.9681961964746338
ID,2024-07-15,0.9681457024268836
ID,2024-07-22,0.9661680650172988
ID,2024-07-29,1.0264026822383547
ID,2024-08-05,1.006289206997289
ID,2024-08-12,1.0450054894911682
ID,2024-08-19,1.0111478620672685
ID,2024-08-26,1.0903592666453743
ID,2024-09-02,1.0461501121608006
ID,2024-09-09,1.064324178664479
ID,2024-09-16,1.0807888631827305
ID,2024-09-23,1.0273654494432507
ID,2024-09-30,0.996682183964507
ID,2024-10-07,0.9963963592069642
ID,2024-10-14,1.062777382136352
ID,2024-10-21,1.059780066701288
ID,2024-10-28,1.0492946514870978
ID,2024-11-04,1.0427338610044583
ID,2024-11-11,1.023963685687568
ID,2024-11-18,1.0630243977697882
ID,2024-11-25,1.1759737115181426
ID,2024-12-02,1.1839633934536358
ID,2024-12-09,1.1802377104453234
ID,2024-12-16,1.1453023231777435
ID,2024-12-23,1.393639575483921
ID,2024-12-30,1.3776637469082356
ID,2025-01-06,1.2466560970006622
ID,2025-01-13,0.8800624721831127
ID,2025-01-20,0.8695238982732603
ID,2025-01-27,0.9608632115650454
ID,2025-02-03,1.091220999701887
ID,2025-02-10,1.102630466139408
ID,2025-02-17,1.053727993703484
ID,2025-02-24,0.9648694737009496
ID,2025-03-03,0.90807964850288
ID,2025-03-10,0.8831638229149303
ID,2025-03-17,0.8915763694277004
ID,2025-03-24,0.8876572774439917
ID,2025-03-31,0.8608444439687869
ID,2025-04-07,0.8319832406968718
ID,2025-04-14,0.8779155457499155
ID,2025-04-21,0.9259752675700051
ID,2025-04-28,0.9715695428515936
ID,2025-05-05,0.9519943390362676
ID,2025-05-12,0.9267013241157046
ID,2025-05-19,0.9153947031188152
ID,2025-05-26,0.9346126660022256
ID,2025-06-02,0.9377927661330986
ID,2025-06-09,0.9743665910447654
ID,2025-06-16,0.972348134532244
ID,2025-06-23,0.9660595274001852
ID,2025-06-30,0.9061449614574464
ID,2025-07-07,0.8823966707250622
ID,2025-07-14,0.9366986951101972
ID,2025-07-21,0.9695123668369092
ID,2025-07-28,0.9562239908146224
ID,2025-08-04,1.0027712715208372
ID,2025-08-11,0.9984762105209578
ID,2025-08-18,1.0442850220612891
ID,2025-08-25,1.1019311222120811
ID,2025-09-01,1.164581973901241
ID,2025-09-08,1.129361252065943
ID,2025-09-15,1.0663204574622456
IL,2016-10-10,1.0
IL,2016-10-17,0.9004325791951152
IL,2016-10-24,0.9974021485023334
IL,2016-10-31,0.9984414838617184
IL,2016-11-07,1.0812261423916845
IL,2016-11-14,1.0355730316412792
IL,2016-11-21,1.0530306514744676
IL,2016-11-28,1.0430657432639854
IL,2016-12-05,1.0035123714701362
IL,2016-12-12,1.0167492519798358
IL,2016-12-19,1.0441777869609374
IL,2016-12-26,1.1137321200421593
IL,2017-01-02,1.1796062355516894
IL,2017-01-09,1.0976604643434615
IL,2017-01-16,1.0639528749656857
IL,2017-01-23,0.9893357420323068
IL,2017-01-30,1.0714602217371203
IL,2017-02-06,1.1046706950638785
IL,2017-02-13,1.1524338499591509
IL,2017-02-20,1.1227445282913888
IL,2017-02-27,1.0490509097916745
IL,2017-03-06,0.90224241723287
IL,2017-03-13,0.9188516803053128
IL,2017-03-20,0.8946564926292778
IL,2017-03-27,0.9877687285156574
IL,2017-04-03,0.9103816371084024
IL,2017-04-10,0.910823430560852
IL,2017-04-17,0.7941638868546481
IL,2017-04-24,0.8307969244314526
IL,2017-05-01,0.8621802747984502
IL,2017-05-08,0.9595758348845612
IL,2017-05-15,1.0026617225352372
IL,2017-05-22,0.9543722458696186
IL,2017-05-29,0.9788437400953984
IL,2017-06-05,0.926476131641038
IL,2017-06-12,0.9587947968399132
IL,2017-06-19,0.9041177157410796
IL,2017-06-26,0.9254174046666916
IL,2017-07-03,0.954812509134059
IL,2017-07-10,0.950611468216332
IL,2017-07-17,0.9902270021388055
IL,2017-07-24,0.9584912003286808
IL,2017-07-31,1.0308494451024175
IL,2017-08-07,0.98437838738091
IL,2017-08-14,1.028678646433239
IL,2017-08-21,1.0340695065173249
IL,2017-08-28,1.0197595620007094
IL,2017-09-04,1.0869583816944284
IL,2017-09-11,1.1294369493831862
IL,2017-09-18,1.152421414484326
IL,2017-09-25,1.092500576926952
IL,2017-10-02,1.0365424951707676
IL,2017-10-09,1.0037144601038115
IL,2017-10-16,1.038385959614684
IL,2017-10-23,0.9666445182385742
IL,2017-10-30,1.035487686406953
IL,2017-11-06,1.0064900348662504
IL,2017-11-13,1.1016164467039369
IL,2017-11-20,1.0386153918019114
IL,2017-11-27,1.084171855459189
IL,2017-12-04,1.0829609156298117
IL,2017-12-11,1.1194351493004726
IL,2017-12-18,1.19699291028217
IL,2017-12-25,1.2983350429278584
IL,2018-01-01,1.4240384232577243
IL,2018-01-08,1.2171599959969843
IL,2018-01-15,1.0789531272352235
IL,2018-01-22,0.9610488131607658
IL,2018-01-29,1.0076626034459222
IL,2018-02-05,1.0752465075829347
IL,2018-02-12,1.0359175418808042
IL,2018-02-19,0.9837603460647067
IL,2018-02-26,0.8705501180549765
IL,2018-03-05,0.787566254882168
IL,2018-03-12,0.7930572087872501
IL,2018-03-19,0.8490483274006236
IL,2018-03-26,0.9302323105252912
IL,2018-04-02,0.9632503904025492
IL,2018-04-09,0.905032387382981
IL,2018-04-16,0.8983133530919283
IL,2018-04-23,0.8446266725922508
IL,2018-04-30,0.9253969275763064
IL,2018-05-07,0.9075235660507572
IL,2018-05-14,0.949047308618653
IL,2018-05-21,0.908993998948224
IL,2018-05-28,1.003457211416958
IL,2018-06-04,0.9817628577540882
IL,2018-06-11,0.9146792398516332
IL,2018-06-18,0.880680591475316
IL,2018-06-25,0.970388941083604
IL,2018-07-02,1.009311599024711
IL,2018-07-09,1.059169127657888
IL,2018-07-16,0.9739363962383576
IL,2018-07-23,0.9751461477203692
IL,2018-07-30,0.8812933833667206
IL,2018-08-06,0.9603418190441464
IL,2018-08-13,0.9756054698649704
IL,2018-08-20,1.0567256043962068
IL,2018-08-27,1.0561492349694472
IL,2018-09-03,1.1729232383131727
IL,2018-09-10,1.1568144617555858
IL,2018-09-17,1.1265210716376912
IL,2018-09-24,1.0445756438699396
IL,2018-10-01,0.991213523667031
IL,2018-10-08,1.0436945618682771
IL,2018-10-15,1.067015437351727
IL,2018-10-22,1.0718520653021164
IL,2018-10-29,1.0658114424562328
IL,2018-11-05,1.0584160526900852
IL,2018-11-12,1.066899755817245
IL,2018-11-19,1.0486113143719291
IL,2018-11-26,1.0467275080116851
IL,2018-12-03,1.0415032164868858
IL,2018-12-10,1.0325378810337067
IL,2018-12-17,1.0317448878991384
IL,2018-12-24,1.1386672835279734
IL,2018-12-31,1.2723590640840785
IL,2019-01-07,1.1651453366043838
IL,2019-01-14,1.0341617200109114
IL,2019-01-21,0.896796812085691
IL,2019-01-28,1.001290299211882
IL,2019-02-04,1.156871025326828
IL,2019-02-11,1.0837474385108672
IL,2019-02-18,1.106822651768515
IL,2019-02-25,1.038674361990355
IL,2019-03-04,1.0485994480172618
IL,2019-03-11,0.9940188419006531
IL,2019-03-18,0.987478930503262
IL,2019-03-25,0.9465076070981612
IL,2019-04-01,0.8914767107946467
IL,2019-04-08,0.8271313386304354
IL,2019-04-15,0.875524032842698
IL,2019-04-22,0.8559364547371016
IL,2019-04-29,0.8612541217853328
IL,2019-05-06,0.8730674190101861
IL,2019-05-13,0.9076054060322216
IL,2019-05-20,0.9566768201311888
IL,2019-05-27,0.9412184509412528
IL,2019-06-03,0.9699412594515746
IL,2019-06-10,0.925623734600908
IL,2019-06-17,0.9151059110676134
IL,2019-06-24,0.8872199768845407
IL,2019-07-01,1.0037584062533107
IL,2019-07-08,0.9908649300267792
IL,2019-07-15,0.9856143742607444
IL,2019-07-22,0.9034121296746346
IL,2019-07-29,0.9849591555649976
IL,2019-08-05,1.0099304836568936
IL,2019-08-12,1.0298672372568451
IL,2019-08-19,0.9616065236869954
IL,2019-08-26,1.0173232646190973
IL,2019-09-02,1.032797522396256
IL,2019-09-09,1.2024938338788078
IL,2019-09-16,1.2423687386760904
IL,2019-09-23,1.1170262615402902
IL,2019-09-30,1.0885982584968823
IL,2019-10-07,1.1084814918453736
IL,2019-10-14,1.1805252433777886
IL,2019-10-21,1.1058881734012285
IL,2019-10-28,1.0720222142638882
IL,2019-11-04,1.0153620655008593
IL,2019-11-11,1.0292185824081743
IL,2019-11-18,1.041875782907645
IL,2019-11-25,1.082238319718279
IL,2019-12-02,1.123450919906941
IL,2019-12-09,1.071579385041112
IL,2019-12-16,1.1420951281606864
IL,2019-12-23,1.145017541460666
IL,2019-12-30,1.3280855904009052
IL,2020-01-06,1.1707399192108705
IL,2020-01-13,1.0408435518909434
IL,2020-01-20,0.9086468091099552
IL,2020-01-27,1.0577193373242917
IL,2020-02-03,1.1689450597137834
IL,2020-02-10,1.157812391282655
IL,2020-02-17,1.033536066791304
IL,2020-02-24,0.9516417410179602
IL,2020-03-02,0.9010900511275324
IL,2020-03-09,0.9575055804302984
IL,2020-03-16,1.0213470336948018
IL,2020-03-23,1.084521693100682
IL,2020-03-30,0.9725556806002008
IL,2020-04-06,0.8689414239941691
IL,2020-04-13,0.7358096537344453
IL,2020-04-20,0.8005409627196172
IL,2020-04-27,0.8094547894326679
IL,2020-05-04,0.868996208512908
IL,2020-05-11,0.8511243280195248
IL,2020-05-18,0.8554393296561081
IL,2020-05-25,0.8334780187453324
IL,2020-06-01,0.848570047901747
IL,2020-06-08,0.8375104553942149
IL,2020-06-15,0.8857664147564834
IL,2020-06-22,0.8950426698092859
IL,2020-06-29,1.1157078255957915
IL,2020-07-06,1.1328706706704903
IL,2020-07-13,1.2145254084034034
IL,2020-07-20,1.047034623610743
IL,2020-07-27,1.0673523277308343
IL,2020-08-03,1.0250858495569517
IL,2020-08-10,1.0585909754891991
IL,2020-08-17,0.9634582706582404
IL,2020-08-24,1.0130574969049817
IL,2020-08-31,0.968509994738054
IL,2020-09-07,1.0049324898776884
IL,2020-09-14,0.9608598450839126
IL,2020-09-21,0.9505519075317984
IL,2020-09-28,1.043977315986334
IL,2020-10-05,1.066235401949804
IL,2020-10-12,1.1045831641617525
IL,2020-10-19,1.0199662333631838
IL,2020-10-26,1.0541889332932182
IL,2020-11-02,1.06397893203742
IL,2020-11-09,1.1676245528424798
IL,2020-11-16,1.075564052573034
IL,2020-11-23,1.034512565851615
IL,2020-11-30,0.9331555216849864
IL,2020-12-07,0.9185350666053212
IL,2020-12-14,0.9374992697702988
IL,2020-12-21,0.931822767722094
IL,2020-12-28,0.9598431607028544
IL,2021-01-04,0.9837169252103464
IL,2021-01-11,0.9743572790815528
IL,2021-01-18,0.9702979773738266
IL,2021-01-25,0.9392308726144846
IL,2021-02-01,0.9508257946032008
IL,2021-02-08,0.9557007251980422
IL,2021-02-15,0.9160115052832396
IL,2021-02-22,0.9254604582234436
IL,2021-03-01,0.9313777710253724
IL,2021-03-08,0.9587957854133724
IL,2021-03-15,0.976453875886822
IL,2021-03-22,1.0009774969698826
IL,2021-03-29,1.0660092874724965
IL,2021-04-05,1.0327588546099098
IL,2021-04-12,1.080714119848838
IL,2021-04-19,1.0162048271430375
IL,2021-04-26,1.094242753059444
IL,2021-05-03,1.013377717984405
IL,2021-05-10,1.0301543462483036
IL,2021-05-17,1.0292644752374578
IL,2021-05-24,1.0274915980199957
IL,2021-05-31,1.0287678326314342
IL,2021-06-07,1.0265625619683971
IL,2021-06-14,1.0203919249858424
IL,2021-06-21,1.0269591614189169
IL,2021-06-28,1.008389405073194
IL,2021-07-05,1.0180637990630823
IL,2021-07-12,1.0539852317043832
IL,2021-07-19,1.0618395533602372
IL,2021-07-26,1.1010465917957988
IL,2021-08-02,1.0869120241690209
IL,2021-08-09,1.1036415362395124
IL,2021-08-16,1.0667499845916149
IL,2021-08-23,1.0600814342372826
IL,2021-08-30,1.053477320267482
IL,2021-09-06,1.057778834502794
IL,2021-09-13,1.0239954047322437
IL,2021-09-20,0.9889204165718432
IL,2021-09-27,0.9605459648830872
IL,2021-10-04,0.942400655275518
IL,2021-10-11,0.9326236580205745
IL,2021-10-18,0.9701157801106538
IL,2021-10-25,0.974108949883923
IL,2021-11-01,1.0035262655878254
IL,2021-11-08,1.0234687122130028
IL,2021-11-15,1.0412781615199174
IL,2021-11-22,1.074528295535949
IL,2021-11-29,1.0947534021185952
IL,2021-12-06,1.0747000196571643
IL,2021-12-13,1.0812743263644304
IL,2021-12-20,1.085464424738077
IL,2021-12-27,1.1907375263663282
IL,2022-01-03,1.1774685152253606
IL,2022-01-10,1.1160355012440006
IL,2022-01-17,0.9070694523999492
IL,2022-01-24,0.8280959705485151
IL,2022-01-31,0.7819018518673657
IL,2022-02-07,0.8081382817226666
IL,2022-02-14,0.8282684810810946
IL,2022-02-21,0.9454472607186586
IL,2022-02-28,1.0535848843056876
IL,2022-03-07,1.085080984584599
IL,2022-03-14,1.0921679182806987
IL,2022-03-21,1.094162217005411
IL,2022-03-28,1.0842488246664617
IL,2022-04-04,1.0670557838284334
IL,2022-04-11,1.043410636706099
IL,2022-04-18,1.052819223855096
IL,2022-04-25,1.0352214730179423
IL,2022-05-02,1.0234903545059248
IL,2022-05-09,1.0024052133402748
IL,2022-05-16,1.0163245746614962
IL,2022-05-23,0.9799477218642836
IL,2022-05-30,0.9923720205150922
IL,2022-06-06,0.9708825683097866
IL,2022-06-13,0.957078820640194
IL,2022-06-20,0.8976995527496667
IL,2022-06-27,0.8956762964595929
IL,2022-07-04,0.9491409564684574
IL,2022-07-11,1.0012210467718998
IL,2022-07-18,1.010596112233512
IL,2022-07-25,1.0327250470668854
IL,2022-08-01,1.004759626229202
IL,2022-08-08,1.0108501942989865
IL,2022-08-15,0.9746875661625388
IL,2022-08-22,1.004913452498294
IL,2022-08-29,1.0716700046497951
IL,2022-09-05,1.102303961456644
IL,2022-09-12,1.1155863529917671
IL,2022-09-19,1.001053183514141
IL,2022-09-26,0.9900939032494176
IL,2022-10-03,1.0179332600576907
IL,2022-10-10,1.133101996425186
IL,2022-10-17,1.1085957334227738
IL,2022-10-24,1.1438650118579927
IL,2022-10-31,1.114620249207061
IL,2022-11-07,1.187755657621579
IL,2022-11-14,1.140029981500028
IL,2022-11-21,1.097238192233167
IL,2022-11-28,1.1408764054289595
IL,2022-12-05,1.122987119832547
IL,2022-12-12,1.082590072515187
IL,2022-12-19,0.9660482769498678
IL,2022-12-26,0.9307174469318936
IL,2023-01-02,0.8733868167345612
IL,2023-01-09,0.7577846622423041
IL,2023-01-16,0.7462883527128091
IL,2023-01-23,0.8001651233978734
IL,2023-01-30,0.9176631211293343
IL,2023-02-06,0.9825511562066398
IL,2023-02-13,1.0153275978341283
IL,2023-02-20,1.0229664789876127
IL,2023-02-27,1.0161546115876454
IL,2023-03-06,1.010311723064364
IL,2023-03-13,0.9928192595315452
IL,2023-03-20,0.9956712533066828
IL,2023-03-27,0.995601622935774
IL,2023-04-03,0.9484284374232878
IL,2023-04-10,0.916486274115612
IL,2023-04-17,0.905219768499118
IL,2023-04-24,0.9396277978628677
IL,2023-05-01,0.9504650560556154
IL,2023-05-08,0.9683345450273988
IL,2023-05-15,0.9505997324216804
IL,2023-05-22,0.9570644443153355
IL,2023-05-29,1.0074223302664984
IL,2023-06-05,1.0003689846050212
IL,2023-06-12,0.9679724610146716
IL,2023-06-19,0.9022259336203734
IL,2023-06-26,0.9027656105346782
IL,2023-07-03,0.9353049013623336
IL,2023-07-10,0.9660096197202862
IL,2023-07-17,0.9459034717248784
IL,2023-07-24,1.0064551938424962
IL,2023-07-31,0.9877587492000754
IL,2023-08-07,1.1173956652046977
IL,2023-08-14,1.0691362702822402
IL,2023-08-21,1.0907829500960755
IL,2023-08-28,1.113396657296449
IL,2023-09-04,1.192109972094819
IL,2023-09-11,1.144825453644954
IL,2023-09-18,1.0495114937359156
IL,2023-09-25,1.0436957710548087
IL,2023-10-02,1.0288290876188002
IL,2023-10-09,1.0263069491753598
IL,2023-10-16,1.0037469522689777
IL,2023-10-23,1.021159544149809
IL,2023-10-30,1.0627719851963076
IL,2023-11-06,1.07254657096327
IL,2023-11-13,1.1413619425326174
IL,2023-11-20,1.091055788511878
IL,2023-11-27,1.10257387630263
IL,2023-12-04,1.051075853398821
IL,2023-12-11,1.0426500872358182
IL,2023-12-18,1.0570156219885962
IL,2023-12-25,1.1207254155532065
IL,2024-01-01,1.1395851272896922
IL,2024-01-08,1.0308444793175402
IL,2024-01-15,0.896320811090833
IL,2024-01-22,0.8421845064461236
IL,2024-01-29,0.8861815956563589
IL,2024-02-05,1.00447713664738
IL,2024-02-12,1.061639499772168
IL,2024-02-19,1.0656959523572385
IL,2024-02-26,1.040420754662835
IL,2024-03-04,0.9863931417809412
IL,2024-03-11,0.9810345990876532
IL,2024-03-18,0.9204726644399424
IL,2024-03-25,0.9229779230002012
IL,2024-04-01,0.9334031998770036
IL,2024-04-08,0.9295872119610492
IL,2024-04-15,0.9103655373558752
IL,2024-04-22,0.8725560644505523
IL,2024-04-29,0.9167371812561316
IL,2024-05-06,0.930210491050914
IL,2024-05-13,0.9571516364246856
IL,2024-05-20,0.9651082448626076
IL,2024-05-27,0.9657282000203616
IL,2024-06-03,0.9905530328806508
IL,2024-06-10,0.9096767727080554
IL,2024-06-17,0.9255458620834024
IL,2024-06-24,0.8985116779152077
IL,2024-07-01,0.9804529882116566
IL,2024-07-08,0.9764004560586832
IL,2024-07-15,1.0027163145582123
IL,2024-07-22,1.0051552446985228
IL,2024-07-29,1.0433614575104748
IL,2024-08-05,1.0692004193762938
IL,2024-08-12,1.0290836581026754
IL,2024-08-19,1.0643459433429494
IL,2024-08-26,1.0876773876652646
IL,2024-09-02,1.1329188561904306
IL,2024-09-09,1.041264801627856
IL,2024-09-16,1.042150634617513
IL,2024-09-23,0.9675368519017524
IL,2024-09-30,0.9891247939445548
IL,2024-10-07,0.9688332873040558
IL,2024-10-14,1.050455961336454
IL,2024-10-21,1.0419296119050254
IL,2024-10-28,1.077972311690223
IL,2024-11-04,1.0355500171160308
IL,2024-11-11,1.0157878164096923
IL,2024-11-18,1.0130101947818366
IL,2024-11-25,1.0394048344338505
IL,2024-12-02,1.0825757488693502
IL,2024-12-09,1.080028483502149
IL,2024-12-16,1.0990732777443952
IL,2024-12-23,1.194188645453227
IL,2024-12-30,1.3298504836966707
IL,2025-01-06,1.2213872231341534
IL,2025-01-13,1.0151041259463365
IL,2025-01-20,0.9241082765317322
IL,2025-01-27,1.052877677579756
IL,2025-02-03,1.159696443528886
IL,2025-02-10,1.161891155554742
IL,2025-02-17,1.0295016236525538
IL,2025-02-24,0.9385905898000824
IL,2025-03-03,0.8373692907819771
IL,2025-03-10,0.8422933437950035
IL,2025-03-17,0.8595119695973923
IL,2025-03-24,0.8680773706747765
IL,2025-03-31,0.8853898797549501
IL,2025-04-07,0.8752671571359879
IL,2025-04-14,0.8823284723991096
IL,2025-04-21,0.9356244659038994
IL,2025-04-28,0.9457356542806794
IL,2025-05-05,0.9585795770154704
IL,2025-05-12,0.9384811370793368
IL,2025-05-19,0.9312621534247868
IL,2025-05-26,0.9727159573711192
IL,2025-06-02,0.9955147208248564
IL,2025-06-09,0.969185994146822
IL,2025-06-16,0.9087082681843668
IL,2025-06-23,0.8673234309059138
IL,2025-06-30,0.8901122658658458
IL,2025-07-07,0.9630864291997364
IL,2025-07-14,0.9426193296260198
IL,2025-07-21,0.9892855194163046
IL,2025-07-28,0.9896441952395918
IL,2025-08-04,1.039118421744304
IL,2025-08-11,1.0236994437360845
IL,2025-08-18,1.02834763904443
IL,2025-08-25,1.1222511433971056
IL,2025-09-01,1.2883749307000347
IL,2025-09-08,1.341299347951371
IL,2025-09-15,1.207357625248121
IN,2016-10-10,1.0
IN,2016-10-17,0.9104134753541118
IN,2016-10-24,0.8529166524557616
IN,2016-10-31,0.8980634726596367
IN,2016-11-07,1.1081325793911994
IN,2016-11-14,1.123157676034238
IN,2016-11-21,1.036771969625184
IN,2016-11-28,1.0328840788178284
IN,2016-12-05,1.0825621810749289
IN,2016-12-12,1.1865317782942246
IN,2016-12-19,1.096774377020122
IN,2016-12-26,1.1350658785178729
IN,2017-01-02,1.3505769548872355
IN,2017-01-09,1.1713814765341792
IN,2017-01-16,1.1618251734003635
IN,2017-01-23,0.9246763152334252
IN,2017-01-30,1.1910701314895693
IN,2017-02-06,1.259968778732819
IN,2017-02-13,1.2290408667940214
IN,2017-02-20,1.1506757843491218
IN,2017-02-27,1.0136650527077864
IN,2017-03-06,0.8846360917176596
IN,2017-03-13,1.0212287093430406
IN,2017-03-20,1.0048186376134631
IN,2017-03-27,1.0592145183812476
IN,2017-04-03,0.8201433639755099
IN,2017-04-10,0.8849202217244898
IN,2017-04-17,0.7975454118228623
IN,2017-04-24,0.898642860398852
IN,2017-05-01,0.829531325554512
IN,2017-05-08,0.9979587483233396
IN,2017-05-15,0.816610889049426
IN,2017-05-22,0.9091606986566244
IN,2017-05-29,0.8708229378610159
IN,2017-06-05,0.9898338380326988
IN,2017-06-12,0.9340846442239886
IN,2017-06-19,0.9196960256015984
IN,2017-06-26,0.8918256894326686
IN,2017-07-03,0.9032143367501196
IN,2017-07-10,0.9656464680149358
IN,2017-07-17,1.0279939287093482
IN,2017-07-24,1.2068573823489253
IN,2017-07-31,1.1244052518031449
IN,2017-08-07,1.2402163870447576
IN,2017-08-14,1.1833040631744152
IN,2017-08-21,1.1552769644476282
IN,2017-08-28,1.0960544283999103
IN,2017-09-04,1.0387282331490004
IN,2017-09-11,1.1976907952260905
IN,2017-09-18,1.049109894940031
IN,2017-09-25,1.0423836831438311
IN,2017-10-02,1.0766658119892885
IN,2017-10-09,1.0292788097552874
IN,2017-10-16,1.046372337764896
IN,2017-10-23,0.9483812177247954
IN,2017-10-30,1.0752305113667726
IN,2017-11-06,1.0645449298114342
IN,2017-11-13,1.0011821542202397
IN,2017-11-20,0.9501412349638249
IN,2017-11-27,1.0230989487534443
IN,2017-12-04,1.159127941050104
IN,2017-12-11,1.2177893313761183
IN,2017-12-18,1.117707804407134
IN,2017-12-25,1.363400321456807
IN,2018-01-01,1.471005888517937
IN,2018-01-08,1.391295825992595
IN,2018-01-15,1.1400875780563886
IN,2018-01-22,0.9873016552097108
IN,2018-01-29,1.0820000386445965
IN,2018-02-05,1.0205822894064882
IN,2018-02-12,1.052779723173636
IN,2018-02-19,0.928084306882196
IN,2018-02-26,0.8258315626999564
IN,2018-03-05,0.806252581285486
IN,2018-03-12,0.8057328520033658
IN,2018-03-19,0.9183197131439532
IN,2018-03-26,0.9306271555670752
IN,2018-04-02,0.9665440686669268
IN,2018-04-09,0.9026494460150882
IN,2018-04-16,0.9373208746255146
IN,2018-04-23,0.896382010476098
IN,2018-04-30,0.8822431218702717
IN,2018-05-07,0.897624798724894
IN,2018-05-14,0.8793146588229436
IN,2018-05-21,0.9681341994448128
IN,2018-05-28,0.958314067478998
IN,2018-06-04,1.0594484167854592
IN,2018-06-11,1.0493635771566183
IN,2018-06-18,0.825025314984379
IN,2018-06-25,1.073530176431303
IN,2018-07-02,1.0248123036188463
IN,2018-07-09,1.2530472391077094
IN,2018-07-16,1.003393274007142
IN,2018-07-23,1.0970015977297445
IN,2018-07-30,0.9653478558492244
IN,2018-08-06,0.9545421662246212
IN,2018-08-13,1.1391724088923183
IN,2018-08-20,1.1777360390850786
IN,2018-08-27,1.2522996445231418
IN,2018-09-03,1.0195155391777162
IN,2018-09-10,1.0047006514211627
IN,2018-09-17,1.1358308368942387
IN,2018-09-24,1.0102953866416169
IN,2018-10-01,1.1124173762363945
IN,2018-10-08,1.014035240560459
IN,2018-10-15,1.0622280421700463
IN,2018-10-22,0.9880580388936878
IN,2018-10-29,0.9768988880833492
IN,2018-11-05,1.0768922573313278
IN,2018-11-12,1.1278278204434553
IN,2018-11-19,1.0741292680959216
IN,2018-11-26,1.077889697957186
IN,2018-12-03,1.0572379653894133
IN,2018-12-10,1.046302673687082
IN,2018-12-17,1.060550862452309
IN,2018-12-24,1.282695079426767
IN,2018-12-31,1.3726512605541434
IN,2019-01-07,1.1674062089724029
IN,2019-01-14,0.981608934805451
IN,2019-01-21,0.9539242357013672
IN,2019-01-28,1.0600972725559177
IN,2019-02-04,1.187061836811997
IN,2019-02-11,1.0537342832632366
IN,2019-02-18,1.0874697615605111
IN,2019-02-25,1.0239413051159054
IN,2019-03-04,1.0865215086163456
IN,2019-03-11,1.0117879350723755
IN,2019-03-18,1.031301152410187
IN,2019-03-25,0.8604877012388247
IN,2019-04-01,0.9129788579582844
IN,2019-04-08,0.7429171290166124
IN,2019-04-15,0.8810420406078565
IN,2019-04-22,0.8801989745340582
IN,2019-04-29,0.8828974772733458
IN,2019-05-06,1.0045320346072268
IN,2019-05-13,0.9507788705091146
IN,2019-05-20,0.9792288281788432
IN,2019-05-27,0.8907992603291593
IN,2019-06-03,1.0936991410328512
IN,2019-06-10,1.0389562504498326
IN,2019-06-17,1.0647945819635851
IN,2019-06-24,0.8488703252047495
IN,2019-07-01,1.0991664900414009
IN,2019-07-08,1.0564351770253146
IN,2019-07-15,0.8864869344404589
IN,2019-07-22,1.237819480597376
IN,2019-07-29,1.1092292255908551
IN,2019-08-05,1.5382815130196217
IN,2019-08-12,1.0401584316287635
IN,2019-08-19,1.108538321034204
IN,2019-08-26,0.9252995285823404
IN,2019-09-02,1.1959134844847912
IN,2019-09-09,1.239446842058978
IN,2019-09-16,1.1872805981614547
IN,2019-09-23,1.0618407283631994
IN,2019-09-30,1.0270936427525257
IN,2019-10-07,1.2315281702453948
IN,2019-10-14,1.068243343473921
IN,2019-10-21,1.061190758225407
IN,2019-10-28,1.016039021710246
IN,2019-11-04,1.131234772594874
IN,2019-11-11,1.1429357709484524
IN,2019-11-18,1.1263191451174273
IN,2019-11-25,0.9931172658889216
IN,2019-12-02,1.2796055290408268
IN,2019-12-09,1.137935232516834
IN,2019-12-16,1.260265901691375
IN,2019-12-23,1.1272129813057394
IN,2019-12-30,1.3587679115763511
IN,2020-01-06,1.1778649279633815
IN,2020-01-13,0.9932134856770252
IN,2020-01-20,0.8504396766262954
IN,2020-01-27,1.1049535505765802
IN,2020-02-03,1.2401429260226782
IN,2020-02-10,1.2193377246670525
IN,2020-02-17,1.0243144123175472
IN,2020-02-24,0.9284184964122189
IN,2020-03-02,1.009810924719584
IN,2020-03-09,0.9810936681810448
IN,2020-03-16,0.9476764519323532
IN,2020-03-23,0.9316913437956204
IN,2020-03-30,0.8526355273969132
IN,2020-04-06,0.8528870700433199
IN,2020-04-13,0.693496296404545
IN,2020-04-20,0.7701095780605313
IN,2020-04-27,0.796841785477712
IN,2020-05-04,0.8864587463209969
IN,2020-05-11,0.923901276091637
IN,2020-05-18,0.842739595289952
IN,2020-05-25,0.8319908030815762
IN,2020-06-01,0.9637478609065168
IN,2020-06-08,1.007242838356955
IN,2020-06-15,1.556014887881404
IN,2020-06-22,1.343971697232737
IN,2020-06-29,1.459192663582979
IN,2020-07-06,0.9543685177651005
IN,2020-07-13,0.9779812542653036
IN,2020-07-20,1.2644260522666726
IN,2020-07-27,1.3073417976491026
IN,2020-08-03,1.3729811274399095
IN,2020-08-10,1.0343314714256997
IN,2020-08-17,0.9150458100306328
IN,2020-08-24,1.1535027343532378
IN,2020-08-31,0.9998111815931412
IN,2020-09-07,1.0895201873757985
IN,2020-09-14,0.9679485352176984
IN,2020-09-21,0.9979535328626375
IN,2020-09-28,1.139953107782994
IN,2020-10-05,0.931853757964508
IN,2020-10-12,1.0444650746792494
IN,2020-10-19,0.8895468704721438
IN,2020-10-26,1.0415587877901047
IN,2020-11-02,1.0947228138264995
IN,2020-11-09,1.0954107290635964
IN,2020-11-16,1.080422101054155
IN,2020-11-23,1.0020570437398248
IN,2020-11-30,0.9794845822964152
IN,2020-12-07,0.9524747676776532
IN,2020-12-14,0.941780253779404
IN,2020-12-21,0.8996387063554555
IN,2020-12-28,0.9333209948410904
IN,2021-01-04,1.0143108029208845
IN,2021-01-11,1.006418691563293
IN,2021-01-18,0.9504461338910924
IN,2021-01-25,0.9064298364292092
IN,2021-02-01,0.9894562892885772
IN,2021-02-08,0.9658605900360552
IN,2021-02-15,0.978035973817252
IN,2021-02-22,0.919229385403394
IN,2021-03-01,1.0156215854958617
IN,2021-03-08,0.939754826723307
IN,2021-03-15,0.967460667914609
IN,2021-03-22,1.0052498983941904
IN,2021-03-29,1.0665358931113464
IN,2021-04-05,1.113065849551142
IN,2021-04-12,1.0187370831104192
IN,2021-04-19,1.0241812937885613
IN,2021-04-26,0.9990366040855078
IN,2021-05-03,1.092643078039959
IN,2021-05-10,1.066077504653503
IN,2021-05-17,1.082429167874542
IN,2021-05-24,0.9813367086119332
IN,2021-05-31,1.0116465195478737
IN,2021-06-07,1.0125195412524748
IN,2021-06-14,1.0152259135685249
IN,2021-06-21,1.0095975884212702
IN,2021-06-28,0.9822210206316656
IN,2021-07-05,1.027330324051794
IN,2021-07-12,1.016020324163966
IN,2021-07-19,1.054850589077944
IN,2021-07-26,1.098244219700213
IN,2021-08-02,1.1564884520024603
IN,2021-08-09,1.1330840765472292
IN,2021-08-16,1.0930717889639705
IN,2021-08-23,1.116141682790233
IN,2021-08-30,1.1168565101782038
IN,2021-09-06,1.0637912230640552
IN,2021-09-13,0.96538193673772
IN,2021-09-20,0.915414569478486
IN,2021-09-27,0.9162709853010282
IN,2021-10-04,0.9176121207416936
IN,2021-10-11,0.9620176475979704
IN,2021-10-18,0.9693273404960476
IN,2021-10-25,0.9690034284137132
IN,2021-11-01,1.0047924197511764
IN,2021-11-08,1.0301831715675127
IN,2021-11-15,1.0713902135758984
IN,2021-11-22,1.0243453904191169
IN,2021-11-29,1.0466253664992236
IN,2021-12-06,1.1319023004015931
IN,2021-12-13,1.0827843978140432
IN,2021-12-20,1.1136277909788044
IN,2021-12-27,1.0748708575486186
IN,2022-01-03,1.1731220137972798
IN,2022-01-10,1.05447349509119
IN,2022-01-17,0.9561568611625744
IN,2022-01-24,0.8185561347795183
IN,2022-01-31,0.808770506989937
IN,2022-02-07,0.8042918668605529
IN,2022-02-14,0.7957001835501019
IN,2022-02-21,0.9660890599859012
IN,2022-02-28,0.9593999507788952
IN,2022-03-07,1.1940904290316836
IN,2022-03-14,1.0732516254190687
IN,2022-03-21,1.1913767599671952
IN,2022-03-28,1.0128683046641975
IN,2022-04-04,1.0866860628442738
IN,2022-04-11,0.9901822558059116
IN,2022-04-18,0.9765327354760328
IN,2022-04-25,0.969756059083676
IN,2022-05-02,1.0361350825317353
IN,2022-05-09,1.0396347830684711
IN,2022-05-16,1.029250986628624
IN,2022-05-23,0.975564968411618
IN,2022-05-30,0.9786141394182784
IN,2022-06-06,1.0127297767310277
IN,2022-06-13,0.9602121715431448
IN,2022-06-20,0.9352060299983216
IN,2022-06-27,0.9308082838374164
IN,2022-07-04,0.9964251310601424
IN,2022-07-11,1.0160355090189903
IN,2022-07-18,0.9803977913460502
IN,2022-07-25,1.002543073162704
IN,2022-08-01,1.0508556315482802
IN,2022-08-08,1.0197676124460275
IN,2022-08-15,1.0527530077407612
IN,2022-08-22,1.030814002190474
IN,2022-08-29,1.090914402213082
IN,2022-09-05,1.0447752355879183
IN,2022-09-12,1.0233850006724383
IN,2022-09-19,0.998097749235514
IN,2022-09-26,1.0273143497820354
IN,2022-10-03,1.114471617270144
IN,2022-10-10,1.1374430793627737
IN,2022-10-17,1.0819788268311905
IN,2022-10-24,1.0312892159172722
IN,2022-10-31,1.0877886813770368
IN,2022-11-07,1.2433234446894534
IN,2022-11-14,1.2053514544445256
IN,2022-11-21,1.1571388152084587
IN,2022-11-28,1.1395166946780193
IN,2022-12-05,1.2454328549917997
IN,2022-12-12,1.1539866833404695
IN,2022-12-19,0.9756029130569536
IN,2022-12-26,0.8670582978023644
IN,2023-01-02,0.8700751460196433
IN,2023-01-09,0.7678123953910568
IN,2023-01-16,0.7238912765385973
IN,2023-01-23,0.7315513294202689
IN,2023-01-30,0.8939688044836487
IN,2023-02-06,1.0122673520585224
IN,2023-02-13,1.025911525017001
IN,2023-02-20,1.0061047646925936
IN,2023-02-27,0.9514808870958112
IN,2023-03-06,1.0205289659478314
IN,2023-03-13,0.9769999660524172
IN,2023-03-20,1.0291566014623388
IN,2023-03-27,0.9725117583601866
IN,2023-04-03,1.013452054477873
IN,2023-04-10,0.9222448411910004
IN,2023-04-17,0.9432943645155238
IN,2023-04-24,0.9398548299827824
IN,2023-05-01,1.029033766905139
IN,2023-05-08,1.0051142325254474
IN,2023-05-15,0.9894071759551892
IN,2023-05-22,0.9486787003575512
IN,2023-05-29,0.9790298271605832
IN,2023-06-05,0.9881913973241412
IN,2023-06-12,0.9644140805931052
IN,2023-06-19,0.9264340071503996
IN,2023-06-26,0.9058937899529712
IN,2023-07-03,0.9481561570315132
IN,2023-07-10,0.9715199479873226
IN,2023-07-17,0.9674876380424788
IN,2023-07-24,0.9810227801966488
IN,2023-07-31,0.9810911361766474
IN,2023-08-07,1.0924974876419775
IN,2023-08-14,1.0698113435339165
IN,2023-08-21,1.147261508163512
IN,2023-08-28,1.1196382249909342
IN,2023-09-04,1.1792130347725098
IN,2023-09-11,1.099647723035786
IN,2023-09-18,0.9919457473513256
IN,2023-09-25,1.0378465139386517
IN,2023-10-02,1.0597621961904184
IN,2023-10-09,1.0797815004015092
IN,2023-10-16,1.0002635130771476
IN,2023-10-23,1.0094397223674585
IN,2023-10-30,1.0156982468124014
IN,2023-11-06,1.0519244408679282
IN,2023-11-13,1.0870422416361116
IN,2023-11-20,1.093794379167773
IN,2023-11-27,1.073473841206105
IN,2023-12-04,1.1261815495632348
IN,2023-12-11,1.0810579367142577
IN,2023-12-18,1.111461727931106
IN,2023-12-25,1.081339058611875
IN,2024-01-01,1.177919161343065
IN,2024-01-08,1.036810503054521
IN,2024-01-15,0.9415414996251162
IN,2024-01-22,0.8427553623859665
IN,2024-01-29,0.9451221372836456
IN,2024-02-05,1.0820663069263312
IN,2024-02-12,1.0757221369960983
IN,2024-02-19,1.0446965874398804
IN,2024-02-26,0.94400594306179
IN,2024-03-04,1.002711966423517
IN,2024-03-11,0.9507791579511254
IN,2024-03-18,0.9369904325305776
IN,2024-03-25,0.8640623745646302
IN,2024-04-01,0.9489364248702822
IN,2024-04-08,0.9103933878523722
IN,2024-04-15,0.931706569773095
IN,2024-04-22,0.8570797703921812
IN,2024-04-29,0.9454754857168008
IN,2024-05-06,0.973969973334934
IN,2024-05-13,0.9638146966901064
IN,2024-05-20,0.9651702814090258
IN,2024-05-27,0.944962808024348
IN,2024-06-03,1.031346771236034
IN,2024-06-10,0.9505745287298152
IN,2024-06-17,0.9412047303905922
IN,2024-06-24,0.880088981642327
IN,2024-07-01,1.010681119940065
IN,2024-07-08,0.9930831251016954
IN,2024-07-15,1.0549608882544357
IN,2024-07-22,0.9631191546366552
IN,2024-07-29,1.048719496916358
IN,2024-08-05,1.0857676219407613
IN,2024-08-12,1.0787230297497874
IN,2024-08-19,1.1156678532543975
IN,2024-08-26,1.109266108783131
IN,2024-09-02,1.1268250138595948
IN,2024-09-09,1.0328963237764053
IN,2024-09-16,0.973813647398374
IN,2024-09-23,0.9722835440796784
IN,2024-09-30,0.9985204846125616
IN,2024-10-07,1.038340192969742
IN,2024-10-14,1.029574842086765
IN,2024-10-21,1.0650952105371154
IN,2024-10-28,1.0198048233772548
IN,2024-11-04,1.0601791778139211
IN,2024-11-11,0.9845717198241218
IN,2024-11-18,1.0187293766942846
IN,2024-11-25,1.024140319372991
IN,2024-12-02,1.1166764844139545
IN,2024-12-09,1.0625109932251044
IN,2024-12-16,1.0800309758244473
IN,2024-12-23,1.10025652971981
IN,2024-12-30,1.24495127756093
IN,2025-01-06,1.2030879800666194
IN,2025-01-13,0.9920743413559956
IN,2025-01-20,0.952523129197032
IN,2025-01-27,1.0338075274529437
IN,2025-02-03,1.3117092938610668
IN,2025-02-10,1.2337503911755812
IN,2025-02-17,1.1053561037941373
IN,2025-02-24,0.8893573469833939
IN,2025-03-03,0.8680043632961544
IN,2025-03-10,0.8313058062906273
IN,2025-03-17,0.8207963984702864
IN,2025-03-24,0.7944824174250564
IN,2025-03-31,0.8320243728692879
IN,2025-04-07,0.8962141123917471
IN,2025-04-14,0.8903601413016781
IN,2025-04-21,0.9328950592381144
IN,2025-04-28,0.9329784471656714
IN,2025-05-05,0.973710458931368
IN,2025-05-12,0.9578357156410748
IN,2025-05-19,0.9475588585607164
IN,2025-05-26,0.9694604912156158
IN,2025-06-02,1.0232231265901524
IN,2025-06-09,0.9648456460701084
IN,2025-06-16,0.9343758113837042
IN,2025-06-23,0.8693341745775911
IN,2025-06-30,0.9221884250940834
IN,2025-07-07,0.9890609938215524
IN,2025-07-14,0.9775702604723624
IN,2025-07-21,0.9732291415975024
IN,2025-07-28,0.9726152848422288
IN,2025-08-04,1.0692428349786622
IN,2025-08-11,1.0893457051836672
IN,2025-08-18,1.0810156475165356
IN,2025-08-25,1.1136995066988018
IN,2025-09-01,1.2019247499031989
IN,2025-09-08,1.144756380649492
IN,2025-09-15,1.0382117917398348
KS,2016-10-10,1.0
KS,2016-10-17,0.9366158148168188
KS,2016-10-24,1.056718322705109
KS,2016-10-31,0.9653821602631848
KS,2016-11-07,1.046992560374958
KS,2016-11-14,0.9850897948639664
KS,2016-11-21,1.086290908808275
KS,2016-11-28,1.2123930427864196
KS,2016-12-05,1.1120761133405932
KS,2016-12-12,1.1056763923833106
KS,2016-12-19,0.9690345832643722
KS,2016-12-26,1.17960691019837
KS,2017-01-02,1.1742673584509342
KS,2017-01-09,1.1803988221138788
KS,2017-01-16,1.064373705610044
KS,2017-01-23,1.186447759101798
KS,2017-01-30,1.1736652860380747
KS,2017-02-06,1.2919463303255547
KS,2017-02-13,1.22310007062543
KS,2017-02-20,1.147001158399835
KS,2017-02-27,0.9386693179942244
KS,2017-03-06,0.8103746544374073
KS,2017-03-13,0.8482808540812191
KS,2017-03-20,0.888256740074066
KS,2017-03-27,0.9637556986047516
KS,2017-04-03,0.8806666329543605
KS,2017-04-10,0.8659093821426463
KS,2017-04-17,0.7631012828134087
KS,2017-04-24,0.8540033270745097
KS,2017-05-01,0.8324866356605116
KS,2017-05-08,0.9348677382288376
KS,2017-05-15,0.8883828876913823
KS,2017-05-22,0.8439418421902956
KS,2017-05-29,0.8934845930611184
KS,2017-06-05,0.9594920277946
KS,2017-06-12,1.00523810776114
KS,2017-06-19,0.9180134911654936
KS,2017-06-26,0.9251287525190728
KS,2017-07-03,1.0015185288280306
KS,2017-07-10,1.0521268652272624
KS,2017-07-17,0.8819116641707866
KS,2017-07-24,0.9715427899213572
KS,2017-07-31,1.2047531541101866
KS,2017-08-07,1.1626698708666836
KS,2017-08-14,1.1479856650445066
KS,2017-08-21,0.922014449669286
KS,2017-08-28,1.1631104312598015
KS,2017-09-04,1.0220707845795145
KS,2017-09-11,1.1330268813422657
KS,2017-09-18,0.99125317700246
KS,2017-09-25,1.314321227877667
KS,2017-10-02,1.14151617043498
KS,2017-10-09,1.3001057109305356
KS,2017-10-16,1.0545083479679618
KS,2017-10-23,1.0871660411333297
KS,2017-10-30,1.064344492269635
KS,2017-11-06,1.0460128715108716
KS,2017-11-13,1.1356446333786756
KS,2017-11-20,1.1132276974227395
KS,2017-11-27,1.137937901243554
KS,2017-12-04,1.0071488506992323
KS,2017-12-11,1.1107548664586762
KS,2017-12-18,1.2109060203930266
KS,2017-12-25,1.4438701981867126
KS,2018-01-01,1.385191279625063
KS,2018-01-08,1.2357055805106445
KS,2018-01-15,1.1017057784674011
KS,2018-01-22,1.0788491851782258
KS,2018-01-29,1.0707635843546943
KS,2018-02-05,1.070492412145856
KS,2018-02-12,1.0310116126091569
KS,2018-02-19,1.005956636053818
KS,2018-02-26,0.9104122360921456
KS,2018-03-05,0.8053842502813169
KS,2018-03-12,0.7700117588135965
KS,2018-03-19,0.7591514804154142
KS,2018-03-26,0.8640036403066201
KS,2018-04-02,0.8586281575771669
KS,2018-04-09,0.9015766059169656
KS,2018-04-16,0.8648906762086629
KS,2018-04-23,0.8603211232371927
KS,2018-04-30,0.8636595162374566
KS,2018-05-07,0.8490957667694216
KS,2018-05-14,0.904075844511008
KS,2018-05-21,0.9977513732521832
KS,2018-05-28,1.1047884218303006
KS,2018-06-04,0.9987845324098468
KS,2018-06-11,0.975840514345882
KS,2018-06-18,0.8899368832532141
KS,2018-06-25,0.8250544541469428
KS,2018-07-02,1.3770007031566112
KS,2018-07-09,1.2399250877958734
KS,2018-07-16,1.3439030993142231
KS,2018-07-23,0.8593074913262377
KS,2018-07-30,0.989281900405674
KS,2018-08-06,1.0831084340204316
KS,2018-08-13,0.984305531305054
KS,2018-08-20,1.0063549972592707
KS,2018-08-27,1.114354024516861
KS,2018-09-03,1.05308371156234
KS,2018-09-10,1.2709217458670965
KS,2018-09-17,1.1755751478687948
KS,2018-09-24,1.1458033041298137
KS,2018-10-01,1.0044013402763423
KS,2018-10-08,1.1544184065286025
KS,2018-10-15,1.1813955201670037
KS,2018-10-22,1.1662731541125473
KS,2018-10-29,1.02441621028789
KS,2018-11-05,1.0610568093952206
KS,2018-11-12,1.0812240225668417
KS,2018-11-19,1.041607376124986
KS,2018-11-26,1.0653588801023504
KS,2018-12-03,1.0255415729124764
KS,2018-12-10,1.002446975298406
KS,2018-12-17,1.0783542418657217
KS,2018-12-24,1.114579390162061
KS,2018-12-31,1.3191873068891848
KS,2019-01-07,1.14271252480081
KS,2019-01-14,1.130006283333087
KS,2019-01-21,0.9766710865949196
KS,2019-01-28,1.051686062379122
KS,2019-02-04,1.250320934481724
KS,2019-02-11,1.1300948849444434
KS,2019-02-18,1.1874788070330164
KS,2019-02-25,1.015736067549839
KS,2019-03-04,1.1126216130471385
KS,2019-03-11,0.9856277767377092
KS,2019-03-18,0.936324827526253
KS,2019-03-25,0.8127287658185148
KS,2019-04-01,0.8735568874662851
KS,2019-04-08,0.7911634319064728
KS,2019-04-15,0.8309029386028893
KS,2019-04-22,0.8008267024140832
KS,2019-04-29,0.8744190812627003
KS,2019-05-06,0.9382000290445816
KS,2019-05-13,0.9087364159282634
KS,2019-05-20,0.9603482328321372
KS,2019-05-27,0.937499931235074
KS,2019-06-03,1.0441388004786876
KS,2019-06-10,0.9791610996355684
KS,2019-06-17,0.9707277132652068
KS,2019-06-24,0.8831819184542976
KS,2019-07-01,0.9798406357118306
KS,2019-07-08,0.9171382440207712
KS,2019-07-15,0.9323685764709536
KS,2019-07-22,0.989409758877121
KS,2019-07-29,1.0020265616752708
KS,2019-08-05,1.1683890552154768
KS,2019-08-12,0.9873281829253804
KS,2019-08-19,1.0525301609506716
KS,2019-08-26,0.9582958740888734
KS,2019-09-02,1.267026123713395
KS,2019-09-09,1.2446907289290408
KS,2019-09-16,1.1851352977415317
KS,2019-09-23,0.9514134669478148
KS,2019-09-30,1.0178753129257896
KS,2019-10-07,1.2058113821584655
KS,2019-10-14,1.1324226093611052
KS,2019-10-21,1.1007474436652145
KS,2019-10-28,0.9661177290548004
KS,2019-11-04,1.159581088889682
KS,2019-11-11,1.0831227950787632
KS,2019-11-18,1.119776168836906
KS,2019-11-25,0.9615294986888774
KS,2019-12-02,1.3269823056465953
KS,2019-12-09,1.1608183470496958
KS,2019-12-16,1.3085670863298495
KS,2019-12-23,1.1423348645973304
KS,2019-12-30,1.370890552690642
KS,2020-01-06,1.3055295505866122
KS,2020-01-13,1.0621739491899025
KS,2020-01-20,0.965865990803056
KS,2020-01-27,0.9272952734143474
KS,2020-02-03,1.2822965640817363
KS,2020-02-10,1.1732499711179427
KS,2020-02-17,1.128087955821815
KS,2020-02-24,0.8631205486269272
KS,2020-03-02,1.0210748347436402
KS,2020-03-09,0.9566228111382324
KS,2020-03-16,0.9940705430316252
KS,2020-03-23,0.9697983841788458
KS,2020-03-30,0.997714462057875
KS,2020-04-06,0.928588112653174
KS,2020-04-13,0.7189814619079571
KS,2020-04-20,0.7330754508684316
KS,2020-04-27,0.7881670688712228
KS,2020-05-04,0.9380651869703333
KS,2020-05-11,0.8582775048600042
KS,2020-05-18,0.9029700208751484
KS,2020-05-25,0.8051267948285612
KS,2020-06-01,1.1227527953964442
KS,2020-06-08,0.942466899540764
KS,2020-06-15,1.0632192807489933
KS,2020-06-22,0.9248007915641224
KS,2020-06-29,1.1006033424332458
KS,2020-07-06,1.2653200846848849
KS,2020-07-13,1.2267807480699922
KS,2020-07-20,1.1581293153767307
KS,2020-07-27,1.0010665381848305
KS,2020-08-03,1.0103610564944312
KS,2020-08-10,0.9201019272987876
KS,2020-08-17,0.905474093899307
KS,2020-08-24,0.9006025254728799
KS,2020-08-31,1.08113864532295
KS,2020-09-07,1.0765360179582029
KS,2020-09-14,1.0116816053805893
KS,2020-09-21,0.9730498898263692
KS,2020-09-28,0.9680368500470592
KS,2020-10-05,1.143452042122165
KS,2020-10-12,1.0216364980805115
KS,2020-10-19,0.9971631891070952
KS,2020-10-26,0.9947886034345644
KS,2020-11-02,1.1252955927082504
KS,2020-11-09,1.1984911400255578
KS,2020-11-16,1.0583799383543688
KS,2020-11-23,0.9946109252450468
KS,2020-11-30,0.9223693777175146
KS,2020-12-07,1.0492507514024654
KS,2020-12-14,0.9519385834589909
KS,2020-12-21,1.0045953996598906
KS,2020-12-28,0.8582926825056576
KS,2021-01-04,1.033992263585065
KS,2021-01-11,0.931985966443688
KS,2021-01-18,0.9540995158765098
KS,2021-01-25,0.8777753529708224
KS,2021-02-01,1.004038921698143
KS,2021-02-08,0.9772317668149172
KS,2021-02-15,0.9402485375568648
KS,2021-02-22,0.9176046120357056
KS,2021-03-01,0.9939045657483516
KS,2021-03-08,0.9910910112204718
KS,2021-03-15,0.9570867847384594
KS,2021-03-22,0.9619373719361184
KS,2021-03-29,1.0321462397543495
KS,2021-04-05,1.1511827862359774
KS,2021-04-12,1.0383858690984862
KS,2021-04-19,1.0341124360263458
KS,2021-04-26,0.9439884597647248
KS,2021-05-03,1.124953286807018
KS,2021-05-10,1.0792307025804613
KS,2021-05-17,1.0513938838551449
KS,2021-05-24,0.988593393312572
KS,2021-05-31,0.988059307245507
KS,2021-06-07,1.1449619334316758
KS,2021-06-14,1.0658171953691975
KS,2021-06-21,1.1081146803743551
KS,2021-06-28,0.9670505015711366
KS,2021-07-05,1.1607127695547412
KS,2021-07-12,1.0867883283190396
KS,2021-07-19,1.110117498415838
KS,2021-07-26,1.03923475444528
KS,2021-08-02,1.1570705418396292
KS,2021-08-09,1.171574656729971
KS,2021-08-16,1.0372318047002795
KS,2021-08-23,1.032249814789374
KS,2021-08-30,1.0162017668493024
KS,2021-09-06,1.1240618020016615
KS,2021-09-13,1.0319477142096745
KS,2021-09-20,0.9497187544851244
KS,2021-09-27,0.8937848950511016
KS,2021-10-04,0.955131215792835
KS,2021-10-11,1.003805506623998
KS,2021-10-18,0.9670376121240202
KS,2021-10-25,0.9618919881299696
KS,2021-11-01,1.006126381904164
KS,2021-11-08,0.9975775047482476
KS,2021-11-15,1.0188618999021015
KS,2021-11-22,0.980483673543738
KS,2021-11-29,1.050703786992801
KS,2021-12-06,1.1851460539996068
KS,2021-12-13,1.141246412269778
KS,2021-12-20,1.270584399859527
KS,2021-12-27,1.0554132487587284
KS,2022-01-03,1.2807101080270995
KS,2022-01-10,1.0440956010926166
KS,2022-01-17,1.0316176058656454
KS,2022-01-24,0.8126968981429049
KS,2022-01-31,0.8304259625782132
KS,2022-02-07,0.9140806540945612
KS,2022-02-14,0.8829738727052501
KS,2022-02-21,0.9225862853459212
KS,2022-02-28,0.9392428880562994
KS,2022-03-07,1.1737490831148056
KS,2022-03-14,1.1395074889396035
KS,2022-03-21,1.1560495025217403
KS,2022-03-28,0.9469197263253598
KS,2022-04-04,1.0801428964298785
KS,2022-04-11,0.9907558350687844
KS,2022-04-18,0.985619349129242
KS,2022-04-25,0.9491049835419196
KS,2022-05-02,1.0093915416715231
KS,2022-05-09,1.0068030622178772
KS,2022-05-16,0.9829375913845187
KS,2022-05-23,0.9703617558696568
KS,2022-05-30,0.9866537298450532
KS,2022-06-06,1.0425986795961977
KS,2022-06-13,0.9333214621849096
KS,2022-06-20,0.9762732127250536
KS,2022-06-27,0.890141970505103
KS,2022-07-04,1.0491613119791814
KS,2022-07-11,1.001072942343341
KS,2022-07-18,1.0195471553839794
KS,2022-07-25,0.963491478559262
KS,2022-08-01,1.0885294028828787
KS,2022-08-08,1.03898571747855
KS,2022-08-15,1.0139416835541564
KS,2022-08-22,0.907792383669058
KS,2022-08-29,1.0533102165665065
KS,2022-09-05,1.1158743814151462
KS,2022-09-12,1.08939972869062
KS,2022-09-19,0.9815252959231916
KS,2022-09-26,1.0092215444016346
KS,2022-10-03,1.1503716862804017
KS,2022-10-10,1.18962272945806
KS,2022-10-17,1.1364276311167745
KS,2022-10-24,1.007963857987396
KS,2022-10-31,1.1273166463900082
KS,2022-11-07,1.3321005544338635
KS,2022-11-14,1.298001283879706
KS,2022-11-21,1.2057662046437774
KS,2022-11-28,1.1516502362205765
KS,2022-12-05,1.2563515299363237
KS,2022-12-12,1.1539543520465183
KS,2022-12-19,0.9289542728814052
KS,2022-12-26,0.8574616849364431
KS,2023-01-02,0.9004461321180085
KS,2023-01-09,0.7812060131150198
KS,2023-01-16,0.7425359019017117
KS,2023-01-23,0.7178512714486659
KS,2023-01-30,0.9145747883067208
KS,2023-02-06,1.005294286103684
KS,2023-02-13,1.018868536622336
KS,2023-02-20,0.9749242597760608
KS,2023-02-27,0.9299709321500714
KS,2023-03-06,0.9686160201368812
KS,2023-03-13,0.9913394698224002
KS,2023-03-20,1.0218977366783322
KS,2023-03-27,0.9770252460502492
KS,2023-04-03,1.004919588853972
KS,2023-04-10,0.9267057189910244
KS,2023-04-17,0.9990125775327618
KS,2023-04-24,0.9046435114207052
KS,2023-05-01,1.0596320584340513
KS,2023-05-08,1.0139682051767518
KS,2023-05-15,1.0048187780409623
KS,2023-05-22,0.8980156511722476
KS,2023-05-29,0.9497354501925802
KS,2023-06-05,1.034397301963227
KS,2023-06-12,0.9871609585268732
KS,2023-06-19,0.953139633634104
KS,2023-06-26,0.9031524277966272
KS,2023-07-03,1.012394242223052
KS,2023-07-10,0.9700014919429492
KS,2023-07-17,0.941400687981953
KS,2023-07-24,0.9297280036643508
KS,2023-07-31,1.012637714223184
KS,2023-08-07,1.114896606640804
KS,2023-08-14,1.1271309210886171
KS,2023-08-21,1.033038432808704
KS,2023-08-28,1.0362583274557915
KS,2023-09-04,1.1487698038270462
KS,2023-09-11,1.1808072722868117
KS,2023-09-18,1.053291870460242
KS,2023-09-25,0.9740824083576056
KS,2023-10-02,1.0859541158318435
KS,2023-10-09,1.0751971038256938
KS,2023-10-16,1.0350660983965383
KS,2023-10-23,0.9859583949744098
KS,2023-10-30,1.0371614527426465
KS,2023-11-06,1.1307048886019242
KS,2023-11-13,1.1012082662175136
KS,2023-11-20,1.102691895074139
KS,2023-11-27,1.0416711526293805
KS,2023-12-04,1.156598319432854
KS,2023-12-11,1.1004180797871783
KS,2023-12-18,1.1198501165403958
KS,2023-12-25,1.073799022769406
KS,2024-01-01,1.2336095366376436
KS,2024-01-08,1.0689256200193882
KS,2024-01-15,0.966809126174306
KS,2024-01-22,0.7997874287352615
KS,2024-01-29,0.9313805809883292
KS,2024-02-05,1.1473450855037362
KS,2024-02-12,1.1286265844198444
KS,2024-02-19,1.081036189958349
KS,2024-02-26,0.946187455072968
KS,2024-03-04,1.1296188180020157
KS,2024-03-11,1.011777628396859
KS,2024-03-18,0.9769969320600383
KS,2024-03-25,0.7853300041301204
KS,2024-04-01,0.9620746910289184
KS,2024-04-08,0.9111932641333692
KS,2024-04-15,0.9522880803345084
KS,2024-04-22,0.8646581027968859
KS,2024-04-29,0.9228696721036522
KS,2024-05-06,0.9522769753678084
KS,2024-05-13,0.913901299281932
KS,2024-05-20,0.9411337588996512
KS,2024-05-27,0.9676263657076994
KS,2024-06-03,1.097278460677611
KS,2024-06-10,0.9797154754306492
KS,2024-06-17,0.9709690239918268
KS,2024-06-24,0.8412725000032814
KS,2024-07-01,1.0188898836630809
KS,2024-07-08,0.973720284781489
KS,2024-07-15,1.04952831837034
KS,2024-07-22,0.976021362286036
KS,2024-07-29,1.0748887275891008
KS,2024-08-05,1.126718399112373
KS,2024-08-12,1.0407293398440982
KS,2024-08-19,1.0196745904665552
KS,2024-08-26,1.0059423471589388
KS,2024-09-02,1.1488968013216996
KS,2024-09-09,1.096260546196384
KS,2024-09-16,1.0243747624326138
KS,2024-09-23,0.9571680318556116
KS,2024-09-30,0.9817931849879228
KS,2024-10-07,1.084743838874344
KS,2024-10-14,1.0598608259830993
KS,2024-10-21,1.0385741363610377
KS,2024-10-28,1.0244774599690134
KS,2024-11-04,1.0864025507468211
KS,2024-11-11,1.0569852868843366
KS,2024-11-18,1.0274859314119489
KS,2024-11-25,1.047009184164704
KS,2024-12-02,1.200932544313974
KS,2024-12-09,1.1274767657636835
KS,2024-12-16,1.12261455365391
KS,2024-12-23,1.1504258771148823
KS,2024-12-30,1.329438843656106
KS,2025-01-06,1.2947963945884828
KS,2025-01-13,1.0045135102204157
KS,2025-01-20,0.8915258291494093
KS,2025-01-27,0.9834345148137892
KS,2025-02-03,1.3190983477108449
KS,2025-02-10,1.2640848704449963
KS,2025-02-17,1.135274176602676
KS,2025-02-24,0.8286097330082484
KS,2025-03-03,0.879557118206541
KS,2025-03-10,0.8030022933030707
KS,2025-03-17,0.8541331367371902
KS,2025-03-24,0.7833245683929636
KS,2025-03-31,0.8257992229475185
KS,2025-04-07,0.9058467114016924
KS,2025-04-14,0.9038271284718944
KS,2025-04-21,0.9388634382196014
KS,2025-04-28,0.9250770131908936
KS,2025-05-05,0.9944107472827044
KS,2025-05-12,0.9608799148698992
KS,2025-05-19,0.9078074838283966
KS,2025-05-26,0.8855950221005737
KS,2025-06-02,1.0123680727902535
KS,2025-06-09,0.9559899158771232
KS,2025-06-16,0.978659408279123
KS,2025-06-23,0.8580955014841625
KS,2025-06-30,0.9679658519875508
KS,2025-07-07,1.0095786890809455
KS,2025-07-14,0.9891152568542492
KS,2025-07-21,0.975471290859416
KS,2025-07-28,0.903152699870844
KS,2025-08-04,1.130268210841647
KS,2025-08-11,1.0622455135663498
KS,2025-08-18,1.1276994374057203
KS,2025-08-25,1.0354005162494957
KS,2025-09-01,1.260162471167066
KS,2025-09-08,1.1726349434374634
KS,2025-09-15,1.1347267841801942
KY,2016-10-10,1.0
KY,2016-10-17,0.933843159373162
KY,2016-10-24,1.023707639946539
KY,2016-10-31,1.1157389938768516
KY,2016-11-07,1.0850807763925243
KY,2016-11-14,1.0429191640288245
KY,2016-11-21,1.053141570241788
KY,2016-11-28,1.085229082913159
KY,2016-12-05,1.1592689424239175
KY,2016-12-12,0.9464314538704092
KY,2016-12-19,1.113926224256123
KY,2016-12-26,1.4269812335366168
KY,2017-01-02,1.536607308401079
KY,2017-01-09,1.294236678106595
KY,2017-01-16,1.0169785113623515
KY,2017-01-23,1.064554673994773
KY,2017-01-30,1.2129196954462942
KY,2017-02-06,1.072138443682124
KY,2017-02-13,1.152277650317153
KY,2017-02-20,1.216916489007678
KY,2017-02-27,1.162795895879491
KY,2017-03-06,0.9465935219246278
KY,2017-03-13,0.905100472675056
KY,2017-03-20,0.9797318171152029
KY,2017-03-27,1.0911489337782692
KY,2017-04-03,0.920417822434859
KY,2017-04-10,0.8258164122514691
KY,2017-04-17,0.6483058150188054
KY,2017-04-24,0.7250580312020318
KY,2017-05-01,0.7286078761278563
KY,2017-05-08,0.8703009822821842
KY,2017-05-15,0.8372884251076861
KY,2017-05-22,0.8857532244856741
KY,2017-05-29,0.8803773402885536
KY,2017-06-05,0.9262584329196
KY,2017-06-12,0.8800999755608291
KY,2017-06-19,0.8430472536443013
KY,2017-06-26,0.9473629224107732
KY,2017-07-03,0.9830965194262214
KY,2017-07-10,1.0395687088565049
KY,2017-07-17,0.9671959896038744
KY,2017-07-24,0.9662203531007596
KY,2017-07-31,0.9889067398089676
KY,2017-08-07,1.007817437663669
KY,2017-08-14,1.0392988828278662
KY,2017-08-21,1.0872263166153702
KY,2017-08-28,1.0613366081303677
KY,2017-09-04,1.2685101331531172
KY,2017-09-11,1.1510258271843057
KY,2017-09-18,1.2055695468238103
KY,2017-09-25,1.0368485382549142
KY,2017-10-02,1.08247899156397
KY,2017-10-09,1.141241868942299
KY,2017-10-16,1.1711142435288793
KY,2017-10-23,1.161364143731382
KY,2017-10-30,1.1499840456947228
KY,2017-11-06,1.1108520638460655
KY,2017-11-13,1.11383131730299
KY,2017-11-20,1.1040419812163238
KY,2017-11-27,1.0299767454412898
KY,2017-12-04,1.085006043808634
KY,2017-12-11,1.136796291027199
KY,2017-12-18,1.2932046039599046
KY,2017-12-25,1.531633293044682
KY,2018-01-01,1.3569919259870828
KY,2018-01-08,1.3128123679652812
KY,2018-01-15,1.0679498902447333
KY,2018-01-22,1.068242145367978
KY,2018-01-29,0.9596639730379524
KY,2018-02-05,0.9717407275130464
KY,2018-02-12,1.0065215239886949
KY,2018-02-19,0.9900553145192098
KY,2018-02-26,0.9234102154391468
KY,2018-03-05,0.8227054935298396
KY,2018-03-12,0.8186107354231501
KY,2018-03-19,0.7212929829005957
KY,2018-03-26,0.8825069272811856
KY,2018-04-02,0.9064036635525125
KY,2018-04-09,0.9795269120110106
KY,2018-04-16,0.846261980949802
KY,2018-04-23,0.816131994460592
KY,2018-04-30,0.8233165701646463
KY,2018-05-07,0.8356851145106393
KY,2018-05-14,0.8799130114901079
KY,2018-05-21,0.8756244395550288
KY,2018-05-28,0.9354157882144232
KY,2018-06-04,0.8823184799208711
KY,2018-06-11,0.8691515429779609
KY,2018-06-18,0.9036463192881398
KY,2018-06-25,0.924119802135958
KY,2018-07-02,0.8918231291241473
KY,2018-07-09,0.9917377649883028
KY,2018-07-16,1.0113423195164104
KY,2018-07-23,1.1365245536471456
KY,2018-07-30,0.9788144223502128
KY,2018-08-06,0.893756670917727
KY,2018-08-13,1.094598074001557
KY,2018-08-20,1.208528928521675
KY,2018-08-27,1.4168333042672083
KY,2018-09-03,1.1476009602482866
KY,2018-09-10,1.2981139052487378
KY,2018-09-17,1.0878161743559287
KY,2018-09-24,1.0149409683492625
KY,2018-10-01,1.0121928811560583
KY,2018-10-08,1.232747459310263
KY,2018-10-15,1.3468448006780624
KY,2018-10-22,1.1556649603223337
KY,2018-10-29,1.0700313094757106
KY,2018-11-05,1.0787625841859476
KY,2018-11-12,1.050529922339403
KY,2018-11-19,1.0341534633440586
KY,2018-11-26,1.0187212396793155
KY,2018-12-03,1.0394670169015632
KY,2018-12-10,0.991788152812448
KY,2018-12-17,1.1768127501325132
KY,2018-12-24,1.2333307464533851
KY,2018-12-31,1.3439861138649047
KY,2019-01-07,1.0689876091312716
KY,2019-01-14,1.0649902083344758
KY,2019-01-21,1.0996833655312677
KY,2019-01-28,1.2642049787958909
KY,2019-02-04,1.2482957820289668
KY,2019-02-11,1.1061446093983345
KY,2019-02-18,0.9676285064902058
KY,2019-02-25,0.9787302002879888
KY,2019-03-04,0.8672373859042946
KY,2019-03-11,0.8731179852819305
KY,2019-03-18,0.9089981223097072
KY,2019-03-25,0.9906488161616456
KY,2019-04-01,0.9153201920334696
KY,2019-04-08,0.7800297339828076
KY,2019-04-15,0.6995873149475903
KY,2019-04-22,0.7702397652939352
KY,2019-04-29,0.788865350842979
KY,2019-05-06,0.8843214301937002
KY,2019-05-13,0.931259475374454
KY,2019-05-20,0.9956781471607928
KY,2019-05-27,0.9299841963360468
KY,2019-06-03,0.942605202951824
KY,2019-06-10,0.8840678430480199
KY,2019-06-17,0.9632855590762828
KY,2019-06-24,0.9695651689541188
KY,2019-07-01,0.9989443630675714
KY,2019-07-08,1.1926619759662695
KY,2019-07-15,0.9376115936581526
KY,2019-07-22,1.203315240770401
KY,2019-07-29,0.9947763212571882
KY,2019-08-05,1.120735559753837
KY,2019-08-12,0.9305319800296504
KY,2019-08-19,1.1214171909565558
KY,2019-08-26,1.212323249673359
KY,2019-09-02,1.2953039771898336
KY,2019-09-09,1.1871609276896866
KY,2019-09-16,1.1357208061389366
KY,2019-09-23,1.154160463363919
KY,2019-09-30,1.1253243217861366
KY,2019-10-07,1.1050791494927683
KY,2019-10-14,0.9614976945101515
KY,2019-10-21,1.022472567301861
KY,2019-10-28,1.100022772110894
KY,2019-11-04,1.153482065398711
KY,2019-11-11,1.080984046187899
KY,2019-11-18,1.121241333439616
KY,2019-11-25,1.1106566552176302
KY,2019-12-02,1.1227994586617238
KY,2019-12-09,1.092745963787647
KY,2019-12-16,1.1918268664896354
KY,2019-12-23,1.2228089560376911
KY,2019-12-30,1.3805438589750438
KY,2020-01-06,1.1315492494087565
KY,2020-01-13,1.0114694468972585
KY,2020-01-20,0.9512940253860128
KY,2020-01-27,1.0911162324957655
KY,2020-02-03,1.2106783422333904
KY,2020-02-10,1.123074662559694
KY,2020-02-17,1.056954272229903
KY,2020-02-24,0.9440375452821528
KY,2020-03-02,0.8930132313293788
KY,2020-03-09,0.9585949147942512
KY,2020-03-16,0.9782862195355424
KY,2020-03-23,0.919779455227844
KY,2020-03-30,0.7986125344781035
KY,2020-04-06,0.7204133876609157
KY,2020-04-13,0.7366990621665896
KY,2020-04-20,0.7597084326986745
KY,2020-04-27,0.852567927374573
KY,2020-05-04,0.8721275679484235
KY,2020-05-11,0.8670889152465772
KY,2020-05-18,0.8608799269159526
KY,2020-05-25,0.8121832530442541
KY,2020-06-01,0.8850823035054555
KY,2020-06-08,0.9922193389869508
KY,2020-06-15,0.9586859131485062
KY,2020-06-22,1.044647116630244
KY,2020-06-29,0.9356929785876952
KY,2020-07-06,1.3430871087493252
KY,2020-07-13,1.2524265248530526
KY,2020-07-20,1.268271905648716
KY,2020-07-27,1.0491787074881471
KY,2020-08-03,1.0746356698171098
KY,2020-08-10,1.010166108929034
KY,2020-08-17,0.935399743348693
KY,2020-08-24,0.9367661565252168
KY,2020-08-31,1.069851006453086
KY,2020-09-07,1.0420381222040134
KY,2020-09-14,1.053724381984344
KY,2020-09-21,0.9752923901630124
KY,2020-09-28,1.0018192821791152
KY,2020-10-05,1.1109875004009084
KY,2020-10-12,1.0533106344224623
KY,2020-10-19,1.0711898138142664
KY,2020-10-26,1.044268957343707
KY,2020-11-02,1.0583810687602773
KY,2020-11-09,1.1119949797653028
KY,2020-11-16,1.0278087491246706
KY,2020-11-23,1.0203427660854951
KY,2020-11-30,1.0203135163237096
KY,2020-12-07,0.9995983849969288
KY,2020-12-14,0.9628692455728592
KY,2020-12-21,0.9143130262640085
KY,2020-12-28,0.9259281734022846
KY,2021-01-04,1.0512301460960412
KY,2021-01-11,1.018563115300853
KY,2021-01-18,1.0213771407184338
KY,2021-01-25,0.9530063903354616
KY,2021-02-01,0.9377028805117936
KY,2021-02-08,0.914719303359614
KY,2021-02-15,0.8872367880221654
KY,2021-02-22,0.8715774773069559
KY,2021-03-01,0.901381273792744
KY,2021-03-08,0.9384421202586292
KY,2021-03-15,1.0591079724620434
KY,2021-03-22,1.0611402929204958
KY,2021-03-29,1.061387933961109
KY,2021-04-05,0.9514982841970554
KY,2021-04-12,0.976319445160571
KY,2021-04-19,0.971607896749494
KY,2021-04-26,1.0839661736810453
KY,2021-05-03,1.000042366735254
KY,2021-05-10,1.096476369494242
KY,2021-05-17,1.0354130917754338
KY,2021-05-24,1.0993199600419747
KY,2021-05-31,0.9866108572487812
KY,2021-06-07,1.0177416195545494
KY,2021-06-14,0.9374949356617585
KY,2021-06-21,1.043736418064363
KY,2021-06-28,0.9585269664665964
KY,2021-07-05,1.046937601778524
KY,2021-07-12,1.0369785802947555
KY,2021-07-19,1.0922227713501127
KY,2021-07-26,1.1814824373526884
KY,2021-08-02,1.167543847073902
KY,2021-08-09,1.176867271090197
KY,2021-08-16,1.1154161543752217
KY,2021-08-23,1.145843314398807
KY,2021-08-30,1.1003331991557337
KY,2021-09-06,1.062886855323758
KY,2021-09-13,0.9737525729808636
KY,2021-09-20,0.9464268027745618
KY,2021-09-27,0.9458257505299986
KY,2021-10-04,0.9190923360143805
KY,2021-10-11,0.9831160655347212
KY,2021-10-18,0.9698121033256198
KY,2021-10-25,0.9715051379637656
KY,2021-11-01,0.9718174393621942
KY,2021-11-08,1.0719108195551004
KY,2021-11-15,1.060277366374459
KY,2021-11-22,1.0791531391040192
KY,2021-11-29,1.059466144894282
KY,2021-12-06,1.1551252381849069
KY,2021-12-13,1.069840199051392
KY,2021-12-20,1.0681881971390936
KY,2021-12-27,1.0822920658495774
KY,2022-01-03,1.1649033553843375
KY,2022-01-10,1.0570165142436507
KY,2022-01-17,0.988993922925859
KY,2022-01-24,0.8871084815609264
KY,2022-01-31,0.8904738139193106
KY,2022-02-07,0.7927181007255186
KY,2022-02-14,0.8383041063689884
KY,2022-02-21,0.8625151773299153
KY,2022-02-28,1.005276487195123
KY,2022-03-07,1.0022583119804258
KY,2022-03-14,1.0650062913315603
KY,2022-03-21,1.0305526930296018
KY,2022-03-28,1.0600724018384422
KY,2022-04-04,1.0667434340151778
KY,2022-04-11,1.0508370689611213
KY,2022-04-18,0.9680137824785946
KY,2022-04-25,0.9671799994502044
KY,2022-05-02,0.9870247315590152
KY,2022-05-09,1.0508407046261394
KY,2022-05-16,0.9751880382701602
KY,2022-05-23,1.042934848381158
KY,2022-05-30,0.9312226461935644
KY,2022-06-06,1.023182859824591
KY,2022-06-13,0.8979896135192181
KY,2022-06-20,0.9476533468581506
KY,2022-06-27,0.928625930745516
KY,2022-07-04,0.9772183225700846
KY,2022-07-11,1.032492794681243
KY,2022-07-18,1.0136356652184018
KY,2022-07-25,1.0485222437727084
KY,2022-08-01,1.0208767248804849
KY,2022-08-08,0.9850879794929543
KY,2022-08-15,0.9548148656659304
KY,2022-08-22,1.09050517924482
KY,2022-08-29,1.1405268956633212
KY,2022-09-05,1.1333289897242196
KY,2022-09-12,1.020757834526253
KY,2022-09-19,1.0219441002685627
KY,2022-09-26,1.0022202709893775
KY,2022-10-03,1.052973204082427
KY,2022-10-10,1.0519883161581949
KY,2022-10-17,1.093609316673813
KY,2022-10-24,1.0818053560377483
KY,2022-10-31,1.215201920262377
KY,2022-11-07,1.300080072266885
KY,2022-11-14,1.297813626220935
KY,2022-11-21,1.1723017843205992
KY,2022-11-28,1.2026117159350862
KY,2022-12-05,1.1519454645275908
KY,2022-12-12,1.0672224269139792
KY,2022-12-19,0.837593489404123
KY,2022-12-26,0.8559524369009012
KY,2023-01-02,0.8551913448913148
KY,2023-01-09,0.8237139322949494
KY,2023-01-16,0.7771567560980198
KY,2023-01-23,0.7882159085788487
KY,2023-01-30,0.9570643683563772
KY,2023-02-06,0.9830471967116572
KY,2023-02-13,1.027829191954526
KY,2023-02-20,0.9457521998074544
KY,2023-02-27,0.9299814164696724
KY,2023-03-06,0.9563809497967528
KY,2023-03-13,0.973662330185768
KY,2023-03-20,1.011951782498442
KY,2023-03-27,1.027302113356691
KY,2023-04-03,0.9598138492791244
KY,2023-04-10,0.9432784312276322
KY,2023-04-17,0.903106118875254
KY,2023-04-24,0.933457541681022
KY,2023-05-01,0.9955969436295976
KY,2023-05-08,1.0075756710471673
KY,2023-05-15,0.9967401381328802
KY,2023-05-22,0.9142505923063272
KY,2023-05-29,0.954283958213758
KY,2023-06-05,0.91222471628234
KY,2023-06-12,0.9393446552354467
KY,2023-06-19,0.9125383885891852
KY,2023-06-26,0.9175471763004716
KY,2023-07-03,0.9798964699133632
KY,2023-07-10,0.932178123901594
KY,2023-07-17,1.0030512500305897
KY,2023-07-24,0.9796919631466215
KY,2023-07-31,1.0718295170805874
KY,2023-08-07,1.0489810987868595
KY,2023-08-14,1.0802034037420034
KY,2023-08-21,1.1103320369935024
KY,2023-08-28,1.2533929709237228
KY,2023-09-04,1.2660505779036475
KY,2023-09-11,1.1679788174211292
KY,2023-09-18,1.0106243994449826
KY,2023-09-25,0.9955494540898446
KY,2023-10-02,1.0178151448428077
KY,2023-10-09,1.0070867100815974
KY,2023-10-16,0.983918624236882
KY,2023-10-23,1.006370201540547
KY,2023-10-30,1.0657352550316384
KY,2023-11-06,1.0783191824385503
KY,2023-11-13,1.1287982973204236
KY,2023-11-20,1.101517196618587
KY,2023-11-27,1.104631076206014
KY,2023-12-04,1.0626894156196616
KY,2023-12-11,1.066635886005415
KY,2023-12-18,1.111212942484172
KY,2023-12-25,1.1682118671024353
KY,2024-01-01,1.184729224815779
KY,2024-01-08,1.031132761702266
KY,2024-01-15,0.9406505377179794
KY,2024-01-22,0.8721755957209045
KY,2024-01-29,0.9314264481285246
KY,2024-02-05,0.973842683885961
KY,2024-02-12,1.0501349146659176
KY,2024-02-19,1.0563542016505238
KY,2024-02-26,1.0312985687369316
KY,2024-03-04,0.956991079884612
KY,2024-03-11,0.91653074411956
KY,2024-03-18,0.862713503811732
KY,2024-03-25,0.8726036464548184
KY,2024-04-01,0.9179494576657656
KY,2024-04-08,0.9378009084015496
KY,2024-04-15,0.9223288161975222
KY,2024-04-22,0.8554806562017421
KY,2024-04-29,0.9109874164053152
KY,2024-05-06,0.9184976903097112
KY,2024-05-13,0.9728925894999034
KY,2024-05-20,0.944721810989572
KY,2024-05-27,0.9640783272724668
KY,2024-06-03,0.9999068665452232
KY,2024-06-10,0.9548372660316646
KY,2024-06-17,0.9487939144906684
KY,2024-06-24,1.0019592698290545
KY,2024-07-01,1.0257377145365612
KY,2024-07-08,0.9636522002734228
KY,2024-07-15,0.9420976028122562
KY,2024-07-22,0.9598130221670702
KY,2024-07-29,1.1027263778648018
KY,2024-08-05,1.1511759107682296
KY,2024-08-12,1.0964549888548822
KY,2024-08-19,1.1402267732897584
KY,2024-08-26,1.1318926061434844
KY,2024-09-02,1.1655691200849905
KY,2024-09-09,1.1245461319926722
KY,2024-09-16,0.9954076211629826
KY,2024-09-23,0.9921218550313547
KY,2024-09-30,0.96859208450691
KY,2024-10-07,0.8294313880825365
KY,2024-10-14,0.9617574657539776
KY,2024-10-21,0.9544503790433057
KY,2024-10-28,1.1175468855556343
KY,2024-11-04,1.0476905250015645
KY,2024-11-11,1.0369090634375884
KY,2024-11-18,1.0391274638915236
KY,2024-11-25,1.060916376631485
KY,2024-12-02,1.097861945170883
KY,2024-12-09,1.060860281266499
KY,2024-12-16,1.0892498435268323
KY,2024-12-23,1.1761565894773418
KY,2024-12-30,1.4956488252534998
KY,2025-01-06,1.3349230834031236
KY,2025-01-13,1.125515810885577
KY,2025-01-20,0.7927403218528907
KY,2025-01-27,1.0370888815809662
KY,2025-02-03,1.1827165147984804
KY,2025-02-10,1.3089802095193743
KY,2025-02-17,1.1086525353004408
KY,2025-02-24,0.9647179316840756
KY,2025-03-03,0.7974542141221062
KY,2025-03-10,0.82826946665559
KY,2025-03-17,0.868047848670296
KY,2025-03-24,0.870348045531192
KY,2025-03-31,0.8435910424636913
KY,2025-04-07,0.8161152779154974
KY,2025-04-14,0.8222955340826904
KY,2025-04-21,0.8617317250314066
KY,2025-04-28,0.8993776061994602
KY,2025-05-05,0.9506186032440804
KY,2025-05-12,0.9481117961206056
KY,2025-05-19,0.964246862326432
KY,2025-05-26,0.9656389005443324
KY,2025-06-02,1.0029355614649569
KY,2025-06-09,0.927856196939012
KY,2025-06-16,0.9238062363767444
KY,2025-06-23,0.8583245024118376
KY,2025-06-30,0.9223462673508712
KY,2025-07-07,0.9426591125194989
KY,2025-07-14,0.95811948965335
KY,2025-07-21,0.9765466529108232
KY,2025-07-28,0.9966808944406962
KY,2025-08-04,1.0104649519520268
KY,2025-08-11,1.0528457099324156
KY,2025-08-18,1.0710133009272726
KY,2025-08-25,1.1852362241613796
KY,2025-09-01,1.2260203897079158
KY,2025-09-08,1.215989899905826
KY,2025-09-15,1.0759985534884144
LA,2016-10-10,1.0
LA,2016-10-17,0.8235614642839735
LA,2016-10-24,0.9359244452809986
LA,2016-10-31,0.9716784215509228
LA,2016-11-07,1.1107331651350891
LA,2016-11-14,1.0999214450419037
LA,2016-11-21,1.0314983815629286
LA,2016-11-28,1.06759612095162
LA,2016-12-05,1.0395664433539564
LA,2016-12-12,1.0602246792012544
LA,2016-12-19,1.0708423109485017
LA,2016-12-26,1.1437608446237926
LA,2017-01-02,1.1724949129207844
LA,2017-01-09,1.071196743461152
LA,2017-01-16,0.9933778063471598
LA,2017-01-23,1.0259497851343076
LA,2017-01-30,1.072518158504345
LA,2017-02-06,1.1671820660196144
LA,2017-02-13,1.1533891121066049
LA,2017-02-20,1.1204657184072846
LA,2017-02-27,0.9810554444328028
LA,2017-03-06,0.9075302026500216
LA,2017-03-13,0.9148011484241054
LA,2017-03-20,0.9196731887544376
LA,2017-03-27,0.9233525647649798
LA,2017-04-03,0.8919777240521193
LA,2017-04-10,0.8926849284681041
LA,2017-04-17,0.8638608542315892
LA,2017-04-24,0.9025630254773744
LA,2017-05-01,0.8980867802247682
LA,2017-05-08,0.9203307987954152
LA,2017-05-15,0.967831017071571
LA,2017-05-22,0.9578643327159184
LA,2017-05-29,1.007383272418621
LA,2017-06-05,0.9484698133342976
LA,2017-06-12,0.916670103384851
LA,2017-06-19,0.9815813412166076
LA,2017-06-26,0.936976200635806
LA,2017-07-03,0.957061668401383
LA,2017-07-10,0.9511963103567622
LA,2017-07-17,0.9039000645300054
LA,2017-07-24,1.0605970338203914
LA,2017-07-31,0.9397786189414582
LA,2017-08-07,1.1393904710344596
LA,2017-08-14,0.997081523492371
LA,2017-08-21,1.1281765630322234
LA,2017-08-28,1.1093471393736791
LA,2017-09-04,1.1986357690120604
LA,2017-09-11,1.1090523702008364
LA,2017-09-18,1.0383192031010295
LA,2017-09-25,0.9978404176589906
LA,2017-10-02,1.0633057610026284
LA,2017-10-09,1.048728842132243
LA,2017-10-16,1.054995697853948
LA,2017-10-23,1.0838850296625135
LA,2017-10-30,1.0788325232281826
LA,2017-11-06,1.1637510067988126
LA,2017-11-13,1.083001534949354
LA,2017-11-20,1.1049415696285536
LA,2017-11-27,1.1153712212174476
LA,2017-12-04,1.069444001134752
LA,2017-12-11,1.0789223890888815
LA,2017-12-18,1.1245668735220358
LA,2017-12-25,1.316333653099424
LA,2018-01-01,1.3076138620229765
LA,2018-01-08,1.1327269527220545
LA,2018-01-15,1.0207060286163947
LA,2018-01-22,0.98026408862821
LA,2018-01-29,0.982896276913909
LA,2018-02-05,1.0060505510782356
LA,2018-02-12,0.9695568358371196
LA,2018-02-19,0.9745998875590184
LA,2018-02-26,0.7974192194676982
LA,2018-03-05,0.8149541028408407
LA,2018-03-12,0.8018576607747618
LA,2018-03-19,0.8621539759716589
LA,2018-03-26,0.87536882571172
LA,2018-04-02,0.9001872856997859
LA,2018-04-09,0.9234996443708074
LA,2018-04-16,0.9284469311098956
LA,2018-04-23,0.9545733470554898
LA,2018-04-30,0.9615169982686568
LA,2018-05-07,0.931918178239955
LA,2018-05-14,1.0117180627414877
LA,2018-05-21,0.931815942463637
LA,2018-05-28,1.0193668311148072
LA,2018-06-04,0.919630897627246
LA,2018-06-11,0.9174788471459856
LA,2018-06-18,0.8804387636456134
LA,2018-06-25,0.9302256572873204
LA,2018-07-02,0.9749464330751124
LA,2018-07-09,0.9874967906408036
LA,2018-07-16,0.9467889690360208
LA,2018-07-23,0.944739142428317
LA,2018-07-30,1.0112159777076073
LA,2018-08-06,1.0398861790196097
LA,2018-08-13,1.038715843014456
LA,2018-08-20,1.0532967552280537
LA,2018-08-27,1.1226006000240096
LA,2018-09-03,1.1342766364420072
LA,2018-09-10,1.153100483341967
LA,2018-09-17,0.9984184526528828
LA,2018-09-24,1.086468703336284
LA,2018-10-01,1.005627495284393
LA,2018-10-08,1.1986149862451865
LA,2018-10-15,1.0732190918213118
LA,2018-10-22,1.0891568398828622
LA,2018-10-29,1.0519148888949217
LA,2018-11-05,1.0758910039889422
LA,2018-11-12,1.0895777677257423
LA,2018-11-19,1.070653282695495
LA,2018-11-26,1.120803406009988
LA,2018-12-03,1.0368697802843387
LA,2018-12-10,0.9780072932037028
LA,2018-12-17,0.9686973881576088
LA,2018-12-24,1.037370199090498
LA,2018-12-31,1.1860323391242982
LA,2019-01-07,1.0549431151155628
LA,2019-01-14,1.0095526911405366
LA,2019-01-21,0.953920040990294
LA,2019-01-28,1.1061068757667023
LA,2019-02-04,1.3642798877765747
LA,2019-02-11,1.322155116140603
LA,2019-02-18,1.2560650053077562
LA,2019-02-25,0.992390576206718
LA,2019-03-04,0.958737413254587
LA,2019-03-11,0.9184966912687376
LA,2019-03-18,0.8605671603280663
LA,2019-03-25,0.8557152033735658
LA,2019-04-01,0.866748996533476
LA,2019-04-08,0.8632042026726416
LA,2019-04-15,0.8530625464357892
LA,2019-04-22,0.8479068254625259
LA,2019-04-29,0.9134538003362318
LA,2019-05-06,0.8992750238027514
LA,2019-05-13,0.929142218386104
LA,2019-05-20,0.9941825244926082
LA,2019-05-27,0.9733843071037502
LA,2019-06-03,1.003360357084231
LA,2019-06-10,0.8958638117360018
LA,2019-06-17,0.9127840854201404
LA,2019-06-24,0.8901656126617895
LA,2019-07-01,0.991545712663835
LA,2019-07-08,0.9534952652940424
LA,2019-07-15,0.9901804471409852
LA,2019-07-22,0.9183922062167814
LA,2019-07-29,0.9986282363599456
LA,2019-08-05,1.0214485988588993
LA,2019-08-12,1.0563581498299086
LA,2019-08-19,1.0300343705943082
LA,2019-08-26,1.148144398531723
LA,2019-09-02,1.3047825700406217
LA,2019-09-09,1.2338144861127884
LA,2019-09-16,1.049473781242784
LA,2019-09-23,0.9777142554073583
LA,2019-09-30,1.0598786104871687
LA,2019-10-07,1.2190577194364025
LA,2019-10-14,1.1030351877458078
LA,2019-10-21,1.115230182820398
LA,2019-10-28,1.0426002450343346
LA,2019-11-04,1.2700191283880442
LA,2019-11-11,1.2178325192489037
LA,2019-11-18,1.2061311838203677
LA,2019-11-25,1.0927396928151412
LA,2019-12-02,1.0772171236997787
LA,2019-12-09,0.9536699200042544
LA,2019-12-16,0.924808967559413
LA,2019-12-23,0.9633855858693332
LA,2019-12-30,1.1899021014128617
LA,2020-01-06,1.0803124671408608
LA,2020-01-13,0.9877407399332868
LA,2020-01-20,0.8919428804678875
LA,2020-01-27,1.0330887477052373
LA,2020-02-03,1.2214614551943277
LA,2020-02-10,1.128818173835156
LA,2020-02-17,1.0517861069382146
LA,2020-02-24,0.9350654491400237
LA,2020-03-02,1.0143188261712572
LA,2020-03-09,0.9929728102257808
LA,2020-03-16,1.0643060333372958
LA,2020-03-23,1.058669575361541
LA,2020-03-30,1.0199857808804504
LA,2020-04-06,0.8736937437582508
LA,2020-04-13,0.7405458632392354
LA,2020-04-20,0.7451826594320836
LA,2020-04-27,0.8028097461261616
LA,2020-05-04,0.8244040980511045
LA,2020-05-11,0.8511212370830102
LA,2020-05-18,0.8342398260512184
LA,2020-05-25,0.9352868607281531
LA,2020-06-01,0.9363816186889532
LA,2020-06-08,1.001111993751968
LA,2020-06-15,0.9571508702548964
LA,2020-06-22,0.9834103090287408
LA,2020-06-29,1.167908728987805
LA,2020-07-06,1.1614033065179157
LA,2020-07-13,1.282344233815464
LA,2020-07-20,1.031580729077406
LA,2020-07-27,1.0149506835974162
LA,2020-08-03,0.9413991168902744
LA,2020-08-10,0.9184009777185488
LA,2020-08-17,0.91268209396123
LA,2020-08-24,0.9443102964554404
LA,2020-08-31,0.9556795391277332
LA,2020-09-07,0.984912160492754
LA,2020-09-14,1.0012146629870624
LA,2020-09-21,1.022985191539685
LA,2020-09-28,0.995450582746046
LA,2020-10-05,1.0929564247764447
LA,2020-10-12,0.842559938107274
LA,2020-10-19,1.4261752849747602
LA,2020-10-26,1.270237552802816
LA,2020-11-02,1.6480761325431916
LA,2020-11-09,1.051276180338098
LA,2020-11-16,1.04479329186206
LA,2020-11-23,1.0010496164688611
LA,2020-11-30,0.9804840267209752
LA,2020-12-07,1.1430328277501074
LA,2020-12-14,1.0103967557818778
LA,2020-12-21,1.0214316284490004
LA,2020-12-28,0.9223433726350464
LA,2021-01-04,1.07755565975117
LA,2021-01-11,1.0344305881881315
LA,2021-01-18,0.9352903625465828
LA,2021-01-25,0.9255941474287774
LA,2021-02-01,0.9597180966234716
LA,2021-02-08,0.9938752610460028
LA,2021-02-15,0.9103831180194912
LA,2021-02-22,0.9448685903885568
LA,2021-03-01,0.9352406043553452
LA,2021-03-08,0.9153236951302488
LA,2021-03-15,0.9414752947679236
LA,2021-03-22,0.9834242662751996
LA,2021-03-29,1.0667254398363637
LA,2021-04-05,1.099701394846204
LA,2021-04-12,1.0943353852946434
LA,2021-04-19,1.0144399762822254
LA,2021-04-26,0.992888305490186
LA,2021-05-03,1.176224840342582
LA,2021-05-10,1.1205221612753644
LA,2021-05-17,1.182422676949658
LA,2021-05-24,1.0184623794380572
LA,2021-05-31,1.064740157132669
LA,2021-06-07,1.0029345057088133
LA,2021-06-14,0.9895296683999948
LA,2021-06-21,0.9718887313577624
LA,2021-06-28,0.972254570042899
LA,2021-07-05,1.0327503243188103
LA,2021-07-12,1.0789936093715808
LA,2021-07-19,1.1246869400601245
LA,2021-07-26,1.114511197876715
LA,2021-08-02,1.1228918319027736
LA,2021-08-09,1.023770608594307
LA,2021-08-16,0.9929648112341024
LA,2021-08-23,0.9519195943269042
LA,2021-08-30,0.9829200083972388
LA,2021-09-06,0.9726303631125344
LA,2021-09-13,0.9498153367877076
LA,2021-09-20,0.9150578406554222
LA,2021-09-27,0.9344481501384806
LA,2021-10-04,0.9863685692367592
LA,2021-10-11,1.0581840849562452
LA,2021-10-18,1.0059479763183186
LA,2021-10-25,0.9873819664048376
LA,2021-11-01,1.040321567745975
LA,2021-11-08,1.064593880592887
LA,2021-11-15,1.1030989802148423
LA,2021-11-22,1.0142286220801533
LA,2021-11-29,1.0977073368695474
LA,2021-12-06,1.2158966254409709
LA,2021-12-13,1.1385524166275571
LA,2021-12-20,1.128093169114296
LA,2021-12-27,1.1588259684448308
LA,2022-01-03,1.274710407890023
LA,2022-01-10,1.0943872698527333
LA,2022-01-17,0.9260395914549318
LA,2022-01-24,0.7909183220727917
LA,2022-01-31,0.8206534036161435
LA,2022-02-07,0.8440782309650161
LA,2022-02-14,0.8261518645663861
LA,2022-02-21,0.9883831967489878
LA,2022-02-28,0.9071341274294884
LA,2022-03-07,1.223965697460597
LA,2022-03-14,1.1012495445444328
LA,2022-03-21,1.1255420966699208
LA,2022-03-28,0.9654670175088974
LA,2022-04-04,1.0446255092653556
LA,2022-04-11,1.0615940684783824
LA,2022-04-18,0.960704129983482
LA,2022-04-25,0.9924139209877708
LA,2022-05-02,1.0216266262389024
LA,2022-05-09,1.0299232647533956
LA,2022-05-16,1.016342667620329
LA,2022-05-23,0.9873726525252946
LA,2022-05-30,0.9675066517913764
LA,2022-06-06,1.012561582454974
LA,2022-06-13,0.9366640807164016
LA,2022-06-20,0.9814428226651418
LA,2022-06-27,0.9172439763491138
LA,2022-07-04,1.046271413402149
LA,2022-07-11,1.0113011023793872
LA,2022-07-18,0.9753227578587614
LA,2022-07-25,0.941288606764036
LA,2022-08-01,1.0020045221995542
LA,2022-08-08,0.9874976213200156
LA,2022-08-15,0.9801102645515136
LA,2022-08-22,1.0122683607714202
LA,2022-08-29,1.1399144382546873
LA,2022-09-05,1.2050561774609234
LA,2022-09-12,1.1253378328737762
LA,2022-09-19,1.047463737488488
LA,2022-09-26,1.0352502026973438
LA,2022-10-03,1.202806840083701
LA,2022-10-10,1.1664947523905422
LA,2022-10-17,1.159837608945802
LA,2022-10-24,1.0413126271064974
LA,2022-10-31,1.2387234791937694
LA,2022-11-07,1.2869011874539116
LA,2022-11-14,1.1575505856361397
LA,2022-11-21,1.036766832477527
LA,2022-11-28,1.0083433103581996
LA,2022-12-05,1.106685640809965
LA,2022-12-12,1.0182509200118397
LA,2022-12-19,0.9152211539544453
LA,2022-12-26,0.8872937546101908
LA,2023-01-02,0.9951961060526088
LA,2023-01-09,0.8697525038811655
LA,2023-01-16,0.8159744028795097
LA,2023-01-23,0.786190997570605
LA,2023-01-30,0.9127954247229566
LA,2023-02-06,1.0016740396767114
LA,2023-02-13,0.9797369906697032
LA,2023-02-20,0.93174658956232
LA,2023-02-27,0.92819599661544
LA,2023-03-06,0.9307986967771
LA,2023-03-13,0.9769553115671956
LA,2023-03-20,1.0127129181074652
LA,2023-03-27,1.025704547225757
LA,2023-04-03,1.0062905924284584
LA,2023-04-10,0.9472728221132908
LA,2023-04-17,0.9554112713251904
LA,2023-04-24,0.9285087304699086
LA,2023-05-01,1.0371111654472114
LA,2023-05-08,1.0219031090239965
LA,2023-05-15,1.0036473049634225
LA,2023-05-22,0.9531832772491796
LA,2023-05-29,0.9465320433218788
LA,2023-06-05,1.0451361044184226
LA,2023-06-12,0.91175849736756
LA,2023-06-19,0.9063982439121944
LA,2023-06-26,0.8693666842498827
LA,2023-07-03,0.9760108966993588
LA,2023-07-10,0.9540111729950258
LA,2023-07-17,0.9907359487198444
LA,2023-07-24,0.9691093019210704
LA,2023-07-31,1.056073522242715
LA,2023-08-07,1.0638510005333428
LA,2023-08-14,1.0956965877108995
LA,2023-08-21,1.099957287787494
LA,2023-08-28,1.222976246349956
LA,2023-09-04,1.284300405794351
LA,2023-09-11,1.1599395411261229
LA,2023-09-18,0.9939695780711856
LA,2023-09-25,0.962749900172818
LA,2023-10-02,1.0570849243595508
LA,2023-10-09,1.1086011412642165
LA,2023-10-16,1.068580923411815
LA,2023-10-23,1.12678909939052
LA,2023-10-30,1.0829324357166608
LA,2023-11-06,1.2351178641693936
LA,2023-11-13,1.2508516323309642
LA,2023-11-20,1.2255246359147276
LA,2023-11-27,1.1298196954837707
LA,2023-12-04,1.0904328781089827
LA,2023-12-11,1.0872918858515763
LA,2023-12-18,1.1493238109474495
LA,2023-12-25,1.1702321747364648
LA,2024-01-01,1.1413042285473585
LA,2024-01-08,0.9536133335850396
LA,2024-01-15,0.8106879806958442
LA,2024-01-22,0.7850335996168591
LA,2024-01-29,0.8789012063109118
LA,2024-02-05,0.9685448613762933
LA,2024-02-12,0.9991356916593348
LA,2024-02-19,0.9578181577081948
LA,2024-02-26,0.940712612246544
LA,2024-03-04,0.928425917977318
LA,2024-03-11,0.9298687177561038
LA,2024-03-18,0.9046820202803112
LA,2024-03-25,0.9105279877040248
LA,2024-04-01,0.9522473185989082
LA,2024-04-08,0.9142989351598024
LA,2024-04-15,0.9188600555110158
LA,2024-04-22,0.8543524737606562
LA,2024-04-29,0.9315831848524788
LA,2024-05-06,0.9867951013639458
LA,2024-05-13,0.989809998389982
LA,2024-05-20,0.9543331150789424
LA,2024-05-27,0.9335968527702168
LA,2024-06-03,0.995197498862206
LA,2024-06-10,0.9118361668660668
LA,2024-06-17,0.9294958759618284
LA,2024-06-24,0.8947222080683959
LA,2024-07-01,1.0303097480151424
LA,2024-07-08,0.9835469234327114
LA,2024-07-15,1.065542684852595
LA,2024-07-22,0.9835828208486848
LA,2024-07-29,1.1006058438037742
LA,2024-08-05,1.0858718420558788
LA,2024-08-12,1.0846991555300338
LA,2024-08-19,1.022330055674583
LA,2024-08-26,1.1125901110810998
LA,2024-09-02,1.148414943862146
LA,2024-09-09,1.0907884537966914
LA,2024-09-16,0.9238729558813998
LA,2024-09-23,0.9983242437373792
LA,2024-09-30,0.9386312799456222
LA,2024-10-07,1.127201617523525
LA,2024-10-14,0.9899371501740408
LA,2024-10-21,1.076418042106116
LA,2024-10-28,1.0136606615706536
LA,2024-11-04,1.1362881989432632
LA,2024-11-11,1.1157610838623384
LA,2024-11-18,1.1166847378862412
LA,2024-11-25,1.0956729279761137
LA,2024-12-02,1.263321516016617
LA,2024-12-09,1.1365506980948437
LA,2024-12-16,1.2301142059573644
LA,2024-12-23,1.2235881596034048
LA,2024-12-30,1.370528240549297
LA,2025-01-06,1.1357916287029344
LA,2025-01-13,0.8715141048893765
LA,2025-01-20,0.9316179848454152
LA,2025-01-27,1.0828206669516949
LA,2025-02-03,1.1356825769767378
LA,2025-02-10,1.0070975918007354
LA,2025-02-17,0.8889953055882694
LA,2025-02-24,0.919409996799411
LA,2025-03-03,0.9516942022201174
LA,2025-03-10,0.9426412873345844
LA,2025-03-17,0.8850353684402632
LA,2025-03-24,0.8089221653255837
LA,2025-03-31,0.8668448859933771
LA,2025-04-07,0.8730094123406437
LA,2025-04-14,0.9312726559376364
LA,2025-04-21,0.8737949201252032
LA,2025-04-28,0.927401895767088
LA,2025-05-05,0.9350616215703312
LA,2025-05-12,0.9555045205678222
LA,2025-05-19,0.9507109613794756
LA,2025-05-26,0.8980904050671403
LA,2025-06-02,1.030742627746653
LA,2025-06-09,0.9335141714089326
LA,2025-06-16,0.9560391103087188
LA,2025-06-23,0.8199092390556594
LA,2025-06-30,0.9149438669432364
LA,2025-07-07,0.988759119681476
LA,2025-07-14,0.9596759453336884
LA,2025-07-21,1.0071548287114984
LA,2025-07-28,0.9754387552712414
LA,2025-08-04,1.0667141983396502
LA,2025-08-11,1.0427132777507655
LA,2025-08-18,1.0793973837134725
LA,2025-08-25,1.2252147237700588
LA,2025-09-01,1.3350079388622296
LA,2025-09-08,1.1572601726142613
LA,2025-09-15,1.0189478058078965
MA,2016-10-10,1.0
MA,2016-10-17,0.8802138567436216
MA,2016-10-24,0.9896771242685442
MA,2016-10-31,0.972902109610692
MA,2016-11-07,1.1009815375994652
MA,2016-11-14,1.006152227792983
MA,2016-11-21,1.078287430726751
MA,2016-11-28,1.028944875889124
MA,2016-12-05,1.0289740540560883
MA,2016-12-12,1.0430131159143743
MA,2016-12-19,1.0713687757948098
MA,2016-12-26,1.1676404638952642
MA,2017-01-02,1.1805548668364114
MA,2017-01-09,1.0906124202986616
MA,2017-01-16,1.0354167972093966
MA,2017-01-23,1.005858584420208
MA,2017-01-30,1.1127307242983044
MA,2017-02-06,1.169303426515658
MA,2017-02-13,1.1785206934289243
MA,2017-02-20,1.080979355699647
MA,2017-02-27,1.0196799749442496
MA,2017-03-06,0.8488969394449877
MA,2017-03-13,0.9408851678461566
MA,2017-03-20,0.9265983953646176
MA,2017-03-27,1.0429926390518027
MA,2017-04-03,0.9986765354062692
MA,2017-04-10,0.9857110534766358
MA,2017-04-17,0.8806699166174574
MA,2017-04-24,0.8142642465906996
MA,2017-05-01,0.7609065172223161
MA,2017-05-08,0.8506729790886353
MA,2017-05-15,0.9250781020446744
MA,2017-05-22,1.0122685124405937
MA,2017-05-29,0.9637480208862657
MA,2017-06-05,0.9938972536699024
MA,2017-06-12,0.939142434110563
MA,2017-06-19,1.0019987690726655
MA,2017-06-26,0.9139314702353388
MA,2017-07-03,0.8914634408676391
MA,2017-07-10,1.0064609997054446
MA,2017-07-17,0.9712727288234724
MA,2017-07-24,1.0188011460274615
MA,2017-07-31,0.907305601422191
MA,2017-08-07,1.0269509361238172
MA,2017-08-14,1.0621613579071174
MA,2017-08-21,1.0818457305105156
MA,2017-08-28,1.014631729973512
MA,2017-09-04,1.0481335032703871
MA,2017-09-11,1.0611081649903982
MA,2017-09-18,1.1057996923695566
MA,2017-09-25,1.0884788039430604
MA,2017-10-02,1.0533739935410404
MA,2017-10-09,1.0599727830947934
MA,2017-10-16,1.1249066504057517
MA,2017-10-23,1.0723986918111716
MA,2017-10-30,1.0891404091845427
MA,2017-11-06,1.0294018872996895
MA,2017-11-13,1.12182694809519
MA,2017-11-20,1.066819565799922
MA,2017-11-27,1.140274833338357
MA,2017-12-04,1.0276625301901805
MA,2017-12-11,1.087415290323865
MA,2017-12-18,1.0571715888679831
MA,2017-12-25,1.2353555966006946
MA,2018-01-01,1.31417003356596
MA,2018-01-08,1.1902821003528932
MA,2018-01-15,1.0588556586332332
MA,2018-01-22,1.0412443106656355
MA,2018-01-29,1.1238282655503518
MA,2018-02-05,1.2404222109230074
MA,2018-02-12,1.0944457632295543
MA,2018-02-19,1.016703070173572
MA,2018-02-26,0.8823690993098728
MA,2018-03-05,0.7853089029968374
MA,2018-03-12,0.7912528959368109
MA,2018-03-19,0.8334846006156387
MA,2018-03-26,0.8905811872009951
MA,2018-04-02,0.952421544999663
MA,2018-04-09,0.9528091729484424
MA,2018-04-16,1.005232989615538
MA,2018-04-23,0.9292734774529994
MA,2018-04-30,0.860598355704334
MA,2018-05-07,0.8973602500184645
MA,2018-05-14,0.8867882960493848
MA,2018-05-21,0.9577461448427164
MA,2018-05-28,0.9927432748631576
MA,2018-06-04,0.9683110367855848
MA,2018-06-11,0.8926395109746564
MA,2018-06-18,0.8681703268196029
MA,2018-06-25,0.9641217808023956
MA,2018-07-02,1.0378225426277718
MA,2018-07-09,1.019508822110917
MA,2018-07-16,1.0319262012275936
MA,2018-07-23,0.9647080973124856
MA,2018-07-30,1.00352639361657
MA,2018-08-06,0.9024719328891398
MA,2018-08-13,1.0562235983643788
MA,2018-08-20,1.0416589032847363
MA,2018-08-27,1.112502992514215
MA,2018-09-03,1.0455029232232569
MA,2018-09-10,1.1231662531113256
MA,2018-09-17,1.1111831851558591
MA,2018-09-24,1.093507719144388
MA,2018-10-01,1.023969810394079
MA,2018-10-08,1.0392386876429005
MA,2018-10-15,1.064240640094989
MA,2018-10-22,1.0424872404315513
MA,2018-10-29,1.0192662989044508
MA,2018-11-05,1.0041673450662427
MA,2018-11-12,1.03090260006547
MA,2018-11-19,1.0358121598841783
MA,2018-11-26,1.1159362441145733
MA,2018-12-03,1.0408414992257822
MA,2018-12-10,1.0816052319790213
MA,2018-12-17,1.0180763301807183
MA,2018-12-24,1.1838059186573466
MA,2018-12-31,1.2743424071735605
MA,2019-01-07,1.1754125685915875
MA,2019-01-14,1.0499491776057128
MA,2019-01-21,0.943775475138482
MA,2019-01-28,1.033160260888642
MA,2019-02-04,1.0870780082821667
MA,2019-02-11,1.0882137179350515
MA,2019-02-18,1.021887843600546
MA,2019-02-25,1.0413036877613222
MA,2019-03-04,0.9172710285380355
MA,2019-03-11,0.9623614340991552
MA,2019-03-18,0.9240738188622424
MA,2019-03-25,0.9613598304872016
MA,2019-04-01,0.9480460873482096
MA,2019-04-08,0.9080780991022214
MA,2019-04-15,0.9318547728099578
MA,2019-04-22,0.8895424071185741
MA,2019-04-29,0.8287502815858572
MA,2019-05-06,0.87910872258961
MA,2019-05-13,0.8706288793227843
MA,2019-05-20,1.0213864168163356
MA,2019-05-27,0.9524160083538596
MA,2019-06-03,1.0809819024617415
MA,2019-06-10,0.9224836817223736
MA,2019-06-17,0.9544948068877348
MA,2019-06-24,0.8873878462272171
MA,2019-07-01,1.0019485548633484
MA,2019-07-08,0.9743464225716516
MA,2019-07-15,0.9038921644573116
MA,2019-07-22,0.9597545079758244
MA,2019-07-29,0.9324338694698188
MA,2019-08-05,1.0251378469415386
MA,2019-08-12,0.9898041388140558
MA,2019-08-19,0.9972612748278656
MA,2019-08-26,1.0760933280219196
MA,2019-09-02,1.0691685141096323
MA,2019-09-09,1.1677147239997103
MA,2019-09-16,1.1217354139062323
MA,2019-09-23,1.0799745109203869
MA,2019-09-30,1.0652493422225429
MA,2019-10-07,1.0476220345711769
MA,2019-10-14,1.0450351849644168
MA,2019-10-21,1.0410938904563225
MA,2019-10-28,1.0506982083986185
MA,2019-11-04,1.030435830630704
MA,2019-11-11,1.0619762203409369
MA,2019-11-18,1.1232622592448012
MA,2019-11-25,1.0909190934644466
MA,2019-12-02,1.142823057390052
MA,2019-12-09,1.067227178289124
MA,2019-12-16,1.098398759914487
MA,2019-12-23,1.126563507314172
MA,2019-12-30,1.3137717651782606
MA,2020-01-06,1.2551819764120546
MA,2020-01-13,1.0488980258622151
MA,2020-01-20,0.9868755285361166
MA,2020-01-27,1.0790461015837347
MA,2020-02-03,1.1836538013344389
MA,2020-02-10,1.122160023651289
MA,2020-02-17,0.99149170318975
MA,2020-02-24,0.9383144131673916
MA,2020-03-02,0.839326479761231
MA,2020-03-09,0.9329297939299712
MA,2020-03-16,1.0468131891655803
MA,2020-03-23,1.210941765731239
MA,2020-03-30,1.0851014644436652
MA,2020-04-06,0.9773713285655464
MA,2020-04-13,0.7975450438479567
MA,2020-04-20,0.8662647039967349
MA,2020-04-27,0.8035072406885889
MA,2020-05-04,0.8445850256998912
MA,2020-05-11,0.8123391549402381
MA,2020-05-18,0.8827880025184146
MA,2020-05-25,0.8259111412375578
MA,2020-06-01,0.8439194899218088
MA,2020-06-08,0.856501947071674
MA,2020-06-15,0.9203870499192472
MA,2020-06-22,0.958828369296452
MA,2020-06-29,0.993858158220239
MA,2020-07-06,0.99411090963661
MA,2020-07-13,1.054929396976214
MA,2020-07-20,1.0230694350446132
MA,2020-07-27,1.0274642284682336
MA,2020-08-03,1.0168612593884667
MA,2020-08-10,1.0168309206009778
MA,2020-08-17,1.07010672734691
MA,2020-08-24,1.0034458845988463
MA,2020-08-31,1.0138383199915644
MA,2020-09-07,0.9709039962358346
MA,2020-09-14,1.0270841901030947
MA,2020-09-21,0.9842504039229408
MA,2020-09-28,1.0281544733176764
MA,2020-10-05,0.9974748543912324
MA,2020-10-12,1.0418588804374418
MA,2020-10-19,0.9782184304540072
MA,2020-10-26,1.0437893772587166
MA,2020-11-02,1.040476564569607
MA,2020-11-09,1.1547771024239477
MA,2020-11-16,1.0743882660414898
MA,2020-11-23,1.0445319948511085
MA,2020-11-30,1.0202014925137275
MA,2020-12-07,1.0014476037695494
MA,2020-12-14,0.990920209043466
MA,2020-12-21,0.9463462493893052
MA,2020-12-28,0.9958664519114282
MA,2021-01-04,1.000240261534687
MA,2021-01-11,0.9724882070160196
MA,2021-01-18,0.905460351214936
MA,2021-01-25,0.9267507269292664
MA,2021-02-01,0.9496933443364082
MA,2021-02-08,0.9386432360845494
MA,2021-02-15,0.9281614160336836
MA,2021-02-22,0.915958131842896
MA,2021-03-01,0.9542354758821302
MA,2021-03-08,0.9696542585008894
MA,2021-03-15,1.0001816802535084
MA,2021-03-22,1.0152196843542312
MA,2021-03-29,1.0169942716303362
MA,2021-04-05,1.0150994904180812
MA,2021-04-12,1.028660899440794
MA,2021-04-19,0.9923034465283008
MA,2021-04-26,0.9758994227550962
MA,2021-05-03,0.9883968578257584
MA,2021-05-10,1.0385583324541283
MA,2021-05-17,1.0503480598158184
MA,2021-05-24,1.0526054515250756
MA,2021-05-31,1.0232069528224088
MA,2021-06-07,1.069090745125478
MA,2021-06-14,1.03612171348755
MA,2021-06-21,1.0808936614746307
MA,2021-06-28,1.0159677284311692
MA,2021-07-05,1.0173854340496251
MA,2021-07-12,1.028888354114823
MA,2021-07-19,1.033801979625243
MA,2021-07-26,1.1035497223669295
MA,2021-08-02,1.0791088211477338
MA,2021-08-09,1.14526737161255
MA,2021-08-16,1.0528951328689713
MA,2021-08-23,1.018599679782456
MA,2021-08-30,1.0292684075294165
MA,2021-09-06,1.0403217072140578
MA,2021-09-13,1.0580146708620362
MA,2021-09-20,1.0083520178956744
MA,2021-09-27,1.0263156516123046
MA,2021-10-04,0.971387560124122
MA,2021-10-11,0.997495666034202
MA,2021-10-18,0.9742568234326736
MA,2021-10-25,0.9625790841947864
MA,2021-11-01,0.9586772335368324
MA,2021-11-08,1.021183456308258
MA,2021-11-15,1.0724151269146482
MA,2021-11-22,1.0940754320292818
MA,2021-11-29,1.118832489326984
MA,2021-12-06,1.132363569999028
MA,2021-12-13,1.1315144652186238
MA,2021-12-20,1.0705371784076068
MA,2021-12-27,1.123104227672603
MA,2022-01-03,1.1777129130545247
MA,2022-01-10,1.0599247490496937
MA,2022-01-17,0.8568967460445955
MA,2022-01-24,0.7092988770084584
MA,2022-01-31,0.7595570005120728
MA,2022-02-07,0.8262855714486081
MA,2022-02-14,0.8344825104620393
MA,2022-02-21,0.915017041310836
MA,2022-02-28,0.9887246622147444
MA,2022-03-07,1.0520227216060465
MA,2022-03-14,1.1570999858506024
MA,2022-03-21,1.135609812720813
MA,2022-03-28,1.1839531468640647
MA,2022-04-04,1.151104049705037
MA,2022-04-11,1.214238605139585
MA,2022-04-18,1.1888236312650124
MA,2022-04-25,1.0827791371011828
MA,2022-05-02,0.9601939957070272
MA,2022-05-09,1.025907796110468
MA,2022-05-16,1.0636932084844242
MA,2022-05-23,0.9944755576919264
MA,2022-05-30,0.8743153828613786
MA,2022-06-06,0.8311819347520131
MA,2022-06-13,0.8846452941088684
MA,2022-06-20,0.9064418062293322
MA,2022-06-27,0.9101432855537068
MA,2022-07-04,0.9340824770275238
MA,2022-07-11,0.9726592799508608
MA,2022-07-18,0.9306485418852825
MA,2022-07-25,0.9901429028781146
MA,2022-08-01,0.9810994837672694
MA,2022-08-08,1.0291828223371713
MA,2022-08-15,0.984720340806364
MA,2022-08-22,1.0222329334331897
MA,2022-08-29,1.065149526840671
MA,2022-09-05,1.0326839439121904
MA,2022-09-12,1.0698001175013403
MA,2022-09-19,1.0761416487788529
MA,2022-09-26,1.0981639653472812
MA,2022-10-03,1.0934902191464972
MA,2022-10-10,1.1018780564864077
MA,2022-10-17,1.1062437174113058
MA,2022-10-24,1.083136298237204
MA,2022-10-31,1.1342714144182486
MA,2022-11-07,1.2050183495446696
MA,2022-11-14,1.1834550196289242
MA,2022-11-21,1.0827073191261674
MA,2022-11-28,1.185208563139736
MA,2022-12-05,1.2493500350796052
MA,2022-12-12,1.285288209883567
MA,2022-12-19,1.0934588263816656
MA,2022-12-26,1.0291623623590844
MA,2023-01-02,0.9295005340056705
MA,2023-01-09,0.7577734988080341
MA,2023-01-16,0.6526547666451096
MA,2023-01-23,0.7089733427925058
MA,2023-01-30,0.8746454366024679
MA,2023-02-06,0.9635880335299404
MA,2023-02-13,0.9866561087647916
MA,2023-02-20,1.0160891962452407
MA,2023-02-27,0.9798571619564496
MA,2023-03-06,0.9576105379717949
MA,2023-03-13,0.973288963006416
MA,2023-03-20,0.9944942100957296
MA,2023-03-27,1.0439086580810275
MA,2023-04-03,0.9885657967003936
MA,2023-04-10,0.986843019286978
MA,2023-04-17,0.9615732391641896
MA,2023-04-24,0.9275858156101024
MA,2023-05-01,0.945376823014171
MA,2023-05-08,0.9580343745634324
MA,2023-05-15,1.0297078089940814
MA,2023-05-22,1.0167388365492291
MA,2023-05-29,1.0112257346339932
MA,2023-06-05,0.9832787219542036
MA,2023-06-12,0.970011225775059
MA,2023-06-19,0.9537646454816197
MA,2023-06-26,0.931309423529135
MA,2023-07-03,0.90883246059089
MA,2023-07-10,0.94406284931906
MA,2023-07-17,0.9299934480234948
MA,2023-07-24,0.992555842937177
MA,2023-07-31,0.9831700284089672
MA,2023-08-07,1.0153395100800575
MA,2023-08-14,1.092180391156819
MA,2023-08-21,1.0380738574145316
MA,2023-08-28,1.0972945380195838
MA,2023-09-04,1.0622590716172862
MA,2023-09-11,1.138682349826437
MA,2023-09-18,1.0479216036951908
MA,2023-09-25,1.1201401636431858
MA,2023-10-02,1.0458255778959873
MA,2023-10-09,1.0591237937521505
MA,2023-10-16,0.993157836184274
MA,2023-10-23,1.0484218628251585
MA,2023-10-30,1.018040987355261
MA,2023-11-06,1.0923009959296668
MA,2023-11-13,1.082728330662217
MA,2023-11-20,1.1042351818709646
MA,2023-11-27,1.0983565698539224
MA,2023-12-04,1.0830690995333876
MA,2023-12-11,1.1002985150908056
MA,2023-12-18,1.1322937257023855
MA,2023-12-25,1.2067403586629444
MA,2024-01-01,1.2399529016734256
MA,2024-01-08,1.0472356205100457
MA,2024-01-15,0.9302424040084188
MA,2024-01-22,0.8253123402997303
MA,2024-01-29,0.9308411141321632
MA,2024-02-05,1.0242467094396428
MA,2024-02-12,1.079800143524693
MA,2024-02-19,1.0524991946807023
MA,2024-02-26,1.009694343072176
MA,2024-03-04,0.9570833510983928
MA,2024-03-11,0.9575431029977124
MA,2024-03-18,0.9092990747915936
MA,2024-03-25,0.9245311453931728
MA,2024-04-01,0.9597801070678708
MA,2024-04-08,0.976416292558064
MA,2024-04-15,0.9307333283415212
MA,2024-04-22,0.8502764320384416
MA,2024-04-29,0.8432924331198809
MA,2024-05-06,0.9108411351627922
MA,2024-05-13,0.941682514509347
MA,2024-05-20,0.964836012555229
MA,2024-05-27,0.9266300403895216
MA,2024-06-03,0.9717201508949916
MA,2024-06-10,0.9198799832359296
MA,2024-06-17,0.9482025549734738
MA,2024-06-24,0.9320829029371002
MA,2024-07-01,0.9729972023869972
MA,2024-07-08,0.9788660477620522
MA,2024-07-15,1.0033101035219678
MA,2024-07-22,0.9880386724477754
MA,2024-07-29,1.0075722938366396
MA,2024-08-05,1.0486917697883933
MA,2024-08-12,1.0286793909787488
MA,2024-08-19,1.03191180807294
MA,2024-08-26,1.064342708535268
MA,2024-09-02,1.0618383835633447
MA,2024-09-09,1.0533124902087496
MA,2024-09-16,1.0598597969425383
MA,2024-09-23,1.0699592035551866
MA,2024-09-30,1.018066446372693
MA,2024-10-07,1.0202805015106493
MA,2024-10-14,1.0183408316033564
MA,2024-10-21,1.084028589902875
MA,2024-10-28,1.063174177335786
MA,2024-11-04,1.0560893193791012
MA,2024-11-11,0.998683959875223
MA,2024-11-18,1.0081203850548388
MA,2024-11-25,1.036884637499866
MA,2024-12-02,1.0764438369616576
MA,2024-12-09,1.0651596720384635
MA,2024-12-16,1.099522823008899
MA,2024-12-23,1.1576852554418535
MA,2024-12-30,1.3256477441982135
MA,2025-01-06,1.2550832180815306
MA,2025-01-13,1.0782300375141625
MA,2025-01-20,1.0696739728413749
MA,2025-01-27,1.159493435020272
MA,2025-02-03,1.2609887971826197
MA,2025-02-10,1.147509965843306
MA,2025-02-17,1.0120309972134842
MA,2025-02-24,0.8766983027639429
MA,2025-03-03,0.7886731596666289
MA,2025-03-10,0.7769701621537416
MA,2025-03-17,0.8217611145009893
MA,2025-03-24,0.8309945989296064
MA,2025-03-31,0.8840826494942152
MA,2025-04-07,0.9136977782214348
MA,2025-04-14,0.9275403568294353
MA,2025-04-21,0.9261401555613004
MA,2025-04-28,0.9114285278730848
MA,2025-05-05,0.8666322309991873
MA,2025-05-12,0.8787691609714462
MA,2025-05-19,0.9190032818737948
MA,2025-05-26,0.9913541495841016
MA,2025-06-02,1.0385344149736948
MA,2025-06-09,0.9528278220642938
MA,2025-06-16,0.952114738135274
MA,2025-06-23,0.9190146382618894
MA,2025-06-30,0.9490034605300705
MA,2025-07-07,0.9291331305404552
MA,2025-07-14,0.935102440394712
MA,2025-07-21,0.9468069572224538
MA,2025-07-28,0.949353730427294
MA,2025-08-04,0.9654309297439274
MA,2025-08-11,1.0191738071944816
MA,2025-08-18,1.027904710536422
MA,2025-08-25,1.0982025679956513
MA,2025-09-01,1.1708364976449113
MA,2025-09-08,1.1317522971838987
MA,2025-09-15,1.1314651459765066
MD,2016-10-10,1.0
MD,2016-10-17,0.9982409474379628
MD,2016-10-24,1.053113345678756
MD,2016-10-31,1.0203752927727034
MD,2016-11-07,1.0587301500514386
MD,2016-11-14,1.05571234392071
MD,2016-11-21,1.0255643991187682
MD,2016-11-28,1.194084853580618
MD,2016-12-05,1.0393968625998076
MD,2016-12-12,1.135092270932779
MD,2016-12-19,0.9967561576208576
MD,2016-12-26,1.1830111230670997
MD,2017-01-02,1.2329952073313315
MD,2017-01-09,1.0683463339581043
MD,2017-01-16,1.0951339597436571
MD,2017-01-23,1.0528743709213522
MD,2017-01-30,1.169699413060164
MD,2017-02-06,1.0867134781846215
MD,2017-02-13,1.1940936835520168
MD,2017-02-20,1.2261618258188332
MD,2017-02-27,1.1575773011027255
MD,2017-03-06,0.8729369836778591
MD,2017-03-13,0.9001260768952185
MD,2017-03-20,0.9349354548022928
MD,2017-03-27,1.0299393596617894
MD,2017-04-03,0.9755779907643212
MD,2017-04-10,0.8559488829612913
MD,2017-04-17,0.8526792816556041
MD,2017-04-24,0.7560095209105083
MD,2017-05-01,0.8447525705546767
MD,2017-05-08,0.8461635712470265
MD,2017-05-15,0.9257448017480844
MD,2017-05-22,1.05650828395145
MD,2017-05-29,0.9792532107333533
MD,2017-06-05,1.1603196436953318
MD,2017-06-12,0.9643967870973008
MD,2017-06-19,1.1870926824232468
MD,2017-06-26,0.9326119483178088
MD,2017-07-03,1.1138204783548895
MD,2017-07-10,1.0268752457844388
MD,2017-07-17,1.1351375853104075
MD,2017-07-24,0.8928225817500325
MD,2017-07-31,1.0811277105220425
MD,2017-08-07,1.0065096337229569
MD,2017-08-14,1.1232942641225776
MD,2017-08-21,0.9853909253670056
MD,2017-08-28,1.0179038920010626
MD,2017-09-04,1.1657691493108944
MD,2017-09-11,1.1584833212736845
MD,2017-09-18,1.024160953609983
MD,2017-09-25,1.0566476742981623
MD,2017-10-02,0.970370640960895
MD,2017-10-09,1.0174601226495863
MD,2017-10-16,0.9846017590224204
MD,2017-10-23,0.9810272348249892
MD,2017-10-30,1.0960682694078858
MD,2017-11-06,0.9802261261804964
MD,2017-11-13,1.1037637995871494
MD,2017-11-20,1.2069802574035184
MD,2017-11-27,1.1763795930594243
MD,2017-12-04,1.0569960152892597
MD,2017-12-11,0.9598709125392972
MD,2017-12-18,1.057598123822926
MD,2017-12-25,1.257898213557476
MD,2018-01-01,1.4021191503288284
MD,2018-01-08,1.27429483218691
MD,2018-01-15,1.145293858011586
MD,2018-01-22,1.0454073671012578
MD,2018-01-29,1.1326049204465116
MD,2018-02-05,1.1197506751455246
MD,2018-02-12,1.014765310747746
MD,2018-02-19,0.9439357660076266
MD,2018-02-26,0.889879282158914
MD,2018-03-05,0.8188003854979333
MD,2018-03-12,0.8005814902731402
MD,2018-03-19,0.7953336939610718
MD,2018-03-26,0.8850963140172468
MD,2018-04-02,0.9592530230474664
MD,2018-04-09,0.9101341966983068
MD,2018-04-16,0.9212998323864124
MD,2018-04-23,0.916438618998838
MD,2018-04-30,0.8972392645715122
MD,2018-05-07,0.9621698748090864
MD,2018-05-14,0.8733068718898336
MD,2018-05-21,0.9987822756290416
MD,2018-05-28,1.0443361058979692
MD,2018-06-04,1.113017482461319
MD,2018-06-11,1.222460501292976
MD,2018-06-18,0.905154735706758
MD,2018-06-25,1.0758561789282213
MD,2018-07-02,0.988713373615102
MD,2018-07-09,1.2003296785996211
MD,2018-07-16,1.0467548254365495
MD,2018-07-23,0.8213590290932961
MD,2018-07-30,0.9992264451724736
MD,2018-08-06,0.9554076273544092
MD,2018-08-13,1.244978816909338
MD,2018-08-20,1.0498729081246068
MD,2018-08-27,1.3304471901243269
MD,2018-09-03,1.1058477764856285
MD,2018-09-10,1.275836113506453
MD,2018-09-17,0.9367800024040872
MD,2018-09-24,1.1256670909735649
MD,2018-10-01,1.0286499683981087
MD,2018-10-08,1.094541612366296
MD,2018-10-15,1.022404586739943
MD,2018-10-22,1.0728852290682196
MD,2018-10-29,1.064490087526532
MD,2018-11-05,1.213625310316472
MD,2018-11-12,1.0827734041958454
MD,2018-11-19,1.0151603970240075
MD,2018-11-26,1.0459771206811224
MD,2018-12-03,1.0392401544259142
MD,2018-12-10,1.119582581218433
MD,2018-12-17,1.057719169687472
MD,2018-12-24,1.2432193413810733
MD,2018-12-31,1.304608212679046
MD,2019-01-07,1.1801122467038851
MD,2019-01-14,1.0090723958372636
MD,2019-01-21,1.0837589214070324
MD,2019-01-28,1.052177812707669
MD,2019-02-04,1.0729556627851906
MD,2019-02-11,1.090668141858987
MD,2019-02-18,1.061894518569657
MD,2019-02-25,1.1158447988100388
MD,2019-03-04,0.9763500223836205
MD,2019-03-11,0.9967865747830368
MD,2019-03-18,1.0394092467436435
MD,2019-03-25,0.944275493913867
MD,2019-04-01,0.8984642770654988
MD,2019-04-08,0.7366257160907709
MD,2019-04-15,0.7977088319876386
MD,2019-04-22,0.8158882220434389
MD,2019-04-29,0.8535881066316613
MD,2019-05-06,0.8518036788037175
MD,2019-05-13,0.8887211376513008
MD,2019-05-20,0.9688295647531472
MD,2019-05-27,1.0108053683146665
MD,2019-06-03,1.053068563094893
MD,2019-06-10,0.9875335778917912
MD,2019-06-17,0.8473313982763093
MD,2019-06-24,0.7056438700842298
MD,2019-07-01,0.932688067053356
MD,2019-07-08,0.9919023490392666
MD,2019-07-15,1.0858107906416778
MD,2019-07-22,0.9997340368465883
MD,2019-07-29,1.0099313624562485
MD,2019-08-05,1.0257312887149317
MD,2019-08-12,0.9874225442970116
MD,2019-08-19,0.9881335619592462
MD,2019-08-26,1.0636885755134136
MD,2019-09-02,1.088266549592927
MD,2019-09-09,1.125862952224737
MD,2019-09-16,1.170168862700378
MD,2019-09-23,1.1348808403026895
MD,2019-09-30,1.14437732738665
MD,2019-10-07,1.3525475996913685
MD,2019-10-14,1.2956700410372064
MD,2019-10-21,1.2840172039571625
MD,2019-10-28,1.0208181279699458
MD,2019-11-04,1.037474668459195
MD,2019-11-11,1.0918129892419484
MD,2019-11-18,1.101295511949107
MD,2019-11-25,1.095931018199207
MD,2019-12-02,1.146147659633669
MD,2019-12-09,1.062522464912351
MD,2019-12-16,1.1548487155113594
MD,2019-12-23,1.1611887782786583
MD,2019-12-30,1.3443348274688665
MD,2020-01-06,1.194933634394702
MD,2020-01-13,1.0428506392635348
MD,2020-01-20,0.9381423153973938
MD,2020-01-27,1.0431888744102902
MD,2020-02-03,1.1302399248330572
MD,2020-02-10,1.0655061798202292
MD,2020-02-17,0.9762977492668196
MD,2020-02-24,0.9106043395154784
MD,2020-03-02,0.9247591867818812
MD,2020-03-09,0.9689618376171736
MD,2020-03-16,1.0746343701517391
MD,2020-03-23,1.119113801377589
MD,2020-03-30,1.0378747981758998
MD,2020-04-06,0.8975790903852912
MD,2020-04-13,0.8031054879390418
MD,2020-04-20,0.8178406140373405
MD,2020-04-27,0.8931366619852419
MD,2020-05-04,0.918735339843938
MD,2020-05-11,0.8990457657430976
MD,2020-05-18,0.8374014674446099
MD,2020-05-25,0.8551422216700303
MD,2020-06-01,0.8486424187136962
MD,2020-06-08,0.8303496843888963
MD,2020-06-15,0.7969310305883512
MD,2020-06-22,0.9523843661235428
MD,2020-06-29,0.9832417679529744
MD,2020-07-06,1.0793155455618555
MD,2020-07-13,1.0968098216429296
MD,2020-07-20,1.159149619061358
MD,2020-07-27,1.087738262003002
MD,2020-08-03,1.005611246432509
MD,2020-08-10,0.9691615114461828
MD,2020-08-17,0.9475846717286838
MD,2020-08-24,1.0035882697297531
MD,2020-08-31,0.9961178969830828
MD,2020-09-07,1.0126079021809
MD,2020-09-14,0.9570669263003472
MD,2020-09-21,0.9230115196248871
MD,2020-09-28,1.0389026381371274
MD,2020-10-05,1.029803789106336
MD,2020-10-12,1.0994510347170396
MD,2020-10-19,1.010435254183765
MD,2020-10-26,1.028659218466819
MD,2020-11-02,1.0603784022089335
MD,2020-11-09,1.1161898502006578
MD,2020-11-16,1.1496090347773835
MD,2020-11-23,1.064212358389767
MD,2020-11-30,1.0398636476623502
MD,2020-12-07,0.9524341806792794
MD,2020-12-14,0.9657317369968555
MD,2020-12-21,0.908350304097888
MD,2020-12-28,0.9713817271663622
MD,2021-01-04,0.9785483202981105
MD,2021-01-11,0.978691524337868
MD,2021-01-18,0.9494391758927718
MD,2021-01-25,0.95496699728175
MD,2021-02-01,0.9531807584245144
MD,2021-02-08,0.9350327656371707
MD,2021-02-15,0.9127880230441556
MD,2021-02-22,0.9537498880852436
MD,2021-03-01,0.938875629487142
MD,2021-03-08,0.969010933555534
MD,2021-03-15,0.9371179133623068
MD,2021-03-22,1.0597059542535547
MD,2021-03-29,1.0508440260335767
MD,2021-04-05,1.0890272437629782
MD,2021-04-12,1.029574833875362
MD,2021-04-19,1.0111466343323408
MD,2021-04-26,1.0119788978258957
MD,2021-05-03,0.9855222763412856
MD,2021-05-10,0.9737084391280504
MD,2021-05-17,0.9866557007402376
MD,2021-05-24,1.0001674581976054
MD,2021-05-31,1.0186797806026875
MD,2021-06-07,0.9899680478074948
MD,2021-06-14,0.9864281128281492
MD,2021-06-21,1.0569124018360168
MD,2021-06-28,1.110040512140759
MD,2021-07-05,1.054591978472402
MD,2021-07-12,1.070377641405876
MD,2021-07-19,1.0967923915472204
MD,2021-07-26,1.1651781839431596
MD,2021-08-02,1.118144518358773
MD,2021-08-09,1.0652096758181837
MD,2021-08-16,1.0705854017625662
MD,2021-08-23,1.033302962100002
MD,2021-08-30,1.0503058679791455
MD,2021-09-06,1.0302494770817574
MD,2021-09-13,1.091708481351819
MD,2021-09-20,1.033367006906849
MD,2021-09-27,1.0280471049940978
MD,2021-10-04,0.9312719277963972
MD,2021-10-11,0.9931268250720492
MD,2021-10-18,0.9598052733279911
MD,2021-10-25,0.97013863365381
MD,2021-11-01,0.94782278779303
MD,2021-11-08,0.99807795303595
MD,2021-11-15,1.0251835265966975
MD,2021-11-22,1.0070011589410763
MD,2021-11-29,1.0262725956921843
MD,2021-12-06,1.044218983043266
MD,2021-12-13,1.1002336395649772
MD,2021-12-20,1.1249919649289344
MD,2021-12-27,1.2671758113230325
MD,2022-01-03,1.2224571139737803
MD,2022-01-10,1.075625439642594
MD,2022-01-17,0.8182512479308961
MD,2022-01-24,0.7483749729702441
MD,2022-01-31,0.7773193516487108
MD,2022-02-07,0.856128162228221
MD,2022-02-14,0.8431466367143794
MD,2022-02-21,0.9571388288116032
MD,2022-02-28,0.9301556742753286
MD,2022-03-07,1.0640132691999868
MD,2022-03-14,1.044232502207253
MD,2022-03-21,1.1197039077921522
MD,2022-03-28,1.0429000680392615
MD,2022-04-04,1.0547043269323566
MD,2022-04-11,1.0751469485004668
MD,2022-04-18,1.0429410310791003
MD,2022-04-25,1.0506313023089269
MD,2022-05-02,0.9796166773086776
MD,2022-05-09,1.057731555539302
MD,2022-05-16,1.0687595502163223
MD,2022-05-23,1.0597879327561175
MD,2022-05-30,0.9902032280924606
MD,2022-06-06,0.9635088943584986
MD,2022-06-13,1.0070937231481063
MD,2022-06-20,0.953663611428106
MD,2022-06-27,0.9740013341522707
MD,2022-07-04,0.9380180502530692
MD,2022-07-11,0.98553249540196
MD,2022-07-18,0.9687433817896874
MD,2022-07-25,0.9935584684300992
MD,2022-08-01,1.0263236237948503
MD,2022-08-08,1.0160314547901526
MD,2022-08-15,0.9746487086245772
MD,2022-08-22,0.9776327227697278
MD,2022-08-29,0.9862367456332078
MD,2022-09-05,1.03515246735238
MD,2022-09-12,1.075041683755524
MD,2022-09-19,1.1107262443937147
MD,2022-09-26,1.0948364092525384
MD,2022-10-03,1.06854182375644
MD,2022-10-10,1.0677361574783366
MD,2022-10-17,1.110827789382906
MD,2022-10-24,1.1884333803282157
MD,2022-10-31,1.2595750590073431
MD,2022-11-07,1.2769180240965723
MD,2022-11-14,1.1743780215356656
MD,2022-11-21,1.0058472698766263
MD,2022-11-28,1.0529454924120103
MD,2022-12-05,1.0271692648772073
MD,2022-12-12,1.0380322966389228
MD,2022-12-19,0.9002846530531413
MD,2022-12-26,0.9211270854822572
MD,2023-01-02,0.921247263399996
MD,2023-01-09,0.8401584049026954
MD,2023-01-16,0.7816477989033266
MD,2023-01-23,0.8022010447543138
MD,2023-01-30,0.904733810260258
MD,2023-02-06,0.9708680923075382
MD,2023-02-13,0.9918789455564858
MD,2023-02-20,0.9970691447992936
MD,2023-02-27,0.9795445431429932
MD,2023-03-06,0.9758682345746325
MD,2023-03-13,0.9904846844610288
MD,2023-03-20,0.9992833327014032
MD,2023-03-27,1.0330486540659924
MD,2023-04-03,0.9686948631533095
MD,2023-04-10,0.9503258772701596
MD,2023-04-17,0.9180403300320806
MD,2023-04-24,0.929180915099672
MD,2023-05-01,0.9603946107240684
MD,2023-05-08,1.00169274883132
MD,2023-05-15,1.0150837261007628
MD,2023-05-22,1.0389646992268546
MD,2023-05-29,0.9917103132584644
MD,2023-06-05,1.0144201420631698
MD,2023-06-12,0.946776318284516
MD,2023-06-19,0.9822852578404532
MD,2023-06-26,0.9111287970301
MD,2023-07-03,0.950857557292746
MD,2023-07-10,0.91191497611426
MD,2023-07-17,0.9921141137692492
MD,2023-07-24,0.9623078143731064
MD,2023-07-31,1.0088170049641745
MD,2023-08-07,0.9939689109867011
MD,2023-08-14,1.0782210074725158
MD,2023-08-21,1.073803586416664
MD,2023-08-28,1.0941864887313668
MD,2023-09-04,1.100234889837971
MD,2023-09-11,1.1214239039359593
MD,2023-09-18,1.0606383944578428
MD,2023-09-25,1.0911850868064408
MD,2023-10-02,1.0340414109706046
MD,2023-10-09,1.1164435620691897
MD,2023-10-16,1.0383922510747212
MD,2023-10-23,1.0799325058061828
MD,2023-10-30,1.023912911574106
MD,2023-11-06,1.0538740944374017
MD,2023-11-13,1.0919518107390134
MD,2023-11-20,1.066347563527064
MD,2023-11-27,1.071133635226171
MD,2023-12-04,1.0310877709876678
MD,2023-12-11,1.0511327637933066
MD,2023-12-18,1.0689073831612688
MD,2023-12-25,1.1656383708614475
MD,2024-01-01,1.1720376114133606
MD,2024-01-08,1.0447172867857124
MD,2024-01-15,0.913019438864407
MD,2024-01-22,0.8313707514083989
MD,2024-01-29,0.8981223744047298
MD,2024-02-05,0.9581358008088672
MD,2024-02-12,1.0308762979981316
MD,2024-02-19,1.0481677581859434
MD,2024-02-26,1.0266177893109374
MD,2024-03-04,1.0086585089024964
MD,2024-03-11,0.980426967103896
MD,2024-03-18,0.9292990750786376
MD,2024-03-25,0.9246510627985556
MD,2024-04-01,0.9036441250776756
MD,2024-04-08,0.9589356884277704
MD,2024-04-15,0.8990554031467137
MD,2024-04-22,0.9209647950124324
MD,2024-04-29,0.9218496739911836
MD,2024-05-06,0.956530786135742
MD,2024-05-13,0.9643503713201114
MD,2024-05-20,0.9682317158711528
MD,2024-05-27,0.987084230266646
MD,2024-06-03,0.9509958563772404
MD,2024-06-10,0.9415136076931324
MD,2024-06-17,0.9411102131184442
MD,2024-06-24,0.9754343453982712
MD,2024-07-01,0.9647940336188484
MD,2024-07-08,0.994337903552856
MD,2024-07-15,0.9729041249903886
MD,2024-07-22,0.9926045206828776
MD,2024-07-29,1.0094281996254597
MD,2024-08-05,1.0597804658265315
MD,2024-08-12,1.0819444593510184
MD,2024-08-19,1.0294426209559038
MD,2024-08-26,1.037304021644139
MD,2024-09-02,1.035562169016525
MD,2024-09-09,1.0649555192833842
MD,2024-09-16,1.088924002011077
MD,2024-09-23,1.0438132453043
MD,2024-09-30,1.0048457876367507
MD,2024-10-07,1.0149770846868669
MD,2024-10-14,1.0447520039931284
MD,2024-10-21,1.0882821267332614
MD,2024-10-28,1.0808313050541145
MD,2024-11-04,1.0245988172825304
MD,2024-11-11,1.0319797388780576
MD,2024-11-18,1.0079691483084632
MD,2024-11-25,1.07943727399125
MD,2024-12-02,1.0268689293925486
MD,2024-12-09,1.024133959813608
MD,2024-12-16,1.0097984678385117
MD,2024-12-23,1.1157045531140168
MD,2024-12-30,1.2014499183800458
MD,2025-01-06,1.1550527260236143
MD,2025-01-13,1.022545687418524
MD,2025-01-20,0.9573924017315272
MD,2025-01-27,1.0834017943852172
MD,2025-02-03,1.1929384366243645
MD,2025-02-10,1.2243722474442114
MD,2025-02-17,1.063514818391945
MD,2025-02-24,0.9231389023269362
MD,2025-03-03,0.8330260379003682
MD,2025-03-10,0.8428203928913932
MD,2025-03-17,0.8951650005319226
MD,2025-03-24,0.883527546409411
MD,2025-03-31,0.9084708754162524
MD,2025-04-07,0.9265279132387936
MD,2025-04-14,0.9109282561249918
MD,2025-04-21,0.9298319544294456
MD,2025-04-28,0.8882054820563636
MD,2025-05-05,0.9151445116302012
MD,2025-05-12,0.9199822353894298
MD,2025-05-19,0.9584356490102643
MD,2025-05-26,0.9716678724839553
MD,2025-06-02,0.9942992115516608
MD,2025-06-09,0.9710378381831792
MD,2025-06-16,0.9611418324304788
MD,2025-06-23,0.922157511934094
MD,2025-06-30,0.895132589418908
MD,2025-07-07,0.9277437877591698
MD,2025-07-14,0.9397351867436248
MD,2025-07-21,0.9622031293957262
MD,2025-07-28,0.9944149671720623
MD,2025-08-04,0.9633873864748232
MD,2025-08-11,1.0356238538395497
MD,2025-08-18,1.011092297819422
MD,2025-08-25,1.1084692624914358
MD,2025-09-01,1.100015902709398
MD,2025-09-08,1.1513361079039697
MD,2025-09-15,1.1079957488078345
ME,2016-10-10,1.0
ME,2016-10-17,0.9752163835893378
ME,2016-10-24,0.9830681923920768
ME,2016-10-31,1.0145136687212546
ME,2016-11-07,1.0243783858277975
ME,2016-11-14,0.976563717287174
ME,2016-11-21,0.9920968569981784
ME,2016-11-28,1.012629950759128
ME,2016-12-05,1.0825758256456055
ME,2016-12-12,1.029584107163154
ME,2016-12-19,0.9954675933886076
ME,2016-12-26,1.05451808582392
ME,2017-01-02,1.1573530912646273
ME,2017-01-09,1.148084769714387
ME,2017-01-16,1.0208278687928527
ME,2017-01-23,0.9999546568733216
ME,2017-01-30,1.0597499509469182
ME,2017-02-06,1.1431037039166336
ME,2017-02-13,1.1809376643503926
ME,2017-02-20,1.117457384081921
ME,2017-02-27,1.0444252863001455
ME,2017-03-06,0.917784374730932
ME,2017-03-13,0.9713697965196018
ME,2017-03-20,0.995174769213026
ME,2017-03-27,1.0542412420560934
ME,2017-04-03,0.957844370313212
ME,2017-04-10,0.9448372694729156
ME,2017-04-17,0.9020624456350396
ME,2017-04-24,0.8628005051329107
ME,2017-05-01,0.8047790865109926
ME,2017-05-08,0.8400120219998194
ME,2017-05-15,0.9087576379240476
ME,2017-05-22,0.9041157582626558
ME,2017-05-29,0.91353923765439
ME,2017-06-05,1.0813935130545804
ME,2017-06-12,1.1199966329454083
ME,2017-06-19,1.000797046995214
ME,2017-06-26,0.8425241123147851
ME,2017-07-03,1.0394044932955655
ME,2017-07-10,1.0084616830609152
ME,2017-07-17,0.9721171102287418
ME,2017-07-24,0.806945095662881
ME,2017-07-31,1.0921569594181535
ME,2017-08-07,1.0661060707814385
ME,2017-08-14,1.0623660402712756
ME,2017-08-21,0.9694632225089626
ME,2017-08-28,1.1121103477218626
ME,2017-09-04,1.1803294768326684
ME,2017-09-11,1.07329295482706
ME,2017-09-18,1.0432905412461957
ME,2017-09-25,1.0989793081306338
ME,2017-10-02,1.096567087791399
ME,2017-10-09,0.9770601793059788
ME,2017-10-16,1.0360446788788056
ME,2017-10-23,1.1179920432435326
ME,2017-10-30,1.189724994518503
ME,2017-11-06,0.9982416038173354
ME,2017-11-13,0.9709992183616538
ME,2017-11-20,1.0688296475973984
ME,2017-11-27,1.1663644652507243
ME,2017-12-04,1.1405442634049594
ME,2017-12-11,1.0435348789739975
ME,2017-12-18,1.0327782989814789
ME,2017-12-25,1.151750537350467
ME,2018-01-01,1.2606037321448456
ME,2018-01-08,1.181424123853752
ME,2018-01-15,1.0402317837866344
ME,2018-01-22,1.0085189590822543
ME,2018-01-29,1.09644593267435
ME,2018-02-05,1.1251447922091102
ME,2018-02-12,1.0844443120484977
ME,2018-02-19,0.9828528877022346
ME,2018-02-26,0.9231997156849808
ME,2018-03-05,0.8208919742229256
ME,2018-03-12,0.7789706299789109
ME,2018-03-19,0.8599631261297555
ME,2018-03-26,0.9151863301017984
ME,2018-04-02,0.936283643809708
ME,2018-04-09,0.8872871312088155
ME,2018-04-16,0.9160765226295028
ME,2018-04-23,0.943226966744321
ME,2018-04-30,0.8734732318869265
ME,2018-05-07,0.9109815673447954
ME,2018-05-14,0.8442013026235636
ME,2018-05-21,0.8789650587533705
ME,2018-05-28,0.9433452186358254
ME,2018-06-04,0.9557996487036736
ME,2018-06-11,0.9331868069259934
ME,2018-06-18,0.8859268896958663
ME,2018-06-25,0.963459474644818
ME,2018-07-02,0.9767772877468132
ME,2018-07-09,0.9871428340312012
ME,2018-07-16,0.9434499742726328
ME,2018-07-23,0.974588406424188
ME,2018-07-30,0.989317027988312
ME,2018-08-06,1.0180159543990537
ME,2018-08-13,1.0552134390632495
ME,2018-08-20,1.0270877635897306
ME,2018-08-27,1.061387137992157
ME,2018-09-03,1.0686780460768812
ME,2018-09-10,1.1338023818242011
ME,2018-09-17,1.094124451641167
ME,2018-09-24,1.130950193774862
ME,2018-10-01,1.0495510110638493
ME,2018-10-08,1.42218240292856
ME,2018-10-15,1.3679429435443742
ME,2018-10-22,1.30322362403253
ME,2018-10-29,1.0388310033098882
ME,2018-11-05,0.992277250274377
ME,2018-11-12,1.052068384210615
ME,2018-11-19,1.01244596162774
ME,2018-11-26,1.0812077074884945
ME,2018-12-03,1.0210572793963024
ME,2018-12-10,0.9656918524497816
ME,2018-12-17,1.0213286628015297
ME,2018-12-24,1.1272265630245026
ME,2018-12-31,1.2203580946323194
ME,2019-01-07,1.1471664113022948
ME,2019-01-14,1.0865337992086643
ME,2019-01-21,0.9953870087233276
ME,2019-01-28,1.0756919936313978
ME,2019-02-04,1.107566128316986
ME,2019-02-11,1.1255766996697538
ME,2019-02-18,1.1070710314007342
ME,2019-02-25,1.0793466793446398
ME,2019-03-04,1.0028206706047151
ME,2019-03-11,0.9269724595600104
ME,2019-03-18,0.9404194406556398
ME,2019-03-25,0.9515021234829284
ME,2019-04-01,0.932640773020346
ME,2019-04-08,0.8778840104433023
ME,2019-04-15,0.8651421156886703
ME,2019-04-22,0.8808571898899427
ME,2019-04-29,0.8398465987476201
ME,2019-05-06,0.875249692575468
ME,2019-05-13,0.8685420531339436
ME,2019-05-20,0.9657069508347582
ME,2019-05-27,0.9406694979981294
ME,2019-06-03,0.9754254276021784
ME,2019-06-10,0.9188995662250398
ME,2019-06-17,0.9160956357974488
ME,2019-06-24,0.911115574430792
ME,2019-07-01,0.9191320922906862
ME,2019-07-08,0.9569583078032392
ME,2019-07-15,0.9551571273194998
ME,2019-07-22,0.9557782351171688
ME,2019-07-29,0.9427798221819702
ME,2019-08-05,0.938058622936401
ME,2019-08-12,1.0259636554897724
ME,2019-08-19,1.0081380985735875
ME,2019-08-26,1.1797891353104448
ME,2019-09-02,1.0159289310477255
ME,2019-09-09,1.096556756194371
ME,2019-09-16,1.0842749872735913
ME,2019-09-23,1.187045665816052
ME,2019-09-30,1.1546845911558798
ME,2019-10-07,1.0824039662051426
ME,2019-10-14,1.0644016885031915
ME,2019-10-21,1.0484982622769872
ME,2019-10-28,1.0583188628331304
ME,2019-11-04,1.035374429855812
ME,2019-11-11,1.0331627202786982
ME,2019-11-18,1.077701936236359
ME,2019-11-25,1.1073625648399128
ME,2019-12-02,1.0971096347331166
ME,2019-12-09,1.0851085691112123
ME,2019-12-16,1.105806874299192
ME,2019-12-23,1.1784834759302385
ME,2019-12-30,1.2955917578950484
ME,2020-01-06,1.213331635229351
ME,2020-01-13,1.0460491415758657
ME,2020-01-20,0.9902263942176672
ME,2020-01-27,1.0698098603804138
ME,2020-02-03,1.1771409056120627
ME,2020-02-10,1.0976031702467004
ME,2020-02-17,1.02748865928245
ME,2020-02-24,0.962056042785704
ME,2020-03-02,0.9403930878578654
ME,2020-03-09,0.9602747855583078
ME,2020-03-16,1.0211454461001297
ME,2020-03-23,1.1024542164882043
ME,2020-03-30,0.9379172833553284
ME,2020-04-06,0.8034559066350286
ME,2020-04-13,0.619258718884844
ME,2020-04-20,0.7536477101438931
ME,2020-04-27,0.8256674218324703
ME,2020-05-04,0.8835299888926887
ME,2020-05-11,0.8835993120257026
ME,2020-05-18,0.902083806576554
ME,2020-05-25,0.8818071336932695
ME,2020-06-01,0.8729396718086266
ME,2020-06-08,0.8542934394242941
ME,2020-06-15,0.9102095514243934
ME,2020-06-22,0.9849054480637464
ME,2020-06-29,1.0757063100681588
ME,2020-07-06,1.1130111210928213
ME,2020-07-13,1.0752002499470603
ME,2020-07-20,1.0561490446765138
ME,2020-07-27,0.9985876926690468
ME,2020-08-03,1.0007870909979142
ME,2020-08-10,1.0511469995532068
ME,2020-08-17,1.0323840445781352
ME,2020-08-24,1.0217907200800955
ME,2020-08-31,0.9936278078495344
ME,2020-09-07,1.0229244891324658
ME,2020-09-14,1.1322721810462533
ME,2020-09-21,1.0127240164298743
ME,2020-09-28,1.069770843080001
ME,2020-10-05,0.9924693360147802
ME,2020-10-12,1.0687399549703176
ME,2020-10-19,0.9907126873792304
ME,2020-10-26,1.0424930459517292
ME,2020-11-02,1.0120930173543925
ME,2020-11-09,1.0905204717911736
ME,2020-11-16,1.064751216012794
ME,2020-11-23,1.0098083319922233
ME,2020-11-30,0.9747639166256216
ME,2020-12-07,0.9312493889194192
ME,2020-12-14,0.9711918440303876
ME,2020-12-21,0.9598618021268148
ME,2020-12-28,1.0009597295315529
ME,2021-01-04,0.9982652767939252
ME,2021-01-11,0.981066627172374
ME,2021-01-18,0.945429771838497
ME,2021-01-25,0.9679937640035464
ME,2021-02-01,0.9549240144490304
ME,2021-02-08,0.9599018945725284
ME,2021-02-15,0.8649663780037163
ME,2021-02-22,0.973597438982862
ME,2021-03-01,0.9643947519350916
ME,2021-03-08,1.019343968703233
ME,2021-03-15,0.9887452936847289
ME,2021-03-22,0.9684385953997598
ME,2021-03-29,1.035492533137981
ME,2021-04-05,1.0368909738683545
ME,2021-04-12,1.0465756339186232
ME,2021-04-19,1.0644174947755194
ME,2021-04-26,0.9631741671437029
ME,2021-05-03,1.0341368065318957
ME,2021-05-10,0.997542047374016
ME,2021-05-17,1.0052405345102984
ME,2021-05-24,0.978555317385835
ME,2021-05-31,0.9985295185468798
ME,2021-06-07,1.082021020092295
ME,2021-06-14,1.0552800984526296
ME,2021-06-21,1.1186099435574437
ME,2021-06-28,1.070205826976426
ME,2021-07-05,1.0712994867762302
ME,2021-07-12,1.0339786827074824
ME,2021-07-19,1.022759040188102
ME,2021-07-26,1.0247271260830535
ME,2021-08-02,1.0812192722243452
ME,2021-08-09,1.1243224526267503
ME,2021-08-16,1.068420108213589
ME,2021-08-23,1.005325242310808
ME,2021-08-30,1.046174281537668
ME,2021-09-06,1.1329380257945614
ME,2021-09-13,1.093086854266742
ME,2021-09-20,1.0723007869511294
ME,2021-09-27,1.0295343321063233
ME,2021-10-04,0.9638628740751488
ME,2021-10-11,0.9700660829151464
ME,2021-10-18,0.9889550806684324
ME,2021-10-25,1.01771029369507
ME,2021-11-01,1.0190466704244352
ME,2021-11-08,1.0138156520976287
ME,2021-11-15,1.0361944275204356
ME,2021-11-22,1.0230689949056313
ME,2021-11-29,1.099789339144047
ME,2021-12-06,1.0989191622028025
ME,2021-12-13,1.041464916911352
ME,2021-12-20,1.0105178304222664
ME,2021-12-27,1.0843619964251887
ME,2022-01-03,1.1289198821271391
ME,2022-01-10,1.044659207854039
ME,2022-01-17,0.95029330372682
ME,2022-01-24,0.8585281059652875
ME,2022-01-31,0.8074251969682248
ME,2022-02-07,0.8036449558125955
ME,2022-02-14,0.8573042401253227
ME,2022-02-21,0.90381032636966
ME,2022-02-28,0.9518765148765972
ME,2022-03-07,0.9908405789070588
ME,2022-03-14,1.0382077943664865
ME,2022-03-21,1.0817973883468108
ME,2022-03-28,1.169558410593442
ME,2022-04-04,1.1428221170527209
ME,2022-04-11,1.1585650835003662
ME,2022-04-18,1.0588512424756804
ME,2022-04-25,1.0908894061480583
ME,2022-05-02,1.0673789355629817
ME,2022-05-09,1.0453677957041945
ME,2022-05-16,1.0929022222749445
ME,2022-05-23,0.9911557187762914
ME,2022-05-30,0.952030167172304
ME,2022-06-06,0.8445306933102351
ME,2022-06-13,0.8707391452359264
ME,2022-06-20,0.8915370335362737
ME,2022-06-27,0.9033340243607878
ME,2022-07-04,0.883129338846098
ME,2022-07-11,0.9357232404003142
ME,2022-07-18,0.9741876365582626
ME,2022-07-25,0.9545977450425056
ME,2022-08-01,1.0231465128474744
ME,2022-08-08,0.9910991918753008
ME,2022-08-15,1.0200792468222355
ME,2022-08-22,1.023597360462309
ME,2022-08-29,1.068164689256478
ME,2022-09-05,1.075674079627864
ME,2022-09-12,1.0878223057732526
ME,2022-09-19,1.0835416330852616
ME,2022-09-26,1.117814038084522
ME,2022-10-03,1.0416973134830323
ME,2022-10-10,1.0652172960392978
ME,2022-10-17,1.0703520300042215
ME,2022-10-24,1.1265400918740125
ME,2022-10-31,1.127572584131436
ME,2022-11-07,1.2002784134235949
ME,2022-11-14,1.1922059437640569
ME,2022-11-21,1.1237566660859128
ME,2022-11-28,1.183373118905707
ME,2022-12-05,1.1986351475215755
ME,2022-12-12,1.2940021599084213
ME,2022-12-19,1.1707785005966602
ME,2022-12-26,1.056170039763323
ME,2023-01-02,0.9191557532117058
ME,2023-01-09,0.7345290528771563
ME,2023-01-16,0.6451915250650799
ME,2023-01-23,0.667187381823943
ME,2023-01-30,0.793475838543563
ME,2023-02-06,0.907366903167892
ME,2023-02-13,0.9948402999230956
ME,2023-02-20,1.0083885932218617
ME,2023-02-27,1.0328903692585063
ME,2023-03-06,1.0069208035609862
ME,2023-03-13,0.980533504069115
ME,2023-03-20,0.9874792646068448
ME,2023-03-27,0.991208200099312
ME,2023-04-03,1.0065993558352897
ME,2023-04-10,0.95482071991062
ME,2023-04-17,0.955574480248472
ME,2023-04-24,0.9502125561644784
ME,2023-05-01,0.9228440049116344
ME,2023-05-08,0.94646151689219
ME,2023-05-15,0.9775435082275944
ME,2023-05-22,0.9682373507149818
ME,2023-05-29,0.9940540592215524
ME,2023-06-05,1.0254660537303348
ME,2023-06-12,1.0526038909557167
ME,2023-06-19,0.9946675790785456
ME,2023-06-26,0.9114916324444796
ME,2023-07-03,0.9312828906719728
ME,2023-07-10,0.96126176308694
ME,2023-07-17,0.9016895747600784
ME,2023-07-24,0.9540929460223914
ME,2023-07-31,0.980909740124753
ME,2023-08-07,1.046039716988803
ME,2023-08-14,1.1139234508834386
ME,2023-08-21,1.04366297716412
ME,2023-08-28,1.106563577193198
ME,2023-09-04,1.050158530289936
ME,2023-09-11,1.107189341511342
ME,2023-09-18,1.0542675705155216
ME,2023-09-25,1.1139589344055496
ME,2023-10-02,1.0660390359254202
ME,2023-10-09,1.0224587965624097
ME,2023-10-16,1.0314534010646212
ME,2023-10-23,1.005783846498661
ME,2023-10-30,1.0508877253100768
ME,2023-11-06,1.020203257335317
ME,2023-11-13,1.0907336950144702
ME,2023-11-20,1.0915802675168045
ME,2023-11-27,1.1314525064271714
ME,2023-12-04,1.1076277138536883
ME,2023-12-11,1.062053978332234
ME,2023-12-18,1.0834384158395605
ME,2023-12-25,1.195095680330929
ME,2024-01-01,1.2353108084535231
ME,2024-01-08,1.0880237313408283
ME,2024-01-15,0.9231353720212184
ME,2024-01-22,0.8955791422984929
ME,2024-01-29,0.9314602560428212
ME,2024-02-05,1.0134126670810275
ME,2024-02-12,1.0554530479275332
ME,2024-02-19,1.0645189302183409
ME,2024-02-26,1.0394974156748835
ME,2024-03-04,0.942533019915006
ME,2024-03-11,0.9229553298588864
ME,2024-03-18,0.8819534862310779
ME,2024-03-25,0.8986888807854552
ME,2024-04-01,0.9514391965697324
ME,2024-04-08,0.9765631565382272
ME,2024-04-15,0.9372080286255028
ME,2024-04-22,0.8907873722482711
ME,2024-04-29,0.8697464743973778
ME,2024-05-06,0.9200774049700512
ME,2024-05-13,0.9580184298211366
ME,2024-05-20,0.9938799801978284
ME,2024-05-27,0.9362083746755484
ME,2024-06-03,0.9133156161448078
ME,2024-06-10,0.8811594874884021
ME,2024-06-17,0.9426967943096376
ME,2024-06-24,0.9914547974724566
ME,2024-07-01,0.9342603355078426
ME,2024-07-08,0.9891090417296056
ME,2024-07-15,0.9933073405929024
ME,2024-07-22,1.0365111948040644
ME,2024-07-29,1.03271881236157
ME,2024-08-05,1.0397721143547407
ME,2024-08-12,1.0322607996422792
ME,2024-08-19,1.0378156860652026
ME,2024-08-26,1.0862968376208748
ME,2024-09-02,1.0586499089448922
ME,2024-09-09,1.0320012277625203
ME,2024-09-16,1.055286060568907
ME,2024-09-23,1.0740826244381223
ME,2024-09-30,1.0285316923564651
ME,2024-10-07,0.9780495381344388
ME,2024-10-14,1.0304051154959677
ME,2024-10-21,1.0849297200468633
ME,2024-10-28,1.1188798290245083
ME,2024-11-04,1.07957739652992
ME,2024-11-11,1.0037845826383445
ME,2024-11-18,0.9773973964759688
ME,2024-11-25,1.0130862403040806
ME,2024-12-02,1.014514912022491
ME,2024-12-09,1.0555186749172716
ME,2024-12-16,1.0318821740536903
ME,2024-12-23,1.114196220024086
ME,2024-12-30,1.264232502271236
ME,2025-01-06,1.2633570422229592
ME,2025-01-13,1.1171223961228776
ME,2025-01-20,1.0132055519068317
ME,2025-01-27,1.103680410658144
ME,2025-02-03,1.2050153260053609
ME,2025-02-10,1.1936693642819634
ME,2025-02-17,1.140621438897803
ME,2025-02-24,1.034412948643528
ME,2025-03-03,0.9200515044519972
ME,2025-03-10,0.8284982380323165
ME,2025-03-17,0.8214556402499309
ME,2025-03-24,0.8539448916527417
ME,2025-03-31,0.8649004487633492
ME,2025-04-07,0.8827061311412504
ME,2025-04-14,0.8907968432049
ME,2025-04-21,0.8586465612161722
ME,2025-04-28,0.849873368908461
ME,2025-05-05,0.8209894849041651
ME,2025-05-12,0.8568971508233285
ME,2025-05-19,0.9269104758253248
ME,2025-05-26,0.9687799711491972
ME,2025-06-02,1.0099693786263355
ME,2025-06-09,0.975396363070096
ME,2025-06-16,0.9374734036683672
ME,2025-06-23,0.9288180553514572
ME,2025-06-30,0.8957360785503783
ME,2025-07-07,0.991756148825673
ME,2025-07-14,0.9231679169237194
ME,2025-07-21,0.9326100251310416
ME,2025-07-28,0.8831389961124142
ME,2025-08-04,1.042832212911564
ME,2025-08-11,1.09029816094995
ME,2025-08-18,1.0655942699935463
ME,2025-08-25,1.0692274837244484
ME,2025-09-01,1.0797532366271378
ME,2025-09-08,1.0909183344300653
ME,2025-09-15,1.0518497586052222
MI,2016-10-10,1.0
MI,2016-10-17,1.0223309345357972
MI,2016-10-24,1.0744663679308062
MI,2016-10-31,1.0755939055079229
MI,2016-11-07,1.1228882781238487
MI,2016-11-14,1.0734323750702894
MI,2016-11-21,1.0707352720665375
MI,2016-11-28,0.993270900107896
MI,2016-12-05,0.9336457991353274
MI,2016-12-12,1.0677912566869148
MI,2016-12-19,1.0826150389410631
MI,2016-12-26,1.2101906267777431
MI,2017-01-02,1.1256457958064938
MI,2017-01-09,1.102068651656609
MI,2017-01-16,1.013088044743585
MI,2017-01-23,0.991303615871158
MI,2017-01-30,1.067729788104156
MI,2017-02-06,1.1544919980736787
MI,2017-02-13,1.1934170649085154
MI,2017-02-20,1.1826574358878197
MI,2017-02-27,1.0706959700801175
MI,2017-03-06,0.9374672187231888
MI,2017-03-13,0.9098290575049088
MI,2017-03-20,0.9140560581008588
MI,2017-03-27,0.993348984226602
MI,2017-04-03,0.9263823852645297
MI,2017-04-10,0.8582379258458548
MI,2017-04-17,0.7707931223641054
MI,2017-04-24,0.8117656547804465
MI,2017-05-01,0.8610021419908165
MI,2017-05-08,0.9107796525861938
MI,2017-05-15,0.9091804731531636
MI,2017-05-22,0.9774503094998478
MI,2017-05-29,0.9513225795485724
MI,2017-06-05,0.9616568280282132
MI,2017-06-12,0.9049800241554696
MI,2017-06-19,0.9337345799511084
MI,2017-06-26,0.9375760064194684
MI,2017-07-03,0.9737042398143968
MI,2017-07-10,1.0068208260284364
MI,2017-07-17,0.9303718332144448
MI,2017-07-24,0.897017147233642
MI,2017-07-31,0.9276239803965466
MI,2017-08-07,1.001060962958838
MI,2017-08-14,0.987573381674916
MI,2017-08-21,1.02868843299894
MI,2017-08-28,1.0720844860780736
MI,2017-09-04,1.2394185243623417
MI,2017-09-11,1.2276488016509834
MI,2017-09-18,1.1292274867719192
MI,2017-09-25,1.10638200807291
MI,2017-10-02,1.0632360750950165
MI,2017-10-09,1.0532277366813918
MI,2017-10-16,1.0314969906748823
MI,2017-10-23,1.030587356014303
MI,2017-10-30,1.0775313424616484
MI,2017-11-06,1.030169148109923
MI,2017-11-13,1.0548530590651175
MI,2017-11-20,1.0495672934471263
MI,2017-11-27,1.1168120364270082
MI,2017-12-04,1.026943220402057
MI,2017-12-11,1.0847142902176106
MI,2017-12-18,1.0923715685955255
MI,2017-12-25,1.245277502374566
MI,2018-01-01,1.293890249488522
MI,2018-01-08,1.17030030286933
MI,2018-01-15,1.1283625599961091
MI,2018-01-22,1.090575300888167
MI,2018-01-29,1.1375760386571274
MI,2018-02-05,1.094581288555201
MI,2018-02-12,1.0282856243600336
MI,2018-02-19,0.9341422028805249
MI,2018-02-26,0.8516886326005644
MI,2018-03-05,0.8206514662828315
MI,2018-03-12,0.8169035758724698
MI,2018-03-19,0.8070855695704193
MI,2018-03-26,0.9036320099311064
MI,2018-04-02,0.9820528416593602
MI,2018-04-09,0.990890415924297
MI,2018-04-16,0.9163452143014748
MI,2018-04-23,0.8637803169781951
MI,2018-04-30,0.8921844878096941
MI,2018-05-07,0.8305872851125925
MI,2018-05-14,0.8903396117356014
MI,2018-05-21,0.8926245776153497
MI,2018-05-28,1.0043074288473803
MI,2018-06-04,0.9296184317660552
MI,2018-06-11,0.9010675692682808
MI,2018-06-18,0.9931111736688302
MI,2018-06-25,0.9570160442998964
MI,2018-07-02,1.0241396232240418
MI,2018-07-09,0.8886773207670998
MI,2018-07-16,0.9506552538195704
MI,2018-07-23,0.9139643286096896
MI,2018-07-30,0.9953195570080609
MI,2018-08-06,1.066200968765512
MI,2018-08-13,1.026042815864137
MI,2018-08-20,1.020911292525409
MI,2018-08-27,1.044062859574305
MI,2018-09-03,1.1162658971791135
MI,2018-09-10,1.2960180581212228
MI,2018-09-17,1.26951961393425
MI,2018-09-24,1.31061836750077
MI,2018-10-01,1.0964877168353977
MI,2018-10-08,0.997929643101037
MI,2018-10-15,0.9460870881438236
MI,2018-10-22,0.9344983867093328
MI,2018-10-29,1.0425602139775176
MI,2018-11-05,1.0531432599191148
MI,2018-11-12,1.0804959417637492
MI,2018-11-19,1.053104490968684
MI,2018-11-26,1.0963107819743148
MI,2018-12-03,1.0431832334950384
MI,2018-12-10,0.9975713840613106
MI,2018-12-17,1.022321049813194
MI,2018-12-24,1.1704791369738397
MI,2018-12-31,1.2185785795876132
MI,2019-01-07,1.112018352917605
MI,2019-01-14,0.9579837117248376
MI,2019-01-21,0.962250170166359
MI,2019-01-28,1.0663683167563267
MI,2019-02-04,1.0976404414139644
MI,2019-02-11,1.06804923623561
MI,2019-02-18,1.0481561066733107
MI,2019-02-25,1.048917877534277
MI,2019-03-04,1.0329056299386474
MI,2019-03-11,1.010449777321524
MI,2019-03-18,1.0409446528352502
MI,2019-03-25,1.0149474079601573
MI,2019-04-01,0.9513172876098872
MI,2019-04-08,0.8576201662642859
MI,2019-04-15,0.8008812536413652
MI,2019-04-22,0.8410072983739139
MI,2019-04-29,0.8242485350905053
MI,2019-05-06,0.8748811699601138
MI,2019-05-13,0.8913210147373021
MI,2019-05-20,0.950989769798202
MI,2019-05-27,0.943650548651581
MI,2019-06-03,0.9337703465571756
MI,2019-06-10,0.9144886214338104
MI,2019-06-17,0.9365666978517372
MI,2019-06-24,0.9117312762110792
MI,2019-07-01,0.9641899900565584
MI,2019-07-08,0.9001728789072578
MI,2019-07-15,0.9304326051174509
MI,2019-07-22,0.8790101300956639
MI,2019-07-29,0.9698684500552404
MI,2019-08-05,0.996694661085758
MI,2019-08-12,1.0379616584181384
MI,2019-08-19,1.0029123797784931
MI,2019-08-26,1.0644517272918728
MI,2019-09-02,1.101213988979204
MI,2019-09-09,1.2448755637840994
MI,2019-09-16,1.2581615602661838
MI,2019-09-23,1.1687863998697492
MI,2019-09-30,1.0209547422873375
MI,2019-10-07,0.9953313198719224
MI,2019-10-14,1.040322209256304
MI,2019-10-21,1.0652826291877444
MI,2019-10-28,1.0548530729866183
MI,2019-11-04,1.0347609772660895
MI,2019-11-11,1.040121148127968
MI,2019-11-18,1.083522557988802
MI,2019-11-25,1.0967489897708886
MI,2019-12-02,1.099648075083154
MI,2019-12-09,1.0935491054135242
MI,2019-12-16,1.13062400472081
MI,2019-12-23,1.2202567316355817
MI,2019-12-30,1.288398802841647
MI,2020-01-06,1.1543235584820384
MI,2020-01-13,0.9824293286416128
MI,2020-01-20,0.9127544136779052
MI,2020-01-27,1.0773336705607175
MI,2020-02-03,1.1642605807030637
MI,2020-02-10,1.163259696317676
MI,2020-02-17,1.0426336991181753
MI,2020-02-24,0.9518764923294296
MI,2020-03-02,0.8982135205228848
MI,2020-03-09,0.9376490356339372
MI,2020-03-16,1.031159549621603
MI,2020-03-23,1.0164809311296308
MI,2020-03-30,0.9064224437956984
MI,2020-04-06,0.7801605613998979
MI,2020-04-13,0.7635225778745469
MI,2020-04-20,0.7776536266757663
MI,2020-04-27,0.8219312844487041
MI,2020-05-04,0.8050295039595312
MI,2020-05-11,0.8037780103486022
MI,2020-05-18,0.8670537832006414
MI,2020-05-25,0.8452813144906121
MI,2020-06-01,1.0049816332049248
MI,2020-06-08,0.924247929542722
MI,2020-06-15,1.018403796594536
MI,2020-06-22,0.9405964129148232
MI,2020-06-29,1.0561849662046454
MI,2020-07-06,1.0246622906333382
MI,2020-07-13,1.1125722642846283
MI,2020-07-20,1.033929349980655
MI,2020-07-27,1.0332125301611927
MI,2020-08-03,1.0208317394036122
MI,2020-08-10,1.0099630899801844
MI,2020-08-17,1.0355588039679036
MI,2020-08-24,0.9639854397126064
MI,2020-08-31,1.037965317106562
MI,2020-09-07,0.9782465557478544
MI,2020-09-14,0.9861419030966164
MI,2020-09-21,0.9891894210387736
MI,2020-09-28,1.0542413101170836
MI,2020-10-05,1.0587432092048925
MI,2020-10-12,1.0313113136837238
MI,2020-10-19,0.9970845658299295
MI,2020-10-26,1.0209943260258851
MI,2020-11-02,1.011560903417141
MI,2020-11-09,1.117785239403979
MI,2020-11-16,1.0712107464302352
MI,2020-11-23,1.073843717487471
MI,2020-11-30,0.987543956636357
MI,2020-12-07,0.9588079932808152
MI,2020-12-14,0.937968840420938
MI,2020-12-21,0.9263652489408278
MI,2020-12-28,0.9926401242666926
MI,2021-01-04,0.956626119059158
MI,2021-01-11,1.0754835398151894
MI,2021-01-18,0.996890745830526
MI,2021-01-25,1.0190962994771895
MI,2021-02-01,0.9727246598727662
MI,2021-02-08,0.9545984350449982
MI,2021-02-15,0.9728091723944964
MI,2021-02-22,0.9150918451293156
MI,2021-03-01,0.9863422188505908
MI,2021-03-08,1.0016611612092636
MI,2021-03-15,0.984049820803934
MI,2021-03-22,0.9628115235175276
MI,2021-03-29,1.0146937059831735
MI,2021-04-05,1.0934542973764272
MI,2021-04-12,1.1080567141135576
MI,2021-04-19,1.067267482633157
MI,2021-04-26,0.9218888680066704
MI,2021-05-03,1.0702211236760082
MI,2021-05-10,0.9935978125691596
MI,2021-05-17,1.0652692947912032
MI,2021-05-24,0.94344476224625
MI,2021-05-31,0.9774539074081864
MI,2021-06-07,1.0444776037729566
MI,2021-06-14,1.0332569008997026
MI,2021-06-21,1.0535445876905458
MI,2021-06-28,1.0014131110342512
MI,2021-07-05,1.013146114461065
MI,2021-07-12,1.0515247399988847
MI,2021-07-19,1.032365719900049
MI,2021-07-26,1.1150852009153107
MI,2021-08-02,1.1223280158346156
MI,2021-08-09,1.1661908155101932
MI,2021-08-16,1.058433909612709
MI,2021-08-23,1.103853672584937
MI,2021-08-30,1.0844597630315185
MI,2021-09-06,1.0466820008476496
MI,2021-09-13,1.0008786429643235
MI,2021-09-20,1.0194438328148951
MI,2021-09-27,1.051945199303546
MI,2021-10-04,1.0009925555536845
MI,2021-10-11,1.1381104938167388
MI,2021-10-18,1.1115114877366037
MI,2021-10-25,1.0905289999999863
MI,2021-11-01,0.955805636789487
MI,2021-11-08,1.0581733491463896
MI,2021-11-15,1.09751547023659
MI,2021-11-22,1.067403960853232
MI,2021-11-29,0.9824683004351896
MI,2021-12-06,0.96540898249591
MI,2021-12-13,0.9930420457192756
MI,2021-12-20,1.0381960235416012
MI,2021-12-27,1.1240458398598705
MI,2022-01-03,1.1571886061034626
MI,2022-01-10,1.055133688435032
MI,2022-01-17,0.9149288490167876
MI,2022-01-24,0.8085453878636785
MI,2022-01-31,0.8164422818495165
MI,2022-02-07,0.8216317078352445
MI,2022-02-14,0.8391988388846272
MI,2022-02-21,0.9017113898999384
MI,2022-02-28,0.9588123055023442
MI,2022-03-07,1.0447927139840116
MI,2022-03-14,1.0811222545776094
MI,2022-03-21,1.138868653661378
MI,2022-03-28,1.0957420964396911
MI,2022-04-04,1.0828554935031611
MI,2022-04-11,1.038070818918135
MI,2022-04-18,1.0296593764432993
MI,2022-04-25,1.0255047294970616
MI,2022-05-02,1.0510640636760202
MI,2022-05-09,1.0724479688310695
MI,2022-05-16,1.0944526319952066
MI,2022-05-23,0.9704331450408858
MI,2022-05-30,0.932727555091052
MI,2022-06-06,0.8845033291216935
MI,2022-06-13,0.9138626608758011
MI,2022-06-20,0.9176934152720042
MI,2022-06-27,0.8964396935399325
MI,2022-07-04,0.919317118356596
MI,2022-07-11,0.9702682501988308
MI,2022-07-18,0.9781020329916472
MI,2022-07-25,0.9635366920595448
MI,2022-08-01,0.9880804052591692
MI,2022-08-08,1.0021393500873386
MI,2022-08-15,1.0074696632616935
MI,2022-08-22,1.0051352872010642
MI,2022-08-29,1.0405550605570275
MI,2022-09-05,1.0686999008878355
MI,2022-09-12,1.082897806059104
MI,2022-09-19,1.0680423245127386
MI,2022-09-26,1.0706389555878866
MI,2022-10-03,1.0619794777925908
MI,2022-10-10,1.10310598408535
MI,2022-10-17,1.1218301868903502
MI,2022-10-24,1.1755525619980844
MI,2022-10-31,1.1678626449501053
MI,2022-11-07,1.1961212355035964
MI,2022-11-14,1.129381466027899
MI,2022-11-21,1.058701747257894
MI,2022-11-28,1.0744094801757216
MI,2022-12-05,1.083983129834094
MI,2022-12-12,1.135998827172557
MI,2022-12-19,1.0842833372201126
MI,2022-12-26,1.048451992761825
MI,2023-01-02,0.9391170392879754
MI,2023-01-09,0.8008668493255879
MI,2023-01-16,0.7195687245591281
MI,2023-01-23,0.7467013757547237
MI,2023-01-30,0.8534851265181282
MI,2023-02-06,0.9298256892033604
MI,2023-02-13,0.9962141687404704
MI,2023-02-20,1.000701780834124
MI,2023-02-27,0.9920654448370392
MI,2023-03-06,0.986633451294794
MI,2023-03-13,0.9946896449262504
MI,2023-03-20,1.0029017765005646
MI,2023-03-27,1.030991307874863
MI,2023-04-03,0.984983445863814
MI,2023-04-10,0.9602107232485844
MI,2023-04-17,0.9202587475796914
MI,2023-04-24,0.947370683187002
MI,2023-05-01,0.9541300341956116
MI,2023-05-08,1.0366148588313937
MI,2023-05-15,1.0116675739640195
MI,2023-05-22,1.0151177326641574
MI,2023-05-29,0.9509040600476506
MI,2023-06-05,0.9910733765313718
MI,2023-06-12,0.9648086183014482
MI,2023-06-19,0.9733669560858912
MI,2023-06-26,0.8970316395898684
MI,2023-07-03,0.9017620670717752
MI,2023-07-10,0.8958274203789243
MI,2023-07-17,0.9095176831282816
MI,2023-07-24,0.9510936771997448
MI,2023-07-31,0.975609363820883
MI,2023-08-07,1.007773743350585
MI,2023-08-14,1.0688444747394
MI,2023-08-21,1.0527549852729812
MI,2023-08-28,1.1045232669423029
MI,2023-09-04,1.1448634224403846
MI,2023-09-11,1.1895359327889403
MI,2023-09-18,1.1191229826143518
MI,2023-09-25,1.1021825682815911
MI,2023-10-02,1.033396838449195
MI,2023-10-09,1.0233058520147258
MI,2023-10-16,1.0061296089867875
MI,2023-10-23,1.043366634793034
MI,2023-10-30,1.052280674697763
MI,2023-11-06,1.0558437779188212
MI,2023-11-13,1.0776173049564275
MI,2023-11-20,1.074171441395503
MI,2023-11-27,1.1027569959031964
MI,2023-12-04,1.0817319828118963
MI,2023-12-11,1.091779123789854
MI,2023-12-18,1.14732501986538
MI,2023-12-25,1.2096087599941454
MI,2024-01-01,1.2328347210043835
MI,2024-01-08,1.0647783358486995
MI,2024-01-15,0.9207570811889244
MI,2024-01-22,0.8505677320993902
MI,2024-01-29,0.9403964379824056
MI,2024-02-05,1.0522078010068834
MI,2024-02-12,1.1395352867448705
MI,2024-02-19,1.1271138218383168
MI,2024-02-26,1.1014383499899143
MI,2024-03-04,1.0315526694270627
MI,2024-03-11,0.9935472854495004
MI,2024-03-18,0.9218477849264768
MI,2024-03-25,0.8870768355072333
MI,2024-04-01,0.910592910176196
MI,2024-04-08,0.917633750566662
MI,2024-04-15,0.8688772720473893
MI,2024-04-22,0.8222218322751504
MI,2024-04-29,0.8464321740562606
MI,2024-05-06,0.8879556878125048
MI,2024-05-13,0.9099450453529708
MI,2024-05-20,0.9072611943913816
MI,2024-05-27,0.8991711818427226
MI,2024-06-03,0.9702909353390656
MI,2024-06-10,0.9200263636280048
MI,2024-06-17,0.9443193841694916
MI,2024-06-24,0.8929829147542652
MI,2024-07-01,0.9256101485669376
MI,2024-07-08,0.9704640821981264
MI,2024-07-15,1.0032734464618671
MI,2024-07-22,0.9949334431948504
MI,2024-07-29,1.0015011418160082
MI,2024-08-05,1.0149190512557176
MI,2024-08-12,1.029789072740559
MI,2024-08-19,1.0253205080514776
MI,2024-08-26,1.0767225703943095
MI,2024-09-02,1.0569411346037891
MI,2024-09-09,1.076180484459978
MI,2024-09-16,1.0633982874975954
MI,2024-09-23,1.0579880114054108
MI,2024-09-30,0.9911578628672846
MI,2024-10-07,1.0005300866536653
MI,2024-10-14,1.0427168847346662
MI,2024-10-21,1.0783567559196976
MI,2024-10-28,1.084284105087963
MI,2024-11-04,1.0535082825311182
MI,2024-11-11,1.0106458564032244
MI,2024-11-18,1.0256565643102438
MI,2024-11-25,1.0396153074042034
MI,2024-12-02,1.0723758667561718
MI,2024-12-09,1.0597308365219635
MI,2024-12-16,1.0916844193727449
MI,2024-12-23,1.1671093175077047
MI,2024-12-30,1.3485835115729663
MI,2025-01-06,1.2899171928660975
MI,2025-01-13,1.0996411639161372
MI,2025-01-20,1.0214062491934903
MI,2025-01-27,1.1591931033253566
MI,2025-02-03,1.2365564348891476
MI,2025-02-10,1.1917894054375398
MI,2025-02-17,1.0865486190786755
MI,2025-02-24,0.9891795613554104
MI,2025-03-03,0.8868049187804871
MI,2025-03-10,0.8083535487986298
MI,2025-03-17,0.8261797249692938
MI,2025-03-24,0.8288774370836632
MI,2025-03-31,0.8212405440508408
MI,2025-04-07,0.8089427047999518
MI,2025-04-14,0.8222980650307231
MI,2025-04-21,0.8813187519024857
MI,2025-04-28,0.9476380483587656
MI,2025-05-05,0.980178667242091
MI,2025-05-12,0.924523214943371
MI,2025-05-19,0.8985315398050989
MI,2025-05-26,0.8929883419936672
MI,2025-06-02,0.97112336763961
MI,2025-06-09,0.9402559755269756
MI,2025-06-16,0.9164317143662032
MI,2025-06-23,0.8796858987869097
MI,2025-06-30,0.8985319556550536
MI,2025-07-07,0.927015470835548
MI,2025-07-14,0.9611928668202836
MI,2025-07-21,0.9683315661254078
MI,2025-07-28,0.9405575784301174
MI,2025-08-04,0.9589429461190844
MI,2025-08-11,1.0162228821610562
MI,2025-08-18,1.0313880647740927
MI,2025-08-25,1.059279462108276
MI,2025-09-01,1.1771055553299352
MI,2025-09-08,1.17587325657602
MI,2025-09-15,1.2137808775048624
MN,2016-10-10,1.0
MN,2016-10-17,1.0283523829970171
MN,2016-10-24,1.0043782096209022
MN,2016-10-31,1.0433926685793693
MN,2016-11-07,0.9883233582481156
MN,2016-11-14,0.99712629914261
MN,2016-11-21,0.9781721046097857
MN,2016-11-28,1.0403330729986322
MN,2016-12-05,1.0893663261713749
MN,2016-12-12,1.0421025589440387
MN,2016-12-19,1.0395995860964635
MN,2016-12-26,1.1115119739630053
MN,2017-01-02,1.179562937246512
MN,2017-01-09,1.1489334254190675
MN,2017-01-16,1.0276152097512694
MN,2017-01-23,1.0552463876666514
MN,2017-01-30,1.107460083769776
MN,2017-02-06,1.1278696686326632
MN,2017-02-13,1.125074079386079
MN,2017-02-20,1.1004752053919515
MN,2017-02-27,1.0546803707890144
MN,2017-03-06,0.926814282552334
MN,2017-03-13,0.9237565436735332
MN,2017-03-20,0.896508014320388
MN,2017-03-27,0.97725085749279
MN,2017-04-03,0.9489614687662782
MN,2017-04-10,0.9625751089970832
MN,2017-04-17,0.8966130277787542
MN,2017-04-24,0.909437960493725
MN,2017-05-01,0.898621696313364
MN,2017-05-08,0.944311002664997
MN,2017-05-15,0.9374255069342864
MN,2017-05-22,0.9581186342432204
MN,2017-05-29,0.9273541599577928
MN,2017-06-05,0.901779463612263
MN,2017-06-12,0.8943433632641263
MN,2017-06-19,0.903850084121794
MN,2017-06-26,1.009924427825825
MN,2017-07-03,0.9973263262528872
MN,2017-07-10,0.9937813769168238
MN,2017-07-17,0.9302695399158996
MN,2017-07-24,1.0162579834793275
MN,2017-07-31,1.0542971491869155
MN,2017-08-07,1.024213876819318
MN,2017-08-14,0.984061859710583
MN,2017-08-21,1.0001283218112904
MN,2017-08-28,0.9999847868344368
MN,2017-09-04,1.0193405890379263
MN,2017-09-11,0.9944477757930464
MN,2017-09-18,1.0353413710554311
MN,2017-09-25,1.03122475112485
MN,2017-10-02,1.067026572217542
MN,2017-10-09,1.0639626481344835
MN,2017-10-16,1.0904890264028195
MN,2017-10-23,1.0427212118231564
MN,2017-10-30,1.0098247240408864
MN,2017-11-06,1.017271657265253
MN,2017-11-13,1.027582936624623
MN,2017-11-20,1.0609801444079696
MN,2017-11-27,1.05788224572086
MN,2017-12-04,1.0355222324578592
MN,2017-12-11,1.074341779905102
MN,2017-12-18,1.099239351705136
MN,2017-12-25,1.2247908382845998
MN,2018-01-01,1.2520102027135294
MN,2018-01-08,1.1962867648852902
MN,2018-01-15,1.1289256435401689
MN,2018-01-22,1.085942555546041
MN,2018-01-29,1.0915699829596432
MN,2018-02-05,1.0701162771977557
MN,2018-02-12,1.0494342626650408
MN,2018-02-19,0.9730934201528796
MN,2018-02-26,0.9069364955396472
MN,2018-03-05,0.8555022259579151
MN,2018-03-12,0.8672714156744254
MN,2018-03-19,0.8634605751863034
MN,2018-03-26,0.891153358146351
MN,2018-04-02,0.8919686417374549
MN,2018-04-09,0.8938575959135245
MN,2018-04-16,0.9232905899833072
MN,2018-04-23,0.9241780277196026
MN,2018-04-30,0.9502985408748592
MN,2018-05-07,0.9467529383659558
MN,2018-05-14,0.9232380050586422
MN,2018-05-21,0.9385253742786864
MN,2018-05-28,0.9453540215842308
MN,2018-06-04,0.939837278734549
MN,2018-06-11,0.9114427281141206
MN,2018-06-18,0.8658768144133263
MN,2018-06-25,0.9480335698839414
MN,2018-07-02,1.0283046689095732
MN,2018-07-09,1.0131814407454738
MN,2018-07-16,0.9712457158298397
MN,2018-07-23,0.9864638101799894
MN,2018-07-30,1.0020758374873036
MN,2018-08-06,1.028490928638739
MN,2018-08-13,0.9218444774293444
MN,2018-08-20,0.9641088026918572
MN,2018-08-27,0.9327606176002516
MN,2018-09-03,1.0515213190458663
MN,2018-09-10,1.1510855346692637
MN,2018-09-17,1.199623332702048
MN,2018-09-24,1.133822986574863
MN,2018-10-01,1.0344654571300458
MN,2018-10-08,1.0432345910987342
MN,2018-10-15,1.069133938928957
MN,2018-10-22,1.0378914821064762
MN,2018-10-29,1.0278682614188523
MN,2018-11-05,1.067638335648247
MN,2018-11-12,1.0662216606367676
MN,2018-11-19,1.0412625069718928
MN,2018-11-26,1.032775817889355
MN,2018-12-03,1.0474076805080716
MN,2018-12-10,1.0136663251449023
MN,2018-12-17,1.0570792399703772
MN,2018-12-24,1.08308798968501
MN,2018-12-31,1.179076070836372
MN,2019-01-07,1.0993677898591707
MN,2019-01-14,1.0957519455633875
MN,2019-01-21,0.9816700145239238
MN,2019-01-28,1.0482465086189985
MN,2019-02-04,1.1160880762450294
MN,2019-02-11,1.090315606117005
MN,2019-02-18,1.0660414747985694
MN,2019-02-25,0.9822490642492122
MN,2019-03-04,1.051416747194545
MN,2019-03-11,0.979172662757873
MN,2019-03-18,0.9578490769735138
MN,2019-03-25,0.8823529981949673
MN,2019-04-01,0.9178463627399578
MN,2019-04-08,0.8652583675036343
MN,2019-04-15,0.8834912407308527
MN,2019-04-22,0.8856594555683814
MN,2019-04-29,0.9284799029257924
MN,2019-05-06,0.9742495959128122
MN,2019-05-13,0.9345016480428168
MN,2019-05-20,0.988198323261716
MN,2019-05-27,0.9763677315622498
MN,2019-06-03,1.0428760496779783
MN,2019-06-10,0.9546645461717695
MN,2019-06-17,0.9159455487576368
MN,2019-06-24,0.9321277570800972
MN,2019-07-01,0.9519154410325024
MN,2019-07-08,0.9701040465235424
MN,2019-07-15,0.9340128538102992
MN,2019-07-22,0.942618138618478
MN,2019-07-29,0.9936649963964884
MN,2019-08-05,1.0637525894184017
MN,2019-08-12,1.031111790958692
MN,2019-08-19,0.99831358283255
MN,2019-08-26,0.9898614581807104
MN,2019-09-02,1.022082366377857
MN,2019-09-09,1.0172225039085523
MN,2019-09-16,1.0598869687899668
MN,2019-09-23,1.147215465555513
MN,2019-09-30,1.1406358790649231
MN,2019-10-07,1.137065568982495
MN,2019-10-14,1.0255053479817413
MN,2019-10-21,1.0240567887899994
MN,2019-10-28,1.0010204882369076
MN,2019-11-04,1.0605698951422868
MN,2019-11-11,1.031672698565187
MN,2019-11-18,1.0450066526511914
MN,2019-11-25,1.0335689161285142
MN,2019-12-02,1.2688240147539
MN,2019-12-09,1.1562561125074111
MN,2019-12-16,1.1595889979669194
MN,2019-12-23,1.0553363857326516
MN,2019-12-30,1.3179452557739073
MN,2020-01-06,1.2537273885036095
MN,2020-01-13,1.0112233430655295
MN,2020-01-20,0.8433409050423115
MN,2020-01-27,0.939949201185422
MN,2020-02-03,1.2361522347208231
MN,2020-02-10,1.1574285459904077
MN,2020-02-17,1.1108288654567835
MN,2020-02-24,0.8964483669590151
MN,2020-03-02,1.077989792049775
MN,2020-03-09,0.98912968368657
MN,2020-03-16,1.0130758867927998
MN,2020-03-23,0.8874367325339413
MN,2020-03-30,0.9011914113406482
MN,2020-04-06,0.9167623654245054
MN,2020-04-13,0.8032520132899994
MN,2020-04-20,0.8294777570185713
MN,2020-04-27,0.8107671049579853
MN,2020-05-04,0.9804935220189156
MN,2020-05-11,0.955660223790528
MN,2020-05-18,0.9208428923380374
MN,2020-05-25,0.7911700633046649
MN,2020-06-01,0.8811791223455359
MN,2020-06-08,0.8895142771344611
MN,2020-06-15,0.9777343247259118
MN,2020-06-22,0.9679491003097512
MN,2020-06-29,1.0360115375240675
MN,2020-07-06,1.1463768962712886
MN,2020-07-13,1.10319147531074
MN,2020-07-20,1.0782193487282783
MN,2020-07-27,0.97392309531531
MN,2020-08-03,1.0420080183730167
MN,2020-08-10,1.0211901137591948
MN,2020-08-17,0.9789137603827016
MN,2020-08-24,0.9280801475201812
MN,2020-08-31,1.0090023147953069
MN,2020-09-07,1.0155704555565064
MN,2020-09-14,1.0474980427152485
MN,2020-09-21,0.9909735314686124
MN,2020-09-28,1.0355928848640197
MN,2020-10-05,1.0725376077427726
MN,2020-10-12,1.009389247601987
MN,2020-10-19,0.9732254777710404
MN,2020-10-26,0.9305085199015164
MN,2020-11-02,1.0181020870858664
MN,2020-11-09,1.0525490466473888
MN,2020-11-16,1.0335973984789957
MN,2020-11-23,0.9740822664245004
MN,2020-11-30,0.954639199309374
MN,2020-12-07,1.0005038803046449
MN,2020-12-14,0.9651932319560348
MN,2020-12-21,0.9516603735705312
MN,2020-12-28,0.9187664748248644
MN,2021-01-04,1.0226407772192816
MN,2021-01-11,1.008777965181152
MN,2021-01-18,0.9820414060159186
MN,2021-01-25,0.9303985811382848
MN,2021-02-01,1.0325747071100175
MN,2021-02-08,0.9826247735247484
MN,2021-02-15,0.9860461164787934
MN,2021-02-22,0.9218259162418584
MN,2021-03-01,0.99081421713845
MN,2021-03-08,0.9812129665302602
MN,2021-03-15,0.9905454671710772
MN,2021-03-22,0.9938920586400696
MN,2021-03-29,1.0265754745734306
MN,2021-04-05,1.0411820992685137
MN,2021-04-12,0.9998305440403736
MN,2021-04-19,1.025334297852284
MN,2021-04-26,0.996348439781037
MN,2021-05-03,1.0704061462331604
MN,2021-05-10,1.0422184322414851
MN,2021-05-17,1.0328433358969464
MN,2021-05-24,0.999963461787448
MN,2021-05-31,1.014745177773137
MN,2021-06-07,1.063655142712082
MN,2021-06-14,1.033804100900849
MN,2021-06-21,1.0382149347119245
MN,2021-06-28,0.96894037350196
MN,2021-07-05,1.0216273141773633
MN,2021-07-12,1.0042337960160874
MN,2021-07-19,1.0195414867326429
MN,2021-07-26,1.0202970149436368
MN,2021-08-02,1.10933484489451
MN,2021-08-09,1.097584081021928
MN,2021-08-16,1.0490238583375655
MN,2021-08-23,0.9967344791118666
MN,2021-08-30,1.0339371219575342
MN,2021-09-06,1.075205195490066
MN,2021-09-13,1.027731605900725
MN,2021-09-20,1.0201548839427217
MN,2021-09-27,1.0122915784227409
MN,2021-10-04,1.0422523540471862
MN,2021-10-11,1.205071503342843
MN,2021-10-18,1.1818912944261546
MN,2021-10-25,1.154406206992085
MN,2021-11-01,0.9930517586000316
MN,2021-11-08,0.9989844541583476
MN,2021-11-15,1.0257524594925331
MN,2021-11-22,0.9999728254183574
MN,2021-11-29,1.0579657996658056
MN,2021-12-06,1.1027127520388178
MN,2021-12-13,1.0334313756057878
MN,2021-12-20,1.0331497937731662
MN,2021-12-27,1.0654029937983898
MN,2022-01-03,1.194591519656221
MN,2022-01-10,1.0217279488513713
MN,2022-01-17,0.8992599033550227
MN,2022-01-24,0.7684096703521405
MN,2022-01-31,0.8387289712005632
MN,2022-02-07,0.870612253818965
MN,2022-02-14,0.8617429768641633
MN,2022-02-21,0.9120216048075308
MN,2022-02-28,0.9337740788333712
MN,2022-03-07,1.0501684870265016
MN,2022-03-14,1.0408014757275368
MN,2022-03-21,1.0442676444192822
MN,2022-03-28,0.9916522648695556
MN,2022-04-04,1.0615922296232776
MN,2022-04-11,1.043007156378379
MN,2022-04-18,1.0356528243469605
MN,2022-04-25,0.9821878413865538
MN,2022-05-02,1.0347867956006611
MN,2022-05-09,1.0241659426239134
MN,2022-05-16,1.0385438174674608
MN,2022-05-23,0.9621051958691642
MN,2022-05-30,0.9725212340461356
MN,2022-06-06,0.9843091210268972
MN,2022-06-13,0.9618364786520948
MN,2022-06-20,0.9385542766076436
MN,2022-06-27,0.8986560981876348
MN,2022-07-04,0.967743258632466
MN,2022-07-11,1.014284583897869
MN,2022-07-18,1.0020252784115666
MN,2022-07-25,0.9659774938457444
MN,2022-08-01,0.9950179954206212
MN,2022-08-08,0.9968169465893836
MN,2022-08-15,1.0096691426787494
MN,2022-08-22,0.984743420734672
MN,2022-08-29,1.038412497898719
MN,2022-09-05,1.066814467984003
MN,2022-09-12,1.0572667610009392
MN,2022-09-19,1.0410300177768397
MN,2022-09-26,1.044316207624943
MN,2022-10-03,1.1098567675308155
MN,2022-10-10,1.0988651410457433
MN,2022-10-17,1.105197062741847
MN,2022-10-24,1.0570101425577612
MN,2022-10-31,1.118930084444271
MN,2022-11-07,1.3110266834043436
MN,2022-11-14,1.2163669845259175
MN,2022-11-21,1.1782846008073549
MN,2022-11-28,1.0633856246387188
MN,2022-12-05,1.1644968986330173
MN,2022-12-12,1.069749612015027
MN,2022-12-19,0.9760139586727686
MN,2022-12-26,0.872429418785537
MN,2023-01-02,0.9100528185801352
MN,2023-01-09,0.8231400724671561
MN,2023-01-16,0.7799181632577827
MN,2023-01-23,0.7881391041718248
MN,2023-01-30,0.8957196518697709
MN,2023-02-06,0.984324198664448
MN,2023-02-13,0.9952412452649528
MN,2023-02-20,1.0013099849434606
MN,2023-02-27,0.9525471150312522
MN,2023-03-06,1.0185058388524144
MN,2023-03-13,0.9831455169534206
MN,2023-03-20,1.008724910132849
MN,2023-03-27,0.9823265225292824
MN,2023-04-03,1.0443590061243728
MN,2023-04-10,0.996650717932038
MN,2023-04-17,0.9696494560732392
MN,2023-04-24,0.9140138141872448
MN,2023-05-01,1.0039933384997262
MN,2023-05-08,1.0124964115516086
MN,2023-05-15,1.004384783358741
MN,2023-05-22,0.958863144793756
MN,2023-05-29,0.9822772858062956
MN,2023-06-05,1.0647633144676094
MN,2023-06-12,0.9964353900884384
MN,2023-06-19,0.9732693428284082
MN,2023-06-26,0.8792257955935081
MN,2023-07-03,0.9436454728523276
MN,2023-07-10,0.9695123898346668
MN,2023-07-17,0.9458346740309956
MN,2023-07-24,0.9652513378703684
MN,2023-07-31,0.9651329860636058
MN,2023-08-07,1.0171004764275149
MN,2023-08-14,1.0402491761928114
MN,2023-08-21,1.044612511451606
MN,2023-08-28,1.0441694281233698
MN,2023-09-04,1.1074740758739072
MN,2023-09-11,1.0816113080166774
MN,2023-09-18,1.0423999984988273
MN,2023-09-25,1.0424445580055477
MN,2023-10-02,1.0439564916014068
MN,2023-10-09,1.0223606610991056
MN,2023-10-16,1.0060666320004554
MN,2023-10-23,1.0043657364660696
MN,2023-10-30,1.0359696830867449
MN,2023-11-06,1.0826530809481716
MN,2023-11-13,1.0762656446121306
MN,2023-11-20,1.0696053529349412
MN,2023-11-27,1.0281815835724504
MN,2023-12-04,1.1006790721898567
MN,2023-12-11,1.0654506217917643
MN,2023-12-18,1.095356246070365
MN,2023-12-25,1.0990373679896552
MN,2024-01-01,1.203488269782821
MN,2024-01-08,1.045182852750853
MN,2024-01-15,0.9578299436145246
MN,2024-01-22,0.8615504497626463
MN,2024-01-29,0.9616321157646504
MN,2024-02-05,1.114745703208916
MN,2024-02-12,1.0793849787494767
MN,2024-02-19,1.0486387176624763
MN,2024-02-26,0.9310339006202464
MN,2024-03-04,1.0395421595568417
MN,2024-03-11,0.9908778400306658
MN,2024-03-18,0.9675544569285948
MN,2024-03-25,0.8703797678575304
MN,2024-04-01,0.9783795766935984
MN,2024-04-08,0.943617092281118
MN,2024-04-15,0.923102949089975
MN,2024-04-22,0.860502995002815
MN,2024-04-29,0.924927361328916
MN,2024-05-06,0.9813778351759536
MN,2024-05-13,0.9656040604644152
MN,2024-05-20,0.9487566959358305
MN,2024-05-27,0.9263428046849568
MN,2024-06-03,0.9825030257870856
MN,2024-06-10,0.9359472968789764
MN,2024-06-17,0.9534717882626688
MN,2024-06-24,0.9220619042448106
MN,2024-07-01,0.9857502224386758
MN,2024-07-08,0.9873810148244364
MN,2024-07-15,1.011793853157286
MN,2024-07-22,0.965404315366093
MN,2024-07-29,1.0086671386626194
MN,2024-08-05,1.0345630220760649
MN,2024-08-12,1.0281961293891748
MN,2024-08-19,1.023707847803387
MN,2024-08-26,1.030950771203815
MN,2024-09-02,1.0610917556557968
MN,2024-09-09,1.0394721874505033
MN,2024-09-16,1.039621049025783
MN,2024-09-23,1.0230377120475944
MN,2024-09-30,1.0129047597855494
MN,2024-10-07,1.0497550958550943
MN,2024-10-14,1.021722578469735
MN,2024-10-21,1.0353647168641236
MN,2024-10-28,1.004436112567847
MN,2024-11-04,1.06567808409773
MN,2024-11-11,1.012741500679673
MN,2024-11-18,1.0350635760644675
MN,2024-11-25,1.0273024826992885
MN,2024-12-02,1.1441359292899371
MN,2024-12-09,1.069078440044201
MN,2024-12-16,1.0938957656664705
MN,2024-12-23,1.0803995272305444
MN,2024-12-30,1.3132233386763477
MN,2025-01-06,1.3677778885055645
MN,2025-01-13,1.1410309605688025
MN,2025-01-20,1.0244875552536143
MN,2025-01-27,0.9829546946844104
MN,2025-02-03,1.1738677606766597
MN,2025-02-10,1.0664044704563178
MN,2025-02-17,0.9865577766593556
MN,2025-02-24,0.8431407832940612
MN,2025-03-03,0.8932595062912739
MN,2025-03-10,0.8498363156969204
MN,2025-03-17,0.87541306999429
MN,2025-03-24,0.846619101024081
MN,2025-03-31,0.9005044472863014
MN,2025-04-07,0.9353404490984218
MN,2025-04-14,0.931400278875344
MN,2025-04-21,0.943665448849868
MN,2025-04-28,0.938591057112226
MN,2025-05-05,0.973188790256282
MN,2025-05-12,0.9512721265648504
MN,2025-05-19,0.9614759472930762
MN,2025-05-26,0.9545006849658656
MN,2025-06-02,1.0045060046236285
MN,2025-06-09,0.9684807268550284
MN,2025-06-16,0.9506203060693872
MN,2025-06-23,0.9168692079821732
MN,2025-06-30,0.9305781024423752
MN,2025-07-07,0.9728559494903166
MN,2025-07-14,0.9639805639255984
MN,2025-07-21,0.9808980297680988
MN,2025-07-28,0.9541522135500856
MN,2025-08-04,1.0208966224576206
MN,2025-08-11,1.0406362673550895
MN,2025-08-18,1.0214311461990908
MN,2025-08-25,1.0198137607945792
MN,2025-09-01,1.0868933365401023
MN,2025-09-08,1.0822386617587234
MN,2025-09-15,1.063701496173053
MO,2016-10-10,1.0
MO,2016-10-17,1.00385713670572
MO,2016-10-24,0.9898058866732488
MO,2016-10-31,1.0217174854000173
MO,2016-11-07,1.065898258823777
MO,2016-11-14,1.045366225624868
MO,2016-11-21,1.0612956029337144
MO,2016-11-28,1.087228022673766
MO,2016-12-05,1.1057445182013352
MO,2016-12-12,1.0329809589168806
MO,2016-12-19,1.015947285898512
MO,2016-12-26,1.108806498665749
MO,2017-01-02,1.3146011966731186
MO,2017-01-09,1.2355214780775838
MO,2017-01-16,1.1057594975604332
MO,2017-01-23,0.9694520051274528
MO,2017-01-30,1.1409995200690817
MO,2017-02-06,1.2169162021346196
MO,2017-02-13,1.1911696952909927
MO,2017-02-20,0.9687090395026255
MO,2017-02-27,0.9287241360382512
MO,2017-03-06,0.8127753038273944
MO,2017-03-13,0.9246800231823314
MO,2017-03-20,0.864062501828971
MO,2017-03-27,0.9402739870398248
MO,2017-04-03,0.9132909497557106
MO,2017-04-10,0.8913286524210969
MO,2017-04-17,0.8598208911035597
MO,2017-04-24,0.8226372759121128
MO,2017-05-01,0.8670030444030258
MO,2017-05-08,0.9511275112675364
MO,2017-05-15,0.8086119491030522
MO,2017-05-22,0.902832604398622
MO,2017-05-29,0.8094813200980098
MO,2017-06-05,0.9353098786860649
MO,2017-06-12,0.8685796337348958
MO,2017-06-19,0.9538191577622868
MO,2017-06-26,0.913269827565402
MO,2017-07-03,1.0398339007087067
MO,2017-07-10,0.9551276500479768
MO,2017-07-17,0.9857156271378946
MO,2017-07-24,0.9017589331025044
MO,2017-07-31,1.04610659344607
MO,2017-08-07,1.0561386146923948
MO,2017-08-14,1.01231693221928
MO,2017-08-21,1.0572328910821114
MO,2017-08-28,1.1236560359324936
MO,2017-09-04,1.2219785624827242
MO,2017-09-11,1.2685517674148905
MO,2017-09-18,1.2189777638168595
MO,2017-09-25,1.213805833256637
MO,2017-10-02,1.0967047773802627
MO,2017-10-09,1.0056571153227976
MO,2017-10-16,1.0348151864007256
MO,2017-10-23,1.0506712280227013
MO,2017-10-30,1.1623249063118348
MO,2017-11-06,1.1384004482985868
MO,2017-11-13,1.0415850763797736
MO,2017-11-20,1.105354833276755
MO,2017-11-27,1.0551632578261754
MO,2017-12-04,1.0899732161479847
MO,2017-12-11,1.1563503909966415
MO,2017-12-18,1.1868336443355083
MO,2017-12-25,1.4177440993581745
MO,2018-01-01,1.49877238333651
MO,2018-01-08,1.4363105647970869
MO,2018-01-15,1.1579377865204532
MO,2018-01-22,1.069913980693168
MO,2018-01-29,1.0496019044516762
MO,2018-02-05,1.1042440528989856
MO,2018-02-12,0.9642214363091384
MO,2018-02-19,0.92766259696179
MO,2018-02-26,0.8124711714819801
MO,2018-03-05,0.7486166998841702
MO,2018-03-12,0.7605828848693469
MO,2018-03-19,0.7412485105523179
MO,2018-03-26,1.0911340040298436
MO,2018-04-02,0.956302762807308
MO,2018-04-09,1.1422313508233848
MO,2018-04-16,0.8197439186924228
MO,2018-04-23,0.8807573162119239
MO,2018-04-30,0.892506698777654
MO,2018-05-07,0.7955384881004504
MO,2018-05-14,1.0354400108386448
MO,2018-05-21,0.9258539454502678
MO,2018-05-28,1.0744578664906586
MO,2018-06-04,0.944352857052992
MO,2018-06-11,0.8766641072767727
MO,2018-06-18,0.9059772321716568
MO,2018-06-25,0.9792553498991527
MO,2018-07-02,1.099476160502535
MO,2018-07-09,0.9376755994981376
MO,2018-07-16,0.930093755981475
MO,2018-07-23,0.9886429468601032
MO,2018-07-30,1.0812690335097883
MO,2018-08-06,1.0775947650361988
MO,2018-08-13,1.0627065700388498
MO,2018-08-20,1.1253638757862692
MO,2018-08-27,1.0474812051677216
MO,2018-09-03,1.2296901899284396
MO,2018-09-10,1.4002064577583937
MO,2018-09-17,1.313946995720203
MO,2018-09-24,1.1449597764002934
MO,2018-10-01,0.9237767333206592
MO,2018-10-08,1.1579176976497425
MO,2018-10-15,1.044483247119437
MO,2018-10-22,1.167504568911427
MO,2018-10-29,1.063817688610284
MO,2018-11-05,1.1882443451811473
MO,2018-11-12,1.099751122780505
MO,2018-11-19,0.943416195029812
MO,2018-11-26,1.095975790354026
MO,2018-12-03,1.1209229977768405
MO,2018-12-10,1.2778088531132037
MO,2018-12-17,1.1260980152793536
MO,2018-12-24,1.171886014947909
MO,2018-12-31,1.361147546646761
MO,2019-01-07,1.1080353161287555
MO,2019-01-14,1.0591328813279537
MO,2019-01-21,0.8933665820382415
MO,2019-01-28,1.0790589168707416
MO,2019-02-04,1.2703027512931138
MO,2019-02-11,1.1747478777285048
MO,2019-02-18,1.169204288655933
MO,2019-02-25,1.0991300781746218
MO,2019-03-04,1.0440128362700307
MO,2019-03-11,1.037406575059511
MO,2019-03-18,1.0321820424329191
MO,2019-03-25,1.0363271751697896
MO,2019-04-01,0.9325396332713176
MO,2019-04-08,0.7035586576085179
MO,2019-04-15,0.7776773480386798
MO,2019-04-22,0.7007707177559316
MO,2019-04-29,0.9049787165924704
MO,2019-05-06,0.8583157443165823
MO,2019-05-13,0.912053128746423
MO,2019-05-20,0.9198392112255578
MO,2019-05-27,0.9073128619636434
MO,2019-06-03,0.9226716647989236
MO,2019-06-10,0.9134160021621216
MO,2019-06-17,0.7900058763215723
MO,2019-06-24,1.016485950622866
MO,2019-07-01,0.9648737508673244
MO,2019-07-08,1.0449629954807031
MO,2019-07-15,1.0540445036662651
MO,2019-07-22,0.9231238324549508
MO,2019-07-29,1.1600826159925566
MO,2019-08-05,0.9367816301123312
MO,2019-08-12,1.2145141713869962
MO,2019-08-19,1.024170847929052
MO,2019-08-26,1.2593946911836256
MO,2019-09-02,1.149899017578117
MO,2019-09-09,1.3661293370692835
MO,2019-09-16,1.264089351844106
MO,2019-09-23,1.164084740864309
MO,2019-09-30,1.292521118990168
MO,2019-10-07,1.049446192886395
MO,2019-10-14,1.209753390543036
MO,2019-10-21,0.9853110287599272
MO,2019-10-28,1.2136919474837533
MO,2019-11-04,1.1394299108991688
MO,2019-11-11,1.0540237929242235
MO,2019-11-18,1.2027729527402302
MO,2019-11-25,1.1038825903887763
MO,2019-12-02,1.100327906832883
MO,2019-12-09,0.9913427741096834
MO,2019-12-16,1.062499191539309
MO,2019-12-23,1.220207424283796
MO,2019-12-30,1.4296170117097124
MO,2020-01-06,1.3303169440543865
MO,2020-01-13,1.085298805036981
MO,2020-01-20,1.2296043037148536
MO,2020-01-27,1.368062564746835
MO,2020-02-03,1.5056238251434697
MO,2020-02-10,1.0801983569220766
MO,2020-02-17,0.9425198367553996
MO,2020-02-24,0.909773748844823
MO,2020-03-02,1.026118252009167
MO,2020-03-09,1.1165542195392606
MO,2020-03-16,1.0692096170088603
MO,2020-03-23,0.919842649890961
MO,2020-03-30,0.7807089455750101
MO,2020-04-06,0.6656773639059492
MO,2020-04-13,0.6881643008567315
MO,2020-04-20,0.7322020390074649
MO,2020-04-27,0.7712789036771615
MO,2020-05-04,1.0208936714306471
MO,2020-05-11,0.9190459457025604
MO,2020-05-18,1.0676967994842574
MO,2020-05-25,0.7282028156743378
MO,2020-06-01,1.011864812918028
MO,2020-06-08,0.9062266218605642
MO,2020-06-15,1.0281094647236213
MO,2020-06-22,1.3223322716382335
MO,2020-06-29,1.3714136623152466
MO,2020-07-06,1.4576949066989515
MO,2020-07-13,1.0980720571299512
MO,2020-07-20,1.1307208137022975
MO,2020-07-27,0.9902150504098308
MO,2020-08-03,1.0062398854949088
MO,2020-08-10,1.0118639918524202
MO,2020-08-17,1.0269083787242852
MO,2020-08-24,0.9214087970820924
MO,2020-08-31,1.0333662346450934
MO,2020-09-07,1.053395338332349
MO,2020-09-14,1.1645759012583994
MO,2020-09-21,0.9658072666627914
MO,2020-09-28,1.0416152015677325
MO,2020-10-05,1.0503384810929377
MO,2020-10-12,1.0850431846325754
MO,2020-10-19,0.995600602431191
MO,2020-10-26,0.9702292451702664
MO,2020-11-02,1.011598781347361
MO,2020-11-09,1.0725262672331894
MO,2020-11-16,1.0751295527923483
MO,2020-11-23,1.0468923352701012
MO,2020-11-30,1.0163556208216222
MO,2020-12-07,0.976423088392794
MO,2020-12-14,0.9659547255074852
MO,2020-12-21,0.9418723345800564
MO,2020-12-28,0.9890165428596484
MO,2021-01-04,1.0048007768071303
MO,2021-01-11,0.9689767868031138
MO,2021-01-18,0.9321213912537047
MO,2021-01-25,0.9572155004635832
MO,2021-02-01,1.0109309851083406
MO,2021-02-08,0.9492273961665882
MO,2021-02-15,0.9353626193071642
MO,2021-02-22,0.8717836758681073
MO,2021-03-01,0.9567292199441084
MO,2021-03-08,0.9273537892137702
MO,2021-03-15,1.0053565114043352
MO,2021-03-22,0.9879107921023946
MO,2021-03-29,1.038527044772816
MO,2021-04-05,0.9920652238579718
MO,2021-04-12,1.0194764257817592
MO,2021-04-19,1.0039590747773786
MO,2021-04-26,1.0731833188564863
MO,2021-05-03,1.0474431789223286
MO,2021-05-10,1.026943320342128
MO,2021-05-17,1.0389578659400849
MO,2021-05-24,1.0341872542195758
MO,2021-05-31,1.0392960906195137
MO,2021-06-07,1.0924667151622347
MO,2021-06-14,1.0338455907899355
MO,2021-06-21,1.1076767728149146
MO,2021-06-28,1.0039828109626956
MO,2021-07-05,1.0432998449522954
MO,2021-07-12,1.049058163874826
MO,2021-07-19,1.118803098633519
MO,2021-07-26,1.1278503184394753
MO,2021-08-02,1.0984054184220011
MO,2021-08-09,1.0069183282641112
MO,2021-08-16,1.0537721466377854
MO,2021-08-23,0.9996066397803188
MO,2021-08-30,1.0377280797111104
MO,2021-09-06,1.0560568288421848
MO,2021-09-13,1.0778804064795822
MO,2021-09-20,1.031586151491258
MO,2021-09-27,0.964448391460187
MO,2021-10-04,0.9377964521319307
MO,2021-10-11,0.9624911128357196
MO,2021-10-18,0.9893101448133488
MO,2021-10-25,0.9517897133418202
MO,2021-11-01,0.9805543064536932
MO,2021-11-08,1.0119913989760951
MO,2021-11-15,1.0696557279284962
MO,2021-11-22,1.042795930052946
MO,2021-11-29,1.0297059281566057
MO,2021-12-06,1.0673366328669556
MO,2021-12-13,1.054427935449446
MO,2021-12-20,1.135985574764653
MO,2021-12-27,1.161040597181504
MO,2022-01-03,1.2120364252747644
MO,2022-01-10,1.0562208341357189
MO,2022-01-17,1.0188499368896509
MO,2022-01-24,0.92667640434248
MO,2022-01-31,0.8853243306567019
MO,2022-02-07,0.7815600519251793
MO,2022-02-14,0.7312146941196703
MO,2022-02-21,0.861152443190116
MO,2022-02-28,0.9370018290043756
MO,2022-03-07,1.037778405260581
MO,2022-03-14,1.0259573944230744
MO,2022-03-21,1.0380841607170048
MO,2022-03-28,0.99137069509993
MO,2022-04-04,1.024981060657988
MO,2022-04-11,0.9980977257640484
MO,2022-04-18,1.0307234570863104
MO,2022-04-25,0.9882293368885838
MO,2022-05-02,0.9813055722445148
MO,2022-05-09,0.995183952073196
MO,2022-05-16,0.9841753283114328
MO,2022-05-23,1.007937600632621
MO,2022-05-30,0.9855359069255036
MO,2022-06-06,0.9889093093898774
MO,2022-06-13,0.9654153490856814
MO,2022-06-20,0.9530703451722272
MO,2022-06-27,0.97545508259473
MO,2022-07-04,0.9771936052195538
MO,2022-07-11,1.0390186572422837
MO,2022-07-18,1.0199571497925015
MO,2022-07-25,1.036908796073475
MO,2022-08-01,0.978322767144206
MO,2022-08-08,0.9719496704695588
MO,2022-08-15,0.9629235968830392
MO,2022-08-22,1.0057862189077973
MO,2022-08-29,1.0411774942231042
MO,2022-09-05,1.1169904552096568
MO,2022-09-12,1.1146178487967393
MO,2022-09-19,1.0880220493894015
MO,2022-09-26,0.9645443693068598
MO,2022-10-03,1.030545194334107
MO,2022-10-10,1.101013028973716
MO,2022-10-17,1.1262610851071833
MO,2022-10-24,1.1429285180143247
MO,2022-10-31,1.123639038469883
MO,2022-11-07,1.213848737002018
MO,2022-11-14,1.138863355826805
MO,2022-11-21,1.1203907003706448
MO,2022-11-28,1.1985851031665495
MO,2022-12-05,1.1855971793717566
MO,2022-12-12,1.1485284004103324
MO,2022-12-19,0.9552588455855242
MO,2022-12-26,0.9316199996599416
MO,2023-01-02,0.8651240421012149
MO,2023-01-09,0.7904716828780977
MO,2023-01-16,0.7451204450543432
MO,2023-01-23,0.8094707939462489
MO,2023-01-30,0.8932505515529331
MO,2023-02-06,0.9614248612854852
MO,2023-02-13,0.9663431994631546
MO,2023-02-20,1.0219372635645192
MO,2023-02-27,0.9669904246822022
MO,2023-03-06,1.0275343934338916
MO,2023-03-13,0.971100849782205
MO,2023-03-20,1.0068123840876668
MO,2023-03-27,0.9744105075537202
MO,2023-04-03,0.9560404764228724
MO,2023-04-10,0.9472093043408314
MO,2023-04-17,0.8964190760469339
MO,2023-04-24,0.9499298669682584
MO,2023-05-01,1.0086421052614651
MO,2023-05-08,1.020069211107452
MO,2023-05-15,0.9829168318773236
MO,2023-05-22,0.9002478589209156
MO,2023-05-29,0.9785654218325612
MO,2023-06-05,0.961530008041902
MO,2023-06-12,0.9697189274431328
MO,2023-06-19,0.9630905461214768
MO,2023-06-26,0.9298769948528876
MO,2023-07-03,0.9706213061736276
MO,2023-07-10,0.9458500021774529
MO,2023-07-17,0.9773414171430772
MO,2023-07-24,0.9857956762640996
MO,2023-07-31,1.011194289172782
MO,2023-08-07,1.0398209567055836
MO,2023-08-14,1.087495904916021
MO,2023-08-21,1.069728572738334
MO,2023-08-28,1.0847934768635372
MO,2023-09-04,1.1939541369217828
MO,2023-09-11,1.2051276431078817
MO,2023-09-18,1.149474411864639
MO,2023-09-25,1.0338027945304435
MO,2023-10-02,0.9690761929772976
MO,2023-10-09,1.0389987453759877
MO,2023-10-16,1.0241819012112667
MO,2023-10-23,1.0325139749022456
MO,2023-10-30,1.0533177541162575
MO,2023-11-06,1.018196315408599
MO,2023-11-13,1.1189690372951124
MO,2023-11-20,1.0326719381573188
MO,2023-11-27,1.1032651557109252
MO,2023-12-04,1.0632656198402468
MO,2023-12-11,1.0846788840554114
MO,2023-12-18,1.105853226515384
MO,2023-12-25,1.1196476086458318
MO,2024-01-01,1.1310214615470884
MO,2024-01-08,1.01492267009737
MO,2024-01-15,0.9496143181778854
MO,2024-01-22,0.8723434272602862
MO,2024-01-29,0.910937959975415
MO,2024-02-05,1.001318747672073
MO,2024-02-12,1.0746621850154372
MO,2024-02-19,1.086667749154666
MO,2024-02-26,1.032355341628431
MO,2024-03-04,0.9954284478875424
MO,2024-03-11,0.9555350268418232
MO,2024-03-18,0.902838257702274
MO,2024-03-25,0.8618208239789935
MO,2024-04-01,0.9141111032825772
MO,2024-04-08,0.9067989915410132
MO,2024-04-15,0.9330007417014542
MO,2024-04-22,0.8666779120615351
MO,2024-04-29,0.8974691562485492
MO,2024-05-06,0.870046755783742
MO,2024-05-13,0.9235466429428584
MO,2024-05-20,0.9431529502625344
MO,2024-05-27,1.017250987161504
MO,2024-06-03,0.9808176239178444
MO,2024-06-10,0.950542074579582
MO,2024-06-17,0.9042686724906116
MO,2024-06-24,0.9336116686951392
MO,2024-07-01,0.947824416384044
MO,2024-07-08,1.0297380949412138
MO,2024-07-15,0.9738540951506544
MO,2024-07-22,1.0620513915094665
MO,2024-07-29,1.0260034369905016
MO,2024-08-05,1.1213373747019535
MO,2024-08-12,1.0107987589302565
MO,2024-08-19,1.0750340253441937
MO,2024-08-26,1.0722081675157198
MO,2024-09-02,1.1323282664711158
MO,2024-09-09,1.117850974102118
MO,2024-09-16,1.0281588833246782
MO,2024-09-23,1.0238387251816383
MO,2024-09-30,0.9535551284346284
MO,2024-10-07,1.007375934456575
MO,2024-10-14,1.0230516622793793
MO,2024-10-21,1.0530588009973645
MO,2024-10-28,1.035043341662054
MO,2024-11-04,1.0127050497423755
MO,2024-11-11,1.0273622339704076
MO,2024-11-18,1.0315227281296293
MO,2024-11-25,1.058579392153191
MO,2024-12-02,1.05482041961283
MO,2024-12-09,1.073047345347601
MO,2024-12-16,1.0795250129445653
MO,2024-12-23,1.1308601819404525
MO,2024-12-30,1.301712402392232
MO,2025-01-06,1.2497678904615397
MO,2025-01-13,1.054678418317296
MO,2025-01-20,0.9000437247672997
MO,2025-01-27,1.023554111880019
MO,2025-02-03,1.240685592858448
MO,2025-02-10,1.264482086279451
MO,2025-02-17,1.0962343548999536
MO,2025-02-24,0.924126103541844
MO,2025-03-03,0.811781141724509
MO,2025-03-10,0.8190796357537632
MO,2025-03-17,0.8299911946479478
MO,2025-03-24,0.8687093775669625
MO,2025-03-31,0.8436514392596222
MO,2025-04-07,0.8676803062275673
MO,2025-04-14,0.8845879756290466
MO,2025-04-21,0.9601544564033532
MO,2025-04-28,0.9335649786463236
MO,2025-05-05,0.9575799885302888
MO,2025-05-12,0.9307749806946264
MO,2025-05-19,0.9872817763065465
MO,2025-05-26,0.9902955967201504
MO,2025-06-02,1.009172074343826
MO,2025-06-09,0.94394667593568
MO,2025-06-16,0.8662237939022682
MO,2025-06-23,0.9025012336593008
MO,2025-06-30,0.9277609774477767
MO,2025-07-07,0.9892351427467287
MO,2025-07-14,0.9283369271303904
MO,2025-07-21,0.995618700747396
MO,2025-07-28,0.9634570199405328
MO,2025-08-04,1.037046953746298
MO,2025-08-11,1.0538493905321962
MO,2025-08-18,1.076426987517563
MO,2025-08-25,1.1212588982280118
MO,2025-09-01,1.1620363801011788
MO,2025-09-08,1.1979786695623422
MO,2025-09-15,1.1292482927968863
MS,2016-10-10,1.0
MS,2016-10-17,0.9660058980997202
MS,2016-10-24,1.0060394844566638
MS,2016-10-31,1.0506936093355097
MS,2016-11-07,1.103217641608026
MS,2016-11-14,1.074903105105805
MS,2016-11-21,1.0057819725577686
MS,2016-11-28,1.081316302660793
MS,2016-12-05,1.0402584751476611
MS,2016-12-12,1.03670852494433
MS,2016-12-19,1.0265149070609758
MS,2016-12-26,1.1560648561605142
MS,2017-01-02,1.137871476188418
MS,2017-01-09,1.0236617510131047
MS,2017-01-16,0.9332790755296386
MS,2017-01-23,1.0300289414155654
MS,2017-01-30,1.0408373888219855
MS,2017-02-06,1.171562889747204
MS,2017-02-13,1.1560040825320894
MS,2017-02-20,1.1730902133608314
MS,2017-02-27,1.0398470018109591
MS,2017-03-06,0.9398914282172004
MS,2017-03-13,0.9392474332693628
MS,2017-03-20,0.891135111748948
MS,2017-03-27,0.8891089580366577
MS,2017-04-03,0.8847290186627658
MS,2017-04-10,0.8665718242988054
MS,2017-04-17,0.9232686842217768
MS,2017-04-24,0.9004997570565821
MS,2017-05-01,0.8983165625444509
MS,2017-05-08,0.8926656570948522
MS,2017-05-15,0.93174873090428
MS,2017-05-22,1.0011782031092518
MS,2017-05-29,1.003140988745825
MS,2017-06-05,0.9276948345093536
MS,2017-06-12,0.9224223176719748
MS,2017-06-19,0.9438792128049104
MS,2017-06-26,0.9221664130412274
MS,2017-07-03,0.91939202735891
MS,2017-07-10,0.9478756729890878
MS,2017-07-17,0.9512330505313624
MS,2017-07-24,1.017821538166234
MS,2017-07-31,0.9237758969018932
MS,2017-08-07,1.046793561671978
MS,2017-08-14,1.0488698223605526
MS,2017-08-21,1.1258706115293542
MS,2017-08-28,1.320845503922951
MS,2017-09-04,1.3100197838210292
MS,2017-09-11,1.1709051025057715
MS,2017-09-18,0.9170173110002
MS,2017-09-25,0.9110448724405854
MS,2017-10-02,1.0706349908478483
MS,2017-10-09,1.0744060762752876
MS,2017-10-16,1.0470427496344328
MS,2017-10-23,0.9987709039924528
MS,2017-10-30,1.0634495510733917
MS,2017-11-06,1.111835949139466
MS,2017-11-13,1.2038850322497503
MS,2017-11-20,1.1668754644268298
MS,2017-11-27,1.1858635027041555
MS,2017-12-04,1.0547603634813838
MS,2017-12-11,1.0476421236263864
MS,2017-12-18,1.13271431134337
MS,2017-12-25,1.3092940524213796
MS,2018-01-01,1.311417399111165
MS,2018-01-08,1.0883883503931753
MS,2018-01-15,0.9972321521529014
MS,2018-01-22,0.9285246378453604
MS,2018-01-29,1.0493966911382806
MS,2018-02-05,0.9885661906526786
MS,2018-02-12,1.0100649141837732
MS,2018-02-19,0.92503792332485
MS,2018-02-26,0.8669099172593681
MS,2018-03-05,0.7884161188142564
MS,2018-03-12,0.7786959225118872
MS,2018-03-19,0.838867568996108
MS,2018-03-26,0.8989748518273706
MS,2018-04-02,0.913542474374992
MS,2018-04-09,0.9075507244346628
MS,2018-04-16,0.9629989866421804
MS,2018-04-23,0.96014931389425
MS,2018-04-30,0.96633378495211
MS,2018-05-07,0.957553603118544
MS,2018-05-14,0.9709965721993822
MS,2018-05-21,0.9301559546887712
MS,2018-05-28,0.9409824708311528
MS,2018-06-04,0.9854200369616856
MS,2018-06-11,0.9069488259745389
MS,2018-06-18,0.8901262650041283
MS,2018-06-25,0.8564428714695553
MS,2018-07-02,0.9630915743139116
MS,2018-07-09,1.0198229508762162
MS,2018-07-16,0.9812899168124304
MS,2018-07-23,0.9608827626022888
MS,2018-07-30,0.9673113662126296
MS,2018-08-06,1.0068711927260845
MS,2018-08-13,1.058600087080027
MS,2018-08-20,1.1092804220969543
MS,2018-08-27,1.16708735943325
MS,2018-09-03,1.196672994775141
MS,2018-09-10,1.0791265865456177
MS,2018-09-17,1.0410308166725724
MS,2018-09-24,0.9827011611832058
MS,2018-10-01,1.0430117935435628
MS,2018-10-08,1.0812597080267288
MS,2018-10-15,1.0520164348147705
MS,2018-10-22,1.024009117900368
MS,2018-10-29,1.061748526867692
MS,2018-11-05,1.0756483180183547
MS,2018-11-12,1.069854194466653
MS,2018-11-19,1.0660860068192262
MS,2018-11-26,1.0505966084755651
MS,2018-12-03,1.050301389905835
MS,2018-12-10,0.9973019686028226
MS,2018-12-17,1.0226752763744684
MS,2018-12-24,1.1024738107881489
MS,2018-12-31,1.1649311343300512
MS,2019-01-07,1.0702724449112506
MS,2019-01-14,0.9582529167538232
MS,2019-01-21,0.9643931208134578
MS,2019-01-28,1.0915625488824354
MS,2019-02-04,1.2089842769860415
MS,2019-02-11,1.2128089073637085
MS,2019-02-18,1.1697121076399966
MS,2019-02-25,1.0153878716032816
MS,2019-03-04,0.9246969523347528
MS,2019-03-11,0.8824315565289416
MS,2019-03-18,0.8932706462425962
MS,2019-03-25,0.8503956021106166
MS,2019-04-01,0.8437448173459408
MS,2019-04-08,0.879493093331367
MS,2019-04-15,0.8939972387263287
MS,2019-04-22,0.933253860653493
MS,2019-04-29,0.926100243031348
MS,2019-05-06,0.936738306886957
MS,2019-05-13,0.8927002451024887
MS,2019-05-20,0.9668501087704292
MS,2019-05-27,0.9567895785207842
MS,2019-06-03,0.9932107823978208
MS,2019-06-10,0.8773314440319898
MS,2019-06-17,0.9528228112057424
MS,2019-06-24,0.8702066637116824
MS,2019-07-01,0.940567496063676
MS,2019-07-08,0.8895203959332687
MS,2019-07-15,0.9375877183646384
MS,2019-07-22,0.9517234390676432
MS,2019-07-29,0.9812709796348248
MS,2019-08-05,1.0356515409484306
MS,2019-08-12,1.079768955023881
MS,2019-08-19,1.0598734180545062
MS,2019-08-26,1.16196509672529
MS,2019-09-02,1.1724771590779728
MS,2019-09-09,1.1779275686965252
MS,2019-09-16,1.049068013754315
MS,2019-09-23,1.0199043980151064
MS,2019-09-30,1.0135252813678837
MS,2019-10-07,1.023898605267567
MS,2019-10-14,1.0505993195588754
MS,2019-10-21,1.0461528005239775
MS,2019-10-28,1.1394769175244133
MS,2019-11-04,1.0787577398525123
MS,2019-11-11,1.2047570032288022
MS,2019-11-18,1.1602883573521714
MS,2019-11-25,1.250056106223832
MS,2019-12-02,1.1619414569468012
MS,2019-12-09,1.024502444625232
MS,2019-12-16,1.033208726589176
MS,2019-12-23,1.0605533715733644
MS,2019-12-30,1.2193236986035867
MS,2020-01-06,1.0768380645456084
MS,2020-01-13,0.9262931389884592
MS,2020-01-20,0.8859182278118509
MS,2020-01-27,1.01304138674381
MS,2020-02-03,1.137298648945311
MS,2020-02-10,1.0886297567552146
MS,2020-02-17,1.0207662057744369
MS,2020-02-24,0.9343226544640016
MS,2020-03-02,0.9460173136852996
MS,2020-03-09,0.9421692597650754
MS,2020-03-16,1.0122696929312591
MS,2020-03-23,1.0296827343914754
MS,2020-03-30,0.9681092263927044
MS,2020-04-06,0.8914428908993046
MS,2020-04-13,0.7953862675624142
MS,2020-04-20,0.8032609701764531
MS,2020-04-27,0.8585556423447425
MS,2020-05-04,0.8235992829717393
MS,2020-05-11,0.8771448537632688
MS,2020-05-18,0.8322919987676145
MS,2020-05-25,0.9224659495315058
MS,2020-06-01,0.9943865259316204
MS,2020-06-08,0.909268748430882
MS,2020-06-15,0.9872123437956845
MS,2020-06-22,1.0282455386026903
MS,2020-06-29,1.1822505876827156
MS,2020-07-06,1.0572691855307934
MS,2020-07-13,1.0892212905944636
MS,2020-07-20,1.0145910606039
MS,2020-07-27,1.0977602178096484
MS,2020-08-03,1.0049785730105445
MS,2020-08-10,1.008406603166402
MS,2020-08-17,0.994958603126966
MS,2020-08-24,0.9815862003305014
MS,2020-08-31,1.017237435866145
MS,2020-09-07,0.9807753799519924
MS,2020-09-14,1.0063136572687694
MS,2020-09-21,1.0189194438250124
MS,2020-09-28,1.032752995751903
MS,2020-10-05,1.0189989060602025
MS,2020-10-12,1.0143337627757951
MS,2020-10-19,1.0110932508513333
MS,2020-10-26,1.0641406122418473
MS,2020-11-02,0.9920393456198472
MS,2020-11-09,1.0909433074853243
MS,2020-11-16,1.025047570386129
MS,2020-11-23,1.1248975469279396
MS,2020-11-30,0.9846605661104488
MS,2020-12-07,1.068443729877908
MS,2020-12-14,1.0199685419103766
MS,2020-12-21,1.0797137007475033
MS,2020-12-28,1.0746475382765712
MS,2021-01-04,0.9904144167855226
MS,2021-01-11,0.993270902023751
MS,2021-01-18,0.8832602418789361
MS,2021-01-25,0.9092418210559234
MS,2021-02-01,1.024729351364258
MS,2021-02-08,1.0174261442735126
MS,2021-02-15,0.98896761054263
MS,2021-02-22,0.9096667015189116
MS,2021-03-01,0.9446693034342808
MS,2021-03-08,1.0370647908940576
MS,2021-03-15,0.9595155087842304
MS,2021-03-22,0.9812694565301224
MS,2021-03-29,0.9605404358789716
MS,2021-04-05,0.8697851884043026
MS,2021-04-12,1.1006648805602604
MS,2021-04-19,1.0811228612149797
MS,2021-04-26,1.23933714685688
MS,2021-05-03,1.0074092403822972
MS,2021-05-10,1.0773299819629885
MS,2021-05-17,1.05114918448108
MS,2021-05-24,1.1216405349920855
MS,2021-05-31,1.004406737076214
MS,2021-06-07,0.999200042839086
MS,2021-06-14,0.9021130403878216
MS,2021-06-21,1.034674160454114
MS,2021-06-28,1.0004437826187849
MS,2021-07-05,1.0422975268261212
MS,2021-07-12,1.0000973409450078
MS,2021-07-19,1.0431900172167452
MS,2021-07-26,1.2069604818077573
MS,2021-08-02,1.0987807656490385
MS,2021-08-09,1.060048214603338
MS,2021-08-16,0.9803743823439046
MS,2021-08-23,1.085426393010029
MS,2021-08-30,1.1091745899195324
MS,2021-09-06,0.9645269847078456
MS,2021-09-13,0.9982400393933938
MS,2021-09-20,0.9048643057178292
MS,2021-09-27,1.0241913588114
MS,2021-10-04,0.9782066720223356
MS,2021-10-11,1.0907387531359405
MS,2021-10-18,1.0762734854737055
MS,2021-10-25,1.0526235869069407
MS,2021-11-01,1.0142299632541611
MS,2021-11-08,1.0512943445559588
MS,2021-11-15,1.060691154363912
MS,2021-11-22,1.107731156103766
MS,2021-11-29,1.0566137215636078
MS,2021-12-06,1.024396525487089
MS,2021-12-13,0.9763137009216722
MS,2021-12-20,1.0274728595940523
MS,2021-12-27,1.0934327605331795
MS,2022-01-03,1.2076965690600934
MS,2022-01-10,1.1537409437492332
MS,2022-01-17,1.0895843392053657
MS,2022-01-24,0.8937670006203855
MS,2022-01-31,0.8647196113968869
MS,2022-02-07,0.8234138619482899
MS,2022-02-14,0.8152342245071307
MS,2022-02-21,0.9189675956858984
MS,2022-02-28,0.9436361022707178
MS,2022-03-07,1.0371503737777388
MS,2022-03-14,1.0141461407572885
MS,2022-03-21,1.0303269501934724
MS,2022-03-28,1.0007680568658928
MS,2022-04-04,1.0587779318726669
MS,2022-04-11,1.0259066055301935
MS,2022-04-18,1.08001156550267
MS,2022-04-25,0.9414337973014848
MS,2022-05-02,1.004776482940636
MS,2022-05-09,0.9432006664567876
MS,2022-05-16,0.9350846666708256
MS,2022-05-23,0.9337587132791468
MS,2022-05-30,0.984349268783997
MS,2022-06-06,1.0360070482248809
MS,2022-06-13,0.955535661728184
MS,2022-06-20,1.0428643004443174
MS,2022-06-27,0.981072952566291
MS,2022-07-04,1.136266039308266
MS,2022-07-11,1.0139554330687672
MS,2022-07-18,1.065008093143596
MS,2022-07-25,0.9404917191559974
MS,2022-08-01,0.9773052616461428
MS,2022-08-08,0.9663155441814228
MS,2022-08-15,0.9850171801898838
MS,2022-08-22,1.045981877884793
MS,2022-08-29,1.1461801949952186
MS,2022-09-05,1.1761673033700697
MS,2022-09-12,1.077806707362736
MS,2022-09-19,0.9530930236077516
MS,2022-09-26,0.962894152887952
MS,2022-10-03,1.0025059810370394
MS,2022-10-10,1.1312837963005271
MS,2022-10-17,1.16739487286107
MS,2022-10-24,1.1667869574223924
MS,2022-10-31,1.2304822359852043
MS,2022-11-07,1.2655950102422004
MS,2022-11-14,1.1671351191394777
MS,2022-11-21,1.0406934781731565
MS,2022-11-28,1.0270237943497988
MS,2022-12-05,1.04867327263608
MS,2022-12-12,1.019025709415526
MS,2022-12-19,0.8854066532868115
MS,2022-12-26,0.9101961876928576
MS,2023-01-02,0.9652572179020608
MS,2023-01-09,0.8884382730602848
MS,2023-01-16,0.8461285191140239
MS,2023-01-23,0.8458010324573456
MS,2023-01-30,0.9366295576913414
MS,2023-02-06,0.9879512212652752
MS,2023-02-13,0.97225324556347
MS,2023-02-20,0.9662408994362482
MS,2023-02-27,0.9232368431585908
MS,2023-03-06,0.9703327627987174
MS,2023-03-13,0.9440537103327896
MS,2023-03-20,1.002561212139779
MS,2023-03-27,0.9450030244773094
MS,2023-04-03,0.9492244750705412
MS,2023-04-10,0.95664565395351
MS,2023-04-17,0.9557050684381172
MS,2023-04-24,1.0059978830505654
MS,2023-05-01,0.9622518212404932
MS,2023-05-08,0.993222494338787
MS,2023-05-15,0.9285971843000916
MS,2023-05-22,0.9762604939606389
MS,2023-05-29,1.0427706934081449
MS,2023-06-05,1.0111703472292044
MS,2023-06-12,0.9813949855780836
MS,2023-06-19,0.8915583092072072
MS,2023-06-26,0.9427673552635708
MS,2023-07-03,0.894294202945699
MS,2023-07-10,0.935016529334248
MS,2023-07-17,0.9621901616578132
MS,2023-07-24,1.028923408147455
MS,2023-07-31,1.0545088342457205
MS,2023-08-07,1.1204009893461977
MS,2023-08-14,1.180429468668978
MS,2023-08-21,1.2244874123113738
MS,2023-08-28,1.1600135669181473
MS,2023-09-04,1.116524661829243
MS,2023-09-11,0.9776831131710814
MS,2023-09-18,0.969573014882647
MS,2023-09-25,1.0097102349324467
MS,2023-10-02,1.0169290406036515
MS,2023-10-09,1.059364922446071
MS,2023-10-16,1.0172225527940932
MS,2023-10-23,1.092734574226472
MS,2023-10-30,1.0899849102950736
MS,2023-11-06,1.112958184677984
MS,2023-11-13,1.147821052612127
MS,2023-11-20,1.116573351885939
MS,2023-11-27,1.0832053158764654
MS,2023-12-04,1.00105032314083
MS,2023-12-11,1.0416696346400922
MS,2023-12-18,1.105691032143402
MS,2023-12-25,1.2120128975757398
MS,2024-01-01,1.1197661069857952
MS,2024-01-08,0.9961316983632844
MS,2024-01-15,0.8548777727972723
MS,2024-01-22,0.8387968470509891
MS,2024-01-29,0.9102010853985146
MS,2024-02-05,0.9641578576690416
MS,2024-02-12,1.02047425118878
MS,2024-02-19,0.9832877623660428
MS,2024-02-26,1.0250049268633823
MS,2024-03-04,0.9426752348659584
MS,2024-03-11,0.9651700437449736
MS,2024-03-18,0.8721766353678992
MS,2024-03-25,0.921624149197923
MS,2024-04-01,0.9443796190960706
MS,2024-04-08,0.9759016855148156
MS,2024-04-15,0.9794923013557034
MS,2024-04-22,0.9211266079121246
MS,2024-04-29,0.9663489755031284
MS,2024-05-06,0.9408193926941464
MS,2024-05-13,0.9742453168848656
MS,2024-05-20,0.966828006828864
MS,2024-05-27,0.9190594054865356
MS,2024-06-03,0.986585073372786
MS,2024-06-10,0.8886345010363057
MS,2024-06-17,1.024774616600779
MS,2024-06-24,0.9261459704340304
MS,2024-07-01,1.039657161300397
MS,2024-07-08,1.0065549810687158
MS,2024-07-15,1.082281698458368
MS,2024-07-22,1.042588359116504
MS,2024-07-29,1.038935600741343
MS,2024-08-05,1.062367486308376
MS,2024-08-12,1.1065418689086028
MS,2024-08-19,1.115976064264791
MS,2024-08-26,1.064275910684474
MS,2024-09-02,0.9974665960305952
MS,2024-09-09,0.9430110669955348
MS,2024-09-16,0.9570200577383248
MS,2024-09-23,0.933529111082718
MS,2024-09-30,1.0087429348166843
MS,2024-10-07,1.083622678803648
MS,2024-10-14,1.09016594130843
MS,2024-10-21,1.0355766641965394
MS,2024-10-28,0.9887204689284562
MS,2024-11-04,1.0125107454924067
MS,2024-11-11,1.0386536564554971
MS,2024-11-18,1.0477245493271437
MS,2024-11-25,1.0722237547783462
MS,2024-12-02,1.1087622458397557
MS,2024-12-09,1.0816728961277555
MS,2024-12-16,1.0625464435195282
MS,2024-12-23,1.1905985916428146
MS,2024-12-30,1.2523226646929952
MS,2025-01-06,1.170078097079544
MS,2025-01-13,0.937989190571066
MS,2025-01-20,0.9398453465592111
MS,2025-01-27,1.131163167759263
MS,2025-02-03,1.1729634977485617
MS,2025-02-10,1.0942936696322514
MS,2025-02-17,0.9013898938730294
MS,2025-02-24,0.8783217781107294
MS,2025-03-03,0.903482130033311
MS,2025-03-10,0.8957678787154364
MS,2025-03-17,0.8964237949029585
MS,2025-03-24,0.8081809992442851
MS,2025-03-31,0.8684762781156905
MS,2025-04-07,0.8658413069170964
MS,2025-04-14,0.9410331185544036
MS,2025-04-21,0.974693780689476
MS,2025-04-28,0.9879629599736832
MS,2025-05-05,0.9542927726120491
MS,2025-05-12,0.9843481931926602
MS,2025-05-19,0.9363343495881584
MS,2025-05-26,1.0106808983130693
MS,2025-06-02,1.0097801270835012
MS,2025-06-09,0.9570337824255816
MS,2025-06-16,0.9358609536247654
MS,2025-06-23,0.8607389738369874
MS,2025-06-30,0.9341692497856832
MS,2025-07-07,0.9365132456900936
MS,2025-07-14,0.9423673865949818
MS,2025-07-21,0.985226440129824
MS,2025-07-28,0.9430777480540978
MS,2025-08-04,1.0519243629775117
MS,2025-08-11,1.130776481899029
MS,2025-08-18,1.211673095341509
MS,2025-08-25,1.2225360429680088
MS,2025-09-01,1.1306094690909114
MS,2025-09-08,1.067836793858238
MS,2025-09-15,0.9487999190398816
MT,2016-10-10,1.0
MT,2016-10-17,1.102088150698977
MT,2016-10-24,1.0675242959455935
MT,2016-10-31,1.0685545024956449
MT,2016-11-07,1.0088885829192291
MT,2016-11-14,1.0460998454078283
MT,2016-11-21,1.0342802651559853
MT,2016-11-28,1.053100145839389
MT,2016-12-05,1.0058813353132514
MT,2016-12-12,1.032593643704409
MT,2016-12-19,1.060213358426777
MT,2016-12-26,1.201924432604967
MT,2017-01-02,1.191246218534573
MT,2017-01-09,1.1268115841368556
MT,2017-01-16,1.0050352688036743
MT,2017-01-23,1.0481127175686962
MT,2017-01-30,1.0930200544914426
MT,2017-02-06,1.1336160877301582
MT,2017-02-13,1.1411576237961143
MT,2017-02-20,1.0898894034317352
MT,2017-02-27,1.0060574254353511
MT,2017-03-06,0.8932100932183782
MT,2017-03-13,0.9205460595138896
MT,2017-03-20,0.9116574441016614
MT,2017-03-27,0.9614050877905692
MT,2017-04-03,0.9356482541617078
MT,2017-04-10,0.9027114028333286
MT,2017-04-17,0.834375150017722
MT,2017-04-24,0.8418551695824794
MT,2017-05-01,0.8425897021022017
MT,2017-05-08,0.933635644072492
MT,2017-05-15,0.9090826123694286
MT,2017-05-22,0.9524908149533736
MT,2017-05-29,0.9373820677793536
MT,2017-06-05,0.9594393135724698
MT,2017-06-12,0.9579926494690012
MT,2017-06-19,0.9206612770935848
MT,2017-06-26,0.9679512280276494
MT,2017-07-03,0.9652635694434276
MT,2017-07-10,0.986749107484076
MT,2017-07-17,0.9362039103142896
MT,2017-07-24,0.955402467125233
MT,2017-07-31,0.9738317862200598
MT,2017-08-07,1.013657437178923
MT,2017-08-14,1.004263090893362
MT,2017-08-21,1.02102942374147
MT,2017-08-28,1.053007375112328
MT,2017-09-04,1.131648135868033
MT,2017-09-11,1.1289222360804088
MT,2017-09-18,1.0509513584700425
MT,2017-09-25,1.0296486313856843
MT,2017-10-02,1.02527522141628
MT,2017-10-09,1.0816471608133906
MT,2017-10-16,1.0603639447025464
MT,2017-10-23,1.0451538887992584
MT,2017-10-30,1.0238495896983764
MT,2017-11-06,1.086897208500969
MT,2017-11-13,1.0839385801953176
MT,2017-11-20,1.0786356682335003
MT,2017-11-27,1.0770403246395757
MT,2017-12-04,1.0509182631872331
MT,2017-12-11,1.081478632306463
MT,2017-12-18,1.0842932478003182
MT,2017-12-25,1.2432677483961367
MT,2018-01-01,1.3035760377787715
MT,2018-01-08,1.2115076477232634
MT,2018-01-15,1.1374671417751587
MT,2018-01-22,1.0670476311464965
MT,2018-01-29,1.0859128304379426
MT,2018-02-05,1.06667696745291
MT,2018-02-12,1.044132496551167
MT,2018-02-19,0.980218006638992
MT,2018-02-26,0.8868561064686673
MT,2018-03-05,0.859278798172441
MT,2018-03-12,0.8265144888647707
MT,2018-03-19,0.8351189880881313
MT,2018-03-26,0.8702464555170303
MT,2018-04-02,0.9117373106880088
MT,2018-04-09,0.9524842623397184
MT,2018-04-16,0.9503620812934278
MT,2018-04-23,0.8858305096268713
MT,2018-04-30,0.8479326213679647
MT,2018-05-07,0.8465515444142546
MT,2018-05-14,0.896942415080631
MT,2018-05-21,0.9337462849477094
MT,2018-05-28,0.9851303648101826
MT,2018-06-04,0.9771016673730206
MT,2018-06-11,0.9653370830685688
MT,2018-06-18,0.8961681423240235
MT,2018-06-25,0.9313515144785336
MT,2018-07-02,0.9747203489481844
MT,2018-07-09,0.980147287570859
MT,2018-07-16,0.9698047281875484
MT,2018-07-23,0.959291174282948
MT,2018-07-30,0.9486543918396372
MT,2018-08-06,0.9547346778834168
MT,2018-08-13,1.000694979609133
MT,2018-08-20,1.0309233223132503
MT,2018-08-27,1.069724849816931
MT,2018-09-03,1.0719403836751749
MT,2018-09-10,1.1205969029718712
MT,2018-09-17,1.0937483992413743
MT,2018-09-24,1.0461132260700603
MT,2018-10-01,1.034595903730597
MT,2018-10-08,1.2353574826513136
MT,2018-10-15,1.205800503115182
MT,2018-10-22,1.1932403255160242
MT,2018-10-29,1.0054543298611844
MT,2018-11-05,1.0727288903011858
MT,2018-11-12,1.0294774190158011
MT,2018-11-19,1.0488048711749558
MT,2018-11-26,1.1214383966266652
MT,2018-12-03,1.0920783338307891
MT,2018-12-10,1.0237396058181198
MT,2018-12-17,1.0070453520329514
MT,2018-12-24,1.0897317456902675
MT,2018-12-31,1.2829643821203531
MT,2019-01-07,1.1755722540684233
MT,2019-01-14,1.099707814738293
MT,2019-01-21,0.9498644183611944
MT,2019-01-28,1.0643029307643543
MT,2019-02-04,1.2465509143665645
MT,2019-02-11,1.1943890681640317
MT,2019-02-18,1.1607257113183034
MT,2019-02-25,1.018733118044712
MT,2019-03-04,1.055836251773666
MT,2019-03-11,0.9622201329323984
MT,2019-03-18,0.9506936434241938
MT,2019-03-25,0.8513127144427172
MT,2019-04-01,0.8894442284697175
MT,2019-04-08,0.7931480814773877
MT,2019-04-15,0.8392516411353766
MT,2019-04-22,0.8250915047436386
MT,2019-04-29,0.8769759730646667
MT,2019-05-06,0.910806462686894
MT,2019-05-13,0.9115834672931624
MT,2019-05-20,0.9733126139440146
MT,2019-05-27,0.9794845883393384
MT,2019-06-03,0.9906833766697638
MT,2019-06-10,0.9543299535780604
MT,2019-06-17,0.9325872873859584
MT,2019-06-24,0.9289967361174176
MT,2019-07-01,0.8790372210618429
MT,2019-07-08,0.9375372323241558
MT,2019-07-15,0.9779205328329704
MT,2019-07-22,1.017455801353322
MT,2019-07-29,0.9399637708786486
MT,2019-08-05,1.0081867587114164
MT,2019-08-12,0.9844147105613816
MT,2019-08-19,0.9979077109458268
MT,2019-08-26,1.0087313493734382
MT,2019-09-02,1.0891157343170534
MT,2019-09-09,1.100218995417376
MT,2019-09-16,1.1264202378774704
MT,2019-09-23,1.0971634364535074
MT,2019-09-30,1.1004575694719414
MT,2019-10-07,1.1348547854861484
MT,2019-10-14,1.0569372917971838
MT,2019-10-21,1.0511816356898191
MT,2019-10-28,0.9775369223248026
MT,2019-11-04,1.087284136385608
MT,2019-11-11,1.0806094194985398
MT,2019-11-18,1.109409656680318
MT,2019-11-25,1.0707889551269254
MT,2019-12-02,1.1813518731478558
MT,2019-12-09,1.0767056023570745
MT,2019-12-16,1.1078563369404673
MT,2019-12-23,1.082596552644045
MT,2019-12-30,1.2840555905980282
MT,2020-01-06,1.234706616444059
MT,2020-01-13,1.0531417900937052
MT,2020-01-20,0.9316837754463948
MT,2020-01-27,1.0257066191799815
MT,2020-02-03,1.2318654138206435
MT,2020-02-10,1.1548976621547022
MT,2020-02-17,1.0620798311992723
MT,2020-02-24,0.9087052336929956
MT,2020-03-02,1.0497193407004763
MT,2020-03-09,1.0129259438447482
MT,2020-03-16,1.060743266744839
MT,2020-03-23,0.9642055609408776
MT,2020-03-30,0.9442026066283256
MT,2020-04-06,0.8777509614452998
MT,2020-04-13,0.753309984114464
MT,2020-04-20,0.7566705584679784
MT,2020-04-27,0.7666263864438553
MT,2020-05-04,0.8748027083704777
MT,2020-05-11,0.8333913710056015
MT,2020-05-18,0.8340630203391658
MT,2020-05-25,0.8587284430831784
MT,2020-06-01,0.933706841672316
MT,2020-06-08,0.9241155249844302
MT,2020-06-15,0.9435035481343986
MT,2020-06-22,0.9849287265019112
MT,2020-06-29,1.136427457671528
MT,2020-07-06,1.2034127619748607
MT,2020-07-13,1.154740462804153
MT,2020-07-20,1.0430200034579722
MT,2020-07-27,0.9179984953436212
MT,2020-08-03,1.0568553785926462
MT,2020-08-10,1.018146112372563
MT,2020-08-17,1.0159752300979243
MT,2020-08-24,0.898473414400327
MT,2020-08-31,0.9852731589888634
MT,2020-09-07,1.0677658869468838
MT,2020-09-14,1.0857629368821458
MT,2020-09-21,1.0081143519425928
MT,2020-09-28,1.0195382466713112
MT,2020-10-05,1.120797480566692
MT,2020-10-12,1.1312342235650854
MT,2020-10-19,1.060616331093111
MT,2020-10-26,0.9415639908544344
MT,2020-11-02,0.9887689656141708
MT,2020-11-09,1.0174042448008478
MT,2020-11-16,1.024738024715344
MT,2020-11-23,0.9640526440814592
MT,2020-11-30,0.9702986684369828
MT,2020-12-07,1.0141146700592445
MT,2020-12-14,0.9948929981319186
MT,2020-12-21,0.9552416775145798
MT,2020-12-28,0.9507564896062838
MT,2021-01-04,0.9749878985306212
MT,2021-01-11,0.9735417702500015
MT,2021-01-18,0.9290799579059608
MT,2021-01-25,0.9489196297690462
MT,2021-02-01,0.9815883875596396
MT,2021-02-08,0.907781195120632
MT,2021-02-15,0.9573231461853754
MT,2021-02-22,0.9272121401031
MT,2021-03-01,1.0192456834309005
MT,2021-03-08,0.9456708893157976
MT,2021-03-15,0.9523485506720396
MT,2021-03-22,0.9901800929072886
MT,2021-03-29,1.0647856907554658
MT,2021-04-05,1.0844588425722483
MT,2021-04-12,0.9814120049832614
MT,2021-04-19,0.989532024382488
MT,2021-04-26,0.9848304699086275
MT,2021-05-03,1.1097988880655976
MT,2021-05-10,1.108699863611297
MT,2021-05-17,1.053682175585016
MT,2021-05-24,0.9888396330739672
MT,2021-05-31,0.9659370413535316
MT,2021-06-07,1.114106633542556
MT,2021-06-14,1.027063245692299
MT,2021-06-21,1.0830760444872638
MT,2021-06-28,0.9893291294463512
MT,2021-07-05,1.091577503773806
MT,2021-07-12,1.0161318542847757
MT,2021-07-19,1.01529432058154
MT,2021-07-26,1.046583669826714
MT,2021-08-02,1.117616271551476
MT,2021-08-09,1.1099125619612358
MT,2021-08-16,1.096829082051173
MT,2021-08-23,1.0606720382749748
MT,2021-08-30,1.0696723322716348
MT,2021-09-06,1.08234157028251
MT,2021-09-13,1.068069834509759
MT,2021-09-20,1.0441154152942946
MT,2021-09-27,0.9872654609271678
MT,2021-10-04,1.0164131791172255
MT,2021-10-11,0.9719309466060224
MT,2021-10-18,0.993817871515467
MT,2021-10-25,0.9809423530619864
MT,2021-11-01,1.041470995316717
MT,2021-11-08,1.0311855276258364
MT,2021-11-15,1.0130765772152572
MT,2021-11-22,0.99827878697659
MT,2021-11-29,0.9951493167575493
MT,2021-12-06,1.02855238165763
MT,2021-12-13,0.9726681067055228
MT,2021-12-20,1.033281926189317
MT,2021-12-27,1.1409217695717302
MT,2022-01-03,1.3034376715411842
MT,2022-01-10,1.166523950732867
MT,2022-01-17,1.014151270216879
MT,2022-01-24,0.8778690033178218
MT,2022-01-31,0.8580566877611839
MT,2022-02-07,0.8569147084031018
MT,2022-02-14,0.8055492567403886
MT,2022-02-21,0.8764274157709525
MT,2022-02-28,0.9268585254668984
MT,2022-03-07,1.043767440566207
MT,2022-03-14,1.091951938210688
MT,2022-03-21,1.0745660628099734
MT,2022-03-28,1.0277754804219468
MT,2022-04-04,1.001729869418707
MT,2022-04-11,0.9981525143330202
MT,2022-04-18,0.9828034433369192
MT,2022-04-25,0.992119967936438
MT,2022-05-02,1.0359138419200555
MT,2022-05-09,1.008600749494876
MT,2022-05-16,1.0199732574651847
MT,2022-05-23,0.9854394065341852
MT,2022-05-30,1.0105890485661464
MT,2022-06-06,1.020654422852078
MT,2022-06-13,0.9684135402842088
MT,2022-06-20,0.9572685341452818
MT,2022-06-27,0.8893735680226255
MT,2022-07-04,0.9298738610144126
MT,2022-07-11,0.9741395360878328
MT,2022-07-18,0.979125903477672
MT,2022-07-25,0.9920941575466432
MT,2022-08-01,1.018672707774393
MT,2022-08-08,0.9801883813856688
MT,2022-08-15,0.9944283829541236
MT,2022-08-22,0.9582508627369444
MT,2022-08-29,1.0637478818265538
MT,2022-09-05,1.0702479974165842
MT,2022-09-12,1.0616691668752958
MT,2022-09-19,1.0438535036393235
MT,2022-09-26,1.0415566709097008
MT,2022-10-03,1.083621508165181
MT,2022-10-10,1.057183661726528
MT,2022-10-17,1.0732771274389796
MT,2022-10-24,1.0618388066765807
MT,2022-10-31,1.165173653726711
MT,2022-11-07,1.259690026329073
MT,2022-11-14,1.2295937736493063
MT,2022-11-21,1.1311837440549712
MT,2022-11-28,1.1615706774510934
MT,2022-12-05,1.173081076749425
MT,2022-12-12,1.1590128756382476
MT,2022-12-19,1.0157442065833224
MT,2022-12-26,0.982844944952755
MT,2023-01-02,0.9486700344294192
MT,2023-01-09,0.8430404458012046
MT,2023-01-16,0.7229760410482235
MT,2023-01-23,0.7354800853857736
MT,2023-01-30,0.8434553996052071
MT,2023-02-06,0.941266945119531
MT,2023-02-13,0.9928236070549896
MT,2023-02-20,0.998100412908858
MT,2023-02-27,0.9887049628556548
MT,2023-03-06,0.9983036187626882
MT,2023-03-13,1.0024130127498998
MT,2023-03-20,0.9818842196056632
MT,2023-03-27,1.0168968082216063
MT,2023-04-03,0.9897729676060846
MT,2023-04-10,0.9686941834852416
MT,2023-04-17,0.9471505236801
MT,2023-04-24,0.9623056016988568
MT,2023-05-01,0.9922171873325556
MT,2023-05-08,0.9882572338445308
MT,2023-05-15,0.9619151571798252
MT,2023-05-22,0.9426512830815108
MT,2023-05-29,0.9625836062330528
MT,2023-06-05,0.9990690312671444
MT,2023-06-12,0.977175810632508
MT,2023-06-19,0.9595034687849944
MT,2023-06-26,0.9087152928305664
MT,2023-07-03,0.9084052321292496
MT,2023-07-10,0.96356778975712
MT,2023-07-17,0.9558296902555352
MT,2023-07-24,0.9665978415388882
MT,2023-07-31,0.9672822104151678
MT,2023-08-07,0.951434070851898
MT,2023-08-14,1.0987506036974508
MT,2023-08-21,1.0380285758265364
MT,2023-08-28,1.1426939453754814
MT,2023-09-04,1.151549482837891
MT,2023-09-11,1.149975437907339
MT,2023-09-18,1.0491077616781317
MT,2023-09-25,1.0292503402809396
MT,2023-10-02,1.0482245314596252
MT,2023-10-09,1.027523420515016
MT,2023-10-16,1.009096825203354
MT,2023-10-23,0.9910156637541492
MT,2023-10-30,1.0305481506648029
MT,2023-11-06,1.0656629439760834
MT,2023-11-13,1.0927156150359767
MT,2023-11-20,1.0896080781002184
MT,2023-11-27,1.0776102520265578
MT,2023-12-04,1.1042614328413047
MT,2023-12-11,1.0728699162213988
MT,2023-12-18,1.1159536471697846
MT,2023-12-25,1.1620980746320404
MT,2024-01-01,1.3284307448076749
MT,2024-01-08,1.1610163215397027
MT,2024-01-15,1.0112601472821878
MT,2024-01-22,0.843965590081755
MT,2024-01-29,0.8888503988320456
MT,2024-02-05,1.0141763490976323
MT,2024-02-12,1.0308442582342978
MT,2024-02-19,1.0091772257421574
MT,2024-02-26,0.942007272545312
MT,2024-03-04,0.9398874486492558
MT,2024-03-11,0.9705515966400704
MT,2024-03-18,0.9372122367407512
MT,2024-03-25,0.8958390448011162
MT,2024-04-01,0.9524442044701596
MT,2024-04-08,0.9584448797208944
MT,2024-04-15,0.9039617853094716
MT,2024-04-22,0.8669309203908276
MT,2024-04-29,0.9102481498622864
MT,2024-05-06,0.9896046612612296
MT,2024-05-13,0.9820952465405
MT,2024-05-20,0.9660911770217164
MT,2024-05-27,0.9350340315992748
MT,2024-06-03,1.004324252209342
MT,2024-06-10,0.9416554237221872
MT,2024-06-17,0.9444140175834784
MT,2024-06-24,0.9000872027343767
MT,2024-07-01,0.9498326414908442
MT,2024-07-08,1.0165785390622344
MT,2024-07-15,1.0168544512089854
MT,2024-07-22,0.9452911286498784
MT,2024-07-29,0.9981425278618696
MT,2024-08-05,1.0218584448409942
MT,2024-08-12,1.0681516827085489
MT,2024-08-19,1.0151060357298092
MT,2024-08-26,1.0671491762289589
MT,2024-09-02,1.08166606012976
MT,2024-09-09,1.06060921451601
MT,2024-09-16,0.9948360270015796
MT,2024-09-23,1.0102754591610792
MT,2024-09-30,0.9916767794798242
MT,2024-10-07,1.049867912620316
MT,2024-10-14,1.0391829424953325
MT,2024-10-21,1.028996356926155
MT,2024-10-28,1.0096401324361806
MT,2024-11-04,1.0265632994947802
MT,2024-11-11,1.0111071936396037
MT,2024-11-18,0.996289044988912
MT,2024-11-25,0.9933168277067598
MT,2024-12-02,1.094784364590984
MT,2024-12-09,1.0804203368111407
MT,2024-12-16,1.1192252561032672
MT,2024-12-23,1.1369742646197962
MT,2024-12-30,1.3460008035184468
MT,2025-01-06,1.2673871293038463
MT,2025-01-13,1.0654590868207905
MT,2025-01-20,0.913144971286084
MT,2025-01-27,1.0203505895078098
MT,2025-02-03,1.2396938190659843
MT,2025-02-10,1.1923775210831535
MT,2025-02-17,1.109254227014936
MT,2025-02-24,0.919336093461609
MT,2025-03-03,0.9107488667532496
MT,2025-03-10,0.8467330727894192
MT,2025-03-17,0.8724442446724344
MT,2025-03-24,0.8390887134120314
MT,2025-03-31,0.8701701406237852
MT,2025-04-07,0.8824564059265377
MT,2025-04-14,0.8815501357163326
MT,2025-04-21,0.9444013549531955
MT,2025-04-28,0.950397142018999
MT,2025-05-05,1.0043803412468015
MT,2025-05-12,0.9558928927798092
MT,2025-05-19,0.9115799786642196
MT,2025-05-26,0.9230269896610984
MT,2025-06-02,0.9628431010479824
MT,2025-06-09,0.9965658681551444
MT,2025-06-16,0.9234027294789732
MT,2025-06-23,0.8913812045051743
MT,2025-06-30,0.8825157278186645
MT,2025-07-07,0.990769484275817
MT,2025-07-14,1.0080054805539702
MT,2025-07-21,1.0154022426569265
MT,2025-07-28,0.9251858898850904
MT,2025-08-04,0.9635738932753564
MT,2025-08-11,0.9870752636010948
MT,2025-08-18,1.0217066400356538
MT,2025-08-25,1.05745761197576
MT,2025-09-01,1.139435185530718
MT,2025-09-08,1.12048126118307
MT,2025-09-15,1.0917429187521135
NC,2016-10-10,1.0
NC,2016-10-17,0.8848780946177199
NC,2016-10-24,0.9517791923108878
NC,2016-10-31,1.000884916614428
NC,2016-11-07,1.0429316785888108
NC,2016-11-14,1.1627754819962055
NC,2016-11-21,1.0987468886626834
NC,2016-11-28,1.2247359745930408
NC,2016-12-05,1.0040275097377886
NC,2016-12-12,1.031235124301264
NC,2016-12-19,1.0912705268514993
NC,2016-12-26,1.2578981259267736
NC,2017-01-02,1.2493680670825609
NC,2017-01-09,1.0135300671223422
NC,2017-01-16,0.9397750887224507
NC,2017-01-23,1.0093941369719897
NC,2017-01-30,1.115642623461033
NC,2017-02-06,1.3376229492656988
NC,2017-02-13,1.2299051033455035
NC,2017-02-20,1.2930058445662531
NC,2017-02-27,1.0527350188409188
NC,2017-03-06,0.9597422006477104
NC,2017-03-13,0.9146167085869364
NC,2017-03-20,0.759159145169844
NC,2017-03-27,1.2547990611862012
NC,2017-04-03,1.0754981450683807
NC,2017-04-10,1.1843504941197085
NC,2017-04-17,0.7531942635934442
NC,2017-04-24,0.7782551387072975
NC,2017-05-01,0.7713327467800807
NC,2017-05-08,0.8469933760936627
NC,2017-05-15,0.9987289595615904
NC,2017-05-22,0.989666167521437
NC,2017-05-29,1.1253188457573575
NC,2017-06-05,0.9372758617110788
NC,2017-06-12,1.2927932892877336
NC,2017-06-19,0.921444225039438
NC,2017-06-26,1.286839783880244
NC,2017-07-03,0.9165256931201312
NC,2017-07-10,0.966819295498408
NC,2017-07-17,1.2489145687885683
NC,2017-07-24,1.136692684922268
NC,2017-07-31,1.6237108137042249
NC,2017-08-07,1.039307320281669
NC,2017-08-14,1.2321227793496226
NC,2017-08-21,0.964916454945592
NC,2017-08-28,1.0121260466736195
NC,2017-09-04,1.4392703195469592
NC,2017-09-11,1.3688213884964249
NC,2017-09-18,1.392832219897244
NC,2017-09-25,0.9412713130195426
NC,2017-10-02,1.0365579644512797
NC,2017-10-09,1.169617789440505
NC,2017-10-16,1.2278749570191867
NC,2017-10-23,1.0429749811892737
NC,2017-10-30,1.1153663484853162
NC,2017-11-06,1.085756724180276
NC,2017-11-13,1.1778330783067814
NC,2017-11-20,1.0622453716082814
NC,2017-11-27,1.1883700496523044
NC,2017-12-04,1.0180321730403896
NC,2017-12-11,1.1610976730573563
NC,2017-12-18,1.0345400378812275
NC,2017-12-25,1.2578538152627594
NC,2018-01-01,1.3209697262338345
NC,2018-01-08,1.218670196597746
NC,2018-01-15,1.3087407556818442
NC,2018-01-22,1.1805478431920715
NC,2018-01-29,1.3043303899170786
NC,2018-02-05,1.1581313826496862
NC,2018-02-12,1.0984514341274043
NC,2018-02-19,0.9557758276615969
NC,2018-02-26,0.8465249143077896
NC,2018-03-05,0.6807828853290794
NC,2018-03-12,0.8208350410292649
NC,2018-03-19,0.8574146782160873
NC,2018-03-26,0.9227757584739292
NC,2018-04-02,0.9547886528245162
NC,2018-04-09,0.9119197709686228
NC,2018-04-16,0.8554279505948056
NC,2018-04-23,0.8679845979980286
NC,2018-04-30,0.913961306143354
NC,2018-05-07,1.002979710018231
NC,2018-05-14,0.8485457408351603
NC,2018-05-21,0.8505929012859765
NC,2018-05-28,0.9547420227227504
NC,2018-06-04,0.9060659313846002
NC,2018-06-11,1.1578005088414502
NC,2018-06-18,0.9203951995147076
NC,2018-06-25,1.1837791688401404
NC,2018-07-02,0.8909006050501911
NC,2018-07-09,1.162128949012947
NC,2018-07-16,1.0467518270768656
NC,2018-07-23,0.8562137177135983
NC,2018-07-30,1.9047554497970944
NC,2018-08-06,1.7503461670466236
NC,2018-08-13,2.002418216677114
NC,2018-08-20,1.1488987398521835
NC,2018-08-27,1.193775316649104
NC,2018-09-03,1.4508242422336792
NC,2018-09-10,1.221901761041967
NC,2018-09-17,1.3316849838454663
NC,2018-09-24,1.1001045869083896
NC,2018-10-01,1.0161977290315043
NC,2018-10-08,1.1690287680714704
NC,2018-10-15,1.1319391810649395
NC,2018-10-22,1.1577053473411127
NC,2018-10-29,1.0612931575900544
NC,2018-11-05,1.074866116859129
NC,2018-11-12,1.0754705012971242
NC,2018-11-19,1.050229690548501
NC,2018-11-26,1.0389134139059788
NC,2018-12-03,1.0576905407706825
NC,2018-12-10,1.0095079263858926
NC,2018-12-17,1.0679606679649087
NC,2018-12-24,1.059800091690273
NC,2018-12-31,1.22670120645597
NC,2019-01-07,1.1039612119138122
NC,2019-01-14,1.0631361421840948
NC,2019-01-21,0.9717440093319962
NC,2019-01-28,1.132815807923521
NC,2019-02-04,1.229302633100845
NC,2019-02-11,1.2572008460413222
NC,2019-02-18,1.120986076852092
NC,2019-02-25,1.0449219217928176
NC,2019-03-04,0.8831033642744346
NC,2019-03-11,0.8867303376419247
NC,2019-03-18,0.8924501683961761
NC,2019-03-25,0.8827581611250006
NC,2019-04-01,0.8855467059255383
NC,2019-04-08,0.8321147799027415
NC,2019-04-15,0.861047620761887
NC,2019-04-22,0.8243837295231012
NC,2019-04-29,0.8736051350118391
NC,2019-05-06,0.85372787348379
NC,2019-05-13,0.8779713691135498
NC,2019-05-20,0.9043265344990964
NC,2019-05-27,0.9600978487188324
NC,2019-06-03,0.9810605184109976
NC,2019-06-10,0.9325585173699042
NC,2019-06-17,0.916179864107152
NC,2019-06-24,0.9062962047969416
NC,2019-07-01,0.9135260773803384
NC,2019-07-08,0.9307885793070196
NC,2019-07-15,0.8954171602955839
NC,2019-07-22,0.9418968593584128
NC,2019-07-29,0.964917399333671
NC,2019-08-05,1.0171117396363432
NC,2019-08-12,1.028478289670892
NC,2019-08-19,1.0511369960730927
NC,2019-08-26,1.080684750568314
NC,2019-09-02,1.1804734462012072
NC,2019-09-09,1.19661407461745
NC,2019-09-16,1.128128633088249
NC,2019-09-23,1.1414772523107986
NC,2019-09-30,1.0789263224396888
NC,2019-10-07,1.1177705120558974
NC,2019-10-14,1.0341509609467665
NC,2019-10-21,1.0795977722299048
NC,2019-10-28,1.0640300169537114
NC,2019-11-04,1.0658545132337358
NC,2019-11-11,1.0694306308145622
NC,2019-11-18,1.085423367312995
NC,2019-11-25,1.1106270752925764
NC,2019-12-02,1.0899837738143603
NC,2019-12-09,1.0953802736539051
NC,2019-12-16,1.102255483015428
NC,2019-12-23,1.1885474899277089
NC,2019-12-30,1.31813213830059
NC,2020-01-06,1.2065492115281478
NC,2020-01-13,1.0134744157264033
NC,2020-01-20,0.931039814973404
NC,2020-01-27,1.03626185034994
NC,2020-02-03,1.164338806896252
NC,2020-02-10,1.123737767611529
NC,2020-02-17,1.026614973585621
NC,2020-02-24,0.9467359810319008
NC,2020-03-02,0.8739544662467305
NC,2020-03-09,0.9784896192748884
NC,2020-03-16,1.0330895715600354
NC,2020-03-23,1.0876846515719678
NC,2020-03-30,0.9136040840536844
NC,2020-04-06,0.8017893444673081
NC,2020-04-13,0.7296507276857389
NC,2020-04-20,0.7856635429813271
NC,2020-04-27,0.8495912580653611
NC,2020-05-04,0.8245974478783976
NC,2020-05-11,0.9023395060016398
NC,2020-05-18,0.8983592804222588
NC,2020-05-25,0.9828621300322742
NC,2020-06-01,0.9082053694902456
NC,2020-06-08,0.8330542475747063
NC,2020-06-15,0.920236076019574
NC,2020-06-22,1.0024043361397963
NC,2020-06-29,1.0922137786438526
NC,2020-07-06,1.0684961522946663
NC,2020-07-13,1.1202073510435386
NC,2020-07-20,1.0411465727102145
NC,2020-07-27,1.0077689646731127
NC,2020-08-03,0.929924181664312
NC,2020-08-10,0.9817906639175238
NC,2020-08-17,0.950447304614998
NC,2020-08-24,1.018223757033663
NC,2020-08-31,1.0610022468471552
NC,2020-09-07,1.0405314099761451
NC,2020-09-14,1.0584211883102286
NC,2020-09-21,0.9504582281522612
NC,2020-09-28,1.113826272368099
NC,2020-10-05,1.0521497609034656
NC,2020-10-12,1.149662112393863
NC,2020-10-19,0.9753250140289276
NC,2020-10-26,1.0512653684821451
NC,2020-11-02,0.9617606568035216
NC,2020-11-09,1.0968977952745538
NC,2020-11-16,1.027830423913514
NC,2020-11-23,1.0603202564043188
NC,2020-11-30,1.0233676672223406
NC,2020-12-07,1.0407983035465598
NC,2020-12-14,1.0275974128233287
NC,2020-12-21,0.982985353408112
NC,2020-12-28,0.9906598893666796
NC,2021-01-04,1.0300911386376932
NC,2021-01-11,0.9858055564078104
NC,2021-01-18,0.9373973874667164
NC,2021-01-25,0.91301081004971
NC,2021-02-01,0.9147147662486788
NC,2021-02-08,0.9209245661681073
NC,2021-02-15,0.9211537028104648
NC,2021-02-22,0.9231005151562248
NC,2021-03-01,0.9833657928879374
NC,2021-03-08,0.9016885042175884
NC,2021-03-15,1.0202889270267907
NC,2021-03-22,0.9614918080963062
NC,2021-03-29,0.9992631375090884
NC,2021-04-05,0.9768316827545332
NC,2021-04-12,1.0299114107921852
NC,2021-04-19,1.0551904142589936
NC,2021-04-26,1.0545859518759402
NC,2021-05-03,1.0222488728996688
NC,2021-05-10,1.0362568352278698
NC,2021-05-17,0.9772029165129346
NC,2021-05-24,1.058277338726637
NC,2021-05-31,1.009876059091
NC,2021-06-07,1.0553474524417197
NC,2021-06-14,0.9791238476425472
NC,2021-06-21,1.0277006652756278
NC,2021-06-28,1.0042860930358497
NC,2021-07-05,1.0744054501183231
NC,2021-07-12,1.0735878050988572
NC,2021-07-19,1.0798323855986878
NC,2021-07-26,1.1072784919355445
NC,2021-08-02,1.1603942394309104
NC,2021-08-09,1.1215238304512851
NC,2021-08-16,1.0907681697373408
NC,2021-08-23,1.0705946296858884
NC,2021-08-30,1.0748896764265112
NC,2021-09-06,1.0607096222371832
NC,2021-09-13,1.045985686217315
NC,2021-09-20,0.9711264956112036
NC,2021-09-27,0.9454354841386584
NC,2021-10-04,0.8986846620366059
NC,2021-10-11,0.96509593081029
NC,2021-10-18,0.9817045321198562
NC,2021-10-25,0.9853483548323188
NC,2021-11-01,0.9939539287967686
NC,2021-11-08,1.0158200034735505
NC,2021-11-15,1.0814553361526529
NC,2021-11-22,1.039252996020021
NC,2021-11-29,1.0637863040714726
NC,2021-12-06,1.0854164249453182
NC,2021-12-13,1.0708269020134842
NC,2021-12-20,1.0693084416242895
NC,2021-12-27,1.1162469024439703
NC,2022-01-03,1.2262532821419834
NC,2022-01-10,1.1370965250246816
NC,2022-01-17,0.9957030214505616
NC,2022-01-24,0.824569624600122
NC,2022-01-31,0.7779109292748374
NC,2022-02-07,0.7938527812994481
NC,2022-02-14,0.785829996837931
NC,2022-02-21,0.9384985693408772
NC,2022-02-28,0.9408053335310452
NC,2022-03-07,1.0282372935861663
NC,2022-03-14,0.9938755802218016
NC,2022-03-21,1.0595878446829583
NC,2022-03-28,1.030483158968195
NC,2022-04-04,1.0642557944722688
NC,2022-04-11,1.0585531667476706
NC,2022-04-18,1.068451438907804
NC,2022-04-25,1.0459429439434844
NC,2022-05-02,0.9850445763625312
NC,2022-05-09,1.0107696410109537
NC,2022-05-16,1.0476025118461112
NC,2022-05-23,1.0560335028714571
NC,2022-05-30,1.017086492287003
NC,2022-06-06,1.0128858460830252
NC,2022-06-13,0.95859584243081
NC,2022-06-20,0.9433162240231596
NC,2022-06-27,0.9209076446721476
NC,2022-07-04,0.9411912292581645
NC,2022-07-11,1.0119675473022918
NC,2022-07-18,0.9838966226567972
NC,2022-07-25,1.0217925091114526
NC,2022-08-01,1.009556496578505
NC,2022-08-08,1.0047414543028923
NC,2022-08-15,0.9548714014709884
NC,2022-08-22,1.0005854852758052
NC,2022-08-29,1.0116883831708368
NC,2022-09-05,1.0698106644112244
NC,2022-09-12,1.0885796649669444
NC,2022-09-19,1.0924895390056728
NC,2022-09-26,1.12190288014202
NC,2022-10-03,1.0749297286787491
NC,2022-10-10,1.1134973160231163
NC,2022-10-17,1.1210196498955682
NC,2022-10-24,1.160834986054205
NC,2022-10-31,1.3805232864740835
NC,2022-11-07,1.3884614866541856
NC,2022-11-14,1.264307155986384
NC,2022-11-21,0.9870069886278072
NC,2022-11-28,0.9798149348877264
NC,2022-12-05,1.0522346089456844
NC,2022-12-12,1.0118718720068374
NC,2022-12-19,0.9237096492417722
NC,2022-12-26,0.9105113746879382
NC,2023-01-02,0.9755587877471132
NC,2023-01-09,0.8529044643205479
NC,2023-01-16,0.7837206748467788
NC,2023-01-23,0.7952884564350303
NC,2023-01-30,0.9055524892458602
NC,2023-02-06,0.9880536089045956
NC,2023-02-13,1.0060461320541654
NC,2023-02-20,0.9894966121251751
NC,2023-02-27,0.985056372385259
NC,2023-03-06,0.9311783316888018
NC,2023-03-13,0.9603831156435286
NC,2023-03-20,1.0018826833170449
NC,2023-03-27,1.0269542183724532
NC,2023-04-03,1.0036528003383292
NC,2023-04-10,0.939005268408426
NC,2023-04-17,0.9358183212223592
NC,2023-04-24,0.8920365618675422
NC,2023-05-01,0.9383222641843258
NC,2023-05-08,0.9771604299621792
NC,2023-05-15,1.0067442281491543
NC,2023-05-22,0.9803581623842738
NC,2023-05-29,0.9734332199944966
NC,2023-06-05,0.9913254643669864
NC,2023-06-12,0.9598233408843992
NC,2023-06-19,0.9288001149985085
NC,2023-06-26,0.896575041132929
NC,2023-07-03,0.8794849654507645
NC,2023-07-10,0.9420083701891664
NC,2023-07-17,0.918996868154614
NC,2023-07-24,1.0238489139669356
NC,2023-07-31,1.0060532962882365
NC,2023-08-07,1.0777184595238425
NC,2023-08-14,1.061053709536609
NC,2023-08-21,1.1249665733162535
NC,2023-08-28,1.1663766469399677
NC,2023-09-04,1.16772650815542
NC,2023-09-11,1.14846396394568
NC,2023-09-18,1.0942953649939329
NC,2023-09-25,1.1079966146428275
NC,2023-10-02,0.9918488427618298
NC,2023-10-09,1.0079239490606824
NC,2023-10-16,1.004431552582387
NC,2023-10-23,1.0749895260556228
NC,2023-10-30,1.0772189108086048
NC,2023-11-06,1.0637012048259635
NC,2023-11-13,1.1502301784922466
NC,2023-11-20,1.1069782769671792
NC,2023-11-27,1.1283740602163663
NC,2023-12-04,1.0940804533690485
NC,2023-12-11,1.1320347553615986
NC,2023-12-18,1.190103969874622
NC,2023-12-25,1.2225744863920875
NC,2024-01-01,1.1877838655196655
NC,2024-01-08,0.977440794996469
NC,2024-01-15,0.8210245161786999
NC,2024-01-22,0.7959706350962086
NC,2024-01-29,0.9310179087747452
NC,2024-02-05,0.9753547185876112
NC,2024-02-12,1.0307110360655205
NC,2024-02-19,0.9715622937634278
NC,2024-02-26,1.0131661409438335
NC,2024-03-04,0.9632243053842504
NC,2024-03-11,0.9166866075815302
NC,2024-03-18,0.8802321146321731
NC,2024-03-25,0.8907256863681451
NC,2024-04-01,0.9510182179047878
NC,2024-04-08,0.9269429112693396
NC,2024-04-15,0.9210550762889624
NC,2024-04-22,0.8928582116224794
NC,2024-04-29,0.9374378880368972
NC,2024-05-06,0.9443419703261756
NC,2024-05-13,0.9529957283888668
NC,2024-05-20,0.9608846928328028
NC,2024-05-27,0.9500559724110182
NC,2024-06-03,0.9850285655853854
NC,2024-06-10,0.9154682736298468
NC,2024-06-17,0.957598230638096
NC,2024-06-24,0.9056528368276646
NC,2024-07-01,0.9477764695409356
NC,2024-07-08,0.9546761779975782
NC,2024-07-15,1.0015886682030783
NC,2024-07-22,1.0415480016153775
NC,2024-07-29,1.0623843081743698
NC,2024-08-05,1.0827498188667275
NC,2024-08-12,1.0862598262143948
NC,2024-08-19,1.0570187168761151
NC,2024-08-26,1.094661787948324
NC,2024-09-02,1.0613247656604228
NC,2024-09-09,1.1126152679135182
NC,2024-09-16,1.0615538423487472
NC,2024-09-23,1.040835289321117
NC,2024-09-30,0.9574455215071276
NC,2024-10-07,0.9609440267513576
NC,2024-10-14,1.0203384796115786
NC,2024-10-21,1.0641460632893764
NC,2024-10-28,1.083573768576068
NC,2024-11-04,1.049989659730585
NC,2024-11-11,1.0448051013985655
NC,2024-11-18,1.037335513824896
NC,2024-11-25,1.0591222894155492
NC,2024-12-02,1.039301187466533
NC,2024-12-09,1.0683971591712391
NC,2024-12-16,1.0535290945682003
NC,2024-12-23,1.1679295632532132
NC,2024-12-30,1.248493746147886
NC,2025-01-06,1.226448799609707
NC,2025-01-13,1.029332204229534
NC,2025-01-20,1.0117868817759648
NC,2025-01-27,1.1331123084656878
NC,2025-02-03,1.214045154714432
NC,2025-02-10,1.1146124107980893
NC,2025-02-17,0.9494145849526782
NC,2025-02-24,0.8845928911361829
NC,2025-03-03,0.8231492526364598
NC,2025-03-10,0.8633925748101684
NC,2025-03-17,0.851305692052026
NC,2025-03-24,0.8545408727176916
NC,2025-03-31,0.8385805831438399
NC,2025-04-07,0.8529634340658684
NC,2025-04-14,0.8858099222748604
NC,2025-04-21,0.9153220385378754
NC,2025-04-28,0.9592961424711802
NC,2025-05-05,0.9173935507669844
NC,2025-05-12,0.9509401149306972
NC,2025-05-19,0.9472554315751174
NC,2025-05-26,1.017629162011448
NC,2025-06-02,0.9948373055651296
NC,2025-06-09,0.9469663220492196
NC,2025-06-16,0.911869035615582
NC,2025-06-23,0.8912450869982247
NC,2025-06-30,0.9166858548686544
NC,2025-07-07,0.8985495449771926
NC,2025-07-14,0.9380649993983036
NC,2025-07-21,0.9637556132205408
NC,2025-07-28,1.0180340915548307
NC,2025-08-04,1.009830949436732
NC,2025-08-11,1.0558090162139442
NC,2025-08-18,0.8032684470710149
NC,2025-08-25,2.1277440021086083
NC,2025-09-01,2.224547061565618
NC,2025-09-08,2.4712438495448548
NC,2025-09-15,1.1176824881304672
ND,2016-10-10,1.0
ND,2016-10-17,0.9452114522861106
ND,2016-10-24,1.0686378115612656
ND,2016-10-31,1.118107024129368
ND,2016-11-07,1.0853034643252608
ND,2016-11-14,0.9799521615439072
ND,2016-11-21,0.9643658601712776
ND,2016-11-28,1.0636193485763
ND,2016-12-05,1.1020343114272555
ND,2016-12-12,1.131593665742465
ND,2016-12-19,1.0111780631224434
ND,2016-12-26,1.3495292538110997
ND,2017-01-02,1.180069412723427
ND,2017-01-09,1.5448203337327011
ND,2017-01-16,1.0347426757785263
ND,2017-01-23,1.2008278730126858
ND,2017-01-30,1.085515364359832
ND,2017-02-06,1.2259192487615385
ND,2017-02-13,1.2474719038596926
ND,2017-02-20,1.0655931768590443
ND,2017-02-27,1.0092115069852747
ND,2017-03-06,0.9050984935368755
ND,2017-03-13,0.9316477694881437
ND,2017-03-20,0.876930895211623
ND,2017-03-27,0.8819082308276265
ND,2017-04-03,0.8748669078848155
ND,2017-04-10,0.8958965913993693
ND,2017-04-17,0.8564379209114482
ND,2017-04-24,0.7942999882586006
ND,2017-05-01,0.7934471069751815
ND,2017-05-08,1.0123630185303127
ND,2017-05-15,1.0004456260661228
ND,2017-05-22,0.9711719157946668
ND,2017-05-29,0.7911898432560935
ND,2017-06-05,0.9003219715763086
ND,2017-06-12,0.9055959882483235
ND,2017-06-19,1.2382971706095025
ND,2017-06-26,1.0516715717291298
ND,2017-07-03,1.085033175616524
ND,2017-07-10,0.7587124301360642
ND,2017-07-17,0.9079923223870136
ND,2017-07-24,0.9763110370600891
ND,2017-07-31,1.0031332659328844
ND,2017-08-07,1.1961464853083106
ND,2017-08-14,1.1168538197416342
ND,2017-08-21,1.1185618259656889
ND,2017-08-28,0.9926650319823704
ND,2017-09-04,1.3894209464563272
ND,2017-09-11,1.424161312293206
ND,2017-09-18,1.2220190217684137
ND,2017-09-25,1.3288866389719085
ND,2017-10-02,1.3644415522497806
ND,2017-10-09,1.322552373878687
ND,2017-10-16,0.948507879202068
ND,2017-10-23,0.8672543444212272
ND,2017-10-30,1.0785097024547736
ND,2017-11-06,1.0624435861335368
ND,2017-11-13,1.1007428956634568
ND,2017-11-20,1.0461028395044456
ND,2017-11-27,1.1281555422861833
ND,2017-12-04,1.04018895265141
ND,2017-12-11,1.1401598363889125
ND,2017-12-18,1.1096029102957812
ND,2017-12-25,1.3524924193210066
ND,2018-01-01,1.278667321432041
ND,2018-01-08,1.196312378408641
ND,2018-01-15,1.100836241034994
ND,2018-01-22,1.0808744517954985
ND,2018-01-29,1.0733348253259418
ND,2018-02-05,0.9804805556068388
ND,2018-02-12,1.0483535309734815
ND,2018-02-19,0.9729888087096696
ND,2018-02-26,0.9227240203435644
ND,2018-03-05,0.8484565034152175
ND,2018-03-12,0.8115623832136435
ND,2018-03-19,0.7738226050738102
ND,2018-03-26,0.779205059134739
ND,2018-04-02,0.8699335835021774
ND,2018-04-09,1.0505667635033284
ND,2018-04-16,0.9888161605197632
ND,2018-04-23,0.977868314618448
ND,2018-04-30,0.8784113110667159
ND,2018-05-07,0.8795346920536324
ND,2018-05-14,0.8282585250360552
ND,2018-05-21,0.8423792852078353
ND,2018-05-28,1.2790261601166648
ND,2018-06-04,1.2043991135349923
ND,2018-06-11,1.1388957159913524
ND,2018-06-18,0.826712367802585
ND,2018-06-25,0.9326358559972476
ND,2018-07-02,0.9891724317662118
ND,2018-07-09,0.9917611129945484
ND,2018-07-16,0.9535353638141856
ND,2018-07-23,0.9155251220960878
ND,2018-07-30,0.8798355509379266
ND,2018-08-06,0.9394882759171084
ND,2018-08-13,0.9771148610553834
ND,2018-08-20,0.9961054530599872
ND,2018-08-27,1.1037822089998657
ND,2018-09-03,1.2484032679314694
ND,2018-09-10,1.243708942490399
ND,2018-09-17,1.0904290711285485
ND,2018-09-24,1.009997953477487
ND,2018-10-01,1.131238397544307
ND,2018-10-08,1.2559325792348444
ND,2018-10-15,1.2305381460415872
ND,2018-10-22,1.0550676168612354
ND,2018-10-29,1.0101918450993577
ND,2018-11-05,1.0275964561344688
ND,2018-11-12,1.0461025091017029
ND,2018-11-19,1.0640964905996113
ND,2018-11-26,0.9983580260151096
ND,2018-12-03,1.0815008444755452
ND,2018-12-10,0.9896708325626512
ND,2018-12-17,1.0906916339578872
ND,2018-12-24,1.030034608274835
ND,2018-12-31,1.2509153806497029
ND,2019-01-07,1.0956429958326106
ND,2019-01-14,1.1066008731924322
ND,2019-01-21,1.0300706185424986
ND,2019-01-28,1.1391093213717385
ND,2019-02-04,1.1965575151102488
ND,2019-02-11,1.0806651090031465
ND,2019-02-18,1.0972198825601345
ND,2019-02-25,1.0785401351272472
ND,2019-03-04,1.0611137590368571
ND,2019-03-11,1.0205926516190882
ND,2019-03-18,0.9168718959223972
ND,2019-03-25,0.8699498030584473
ND,2019-04-01,0.8249176876380198
ND,2019-04-08,0.8634012784166762
ND,2019-04-15,0.8535575094338943
ND,2019-04-22,0.8839427626918822
ND,2019-04-29,0.8193613149870587
ND,2019-05-06,0.887381082637398
ND,2019-05-13,0.8598877689920547
ND,2019-05-20,0.9402339984749214
ND,2019-05-27,1.1076028933023128
ND,2019-06-03,1.0869354446337889
ND,2019-06-10,1.0832528153025305
ND,2019-06-17,0.7971899181749351
ND,2019-06-24,0.9491436743974868
ND,2019-07-01,0.8294067551659378
ND,2019-07-08,0.9695795464076464
ND,2019-07-15,0.8823693016111217
ND,2019-07-22,0.938527936567695
ND,2019-07-29,0.9746788560220362
ND,2019-08-05,1.1958096016144182
ND,2019-08-12,1.2540035618857337
ND,2019-08-19,1.136424974567141
ND,2019-08-26,1.014720701738265
ND,2019-09-02,0.9722490977077118
ND,2019-09-09,1.1216763262615743
ND,2019-09-16,1.1127689292423106
ND,2019-09-23,1.109648910658165
ND,2019-09-30,1.1227994105058656
ND,2019-10-07,1.073506329015669
ND,2019-10-14,1.1082412011802196
ND,2019-10-21,1.0414931770325149
ND,2019-10-28,1.0674653592864076
ND,2019-11-04,1.06629211569084
ND,2019-11-11,1.0524287159089374
ND,2019-11-18,1.1123715250665107
ND,2019-11-25,1.1125094861758231
ND,2019-12-02,1.1550082401419486
ND,2019-12-09,1.0738750352081987
ND,2019-12-16,1.1714339586612763
ND,2019-12-23,1.245601434064547
ND,2019-12-30,1.3758712409083729
ND,2020-01-06,1.216279540231614
ND,2020-01-13,0.9787205724169876
ND,2020-01-20,0.8498342898760719
ND,2020-01-27,0.9609958949873728
ND,2020-02-03,1.0223113449738157
ND,2020-02-10,1.0722860368843536
ND,2020-02-17,1.0844774112639
ND,2020-02-24,0.9854841787273876
ND,2020-03-02,0.9931673635866964
ND,2020-03-09,0.9080661058106744
ND,2020-03-16,1.0521863044268305
ND,2020-03-23,1.0703308023576623
ND,2020-03-30,1.0243623931819723
ND,2020-04-06,0.8837482088707896
ND,2020-04-13,0.6841819424018243
ND,2020-04-20,0.7241216411981336
ND,2020-04-27,0.7729519063771768
ND,2020-05-04,0.8954364341417472
ND,2020-05-11,0.8541780837235832
ND,2020-05-18,0.8756439810228138
ND,2020-05-25,0.7856694673247394
ND,2020-06-01,0.8457707310800489
ND,2020-06-08,0.9634809039852712
ND,2020-06-15,0.9904779475206196
ND,2020-06-22,1.0710318581161873
ND,2020-06-29,0.9813113468042856
ND,2020-07-06,1.177949950671373
ND,2020-07-13,1.1312153766105797
ND,2020-07-20,1.1226806587115783
ND,2020-07-27,0.981157368427051
ND,2020-08-03,1.0211597768480998
ND,2020-08-10,1.0784488039067976
ND,2020-08-17,1.0658694880804096
ND,2020-08-24,1.006519498396448
ND,2020-08-31,0.9962965815536972
ND,2020-09-07,1.0755630198660355
ND,2020-09-14,1.1051548067772543
ND,2020-09-21,1.0117502842264738
ND,2020-09-28,1.0333388450349723
ND,2020-10-05,1.1716921493097747
ND,2020-10-12,1.1642413335679105
ND,2020-10-19,1.1232685747236677
ND,2020-10-26,1.0302799715658255
ND,2020-11-02,1.0869637857340373
ND,2020-11-09,1.1474209911801698
ND,2020-11-16,1.022280418495544
ND,2020-11-23,0.981021610141646
ND,2020-11-30,0.8747246601903461
ND,2020-12-07,0.9171624063012948
ND,2020-12-14,0.9091966322901976
ND,2020-12-21,0.959251216233503
ND,2020-12-28,0.9390629297563944
ND,2021-01-04,0.9994208678047968
ND,2021-01-11,0.957463017605676
ND,2021-01-18,1.0010260251729002
ND,2021-01-25,1.0477446935280226
ND,2021-02-01,1.0152661293136942
ND,2021-02-08,0.9681957985961388
ND,2021-02-15,0.9274770744749622
ND,2021-02-22,0.9379543782490584
ND,2021-03-01,0.980645570567118
ND,2021-03-08,0.9328484924887344
ND,2021-03-15,1.0500125690159257
ND,2021-03-22,0.9965077798947768
ND,2021-03-29,1.013909066850442
ND,2021-04-05,0.9375968725673126
ND,2021-04-12,0.990615361663974
ND,2021-04-19,1.0329752004704669
ND,2021-04-26,0.984501309013608
ND,2021-05-03,0.9843883105349326
ND,2021-05-10,0.9836685610448702
ND,2021-05-17,1.0078382463564872
ND,2021-05-24,0.9630187680057508
ND,2021-05-31,0.9868663221869914
ND,2021-06-07,0.9913287887433324
ND,2021-06-14,1.2148972263331663
ND,2021-06-21,1.0707516847510734
ND,2021-06-28,1.0684928783178214
ND,2021-07-05,0.8702301471655549
ND,2021-07-12,1.0311688773669578
ND,2021-07-19,1.071475778582388
ND,2021-07-26,1.0775603622303696
ND,2021-08-02,1.0560846235028287
ND,2021-08-09,1.117160332822488
ND,2021-08-16,1.0740805522920889
ND,2021-08-23,1.0902883153017215
ND,2021-08-30,1.057751586265872
ND,2021-09-06,1.1863326041103
ND,2021-09-13,1.1220118601913829
ND,2021-09-20,1.062181690806448
ND,2021-09-27,1.0175926052328284
ND,2021-10-04,1.0009533363421226
ND,2021-10-11,1.004893214518734
ND,2021-10-18,0.9737338041046196
ND,2021-10-25,1.033384451904838
ND,2021-11-01,0.9831035026432654
ND,2021-11-08,0.9980967247547248
ND,2021-11-15,0.9745348103337942
ND,2021-11-22,1.0150648532098814
ND,2021-11-29,1.037766280188576
ND,2021-12-06,1.033143498581226
ND,2021-12-13,1.0728341131778854
ND,2021-12-20,1.1363437355435375
ND,2021-12-27,1.3416228833641517
ND,2022-01-03,1.3566644721334924
ND,2022-01-10,1.1881829142588582
ND,2022-01-17,0.9622456554544724
ND,2022-01-24,0.830454127837855
ND,2022-01-31,0.8306115266226951
ND,2022-02-07,0.7685025398312239
ND,2022-02-14,0.8714822853042969
ND,2022-02-21,0.8748902131958506
ND,2022-02-28,0.976072384080188
ND,2022-03-07,1.0166763468428677
ND,2022-03-14,1.0163751923973698
ND,2022-03-21,0.991052376600805
ND,2022-03-28,0.9233631369334144
ND,2022-04-04,0.9526210384839044
ND,2022-04-11,1.029051150465102
ND,2022-04-18,0.9801178885856512
ND,2022-04-25,0.9526762117556716
ND,2022-05-02,0.9382147808681688
ND,2022-05-09,1.0377866736393848
ND,2022-05-16,1.0542013176223302
ND,2022-05-23,1.02983494746168
ND,2022-05-30,1.0243942758107476
ND,2022-06-06,1.0074772573926325
ND,2022-06-13,1.0560964449833756
ND,2022-06-20,0.8995904995454662
ND,2022-06-27,0.9163484903186764
ND,2022-07-04,0.8384491837854011
ND,2022-07-11,1.0148955199721432
ND,2022-07-18,1.0221270658635275
ND,2022-07-25,1.0231656098767752
ND,2022-08-01,1.0609185097232454
ND,2022-08-08,1.0771786819259497
ND,2022-08-15,1.0339067263234605
ND,2022-08-22,0.9549274811755136
ND,2022-08-29,1.0800983436310456
ND,2022-09-05,1.1079763690097448
ND,2022-09-12,1.0840851845179371
ND,2022-09-19,1.056857346271341
ND,2022-09-26,1.1287376146572483
ND,2022-10-03,1.067741306811167
ND,2022-10-10,1.2087735861960738
ND,2022-10-17,1.1435629592221896
ND,2022-10-24,1.212184048184842
ND,2022-10-31,1.0476036147195644
ND,2022-11-07,1.1473262430682818
ND,2022-11-14,1.1600276198564703
ND,2022-11-21,1.1089499664110882
ND,2022-11-28,1.1547215587097062
ND,2022-12-05,1.1050381094842523
ND,2022-12-12,1.2812104390450745
ND,2022-12-19,1.1795995733005842
ND,2022-12-26,1.108683931474819
ND,2023-01-02,0.8389489912472237
ND,2023-01-09,0.7785964061439721
ND,2023-01-16,0.8305329912473799
ND,2023-01-23,1.095196437926038
ND,2023-01-30,1.0223652870826268
ND,2023-02-06,1.0066217575863714
ND,2023-02-13,0.801823791328344
ND,2023-02-20,1.0143171408026517
ND,2023-02-27,0.8743519464960252
ND,2023-03-06,0.9109120651181654
ND,2023-03-13,0.8918563311601252
ND,2023-03-20,0.9707241120345402
ND,2023-03-27,0.9823690937534696
ND,2023-04-03,0.9218354302310872
ND,2023-04-10,0.9958690464620632
ND,2023-04-17,0.9549647425786848
ND,2023-04-24,1.0262944935583038
ND,2023-05-01,1.0140867760504433
ND,2023-05-08,1.0282874545969518
ND,2023-05-15,0.9601896092946512
ND,2023-05-22,0.9622785817553244
ND,2023-05-29,1.0173026107823684
ND,2023-06-05,0.8505209331311333
ND,2023-06-12,1.1065871859650678
ND,2023-06-19,1.0472181673994
ND,2023-06-26,1.1979325375000744
ND,2023-07-03,0.7713901447574284
ND,2023-07-10,1.1784744458795269
ND,2023-07-17,1.1210365852437545
ND,2023-07-24,1.389269176403422
ND,2023-07-31,1.0087690768832671
ND,2023-08-07,1.0404372952279817
ND,2023-08-14,1.0117891566488362
ND,2023-08-21,1.0997799027034951
ND,2023-08-28,1.0989177237347103
ND,2023-09-04,1.108507298572143
ND,2023-09-11,1.1010067946035362
ND,2023-09-18,1.1510343809655457
ND,2023-09-25,1.1379972524759618
ND,2023-10-02,0.9890015415881348
ND,2023-10-09,0.955660207656033
ND,2023-10-16,1.0631651724645148
ND,2023-10-23,1.1279198333717728
ND,2023-10-30,1.1653714234309536
ND,2023-11-06,1.0593769673767437
ND,2023-11-13,1.1278277557753134
ND,2023-11-20,1.0819203493579663
ND,2023-11-27,1.0811296841428109
ND,2023-12-04,1.0448780881088364
ND,2023-12-11,1.0294542259794146
ND,2023-12-18,1.0970768702981557
ND,2023-12-25,1.1850710064101635
ND,2024-01-01,1.1909465606006435
ND,2024-01-08,1.0743050190582275
ND,2024-01-15,0.9369227908284612
ND,2024-01-22,0.9200902069748592
ND,2024-01-29,0.9293182742187018
ND,2024-02-05,0.9975190761776328
ND,2024-02-12,1.0372783012607998
ND,2024-02-19,1.006079379709593
ND,2024-02-26,0.9898718797785642
ND,2024-03-04,0.9398860789437326
ND,2024-03-11,1.0053726668211418
ND,2024-03-18,0.9628998352616296
ND,2024-03-25,0.9603296543014408
ND,2024-04-01,0.9808365546981206
ND,2024-04-08,0.9897195467591784
ND,2024-04-15,0.9917416430770282
ND,2024-04-22,0.8981275110310903
ND,2024-04-29,0.8768703452285049
ND,2024-05-06,0.8489708864185438
ND,2024-05-13,0.8766349670660111
ND,2024-05-20,0.9217570116203624
ND,2024-05-27,1.0218868782087325
ND,2024-06-03,1.0241895783158474
ND,2024-06-10,0.9255499045845296
ND,2024-06-17,0.859535958939265
ND,2024-06-24,0.8580277082551567
ND,2024-07-01,0.875216723172733
ND,2024-07-08,0.8964451237169093
ND,2024-07-15,1.0012374884892783
ND,2024-07-22,1.0108119700784115
ND,2024-07-29,1.0574304836925157
ND,2024-08-05,1.0358182662448558
ND,2024-08-12,1.085505421504099
ND,2024-08-19,1.0424607544761657
ND,2024-08-26,1.0543987957306982
ND,2024-09-02,1.0669867463862153
ND,2024-09-09,1.0394312339001706
ND,2024-09-16,1.0313328699179485
ND,2024-09-23,0.9809406048047244
ND,2024-09-30,1.0223254241007984
ND,2024-10-07,0.9467180774644968
ND,2024-10-14,0.966170574573241
ND,2024-10-21,0.9633057656810724
ND,2024-10-28,1.0287494834501376
ND,2024-11-04,1.0289552291847548
ND,2024-11-11,1.0003656897990616
ND,2024-11-18,1.0163540442241958
ND,2024-11-25,1.0412327181484262
ND,2024-12-02,1.080130698896947
ND,2024-12-09,1.0616324659088097
ND,2024-12-16,1.0671218819815815
ND,2024-12-23,1.1216435490413057
ND,2024-12-30,1.2953356815261423
ND,2025-01-06,1.2557809310991137
ND,2025-01-13,1.084966844918693
ND,2025-01-20,0.982801047070515
ND,2025-01-27,1.071959493660846
ND,2025-02-03,1.1315929244566152
ND,2025-02-10,1.084159779982251
ND,2025-02-17,0.9891314404268516
ND,2025-02-24,0.9114448874616148
ND,2025-03-03,0.8548832200283524
ND,2025-03-10,0.860210649978442
ND,2025-03-17,0.878043925230851
ND,2025-03-24,0.8949824335703747
ND,2025-03-31,0.8688127583456337
ND,2025-04-07,0.851203522920693
ND,2025-04-14,0.8734596000522256
ND,2025-04-21,0.9213178576009144
ND,2025-04-28,0.9496594555329878
ND,2025-05-05,0.920767216709077
ND,2025-05-12,0.912085526368856
ND,2025-05-19,0.950765939283702
ND,2025-05-26,0.9519045318815278
ND,2025-06-02,0.9825219591256056
ND,2025-06-09,0.9310316972521916
ND,2025-06-16,0.9207609181318424
ND,2025-06-23,0.8833997091804535
ND,2025-06-30,0.9075375085245364
ND,2025-07-07,0.9230475465887223
ND,2025-07-14,0.960529476566334
ND,2025-07-21,0.9703653081643168
ND,2025-07-28,1.012616479040414
ND,2025-08-04,0.9942448626168844
ND,2025-08-11,1.076334102449603
ND,2025-08-18,1.0594273050510663
ND,2025-08-25,1.13771532143661
ND,2025-09-01,1.1361234845029724
ND,2025-09-08,1.161243171106282
ND,2025-09-15,1.086906108822956
NE,2016-10-10,1.0
NE,2016-10-17,0.9723810029546937
NE,2016-10-24,0.9906399552471956
NE,2016-10-31,0.977452427939416
NE,2016-11-07,1.0698219985735
NE,2016-11-14,1.103142373155007
NE,2016-11-21,1.0901763319758575
NE,2016-11-28,1.0642250386473049
NE,2016-12-05,1.0626025077602184
NE,2016-12-12,1.0395560362613627
NE,2016-12-19,1.0236083946567196
NE,2016-12-26,1.107336953234186
NE,2017-01-02,1.1906080785225397
NE,2017-01-09,1.1891080974810655
NE,2017-01-16,1.103462678233305
NE,2017-01-23,1.1643875192879023
NE,2017-01-30,1.1244277407807008
NE,2017-02-06,1.1496757859345903
NE,2017-02-13,1.135467476574329
NE,2017-02-20,1.0433623766295788
NE,2017-02-27,0.9451493227524655
NE,2017-03-06,0.7927858374968968
NE,2017-03-13,0.9221606981721862
NE,2017-03-20,0.976314232860998
NE,2017-03-27,1.002669742254993
NE,2017-04-03,0.8908989162430987
NE,2017-04-10,0.8477229607904144
NE,2017-04-17,0.819416254712447
NE,2017-04-24,0.8097058829054312
NE,2017-05-01,0.8181137409093197
NE,2017-05-08,0.893535539235481
NE,2017-05-15,0.9419879927786688
NE,2017-05-22,0.9970728647834056
NE,2017-05-29,0.8893012816187178
NE,2017-06-05,0.9748370010684738
NE,2017-06-12,0.9824847253199464
NE,2017-06-19,1.0705534050135828
NE,2017-06-26,0.9669519735669124
NE,2017-07-03,0.996442549222333
NE,2017-07-10,0.9341239247190384
NE,2017-07-17,0.9763672667721316
NE,2017-07-24,0.930834976370891
NE,2017-07-31,0.9320455070227304
NE,2017-08-07,1.655996773068851
NE,2017-08-14,1.5398722377003318
NE,2017-08-21,1.5242833316724311
NE,2017-08-28,1.286707698421871
NE,2017-09-04,1.3466742342588691
NE,2017-09-11,1.6164914465352398
NE,2017-09-18,0.9580153479208648
NE,2017-09-25,1.1778919519710778
NE,2017-10-02,0.99593565404936
NE,2017-10-09,1.268613403567226
NE,2017-10-16,1.106675774459242
NE,2017-10-23,1.1929946235186657
NE,2017-10-30,1.0940665494182236
NE,2017-11-06,1.092046054587678
NE,2017-11-13,1.0817215158122289
NE,2017-11-20,1.081223898972749
NE,2017-11-27,1.110201870830222
NE,2017-12-04,0.9915920265111594
NE,2017-12-11,1.016722712553661
NE,2017-12-18,1.0658042446469205
NE,2017-12-25,1.2240716469902142
NE,2018-01-01,1.3137054950021678
NE,2018-01-08,1.1636743693218274
NE,2018-01-15,1.0206559277353178
NE,2018-01-22,0.9857762388635528
NE,2018-01-29,1.1255154222574864
NE,2018-02-05,1.1912704136041443
NE,2018-02-12,1.179116419086336
NE,2018-02-19,0.994623306674919
NE,2018-02-26,0.944685459855726
NE,2018-03-05,0.834714810020104
NE,2018-03-12,0.8901145816635182
NE,2018-03-19,0.8799126725517211
NE,2018-03-26,0.8577691322051404
NE,2018-04-02,0.8670634417153958
NE,2018-04-09,0.8962321385509607
NE,2018-04-16,0.8894486277377818
NE,2018-04-23,0.847920405764116
NE,2018-04-30,0.9204352221690618
NE,2018-05-07,0.9250491790614866
NE,2018-05-14,0.9143860985385116
NE,2018-05-21,0.8760480082601485
NE,2018-05-28,1.1092021798027272
NE,2018-06-04,1.1298317816346035
NE,2018-06-11,1.0134442586711447
NE,2018-06-18,0.8446895397010381
NE,2018-06-25,0.6937919959134405
NE,2018-07-02,0.86315177364155
NE,2018-07-09,1.3598622847574573
NE,2018-07-16,1.4454714966783675
NE,2018-07-23,1.3571748957594978
NE,2018-07-30,0.7951066517103121
NE,2018-08-06,0.8927968358629347
NE,2018-08-13,1.197149154007075
NE,2018-08-20,1.2650347005533429
NE,2018-08-27,1.5047792974516532
NE,2018-09-03,1.2118650858577618
NE,2018-09-10,1.2596271049209864
NE,2018-09-17,0.9517510984679598
NE,2018-09-24,0.8821697790316857
NE,2018-10-01,0.9157045852876652
NE,2018-10-08,1.0956261982355773
NE,2018-10-15,1.2234618932675247
NE,2018-10-22,1.0335825964743384
NE,2018-10-29,1.03207802264433
NE,2018-11-05,1.005631417006587
NE,2018-11-12,1.1291962353703318
NE,2018-11-19,1.0683395362037158
NE,2018-11-26,1.0774927697661452
NE,2018-12-03,1.0527365938842737
NE,2018-12-10,0.977144460811054
NE,2018-12-17,1.0417802863735883
NE,2018-12-24,1.2462120902365634
NE,2018-12-31,1.440512433374344
NE,2019-01-07,1.270092271449732
NE,2019-01-14,1.050754186774019
NE,2019-01-21,0.9716370592993644
NE,2019-01-28,1.0243493748135166
NE,2019-02-04,1.0797471355543289
NE,2019-02-11,0.9894917376102328
NE,2019-02-18,0.9591088082108692
NE,2019-02-25,0.9633566309563484
NE,2019-03-04,0.8865033491699776
NE,2019-03-11,0.8784972977865199
NE,2019-03-18,0.8943771589481314
NE,2019-03-25,0.8939101327743127
NE,2019-04-01,0.9366488200417864
NE,2019-04-08,0.8992427583054746
NE,2019-04-15,0.91154137724502
NE,2019-04-22,0.8846825259901646
NE,2019-04-29,0.849679140901979
NE,2019-05-06,0.9174660829555278
NE,2019-05-13,0.935731987417992
NE,2019-05-20,0.9563232351196148
NE,2019-05-27,0.9654439996491496
NE,2019-06-03,0.9662769384479376
NE,2019-06-10,0.9506365325284216
NE,2019-06-17,0.9226527091544792
NE,2019-06-24,0.925387747859351
NE,2019-07-01,0.9563124962291047
NE,2019-07-08,0.9940408883219664
NE,2019-07-15,0.9355232468982204
NE,2019-07-22,1.0377073513167547
NE,2019-07-29,1.0228160362082357
NE,2019-08-05,1.0141844980544206
NE,2019-08-12,0.9725125866854964
NE,2019-08-19,0.9913956688899842
NE,2019-08-26,1.2072178219699323
NE,2019-09-02,1.1766266175830116
NE,2019-09-09,1.1031799665089184
NE,2019-09-16,1.0588571190111469
NE,2019-09-23,1.0114078985118622
NE,2019-09-30,1.1143725400570208
NE,2019-10-07,1.059859177486539
NE,2019-10-14,1.090282404645394
NE,2019-10-21,1.099240795782254
NE,2019-10-28,1.0782707311534865
NE,2019-11-04,1.0228613191086529
NE,2019-11-11,1.016906153282269
NE,2019-11-18,1.080014961918082
NE,2019-11-25,1.1620974373987427
NE,2019-12-02,1.2342395821064034
NE,2019-12-09,1.1576040369239775
NE,2019-12-16,1.157633532823395
NE,2019-12-23,1.0746650321480766
NE,2019-12-30,1.3058092644593298
NE,2020-01-06,1.1696254622431792
NE,2020-01-13,1.0450155579830946
NE,2020-01-20,0.8413183952393415
NE,2020-01-27,0.9243662754052592
NE,2020-02-03,1.002922912596698
NE,2020-02-10,1.0325824372080736
NE,2020-02-17,1.0126026750654322
NE,2020-02-24,0.9905686457909668
NE,2020-03-02,0.9572082583234796
NE,2020-03-09,0.9622659199333478
NE,2020-03-16,1.0374176862296942
NE,2020-03-23,1.0515082996478808
NE,2020-03-30,0.938131341508086
NE,2020-04-06,0.8078563066428739
NE,2020-04-13,0.7687529539976604
NE,2020-04-20,0.8218863557666729
NE,2020-04-27,0.813875228102646
NE,2020-05-04,0.8027495575451341
NE,2020-05-11,0.8666381267823191
NE,2020-05-18,0.8929177898815241
NE,2020-05-25,0.9172595435699096
NE,2020-06-01,0.8616978972452566
NE,2020-06-08,0.9154172249698572
NE,2020-06-15,0.8929048665736146
NE,2020-06-22,0.9911875027802616
NE,2020-06-29,0.9687278818358368
NE,2020-07-06,1.1117548873702647
NE,2020-07-13,1.1265120404002855
NE,2020-07-20,1.1229053110575504
NE,2020-07-27,1.0742082472978114
NE,2020-08-03,1.0133498831154757
NE,2020-08-10,1.1016396501641492
NE,2020-08-17,1.038006269137372
NE,2020-08-24,1.0184869705004025
NE,2020-08-31,1.0046382618681302
NE,2020-09-07,0.9777153017971676
NE,2020-09-14,1.0532840178563494
NE,2020-09-21,0.9576340782539112
NE,2020-09-28,1.0568624750353144
NE,2020-10-05,1.0425039944148904
NE,2020-10-12,1.0771471380061457
NE,2020-10-19,1.016207008956207
NE,2020-10-26,0.968539970266432
NE,2020-11-02,1.051023937296042
NE,2020-11-09,1.096331070086806
NE,2020-11-16,1.091502831920384
NE,2020-11-23,0.9872607738592116
NE,2020-11-30,0.983363726565918
NE,2020-12-07,0.9610941837391714
NE,2020-12-14,0.965159334870958
NE,2020-12-21,0.8990015132402404
NE,2020-12-28,1.001298306558781
NE,2021-01-04,1.0228274631948375
NE,2021-01-11,1.0112828489071963
NE,2021-01-18,0.935557266099912
NE,2021-01-25,0.9593565033070705
NE,2021-02-01,0.9640365133446408
NE,2021-02-08,0.9668951318524228
NE,2021-02-15,0.8958256161399899
NE,2021-02-22,0.9895843459910538
NE,2021-03-01,0.9517456707323598
NE,2021-03-08,1.0463925097253082
NE,2021-03-15,0.9583298203900936
NE,2021-03-22,1.0271218952498031
NE,2021-03-29,1.0169882717429573
NE,2021-04-05,1.1091845386369636
NE,2021-04-12,1.0645919014126728
NE,2021-04-19,1.0215400678306386
NE,2021-04-26,0.9626079988998566
NE,2021-05-03,0.9656728955792736
NE,2021-05-10,1.0675681170853972
NE,2021-05-17,1.062778662558412
NE,2021-05-24,1.1354993336595989
NE,2021-05-31,1.053224165394835
NE,2021-06-07,1.190435233992704
NE,2021-06-14,1.0404946590835884
NE,2021-06-21,1.0957339342467871
NE,2021-06-28,0.9276816445591024
NE,2021-07-05,0.9941911200901928
NE,2021-07-12,0.9723476785480496
NE,2021-07-19,1.0729909284275154
NE,2021-07-26,1.1320501968185848
NE,2021-08-02,1.121128742032012
NE,2021-08-09,1.1121193158523852
NE,2021-08-16,1.0590541398693267
NE,2021-08-23,1.0723489621216564
NE,2021-08-30,1.0912995465967514
NE,2021-09-06,1.0753367463903285
NE,2021-09-13,1.0227885664732528
NE,2021-09-20,0.9181925935216576
NE,2021-09-27,0.9319810210696026
NE,2021-10-04,0.9434598722093784
NE,2021-10-11,0.9965037168126434
NE,2021-10-18,0.9926288700813974
NE,2021-10-25,0.9871027149521976
NE,2021-11-01,1.0256720674554094
NE,2021-11-08,1.0151298634340822
NE,2021-11-15,0.9977940904264212
NE,2021-11-22,1.0030644241404605
NE,2021-11-29,1.091918249205089
NE,2021-12-06,1.1092254186315986
NE,2021-12-13,1.0492669249505306
NE,2021-12-20,1.0328113986184733
NE,2021-12-27,1.103482811209355
NE,2022-01-03,1.2029834473767478
NE,2022-01-10,1.1067301668247789
NE,2022-01-17,0.9857798193668432
NE,2022-01-24,0.8369689400625587
NE,2022-01-31,0.8145831069270942
NE,2022-02-07,0.8419305182343518
NE,2022-02-14,0.8739649099176232
NE,2022-02-21,1.0040908597149198
NE,2022-02-28,0.9918674112587312
NE,2022-03-07,1.06205363601061
NE,2022-03-14,1.0676727344388988
NE,2022-03-21,1.0622498372177045
NE,2022-03-28,1.0068988175688054
NE,2022-04-04,1.0145855213241413
NE,2022-04-11,1.019821127471165
NE,2022-04-18,1.002175229653655
NE,2022-04-25,0.9825163310978784
NE,2022-05-02,0.9844624093720028
NE,2022-05-09,0.9796847231813914
NE,2022-05-16,0.9767836218413044
NE,2022-05-23,0.975966904815472
NE,2022-05-30,0.9366279854951824
NE,2022-06-06,1.0192004976425235
NE,2022-06-13,0.9511755378118358
NE,2022-06-20,0.9486599680053
NE,2022-06-27,0.9228387147902242
NE,2022-07-04,0.9768615749659724
NE,2022-07-11,1.0356292803558649
NE,2022-07-18,1.0216369397965908
NE,2022-07-25,1.0373912223282928
NE,2022-08-01,1.08011841516709
NE,2022-08-08,1.0115430499880518
NE,2022-08-15,0.9768467566847192
NE,2022-08-22,1.0390418268626158
NE,2022-08-29,1.0858654430374215
NE,2022-09-05,1.146426282985256
NE,2022-09-12,1.0806558009287366
NE,2022-09-19,1.0092310141556942
NE,2022-09-26,0.9498636346076916
NE,2022-10-03,1.0433422536042003
NE,2022-10-10,1.1732583341148193
NE,2022-10-17,1.2087516725251493
NE,2022-10-24,1.0973042125298582
NE,2022-10-31,1.0645044462441644
NE,2022-11-07,1.1504753303266686
NE,2022-11-14,1.1726184503653916
NE,2022-11-21,1.1436021508508272
NE,2022-11-28,1.2271451927734367
NE,2022-12-05,1.178928413759181
NE,2022-12-12,1.2047872339578165
NE,2022-12-19,1.0157075338610606
NE,2022-12-26,1.006099749213134
NE,2023-01-02,0.8501356949921546
NE,2023-01-09,0.726155697970929
NE,2023-01-16,0.674943380113234
NE,2023-01-23,0.749019647427007
NE,2023-01-30,0.8805302866954553
NE,2023-02-06,0.989253955591892
NE,2023-02-13,1.011931554244066
NE,2023-02-20,1.0175336368369283
NE,2023-02-27,0.9872414759754248
NE,2023-03-06,1.0090035399359627
NE,2023-03-13,1.0193745994588783
NE,2023-03-20,1.0438762892308917
NE,2023-03-27,1.0129115822423118
NE,2023-04-03,0.9590172509654628
NE,2023-04-10,0.926525729435044
NE,2023-04-17,0.9147010484400516
NE,2023-04-24,0.9362603731454536
NE,2023-05-01,0.98320727263606
NE,2023-05-08,0.9897195981295278
NE,2023-05-15,0.963761670070166
NE,2023-05-22,0.9751471307596318
NE,2023-05-29,0.9906088772801148
NE,2023-06-05,1.0021920246640137
NE,2023-06-12,0.888671611212912
NE,2023-06-19,0.942821843801622
NE,2023-06-26,0.9290908141729466
NE,2023-07-03,0.9648616212165954
NE,2023-07-10,0.9373323426021136
NE,2023-07-17,1.015675435251429
NE,2023-07-24,1.0459117345265174
NE,2023-07-31,1.0238675006865403
NE,2023-08-07,0.965866609526868
NE,2023-08-14,1.0009012878392434
NE,2023-08-21,1.0514068323800434
NE,2023-08-28,1.144393138311992
NE,2023-09-04,1.203427009958524
NE,2023-09-11,1.1746249027668298
NE,2023-09-18,1.0521580786813287
NE,2023-09-25,1.0028475400599042
NE,2023-10-02,0.9863878023740386
NE,2023-10-09,1.0398074854309305
NE,2023-10-16,1.0634862076549427
NE,2023-10-23,1.0488038953165078
NE,2023-10-30,1.0416940398907677
NE,2023-11-06,1.0545784381095091
NE,2023-11-13,1.091852966388262
NE,2023-11-20,1.0539268197282985
NE,2023-11-27,1.0816729391901831
NE,2023-12-04,1.0357031447063392
NE,2023-12-11,1.067414201778863
NE,2023-12-18,1.0857514690928136
NE,2023-12-25,1.140441710566883
NE,2024-01-01,1.1684083668313758
NE,2024-01-08,1.052988550481926
NE,2024-01-15,0.9617887127791944
NE,2024-01-22,0.8698170312115585
NE,2024-01-29,0.9233186316787269
NE,2024-02-05,1.0352444315058484
NE,2024-02-12,1.1334032025253904
NE,2024-02-19,1.1105765920213206
NE,2024-02-26,1.0992695625889388
NE,2024-03-04,1.0446343332432553
NE,2024-03-11,1.016390810616926
NE,2024-03-18,0.9315278849087404
NE,2024-03-25,0.8675718613818555
NE,2024-04-01,0.9046718237733166
NE,2024-04-08,0.8975308788402429
NE,2024-04-15,0.9124826961147257
NE,2024-04-22,0.884151533844362
NE,2024-04-29,0.9001397077473311
NE,2024-05-06,0.8880993809471626
NE,2024-05-13,0.9051625913468342
NE,2024-05-20,0.9324396738283972
NE,2024-05-27,0.9535672648190824
NE,2024-06-03,0.9479338761942798
NE,2024-06-10,0.8658626557417753
NE,2024-06-17,0.9065871821668948
NE,2024-06-24,0.9086897406218104
NE,2024-07-01,0.9640555403744312
NE,2024-07-08,0.9632602881513233
NE,2024-07-15,1.039728476960012
NE,2024-07-22,1.0367023459555604
NE,2024-07-29,1.0509325687281157
NE,2024-08-05,1.0408732807462096
NE,2024-08-12,1.062462738773119
NE,2024-08-19,1.0536596475167006
NE,2024-08-26,1.087944017328504
NE,2024-09-02,1.103852418100326
NE,2024-09-09,1.0963771185929152
NE,2024-09-16,1.0539527463278235
NE,2024-09-23,0.993294322109128
NE,2024-09-30,0.9659982987880436
NE,2024-10-07,1.0062088041967134
NE,2024-10-14,1.0591022186608845
NE,2024-10-21,1.0557018673075016
NE,2024-10-28,1.0210076474245378
NE,2024-11-04,0.9950003660866488
NE,2024-11-11,1.0158660485443554
NE,2024-11-18,1.0350108288439273
NE,2024-11-25,1.0351548083358642
NE,2024-12-02,1.068114054744309
NE,2024-12-09,1.0767877157061996
NE,2024-12-16,1.089489547258335
NE,2024-12-23,1.2084626022097056
NE,2024-12-30,1.3532816366760103
NE,2025-01-06,1.2876534835824982
NE,2025-01-13,1.051133944165637
NE,2025-01-20,0.9303290782033166
NE,2025-01-27,1.048774754759893
NE,2025-02-03,1.1728868844137017
NE,2025-02-10,1.146059387704519
NE,2025-02-17,1.046285458654868
NE,2025-02-24,0.8874879256208537
NE,2025-03-03,0.8217090023167613
NE,2025-03-10,0.7835608044668275
NE,2025-03-17,0.8022313091621888
NE,2025-03-24,0.8376973668583312
NE,2025-03-31,0.8632484576854283
NE,2025-04-07,0.8820286496950965
NE,2025-04-14,0.8889587031760573
NE,2025-04-21,0.9596509146624234
NE,2025-04-28,0.981566595232974
NE,2025-05-05,0.9430519321604462
NE,2025-05-12,0.9385499236357888
NE,2025-05-19,0.969080741105805
NE,2025-05-26,0.9768103079193586
NE,2025-06-02,0.9492252012910584
NE,2025-06-09,0.8883206428762579
NE,2025-06-16,0.9000053336514015
NE,2025-06-23,0.8854948982111789
NE,2025-06-30,0.9924389957689356
NE,2025-07-07,0.9577561792168726
NE,2025-07-14,0.9692091021050973
NE,2025-07-21,0.8927993386269825
NE,2025-07-28,1.0129212114107695
NE,2025-08-04,1.03198828454608
NE,2025-08-11,1.0617964189463556
NE,2025-08-18,1.101631936412411
NE,2025-08-25,1.1738100837609744
NE,2025-09-01,1.2066253677072347
NE,2025-09-08,1.1692115955060236
NE,2025-09-15,1.1004297185234582
NH,2016-10-10,1.0
NH,2016-10-17,0.9946231872056432
NH,2016-10-24,0.997640055218291
NH,2016-10-31,1.0538354841365565
NH,2016-11-07,1.1144122982911304
NH,2016-11-14,1.1132960496910635
NH,2016-11-21,1.0321272619772237
NH,2016-11-28,0.995304478233522
NH,2016-12-05,0.9954664536566916
NH,2016-12-12,1.0302031368301987
NH,2016-12-19,1.0712424865304284
NH,2016-12-26,1.1476910800378444
NH,2017-01-02,1.1222114778234624
NH,2017-01-09,1.095952078773772
NH,2017-01-16,1.0327775794292466
NH,2017-01-23,1.060933789286276
NH,2017-01-30,1.0864829471873256
NH,2017-02-06,1.099687355828591
NH,2017-02-13,1.1913220726800091
NH,2017-02-20,1.165640130005875
NH,2017-02-27,1.1114024522174308
NH,2017-03-06,0.932551769118106
NH,2017-03-13,0.8792146926617609
NH,2017-03-20,0.9034204391941876
NH,2017-03-27,0.9768487990698632
NH,2017-04-03,0.9375560740825164
NH,2017-04-10,1.0203617534021907
NH,2017-04-17,0.8746100630573707
NH,2017-04-24,0.9749180986495434
NH,2017-05-01,0.7814078703617571
NH,2017-05-08,0.8941879868085348
NH,2017-05-15,0.924309490257243
NH,2017-05-22,0.9517102611208808
NH,2017-05-29,0.9749022780360768
NH,2017-06-05,0.933807301597232
NH,2017-06-12,0.933220578989026
NH,2017-06-19,0.8959559197288127
NH,2017-06-26,1.014062304120941
NH,2017-07-03,0.9779520798141904
NH,2017-07-10,1.1913012032583248
NH,2017-07-17,1.147956935074587
NH,2017-07-24,1.180803491841567
NH,2017-07-31,1.0987106690476058
NH,2017-08-07,0.8974177973876925
NH,2017-08-14,0.9923118114859584
NH,2017-08-21,1.0918769499802323
NH,2017-08-28,1.1186134886493266
NH,2017-09-04,1.1061072814971251
NH,2017-09-11,0.9613186953150472
NH,2017-09-18,1.170855520800512
NH,2017-09-25,1.15638777444823
NH,2017-10-02,1.1714882919355432
NH,2017-10-09,1.0217606161670767
NH,2017-10-16,1.021161716952565
NH,2017-10-23,0.9880652255386154
NH,2017-10-30,1.048350507876941
NH,2017-11-06,1.137716394249198
NH,2017-11-13,1.0943902817066211
NH,2017-11-20,0.9821361319389226
NH,2017-11-27,1.0586581911371564
NH,2017-12-04,1.0871737897351292
NH,2017-12-11,1.122165212175817
NH,2017-12-18,1.0813359585253275
NH,2017-12-25,1.1822823893405086
NH,2018-01-01,1.2561336000601548
NH,2018-01-08,1.2415720682608706
NH,2018-01-15,1.1493903251234616
NH,2018-01-22,1.1852991837297044
NH,2018-01-29,1.1372494381855955
NH,2018-02-05,1.1875714352981463
NH,2018-02-12,1.1646348402889248
NH,2018-02-19,1.083492610050327
NH,2018-02-26,0.8890501969600891
NH,2018-03-05,0.7921591281671062
NH,2018-03-12,0.7200181374681707
NH,2018-03-19,0.7380159010500178
NH,2018-03-26,0.7775026578990045
NH,2018-04-02,0.8506427581324965
NH,2018-04-09,1.039871003836362
NH,2018-04-16,0.9435446290417476
NH,2018-04-23,0.9676760347260408
NH,2018-04-30,0.9085866322086558
NH,2018-05-07,0.9488238151374856
NH,2018-05-14,0.8898908464598649
NH,2018-05-21,0.8791823200085488
NH,2018-05-28,0.946228882055015
NH,2018-06-04,1.0134232713010891
NH,2018-06-11,0.9858164334165282
NH,2018-06-18,1.0546128972921949
NH,2018-06-25,1.116862616384356
NH,2018-07-02,1.0191290109392137
NH,2018-07-09,0.8182827483305339
NH,2018-07-16,0.8823873108085717
NH,2018-07-23,0.860663414982564
NH,2018-07-30,1.3787235299374885
NH,2018-08-06,1.4908879164172872
NH,2018-08-13,1.5392026495480016
NH,2018-08-20,1.17204869591694
NH,2018-08-27,0.9661428757945189
NH,2018-09-03,0.8828217958734271
NH,2018-09-10,1.1448585053380491
NH,2018-09-17,1.0984732717194152
NH,2018-09-24,1.3275733042095943
NH,2018-10-01,1.0789973038550291
NH,2018-10-08,1.0917506160030377
NH,2018-10-15,0.9309011641051996
NH,2018-10-22,1.041402156414144
NH,2018-10-29,1.107476539474264
NH,2018-11-05,1.218929963512307
NH,2018-11-12,1.0731736206079263
NH,2018-11-19,0.9177035533684162
NH,2018-11-26,0.9423912797559436
NH,2018-12-03,0.94664931341909
NH,2018-12-10,1.154610843493135
NH,2018-12-17,1.0979101415339507
NH,2018-12-24,1.2014391579323092
NH,2018-12-31,1.296517333664159
NH,2019-01-07,1.2391279666601935
NH,2019-01-14,1.392600959135788
NH,2019-01-21,1.152592892430013
NH,2019-01-28,1.2254882482725946
NH,2019-02-04,0.9532932074933876
NH,2019-02-11,0.988319397663274
NH,2019-02-18,1.0739783300567245
NH,2019-02-25,1.0509755656795166
NH,2019-03-04,0.985053319078019
NH,2019-03-11,0.9058208321266168
NH,2019-03-18,0.902123894909022
NH,2019-03-25,0.8992136070993023
NH,2019-04-01,0.8919200551979146
NH,2019-04-08,0.9186122088368645
NH,2019-04-15,0.885391646109006
NH,2019-04-22,0.8531614501831982
NH,2019-04-29,0.7901468142949887
NH,2019-05-06,0.8934521022709516
NH,2019-05-13,0.9213392598156224
NH,2019-05-20,1.017089136946406
NH,2019-05-27,0.9347768312073388
NH,2019-06-03,0.9446498780973366
NH,2019-06-10,1.0437840026917409
NH,2019-06-17,0.988393091419014
NH,2019-06-24,1.1247884119882847
NH,2019-07-01,0.9723768298601682
NH,2019-07-08,0.9719824484353226
NH,2019-07-15,0.8462950288077727
NH,2019-07-22,1.1052872135718412
NH,2019-07-29,0.952900473595143
NH,2019-08-05,1.1167316173730248
NH,2019-08-12,1.189698382720005
NH,2019-08-19,1.3928652640210215
NH,2019-08-26,1.2369963849162755
NH,2019-09-02,0.8292575913008138
NH,2019-09-09,0.9903258117517676
NH,2019-09-16,1.0465950096114915
NH,2019-09-23,1.0928082799130168
NH,2019-09-30,1.086810914884883
NH,2019-10-07,1.203566785839137
NH,2019-10-14,1.1666802969986028
NH,2019-10-21,1.1296645403711754
NH,2019-10-28,1.1212868475298057
NH,2019-11-04,1.1565276528500743
NH,2019-11-11,1.1520145714293777
NH,2019-11-18,1.019397339943792
NH,2019-11-25,1.073604065107347
NH,2019-12-02,1.04964339701971
NH,2019-12-09,1.0957656212211309
NH,2019-12-16,1.1606451339603596
NH,2019-12-23,1.1999147936179395
NH,2019-12-30,1.4086710423054207
NH,2020-01-06,1.2294639991482603
NH,2020-01-13,1.095555095766643
NH,2020-01-20,0.932053776089413
NH,2020-01-27,1.0488966301915186
NH,2020-02-03,1.1694050545395038
NH,2020-02-10,1.159644880660525
NH,2020-02-17,1.130189878591403
NH,2020-02-24,0.9878284629095758
NH,2020-03-02,0.9287151706062264
NH,2020-03-09,0.8374577331559201
NH,2020-03-16,0.851597828485183
NH,2020-03-23,0.882212937715627
NH,2020-03-30,0.8497574727486696
NH,2020-04-06,0.8452684202320323
NH,2020-04-13,0.7606538192174358
NH,2020-04-20,0.8334284554570445
NH,2020-04-27,0.7710198733319052
NH,2020-05-04,0.8067781816705157
NH,2020-05-11,0.7884563782489427
NH,2020-05-18,0.8370026337275202
NH,2020-05-25,0.8174324563226498
NH,2020-06-01,0.8387609793998416
NH,2020-06-08,0.8590699103657327
NH,2020-06-15,1.1177588637715974
NH,2020-06-22,1.13222916744598
NH,2020-06-29,1.2294401961303578
NH,2020-07-06,0.9961520638684128
NH,2020-07-13,1.089293185986792
NH,2020-07-20,1.039947747670232
NH,2020-07-27,1.182638637727859
NH,2020-08-03,1.0303606471108075
NH,2020-08-10,1.0149117740345073
NH,2020-08-17,0.898006486456822
NH,2020-08-24,0.9496704386854652
NH,2020-08-31,1.096237910610941
NH,2020-09-07,1.0241296345512914
NH,2020-09-14,1.0479579256348726
NH,2020-09-21,1.0283572196445585
NH,2020-09-28,1.2008588693883664
NH,2020-10-05,1.3084371626697433
NH,2020-10-12,1.1631204059965603
NH,2020-10-19,0.9462316515297532
NH,2020-10-26,1.051768345849014
NH,2020-11-02,1.0808507971119088
NH,2020-11-09,1.194545308935627
NH,2020-11-16,0.9877546832585318
NH,2020-11-23,0.9302993642754366
NH,2020-11-30,0.9051802438098971
NH,2020-12-07,0.9490396065589604
NH,2020-12-14,0.9682507248216848
NH,2020-12-21,1.0667581617640791
NH,2020-12-28,1.0121508728703437
NH,2021-01-04,1.0662053972960015
NH,2021-01-11,0.9574626411697476
NH,2021-01-18,0.9067441758039938
NH,2021-01-25,0.8473189337658589
NH,2021-02-01,1.2285741829669912
NH,2021-02-08,1.1419502767509333
NH,2021-02-15,1.1820919393239009
NH,2021-02-22,0.7560839511123695
NH,2021-03-01,0.955146116746026
NH,2021-03-08,0.9102219881101046
NH,2021-03-15,1.0433332322870028
NH,2021-03-22,1.0273740887291003
NH,2021-03-29,1.0096911891727676
NH,2021-04-05,0.9877805489474648
NH,2021-04-12,1.0095091198794104
NH,2021-04-19,1.1290171093684345
NH,2021-04-26,1.090729426642358
NH,2021-05-03,1.0812834498364734
NH,2021-05-10,1.000866035478032
NH,2021-05-17,0.9819653661516624
NH,2021-05-24,0.8915245220697496
NH,2021-05-31,0.9415011918146312
NH,2021-06-07,0.9445229421817326
NH,2021-06-14,1.0334104970655236
NH,2021-06-21,0.9844943026684116
NH,2021-06-28,0.9931618517460026
NH,2021-07-05,1.09773576118776
NH,2021-07-12,1.05220157478899
NH,2021-07-19,1.132990202374656
NH,2021-07-26,1.0487577444910403
NH,2021-08-02,1.1068923925234098
NH,2021-08-09,1.0995545991868572
NH,2021-08-16,1.027353842044718
NH,2021-08-23,1.07419483101453
NH,2021-08-30,1.0854981669423331
NH,2021-09-06,1.098419009813541
NH,2021-09-13,1.1147049211836084
NH,2021-09-20,1.0816855631905122
NH,2021-09-27,0.9630896841143192
NH,2021-10-04,0.8745394317253772
NH,2021-10-11,0.9277926481320408
NH,2021-10-18,1.120832824262241
NH,2021-10-25,1.143448890598778
NH,2021-11-01,1.0945099038910446
NH,2021-11-08,1.0637942324015837
NH,2021-11-15,1.058804023352298
NH,2021-11-22,1.0154938317773958
NH,2021-11-29,1.0121212637699428
NH,2021-12-06,1.0968271266298706
NH,2021-12-13,1.2821967803076733
NH,2021-12-20,1.18719039186903
NH,2021-12-27,1.066616466782759
NH,2022-01-03,0.9994383104451704
NH,2022-01-10,0.9981708441671536
NH,2022-01-17,1.0176194391695688
NH,2022-01-24,0.8772578942864105
NH,2022-01-31,0.8558672262740797
NH,2022-02-07,0.7788070836881498
NH,2022-02-14,0.7868837611896667
NH,2022-02-21,0.8989371847073574
NH,2022-02-28,0.9869912317204824
NH,2022-03-07,1.0558374467611178
NH,2022-03-14,1.0506617636967124
NH,2022-03-21,1.1051498416429075
NH,2022-03-28,1.5359989055460297
NH,2022-04-04,1.5450583558891828
NH,2022-04-11,1.3946853942458215
NH,2022-04-18,0.9883823763365932
NH,2022-04-25,0.8579554389531886
NH,2022-05-02,0.9080609005098216
NH,2022-05-09,0.8651004318279233
NH,2022-05-16,1.017436808699117
NH,2022-05-23,1.0022141346131934
NH,2022-05-30,0.9560582855987576
NH,2022-06-06,0.8346766522905197
NH,2022-06-13,0.8339703285120746
NH,2022-06-20,0.903063907105084
NH,2022-06-27,0.9459524042328908
NH,2022-07-04,0.9961726601741898
NH,2022-07-11,1.155138402756275
NH,2022-07-18,1.0139662948179895
NH,2022-07-25,1.031455683188334
NH,2022-08-01,0.9063449967853578
NH,2022-08-08,1.1064611766159278
NH,2022-08-15,1.001280723519143
NH,2022-08-22,0.9869570529639003
NH,2022-08-29,1.0500730969867993
NH,2022-09-05,1.110708611351641
NH,2022-09-12,1.140135598546178
NH,2022-09-19,1.0749785233571063
NH,2022-09-26,1.0568520059029411
NH,2022-10-03,1.1437289555514063
NH,2022-10-10,1.1572941724040344
NH,2022-10-17,1.1964351393559327
NH,2022-10-24,1.1291640861232757
NH,2022-10-31,1.1407401322191384
NH,2022-11-07,1.2312317684597025
NH,2022-11-14,1.139673101562316
NH,2022-11-21,1.053131999003231
NH,2022-11-28,1.1156261095068885
NH,2022-12-05,1.1619050956447272
NH,2022-12-12,1.208462758089967
NH,2022-12-19,1.058019498763548
NH,2022-12-26,1.004838157994258
NH,2023-01-02,0.917884403550296
NH,2023-01-09,0.8540320864402806
NH,2023-01-16,0.7399689050029291
NH,2023-01-23,0.7894778386175823
NH,2023-01-30,0.8732575964073814
NH,2023-02-06,0.9145785708509816
NH,2023-02-13,1.0017667018000884
NH,2023-02-20,1.1019860936115744
NH,2023-02-27,1.1656972792968638
NH,2023-03-06,1.0136144160393985
NH,2023-03-13,0.9685504780280454
NH,2023-03-20,0.8969989761381746
NH,2023-03-27,0.9570287852369866
NH,2023-04-03,0.9222823658276024
NH,2023-04-10,1.0827119626501216
NH,2023-04-17,1.046781029825604
NH,2023-04-24,0.8961014140634729
NH,2023-05-01,0.7985667302899359
NH,2023-05-08,1.006289043305147
NH,2023-05-15,1.0861458621615272
NH,2023-05-22,1.1464075020689954
NH,2023-05-29,0.8990217139326113
NH,2023-06-05,0.9228001182605512
NH,2023-06-12,0.8621769096541502
NH,2023-06-19,1.1382898809877025
NH,2023-06-26,1.0113808461967813
NH,2023-07-03,0.8934584703321536
NH,2023-07-10,1.006126529122903
NH,2023-07-17,1.0441890664633218
NH,2023-07-24,1.165349835066821
NH,2023-07-31,0.914631471455272
NH,2023-08-07,1.0545489471871916
NH,2023-08-14,1.2912326360749082
NH,2023-08-21,1.1210779529424484
NH,2023-08-28,1.1282211801333295
NH,2023-09-04,1.113760462907878
NH,2023-09-11,1.3267616722852356
NH,2023-09-18,1.1803820710213897
NH,2023-09-25,1.1580901804259207
NH,2023-10-02,1.0176981376098857
NH,2023-10-09,1.0276040564438331
NH,2023-10-16,0.9331989750485812
NH,2023-10-23,1.0249390748786684
NH,2023-10-30,1.0786218436565334
NH,2023-11-06,1.0854174046973115
NH,2023-11-13,1.096368292278501
NH,2023-11-20,1.1009476436156027
NH,2023-11-27,1.0912534860826428
NH,2023-12-04,1.1002920445300826
NH,2023-12-11,1.1606714260702544
NH,2023-12-18,1.2204140528914176
NH,2023-12-25,1.2789443784131624
NH,2024-01-01,1.2226531807917844
NH,2024-01-08,1.04847549431468
NH,2024-01-15,0.9212384059717534
NH,2024-01-22,0.881784459257568
NH,2024-01-29,0.9302658874416034
NH,2024-02-05,0.9964914727433116
NH,2024-02-12,1.0202142096768403
NH,2024-02-19,1.0335089062520657
NH,2024-02-26,0.9885316371749956
NH,2024-03-04,0.9949860435927887
NH,2024-03-11,0.9596991589262868
NH,2024-03-18,0.8957432268794395
NH,2024-03-25,0.8493253884016589
NH,2024-04-01,0.9222875933225207
NH,2024-04-08,0.9782284243018649
NH,2024-04-15,0.9688951967504116
NH,2024-04-22,0.91006485233326
NH,2024-04-29,0.9234930930922822
NH,2024-05-06,0.8918638519329335
NH,2024-05-13,0.9537228501959628
NH,2024-05-20,0.8985427271787609
NH,2024-05-27,0.9030113836108856
NH,2024-06-03,0.9569288418504408
NH,2024-06-10,0.9685942011293184
NH,2024-06-17,0.9794358341862226
NH,2024-06-24,0.8526557369256363
NH,2024-07-01,0.965403633365091
NH,2024-07-08,0.9905747310732032
NH,2024-07-15,1.0987575394997875
NH,2024-07-22,0.9892734551939116
NH,2024-07-29,1.0310759950220263
NH,2024-08-05,1.0660063358238316
NH,2024-08-12,1.0507018967859711
NH,2024-08-19,1.0327071337654572
NH,2024-08-26,1.0736591849964925
NH,2024-09-02,1.048959997418958
NH,2024-09-09,1.129343984365774
NH,2024-09-16,1.0333218514631026
NH,2024-09-23,1.0727148114246223
NH,2024-09-30,0.9789307612938762
NH,2024-10-07,1.0222858933046366
NH,2024-10-14,1.057443565105658
NH,2024-10-21,1.064465749537124
NH,2024-10-28,1.1016036996862373
NH,2024-11-04,1.037545831649566
NH,2024-11-11,0.995730694617526
NH,2024-11-18,1.0051061681237312
NH,2024-11-25,1.061717165530939
NH,2024-12-02,1.0823611910312148
NH,2024-12-09,1.0482113190002804
NH,2024-12-16,1.0662405491212203
NH,2024-12-23,1.193439417572754
NH,2024-12-30,1.4097437752824482
NH,2025-01-06,1.3255486679932031
NH,2025-01-13,1.1227101725508104
NH,2025-01-20,1.039799335165999
NH,2025-01-27,1.1759819899735815
NH,2025-02-03,1.2759717402469437
NH,2025-02-10,1.1795899664618716
NH,2025-02-17,1.0413081878855703
NH,2025-02-24,0.9203535310169524
NH,2025-03-03,0.8365176813105167
NH,2025-03-10,0.7722397801544606
NH,2025-03-17,0.798204565914031
NH,2025-03-24,0.8041419034695426
NH,2025-03-31,0.8289284099840428
NH,2025-04-07,0.8230884267901324
NH,2025-04-14,0.8721511499005465
NH,2025-04-21,0.9526057685720178
NH,2025-04-28,0.9945258887068614
NH,2025-05-05,0.9122395970287732
NH,2025-05-12,0.8324823212208635
NH,2025-05-19,0.8253755335585838
NH,2025-05-26,0.9531631307224008
NH,2025-06-02,1.047753261562132
NH,2025-06-09,0.95155389068183
NH,2025-06-16,0.8845253794547219
NH,2025-06-23,0.875337703228365
NH,2025-06-30,0.9349715041200024
NH,2025-07-07,0.9857647917921764
NH,2025-07-14,0.9538762050049798
NH,2025-07-21,0.976776953700655
NH,2025-07-28,0.9001776647066302
NH,2025-08-04,0.9551289981418056
NH,2025-08-11,1.0488499503251854
NH,2025-08-18,1.0944928678268588
NH,2025-08-25,1.1517677457211084
NH,2025-09-01,1.1342729554880682
NH,2025-09-08,1.0901462828884505
NH,2025-09-15,1.0817423244315851
NJ,2016-10-10,1.0
NJ,2016-10-17,0.855194724034774
NJ,2016-10-24,0.9274584730079408
NJ,2016-10-31,0.9414120750118704
NJ,2016-11-07,1.0428914406147058
NJ,2016-11-14,0.9968632737065444
NJ,2016-11-21,1.0181403632429311
NJ,2016-11-28,1.0780839550243593
NJ,2016-12-05,1.041936268320775
NJ,2016-12-12,1.043532061750505
NJ,2016-12-19,1.0509886624786915
NJ,2016-12-26,1.1519992625201347
NJ,2017-01-02,1.2377160963174845
NJ,2017-01-09,1.1006649100146824
NJ,2017-01-16,1.047221172164467
NJ,2017-01-23,1.0106651965034357
NJ,2017-01-30,1.0742822679485349
NJ,2017-02-06,1.1324186586806286
NJ,2017-02-13,1.0595590835040407
NJ,2017-02-20,0.9848679218957676
NJ,2017-02-27,0.9239049305031038
NJ,2017-03-06,0.8525388816819578
NJ,2017-03-13,0.9307211620083706
NJ,2017-03-20,0.8925466084946354
NJ,2017-03-27,0.9729934996630965
NJ,2017-04-03,1.014524731691727
NJ,2017-04-10,0.985299879674306
NJ,2017-04-17,0.9197902418272342
NJ,2017-04-24,0.7909511227030418
NJ,2017-05-01,0.8863425735378111
NJ,2017-05-08,0.9022684245657796
NJ,2017-05-15,1.019021986359928
NJ,2017-05-22,0.9692574695718011
NJ,2017-05-29,0.9641629489021564
NJ,2017-06-05,0.9852242214821826
NJ,2017-06-12,1.0149927782986428
NJ,2017-06-19,1.0267300350491173
NJ,2017-06-26,0.934459189445108
NJ,2017-07-03,0.9207716878946228
NJ,2017-07-10,0.945616757681352
NJ,2017-07-17,0.9325833703234624
NJ,2017-07-24,1.0051776213487968
NJ,2017-07-31,1.0107849506743083
NJ,2017-08-07,1.0193473157390955
NJ,2017-08-14,0.9523115432798894
NJ,2017-08-21,0.990141186069393
NJ,2017-08-28,1.0570636811906002
NJ,2017-09-04,1.0193253012734511
NJ,2017-09-11,1.0989765065659698
NJ,2017-09-18,1.0880409666501332
NJ,2017-09-25,1.1783876333499588
NJ,2017-10-02,1.1058660507254754
NJ,2017-10-09,1.0106704610001087
NJ,2017-10-16,1.0246186036702651
NJ,2017-10-23,1.012230524660998
NJ,2017-10-30,1.053116560081579
NJ,2017-11-06,1.053919067233689
NJ,2017-11-13,1.0349171985618089
NJ,2017-11-20,1.0558650395128346
NJ,2017-11-27,1.0592903011495336
NJ,2017-12-04,1.033912118953206
NJ,2017-12-11,1.0553205831987214
NJ,2017-12-18,1.0680707766346171
NJ,2017-12-25,1.153976347783059
NJ,2018-01-01,1.2515985838365586
NJ,2018-01-08,1.1508748436067155
NJ,2018-01-15,1.078107334257088
NJ,2018-01-22,1.1069822109719236
NJ,2018-01-29,1.18475511542492
NJ,2018-02-05,1.2401395240776492
NJ,2018-02-12,1.109919860932049
NJ,2018-02-19,1.0280662224808064
NJ,2018-02-26,0.8809739686454515
NJ,2018-03-05,0.7448876443327711
NJ,2018-03-12,0.7797581136460495
NJ,2018-03-19,0.8400671132355532
NJ,2018-03-26,0.9393662822007238
NJ,2018-04-02,0.9262704586329168
NJ,2018-04-09,0.9256565763031646
NJ,2018-04-16,0.914769427739174
NJ,2018-04-23,0.8792645703056835
NJ,2018-04-30,0.9448217712499494
NJ,2018-05-07,0.9261205993056923
NJ,2018-05-14,0.9797627451423632
NJ,2018-05-21,0.9308655771852382
NJ,2018-05-28,1.0450574539545268
NJ,2018-06-04,0.9643962417904384
NJ,2018-06-11,1.0287593620200792
NJ,2018-06-18,0.9628715975835338
NJ,2018-06-25,1.0030946036416155
NJ,2018-07-02,0.9013328040958796
NJ,2018-07-09,0.9881998907922556
NJ,2018-07-16,0.9431292640429372
NJ,2018-07-23,1.0072936530205527
NJ,2018-07-30,0.9289210580501124
NJ,2018-08-06,0.9944335279673884
NJ,2018-08-13,1.0218155293319735
NJ,2018-08-20,1.08020065207176
NJ,2018-08-27,1.1211995736005065
NJ,2018-09-03,1.050180624277473
NJ,2018-09-10,1.0729550857761792
NJ,2018-09-17,1.087091610226319
NJ,2018-09-24,1.1711794845437895
NJ,2018-10-01,1.1224009082549744
NJ,2018-10-08,1.085589667935281
NJ,2018-10-15,1.007553870456673
NJ,2018-10-22,0.9887106283480738
NJ,2018-10-29,1.0242332018756497
NJ,2018-11-05,1.0396690579766932
NJ,2018-11-12,1.0360902149417333
NJ,2018-11-19,1.0262333774072545
NJ,2018-11-26,1.0445758584968727
NJ,2018-12-03,1.0343817397794597
NJ,2018-12-10,1.026204375197246
NJ,2018-12-17,1.0620902435755712
NJ,2018-12-24,1.1430645740931342
NJ,2018-12-31,1.2206741478546574
NJ,2019-01-07,1.0903072793176307
NJ,2019-01-14,1.022409023945325
NJ,2019-01-21,0.9347012024228444
NJ,2019-01-28,1.0422324861076098
NJ,2019-02-04,1.080977139032984
NJ,2019-02-11,1.046219358843166
NJ,2019-02-18,1.0159051656573248
NJ,2019-02-25,1.0087568454168512
NJ,2019-03-04,0.9393728263810176
NJ,2019-03-11,0.9644611331228076
NJ,2019-03-18,0.9340132041093177
NJ,2019-03-25,0.9473630224616292
NJ,2019-04-01,0.8982374969766843
NJ,2019-04-08,0.8888501429558774
NJ,2019-04-15,0.9123660280870796
NJ,2019-04-22,0.8795993272439989
NJ,2019-04-29,0.9005783564641802
NJ,2019-05-06,0.9099430462967968
NJ,2019-05-13,0.9418730842740792
NJ,2019-05-20,0.996994963086113
NJ,2019-05-27,0.9750922426660464
NJ,2019-06-03,1.031009847355516
NJ,2019-06-10,0.9258670541415046
NJ,2019-06-17,0.9950980196653004
NJ,2019-06-24,0.916956942854657
NJ,2019-07-01,1.0100493251165297
NJ,2019-07-08,0.978072826851018
NJ,2019-07-15,0.9815710302572792
NJ,2019-07-22,0.9343521138756682
NJ,2019-07-29,0.925720024952329
NJ,2019-08-05,0.9920757683434148
NJ,2019-08-12,1.0177122376474503
NJ,2019-08-19,1.0628047532452265
NJ,2019-08-26,1.0583169461268829
NJ,2019-09-02,1.0120877365245686
NJ,2019-09-09,1.0083384922472565
NJ,2019-09-16,1.101914508997339
NJ,2019-09-23,1.12436751730494
NJ,2019-09-30,1.1220251989430163
NJ,2019-10-07,1.0155145771862677
NJ,2019-10-14,1.0036742476836762
NJ,2019-10-21,1.0745560654933377
NJ,2019-10-28,1.0589560263437003
NJ,2019-11-04,1.0826898247227283
NJ,2019-11-11,1.0173656975230028
NJ,2019-11-18,1.1243346288124123
NJ,2019-11-25,1.035633430065542
NJ,2019-12-02,1.1559963609167714
NJ,2019-12-09,1.0558583119191385
NJ,2019-12-16,1.1367940983374312
NJ,2019-12-23,1.0889615512873236
NJ,2019-12-30,1.3094084739572889
NJ,2020-01-06,1.211500088824478
NJ,2020-01-13,1.0774900001218328
NJ,2020-01-20,0.9468536557537142
NJ,2020-01-27,1.0391261028735086
NJ,2020-02-03,1.0915945337239263
NJ,2020-02-10,1.0512518128960355
NJ,2020-02-17,0.9496646711676032
NJ,2020-02-24,0.9249648645034128
NJ,2020-03-02,0.8805290154447355
NJ,2020-03-09,1.0447255383869245
NJ,2020-03-16,1.1414717197828623
NJ,2020-03-23,1.318446237202084
NJ,2020-03-30,1.2451234518139136
NJ,2020-04-06,1.094422128345013
NJ,2020-04-13,0.8738212233623084
NJ,2020-04-20,0.7208044249521842
NJ,2020-04-27,0.6854371893195992
NJ,2020-05-04,0.7529089023963063
NJ,2020-05-11,0.7546749453092066
NJ,2020-05-18,0.8792648935920147
NJ,2020-05-25,0.7854389643593951
NJ,2020-06-01,0.8748839992068133
NJ,2020-06-08,0.8248287900041251
NJ,2020-06-15,0.9430983575672828
NJ,2020-06-22,1.0215129142018278
NJ,2020-06-29,1.0557968505191762
NJ,2020-07-06,1.0806028953391356
NJ,2020-07-13,1.056940595251125
NJ,2020-07-20,1.055006772002964
NJ,2020-07-27,1.0111365205817675
NJ,2020-08-03,1.0653320065131997
NJ,2020-08-10,1.0521592138379112
NJ,2020-08-17,1.0534391473041185
NJ,2020-08-24,0.9537695877748856
NJ,2020-08-31,0.9714433015535544
NJ,2020-09-07,0.9625980779687744
NJ,2020-09-14,1.0463133326706724
NJ,2020-09-21,0.9771448545828358
NJ,2020-09-28,1.0244028544592343
NJ,2020-10-05,1.0360679127518413
NJ,2020-10-12,1.0747581508485256
NJ,2020-10-19,1.066790669146781
NJ,2020-10-26,1.0367513758075613
NJ,2020-11-02,1.041426293846098
NJ,2020-11-09,1.1642033510748062
NJ,2020-11-16,1.1183252929367538
NJ,2020-11-23,1.1336212507016226
NJ,2020-11-30,1.0324503788701254
NJ,2020-12-07,1.0120136565767617
NJ,2020-12-14,0.9518889300928294
NJ,2020-12-21,0.9146718511549996
NJ,2020-12-28,0.955591508001688
NJ,2021-01-04,0.981740415069384
NJ,2021-01-11,1.005166340233368
NJ,2021-01-18,0.932503719957239
NJ,2021-01-25,1.0181463195068752
NJ,2021-02-01,0.969996611789974
NJ,2021-02-08,0.9958205220105276
NJ,2021-02-15,0.8989504008132974
NJ,2021-02-22,0.9531490853317276
NJ,2021-03-01,0.933797045923518
NJ,2021-03-08,1.0183244205153048
NJ,2021-03-15,1.036871364813308
NJ,2021-03-22,1.0946377058642185
NJ,2021-03-29,1.0644922479603065
NJ,2021-04-05,1.0091437672567625
NJ,2021-04-12,0.9736036495846958
NJ,2021-04-19,0.9945741137727244
NJ,2021-04-26,0.9344008021770868
NJ,2021-05-03,0.99764282227654
NJ,2021-05-10,0.9679740162437408
NJ,2021-05-17,1.01581315283484
NJ,2021-05-24,0.9843749967646128
NJ,2021-05-31,1.0089911222094383
NJ,2021-06-07,1.0208564532114268
NJ,2021-06-14,0.99789538507707
NJ,2021-06-21,1.050493920565568
NJ,2021-06-28,1.0241861822817206
NJ,2021-07-05,1.0847879452146745
NJ,2021-07-12,0.990817602344354
NJ,2021-07-19,1.085421329771426
NJ,2021-07-26,1.04546225711525
NJ,2021-08-02,1.114363481914639
NJ,2021-08-09,1.0831197196346714
NJ,2021-08-16,1.1062370650348614
NJ,2021-08-23,1.0249509967004375
NJ,2021-08-30,1.0328298232894375
NJ,2021-09-06,0.9715318681186866
NJ,2021-09-13,1.0889449004019247
NJ,2021-09-20,1.0233982982924776
NJ,2021-09-27,1.095630443650079
NJ,2021-10-04,0.972295974850452
NJ,2021-10-11,1.0322203422710976
NJ,2021-10-18,0.95694930046705
NJ,2021-10-25,0.9333154836357432
NJ,2021-11-01,0.9551060531284284
NJ,2021-11-08,0.9878021422508684
NJ,2021-11-15,1.0974366893265777
NJ,2021-11-22,1.0374429331348212
NJ,2021-11-29,1.0763794338470671
NJ,2021-12-06,1.0400657179347517
NJ,2021-12-13,1.081512684553398
NJ,2021-12-20,1.130359460283607
NJ,2021-12-27,1.2415420313365524
NJ,2022-01-03,1.2604037854121175
NJ,2022-01-10,1.032855002247505
NJ,2022-01-17,0.7747590549144664
NJ,2022-01-24,0.6900271730684203
NJ,2022-01-31,0.8254077940394559
NJ,2022-02-07,0.85452672603322
NJ,2022-02-14,0.9286829724316612
NJ,2022-02-21,0.971139040501511
NJ,2022-02-28,1.037517362701236
NJ,2022-03-07,1.016429962724572
NJ,2022-03-14,1.0313852628868894
NJ,2022-03-21,1.0442978685276347
NJ,2022-03-28,1.0462713958143195
NJ,2022-04-04,1.0781647639932868
NJ,2022-04-11,1.0940279053621025
NJ,2022-04-18,1.0862526654237028
NJ,2022-04-25,1.0101289455179707
NJ,2022-05-02,0.989798831903922
NJ,2022-05-09,1.0718769542308966
NJ,2022-05-16,1.0939105220648788
NJ,2022-05-23,1.0634363311510733
NJ,2022-05-30,0.9456918832161688
NJ,2022-06-06,0.9856553245551792
NJ,2022-06-13,0.9626614605664198
NJ,2022-06-20,1.0033679346013251
NJ,2022-06-27,0.9760911604748912
NJ,2022-07-04,0.97111519316666
NJ,2022-07-11,0.9513211026087038
NJ,2022-07-18,0.947045934445136
NJ,2022-07-25,0.9942959160488096
NJ,2022-08-01,1.0483028949389586
NJ,2022-08-08,1.0073058580558083
NJ,2022-08-15,1.0088602933510489
NJ,2022-08-22,0.9217555843491348
NJ,2022-08-29,1.0015416804889783
NJ,2022-09-05,0.9890175674270516
NJ,2022-09-12,1.0509173263587213
NJ,2022-09-19,1.0882406361623382
NJ,2022-09-26,1.0767592246076718
NJ,2022-10-03,1.1361918199954566
NJ,2022-10-10,1.0384308477702804
NJ,2022-10-17,1.095107377743617
NJ,2022-10-24,1.090659178820527
NJ,2022-10-31,1.169628397284946
NJ,2022-11-07,1.2454809083026464
NJ,2022-11-14,1.1831180713877656
NJ,2022-11-21,1.0761380438181063
NJ,2022-11-28,1.0649615334180067
NJ,2022-12-05,1.095223805685108
NJ,2022-12-12,1.0718374034630394
NJ,2022-12-19,0.919963370871619
NJ,2022-12-26,0.8966828530899349
NJ,2023-01-02,0.8931729068223578
NJ,2023-01-09,0.8322644410499153
NJ,2023-01-16,0.7896899930501987
NJ,2023-01-23,0.8388258769448632
NJ,2023-01-30,0.9366678025614088
NJ,2023-02-06,0.9778353857531408
NJ,2023-02-13,1.0261111742231883
NJ,2023-02-20,1.0160204985142314
NJ,2023-02-27,0.9919348839658646
NJ,2023-03-06,0.9940182993657194
NJ,2023-03-13,0.9906170936081198
NJ,2023-03-20,1.024521919347117
NJ,2023-03-27,0.9897429860654654
NJ,2023-04-03,0.9847077157564068
NJ,2023-04-10,0.9509708447072438
NJ,2023-04-17,0.9379461930322632
NJ,2023-04-24,0.9110427931217512
NJ,2023-05-01,0.9472838818115628
NJ,2023-05-08,0.9747102481444544
NJ,2023-05-15,1.015210910318233
NJ,2023-05-22,1.0547852985644168
NJ,2023-05-29,0.9917669883320256
NJ,2023-06-05,1.0495603046740063
NJ,2023-06-12,0.9441270524003358
NJ,2023-06-19,1.0064548310740953
NJ,2023-06-26,0.889208018274417
NJ,2023-07-03,0.960372149639398
NJ,2023-07-10,0.931660864143546
NJ,2023-07-17,0.9581992195369232
NJ,2023-07-24,1.0125883819661898
NJ,2023-07-31,1.024491836407835
NJ,2023-08-07,1.060434720395688
NJ,2023-08-14,1.0123027172887442
NJ,2023-08-21,0.9870511896225788
NJ,2023-08-28,1.0759063816547214
NJ,2023-09-04,1.0487981037580976
NJ,2023-09-11,1.1649285420143107
NJ,2023-09-18,1.0532384531748509
NJ,2023-09-25,1.157025843619214
NJ,2023-10-02,1.086178712096765
NJ,2023-10-09,1.044710347340639
NJ,2023-10-16,1.0472242888133658
NJ,2023-10-23,0.995488618988749
NJ,2023-10-30,1.0461359200348388
NJ,2023-11-06,0.996882197565334
NJ,2023-11-13,1.113532433579325
NJ,2023-11-20,1.0454340103484534
NJ,2023-11-27,1.08513279071322
NJ,2023-12-04,1.034398232991431
NJ,2023-12-11,1.1037779568316055
NJ,2023-12-18,1.1294439511619767
NJ,2023-12-25,1.1523682188349076
NJ,2024-01-01,1.150726971735384
NJ,2024-01-08,1.0078920817700971
NJ,2024-01-15,0.9049240615587768
NJ,2024-01-22,0.8466118432747497
NJ,2024-01-29,0.9144271073545686
NJ,2024-02-05,1.0139640802582828
NJ,2024-02-12,1.0477316165501371
NJ,2024-02-19,1.004223859401158
NJ,2024-02-26,0.9919361742009036
NJ,2024-03-04,0.9887904723683768
NJ,2024-03-11,1.0242676448574384
NJ,2024-03-18,0.9321829297257904
NJ,2024-03-25,0.957041937988974
NJ,2024-04-01,0.9276267247613912
NJ,2024-04-08,0.9881988038218252
NJ,2024-04-15,0.8803639922826397
NJ,2024-04-22,0.911476712825971
NJ,2024-04-29,0.9012916328816236
NJ,2024-05-06,0.9789776385355304
NJ,2024-05-13,0.9710112849437642
NJ,2024-05-20,0.990234865428954
NJ,2024-05-27,0.9867886809080276
NJ,2024-06-03,0.977785480604378
NJ,2024-06-10,0.9571612116088356
NJ,2024-06-17,0.9979180378132404
NJ,2024-06-24,0.97712129381724
NJ,2024-07-01,0.998178997737366
NJ,2024-07-08,0.9400596613421064
NJ,2024-07-15,1.0337438681308784
NJ,2024-07-22,0.9812054543670858
NJ,2024-07-29,1.072523760729989
NJ,2024-08-05,1.0142414180029509
NJ,2024-08-12,1.0556104447009236
NJ,2024-08-19,0.9922636102235796
NJ,2024-08-26,1.0278843382814862
NJ,2024-09-02,0.9941999277233026
NJ,2024-09-09,1.0115652983494656
NJ,2024-09-16,1.1018874314637177
NJ,2024-09-23,1.1096110895929423
NJ,2024-09-30,1.0876363967923106
NJ,2024-10-07,0.9904037507042224
NJ,2024-10-14,1.0260118171711776
NJ,2024-10-21,1.04703380262087
NJ,2024-10-28,1.0874424176978192
NJ,2024-11-04,1.0034140940364047
NJ,2024-11-11,0.986522985285388
NJ,2024-11-18,0.9819248894074089
NJ,2024-11-25,1.0551947355480047
NJ,2024-12-02,1.051780538328023
NJ,2024-12-09,1.0747291310045373
NJ,2024-12-16,1.0584008682975217
NJ,2024-12-23,1.1334268644754244
NJ,2024-12-30,1.2078741251593224
NJ,2025-01-06,1.1438445380716655
NJ,2025-01-13,1.0288757917369604
NJ,2025-01-20,1.044329685037801
NJ,2025-01-27,1.0755682917244749
NJ,2025-02-03,1.1227357909290212
NJ,2025-02-10,1.0150441235637842
NJ,2025-02-17,0.9454639381496904
NJ,2025-02-24,0.8841900073954924
NJ,2025-03-03,0.8603357874887526
NJ,2025-03-10,0.893478742031176
NJ,2025-03-17,0.9043393885700416
NJ,2025-03-24,0.8854986939529024
NJ,2025-03-31,0.922681064569619
NJ,2025-04-07,0.9083153879122812
NJ,2025-04-14,0.9707315502351002
NJ,2025-04-21,0.926536521381456
NJ,2025-04-28,0.9467195265446172
NJ,2025-05-05,0.9092220396631734
NJ,2025-05-12,0.94405477097528
NJ,2025-05-19,0.953170764585708
NJ,2025-05-26,1.0043823694910234
NJ,2025-06-02,1.0411770312664286
NJ,2025-06-09,0.9851335479898848
NJ,2025-06-16,0.9654154421284816
NJ,2025-06-23,0.9327533494784618
NJ,2025-06-30,0.9768933590996886
NJ,2025-07-07,0.9821340644240084
NJ,2025-07-14,0.9553391389718195
NJ,2025-07-21,0.9796513293564608
NJ,2025-07-28,0.9375575585825277
NJ,2025-08-04,1.0024183923741767
NJ,2025-08-11,1.0513772694458443
NJ,2025-08-18,1.0478586095360534
NJ,2025-08-25,1.1055107920251568
NJ,2025-09-01,1.0071639844268807
NJ,2025-09-08,1.053281232860748
NJ,2025-09-15,1.052429312647444
NM,2016-10-10,1.0
NM,2016-10-17,0.9810877769133696
NM,2016-10-24,0.9764269118927
NM,2016-10-31,1.0174012628481868
NM,2016-11-07,1.07987826538915
NM,2016-11-14,1.0800214990359875
NM,2016-11-21,1.0307184731422674
NM,2016-11-28,1.0193622384122825
NM,2016-12-05,1.031623693332389
NM,2016-12-12,1.033712409474366
NM,2016-12-19,1.0494124229132542
NM,2016-12-26,1.1232028432631167
NM,2017-01-02,1.1340003049221388
NM,2017-01-09,1.0981121576868518
NM,2017-01-16,1.0194221776334818
NM,2017-01-23,1.0612345998538837
NM,2017-01-30,1.0898114431318924
NM,2017-02-06,1.1735927871845335
NM,2017-02-13,1.174729166650629
NM,2017-02-20,1.144883100955964
NM,2017-02-27,1.0339589332307326
NM,2017-03-06,0.9195531030226786
NM,2017-03-13,0.8991982524056394
NM,2017-03-20,0.9011275270138828
NM,2017-03-27,0.9027746910870352
NM,2017-04-03,0.8910148403764679
NM,2017-04-10,0.859350192237548
NM,2017-04-17,0.908842736866841
NM,2017-04-24,0.9055260466400916
NM,2017-05-01,0.9075816158562628
NM,2017-05-08,0.949544470325524
NM,2017-05-15,0.9587604346221348
NM,2017-05-22,0.9830540688630344
NM,2017-05-29,0.8957331584590205
NM,2017-06-05,1.0066543814835016
NM,2017-06-12,0.9595970252795932
NM,2017-06-19,1.0436136046228826
NM,2017-06-26,0.9615313191880664
NM,2017-07-03,0.9802686557607956
NM,2017-07-10,0.9382394314389564
NM,2017-07-17,0.9436769384012642
NM,2017-07-24,0.9993191855145508
NM,2017-07-31,1.0120720603632527
NM,2017-08-07,1.0507351850022748
NM,2017-08-14,1.0111974104136003
NM,2017-08-21,1.0406779080704724
NM,2017-08-28,1.058067666305573
NM,2017-09-04,1.2029077524286125
NM,2017-09-11,1.0785464688968536
NM,2017-09-18,1.05514927865663
NM,2017-09-25,0.9345800143771532
NM,2017-10-02,0.98270222453676
NM,2017-10-09,0.901086969449283
NM,2017-10-16,0.9428456692291248
NM,2017-10-23,0.9915015096710356
NM,2017-10-30,1.0349557994271334
NM,2017-11-06,1.0844737249096226
NM,2017-11-13,1.0928041645239852
NM,2017-11-20,1.1073071830772632
NM,2017-11-27,1.0859485216574412
NM,2017-12-04,1.0048995363976327
NM,2017-12-11,1.0707997648148102
NM,2017-12-18,1.127368679113902
NM,2017-12-25,1.273327320672275
NM,2018-01-01,1.304840909129265
NM,2018-01-08,1.2160418785740117
NM,2018-01-15,1.1150797499666756
NM,2018-01-22,1.0645765591916825
NM,2018-01-29,1.0947583990086514
NM,2018-02-05,1.1894395781466989
NM,2018-02-12,1.1082477749924815
NM,2018-02-19,1.0133747158125266
NM,2018-02-26,0.8470775587506975
NM,2018-03-05,0.8246639753129522
NM,2018-03-12,0.8075339216270604
NM,2018-03-19,0.8490830571894002
NM,2018-03-26,0.871612357725904
NM,2018-04-02,0.8806195516256835
NM,2018-04-09,0.8676866652485882
NM,2018-04-16,0.856838312110012
NM,2018-04-23,0.9151951056712964
NM,2018-04-30,0.9293630112063
NM,2018-05-07,0.9637198736666132
NM,2018-05-14,0.9906038944845011
NM,2018-05-21,0.9629644055784542
NM,2018-05-28,0.983942526246624
NM,2018-06-04,1.001892925195122
NM,2018-06-11,1.0051610236704065
NM,2018-06-18,0.9612999700392764
NM,2018-06-25,0.9086819681713872
NM,2018-07-02,0.929439307938714
NM,2018-07-09,1.005654582847678
NM,2018-07-16,0.980623764407764
NM,2018-07-23,0.9530577447618984
NM,2018-07-30,0.9498502922517292
NM,2018-08-06,0.996548772171372
NM,2018-08-13,1.068082064430134
NM,2018-08-20,1.089571941243978
NM,2018-08-27,1.039641109655831
NM,2018-09-03,1.07745465801114
NM,2018-09-10,1.0859533437576443
NM,2018-09-17,1.108552099775711
NM,2018-09-24,1.026257667382456
NM,2018-10-01,0.972157522373317
NM,2018-10-08,0.965996153787404
NM,2018-10-15,0.9446278010493636
NM,2018-10-22,0.9843025021888564
NM,2018-10-29,1.034285691928913
NM,2018-11-05,1.0796349802404566
NM,2018-11-12,1.0534926034642649
NM,2018-11-19,1.0531319924280014
NM,2018-11-26,1.0237573273265324
NM,2018-12-03,1.0290937767971151
NM,2018-12-10,1.0308860135286348
NM,2018-12-17,1.1131937063066908
NM,2018-12-24,1.2734304641517993
NM,2018-12-31,1.3912932597527377
NM,2019-01-07,1.2429141943891169
NM,2019-01-14,1.0485986103598903
NM,2019-01-21,0.9211269148599324
NM,2019-01-28,0.9986673446798664
NM,2019-02-04,1.0553961647984746
NM,2019-02-11,1.0633023220226685
NM,2019-02-18,1.0917945492642305
NM,2019-02-25,1.0844589680948482
NM,2019-03-04,1.0551011843870357
NM,2019-03-11,0.965720270335171
NM,2019-03-18,0.945662161010556
NM,2019-03-25,0.873142713917759
NM,2019-04-01,0.8472044467003206
NM,2019-04-08,0.8169470002936593
NM,2019-04-15,0.8664414732423374
NM,2019-04-22,0.8952849721121837
NM,2019-04-29,0.898937445731122
NM,2019-05-06,0.9030010865048934
NM,2019-05-13,0.8820240089347744
NM,2019-05-20,0.9521902782884796
NM,2019-05-27,0.9390956078885138
NM,2019-06-03,0.9892306091575084
NM,2019-06-10,0.9231200130615232
NM,2019-06-17,0.9368475791677192
NM,2019-06-24,0.8940264576874295
NM,2019-07-01,0.9025305145409552
NM,2019-07-08,0.9395720714389508
NM,2019-07-15,0.963497601781236
NM,2019-07-22,0.9995676629938448
NM,2019-07-29,0.9821274131826812
NM,2019-08-05,0.989613794171522
NM,2019-08-12,0.9914679911278528
NM,2019-08-19,1.0306505482529138
NM,2019-08-26,1.0723172739799247
NM,2019-09-02,1.155893141462005
NM,2019-09-09,1.1326086758396008
NM,2019-09-16,1.03679391293125
NM,2019-09-23,1.0097838542705
NM,2019-09-30,0.99271295546371
NM,2019-10-07,1.0526788743965547
NM,2019-10-14,1.0587603184257854
NM,2019-10-21,1.0874538254653976
NM,2019-10-28,1.0898532673082992
NM,2019-11-04,1.0944862749992397
NM,2019-11-11,1.0846040018599827
NM,2019-11-18,1.1192678050234968
NM,2019-11-25,1.1475921113954537
NM,2019-12-02,1.1620098658281937
NM,2019-12-09,1.1092443836426678
NM,2019-12-16,1.1300855609943388
NM,2019-12-23,1.2003553384812498
NM,2019-12-30,1.374322763037556
NM,2020-01-06,1.2716627373845826
NM,2020-01-13,1.0923039005247783
NM,2020-01-20,0.9279757708353435
NM,2020-01-27,0.9606421511237868
NM,2020-02-03,1.0248119648666685
NM,2020-02-10,0.9907114624055686
NM,2020-02-17,0.9528551373636116
NM,2020-02-24,0.9039329603126042
NM,2020-03-02,0.9075784602539556
NM,2020-03-09,0.9278119672366394
NM,2020-03-16,1.014844301486247
NM,2020-03-23,1.0416547209442897
NM,2020-03-30,0.9825870640366846
NM,2020-04-06,0.8590946213966145
NM,2020-04-13,0.7638489662138589
NM,2020-04-20,0.7905705236053505
NM,2020-04-27,0.8130241081402114
NM,2020-05-04,0.852585916870816
NM,2020-05-11,0.8739053914007399
NM,2020-05-18,0.8970118376275408
NM,2020-05-25,0.9086126484709444
NM,2020-06-01,0.9054176748397657
NM,2020-06-08,0.8521781368960953
NM,2020-06-15,0.9518573912489028
NM,2020-06-22,0.9461976138421252
NM,2020-06-29,1.0653544169654698
NM,2020-07-06,1.0840443389126553
NM,2020-07-13,1.1289532375584002
NM,2020-07-20,1.0550704763502514
NM,2020-07-27,0.9949758105199488
NM,2020-08-03,0.9834929321695544
NM,2020-08-10,0.972494358574994
NM,2020-08-17,0.9695667366837692
NM,2020-08-24,1.001192510846407
NM,2020-08-31,1.011795238332977
NM,2020-09-07,1.0288519780554202
NM,2020-09-14,1.0002663309820796
NM,2020-09-21,1.0038754880489218
NM,2020-09-28,1.0316606518341882
NM,2020-10-05,1.0633794735201791
NM,2020-10-12,1.0705122906539717
NM,2020-10-19,1.112404103198773
NM,2020-10-26,1.0741719852742233
NM,2020-11-02,1.102393394089222
NM,2020-11-09,1.039649969499771
NM,2020-11-16,1.064721935942388
NM,2020-11-23,1.0528321896969437
NM,2020-11-30,1.0023459255194147
NM,2020-12-07,1.024794651360766
NM,2020-12-14,0.9277001529939906
NM,2020-12-21,0.9363577554137548
NM,2020-12-28,0.9265483845280656
NM,2021-01-04,0.9974710356298588
NM,2021-01-11,0.9948297550791106
NM,2021-01-18,0.9571073782118672
NM,2021-01-25,0.9598933677492432
NM,2021-02-01,0.9505665927789542
NM,2021-02-08,0.9292885314318076
NM,2021-02-15,0.9217395579280396
NM,2021-02-22,0.94055475712714
NM,2021-03-01,1.0084314844012767
NM,2021-03-08,0.9512016577837096
NM,2021-03-15,1.0205268979481907
NM,2021-03-22,1.030902530311213
NM,2021-03-29,1.04103720317233
NM,2021-04-05,1.0141624136826963
NM,2021-04-12,1.0151084496126728
NM,2021-04-19,1.032362906142514
NM,2021-04-26,1.0188845543721283
NM,2021-05-03,1.0716467680626305
NM,2021-05-10,1.0331353658677838
NM,2021-05-17,1.0234392199636624
NM,2021-05-24,0.9500336364271836
NM,2021-05-31,1.009301626360552
NM,2021-06-07,1.0377704131645071
NM,2021-06-14,1.0292148137545702
NM,2021-06-21,1.020307626013469
NM,2021-06-28,0.952768164286262
NM,2021-07-05,0.9995208547315914
NM,2021-07-12,1.0282729612996104
NM,2021-07-19,1.0475355604744188
NM,2021-07-26,1.1077612881624943
NM,2021-08-02,1.1161311246680263
NM,2021-08-09,1.1197180764104528
NM,2021-08-16,1.1112314619907493
NM,2021-08-23,1.137180910749082
NM,2021-08-30,1.1369767532828217
NM,2021-09-06,1.0683817490633616
NM,2021-09-13,0.985123544652181
NM,2021-09-20,0.9143461367528954
NM,2021-09-27,0.9376766258229852
NM,2021-10-04,0.9544626049239694
NM,2021-10-11,1.0088849453720556
NM,2021-10-18,1.0260244714086215
NM,2021-10-25,1.040826485382084
NM,2021-11-01,1.039178993054022
NM,2021-11-08,1.053351826570373
NM,2021-11-15,1.081647700004588
NM,2021-11-22,1.054040349204575
NM,2021-11-29,1.0436899889792683
NM,2021-12-06,1.0595505640615657
NM,2021-12-13,1.0190439201512933
NM,2021-12-20,1.0248937685805912
NM,2021-12-27,1.0483169576105265
NM,2022-01-03,1.1503130359409544
NM,2022-01-10,1.1601368729320776
NM,2022-01-17,1.0822993702086965
NM,2022-01-24,0.9446161106989956
NM,2022-01-31,0.8531794138363991
NM,2022-02-07,0.7645734663800517
NM,2022-02-14,0.7736335451195313
NM,2022-02-21,0.8256214859414558
NM,2022-02-28,0.918236472736716
NM,2022-03-07,1.0193978377767752
NM,2022-03-14,1.0575044508847378
NM,2022-03-21,1.1139769245772726
NM,2022-03-28,1.1037201629674147
NM,2022-04-04,1.0976615702383776
NM,2022-04-11,1.0846060340837331
NM,2022-04-18,1.0841881713848012
NM,2022-04-25,1.1172822852135864
NM,2022-05-02,1.0766828813162974
NM,2022-05-09,1.0370294334145336
NM,2022-05-16,0.967446202584084
NM,2022-05-23,0.9572859914956884
NM,2022-05-30,0.9586650943809368
NM,2022-06-06,0.9597357807900396
NM,2022-06-13,0.936812765194192
NM,2022-06-20,0.9006718971393721
NM,2022-06-27,0.915183910482078
NM,2022-07-04,0.962081894573428
NM,2022-07-11,0.9918516535475526
NM,2022-07-18,1.0299166854976798
NM,2022-07-25,0.986124105782388
NM,2022-08-01,0.997916149509476
NM,2022-08-08,0.9301605345946754
NM,2022-08-15,0.9715454031537404
NM,2022-08-22,1.0486316310154264
NM,2022-08-29,1.1279591576869723
NM,2022-09-05,1.089502001084126
NM,2022-09-12,0.9958115375788354
NM,2022-09-19,0.9228231566504416
NM,2022-09-26,0.939368641565957
NM,2022-10-03,0.9958665608032584
NM,2022-10-10,1.065097575830143
NM,2022-10-17,1.0525046733076764
NM,2022-10-24,1.086179582271875
NM,2022-10-31,1.1832541670784955
NM,2022-11-07,1.2771502776998964
NM,2022-11-14,1.2554249772175212
NM,2022-11-21,1.174107451888053
NM,2022-11-28,1.2009796835595508
NM,2022-12-05,1.203311707057428
NM,2022-12-12,1.1947910739232916
NM,2022-12-19,1.043936167405333
NM,2022-12-26,0.9948412682105195
NM,2023-01-02,0.9036858292276256
NM,2023-01-09,0.801337042656344
NM,2023-01-16,0.6990498452994506
NM,2023-01-23,0.7241542092297512
NM,2023-01-30,0.8294303808462021
NM,2023-02-06,0.9604403496778284
NM,2023-02-13,1.0054683877955726
NM,2023-02-20,1.0008576371604891
NM,2023-02-27,0.9841761544041676
NM,2023-03-06,1.0031293047336023
NM,2023-03-13,0.9921896712692004
NM,2023-03-20,0.9876908334157783
NM,2023-03-27,0.9540353761994744
NM,2023-04-03,0.9693482218218358
NM,2023-04-10,0.9597840628843604
NM,2023-04-17,0.9629487690243516
NM,2023-04-24,0.9327702496501784
NM,2023-05-01,0.9870631003583036
NM,2023-05-08,1.0019367399161754
NM,2023-05-15,0.9909607164674828
NM,2023-05-22,0.9726854878166086
NM,2023-05-29,0.9692268693185758
NM,2023-06-05,0.980269051643924
NM,2023-06-12,0.9341864509080284
NM,2023-06-19,0.9268826048376708
NM,2023-06-26,0.9116274880790176
NM,2023-07-03,0.9013439327973852
NM,2023-07-10,0.9235567512485252
NM,2023-07-17,0.9289987301480168
NM,2023-07-24,1.0086516876095215
NM,2023-07-31,0.9983376741854948
NM,2023-08-07,1.0243374181038836
NM,2023-08-14,1.0749024446123625
NM,2023-08-21,1.1407343969320924
NM,2023-08-28,1.1931806597005117
NM,2023-09-04,1.1342299615530798
NM,2023-09-11,1.0886816884492403
NM,2023-09-18,1.0179204041150702
NM,2023-09-25,1.0447064501249144
NM,2023-10-02,1.0217347966540835
NM,2023-10-09,1.0456824656907573
NM,2023-10-16,1.014775714067337
NM,2023-10-23,1.0608001433121297
NM,2023-10-30,1.0523645806395032
NM,2023-11-06,1.101943024993179
NM,2023-11-13,1.084499285717908
NM,2023-11-20,1.0675931099040414
NM,2023-11-27,1.040780585963205
NM,2023-12-04,1.0745844503170894
NM,2023-12-11,1.1225162082405025
NM,2023-12-18,1.1688908773477966
NM,2023-12-25,1.2221775742043333
NM,2024-01-01,1.1992679171194425
NM,2024-01-08,1.0664922775677883
NM,2024-01-15,0.8998981587579353
NM,2024-01-22,0.8325239621585515
NM,2024-01-29,0.9115507558233272
NM,2024-02-05,1.0016073538779589
NM,2024-02-12,1.0499257170456768
NM,2024-02-19,1.001473554866945
NM,2024-02-26,0.9752265723765784
NM,2024-03-04,0.9753157460115408
NM,2024-03-11,0.9553290996875644
NM,2024-03-18,0.9517343104458345
NM,2024-03-25,0.931620047831333
NM,2024-04-01,0.9353253233247348
NM,2024-04-08,0.9092088084208148
NM,2024-04-15,0.9209715171515764
NM,2024-04-22,0.9046283652390896
NM,2024-04-29,0.9315634791746624
NM,2024-05-06,0.9433896482821204
NM,2024-05-13,0.9609435091324636
NM,2024-05-20,0.9638691864163728
NM,2024-05-27,0.9691745015731024
NM,2024-06-03,0.9843028045060424
NM,2024-06-10,0.9390295741386904
NM,2024-06-17,0.9233645552002604
NM,2024-06-24,0.919736657047072
NM,2024-07-01,0.9554779102190016
NM,2024-07-08,0.953571911856606
NM,2024-07-15,0.98600630890916
NM,2024-07-22,0.9718901412216112
NM,2024-07-29,0.9535927811171436
NM,2024-08-05,0.9624194366253124
NM,2024-08-12,1.0105972489517896
NM,2024-08-19,1.0824347854878384
NM,2024-08-26,1.0964715571784325
NM,2024-09-02,1.0718680276223926
NM,2024-09-09,1.0431992674173394
NM,2024-09-16,1.007695663134098
NM,2024-09-23,0.978481501365012
NM,2024-09-30,0.965351162126225
NM,2024-10-07,0.976593938010454
NM,2024-10-14,0.9929614023679778
NM,2024-10-21,1.0360548261844862
NM,2024-10-28,1.0356029775654556
NM,2024-11-04,1.0624029250934504
NM,2024-11-11,1.048429340486279
NM,2024-11-18,1.0611544041532628
NM,2024-11-25,1.0626270940480456
NM,2024-12-02,1.1201493011016244
NM,2024-12-09,1.0877730021718186
NM,2024-12-16,1.1215067407851225
NM,2024-12-23,1.1933935115008396
NM,2024-12-30,1.3724530034799418
NM,2025-01-06,1.3198944000343906
NM,2025-01-13,1.0627576754026289
NM,2025-01-20,0.9031917608232066
NM,2025-01-27,0.9479461878299096
NM,2025-02-03,1.0814468202976653
NM,2025-02-10,1.0694011506489012
NM,2025-02-17,1.0258020361032998
NM,2025-02-24,0.9413952926214236
NM,2025-03-03,0.918193382106646
NM,2025-03-10,0.8980214282328153
NM,2025-03-17,0.8799160174560188
NM,2025-03-24,0.8521108840034733
NM,2025-03-31,0.853173338066272
NM,2025-04-07,0.8947285989744385
NM,2025-04-14,0.894879314838568
NM,2025-04-21,0.9152910346937252
NM,2025-04-28,0.926912880123932
NM,2025-05-05,0.955608249326066
NM,2025-05-12,0.946337325556029
NM,2025-05-19,0.934704402522395
NM,2025-05-26,0.9518215276644024
NM,2025-06-02,0.9737956517810524
NM,2025-06-09,0.935273595250724
NM,2025-06-16,0.8886193988884693
NM,2025-06-23,0.8738498076696696
NM,2025-06-30,0.9132148588809876
NM,2025-07-07,0.957843384796465
NM,2025-07-14,0.9117838460483402
NM,2025-07-21,0.9623086177042428
NM,2025-07-28,0.9939279860922232
NM,2025-08-04,1.0339180987324594
NM,2025-08-11,1.058380767873958
NM,2025-08-18,1.1044298920959523
NM,2025-08-25,1.1583684707640935
NM,2025-09-01,1.144748342002073
NM,2025-09-08,1.0462078844545115
NM,2025-09-15,0.992859637765498
NV,2016-10-10,1.0
NV,2016-10-17,1.038140177253813
NV,2016-10-24,1.0291021785843215
NV,2016-10-31,1.056906867214547
NV,2016-11-07,1.0851209464080416
NV,2016-11-14,1.124178765616193
NV,2016-11-21,1.0730358208370918
NV,2016-11-28,1.0723207004835122
NV,2016-12-05,1.052001682834228
NV,2016-12-12,1.1490176649234842
NV,2016-12-19,1.0728676472750656
NV,2016-12-26,1.0954478659677918
NV,2017-01-02,1.0956256971859766
NV,2017-01-09,1.0910338891426454
NV,2017-01-16,1.023175160825384
NV,2017-01-23,0.9622974226451736
NV,2017-01-30,1.0128470328129129
NV,2017-02-06,1.0876923821110174
NV,2017-02-13,1.1079518354354911
NV,2017-02-20,1.054479517394543
NV,2017-02-27,0.9741389222403306
NV,2017-03-06,0.901441489294375
NV,2017-03-13,0.9146555357656688
NV,2017-03-20,0.9252984906471734
NV,2017-03-27,0.9535256301069784
NV,2017-04-03,0.9269129892781236
NV,2017-04-10,0.9147183149038206
NV,2017-04-17,0.8653185457486771
NV,2017-04-24,0.8889631512742542
NV,2017-05-01,0.8742903382463721
NV,2017-05-08,0.9882670378215882
NV,2017-05-15,0.975894528454748
NV,2017-05-22,0.889133281458784
NV,2017-05-29,0.9696902644514048
NV,2017-06-05,1.0443151423382873
NV,2017-06-12,1.1023559278982646
NV,2017-06-19,0.9643687962032252
NV,2017-06-26,0.9026301706983736
NV,2017-07-03,0.9084254866310314
NV,2017-07-10,0.957896837294704
NV,2017-07-17,0.9185963130406384
NV,2017-07-24,0.9494353384422124
NV,2017-07-31,0.8505057477241894
NV,2017-08-07,1.070389137912387
NV,2017-08-14,1.1402619214781635
NV,2017-08-21,1.184689138390976
NV,2017-08-28,1.030013933782797
NV,2017-09-04,1.116826203543962
NV,2017-09-11,1.1534632328315737
NV,2017-09-18,1.1064775026442464
NV,2017-09-25,0.9999577352085662
NV,2017-10-02,1.0163052493895173
NV,2017-10-09,1.0837203784162428
NV,2017-10-16,1.0945505078091475
NV,2017-10-23,1.0788624075680515
NV,2017-10-30,1.0195503134403705
NV,2017-11-06,1.0643413941253652
NV,2017-11-13,1.0856452638263523
NV,2017-11-20,1.090977628098625
NV,2017-11-27,1.0836482265265197
NV,2017-12-04,1.039968868713477
NV,2017-12-11,1.0986615846998549
NV,2017-12-18,1.1715039868834838
NV,2017-12-25,1.2842638400072004
NV,2018-01-01,1.3309792640059586
NV,2018-01-08,1.1747571150554197
NV,2018-01-15,1.0509023069698842
NV,2018-01-22,0.955972990528161
NV,2018-01-29,0.9890075770681322
NV,2018-02-05,1.051177378733252
NV,2018-02-12,1.0654818133055344
NV,2018-02-19,0.9912318572400592
NV,2018-02-26,0.9004935014341674
NV,2018-03-05,0.8254106995039615
NV,2018-03-12,0.8045753181524532
NV,2018-03-19,0.8479271702334434
NV,2018-03-26,0.8759660525771792
NV,2018-04-02,0.911480598428584
NV,2018-04-09,0.8739869847588113
NV,2018-04-16,0.9054330050382734
NV,2018-04-23,0.8882037243059547
NV,2018-04-30,0.9348392700976648
NV,2018-05-07,0.9575501562851444
NV,2018-05-14,0.9569541724611496
NV,2018-05-21,0.9046220716352824
NV,2018-05-28,0.9268597419031664
NV,2018-06-04,0.9987333387065568
NV,2018-06-11,1.0203048656037466
NV,2018-06-18,0.9717554697135056
NV,2018-06-25,0.911235740050686
NV,2018-07-02,0.8570626573998801
NV,2018-07-09,0.9427611930783734
NV,2018-07-16,0.968462141043496
NV,2018-07-23,1.0727075335035148
NV,2018-07-30,1.0029059758457772
NV,2018-08-06,0.9595195725267228
NV,2018-08-13,0.9397539015150126
NV,2018-08-20,1.004240608421865
NV,2018-08-27,1.113011070363666
NV,2018-09-03,1.1382672379534344
NV,2018-09-10,1.1719118681874705
NV,2018-09-17,1.099126505505937
NV,2018-09-24,1.0771712879532482
NV,2018-10-01,1.0052803237825174
NV,2018-10-08,1.0230888632811526
NV,2018-10-15,1.0545587919064792
NV,2018-10-22,1.0515161869747665
NV,2018-10-29,1.0526058243745426
NV,2018-11-05,1.0117631933422984
NV,2018-11-12,1.032533374442425
NV,2018-11-19,1.0453845549070844
NV,2018-11-26,1.12174244045862
NV,2018-12-03,1.1164352345376365
NV,2018-12-10,1.083731380535904
NV,2018-12-17,1.0612317032351115
NV,2018-12-24,1.240620859224038
NV,2018-12-31,1.3278087803078968
NV,2019-01-07,1.1799897033974802
NV,2019-01-14,1.0172960168574812
NV,2019-01-21,0.9213493359072626
NV,2019-01-28,1.0111483614767398
NV,2019-02-04,1.034982489398871
NV,2019-02-11,1.0547996418144403
NV,2019-02-18,1.049450587433271
NV,2019-02-25,1.1133231549281335
NV,2019-03-04,1.0524076377704792
NV,2019-03-11,1.006157615608674
NV,2019-03-18,0.914338504977824
NV,2019-03-25,0.902929727522821
NV,2019-04-01,0.895647387249421
NV,2019-04-08,0.8635366414489191
NV,2019-04-15,0.8470836840694109
NV,2019-04-22,0.8421418775229245
NV,2019-04-29,0.8762176908065392
NV,2019-05-06,0.9272779186210962
NV,2019-05-13,0.920787755823096
NV,2019-05-20,0.9361884866176672
NV,2019-05-27,0.9768969173533888
NV,2019-06-03,0.9962531666420084
NV,2019-06-10,0.9942927904153616
NV,2019-06-17,0.9482806180018732
NV,2019-06-24,0.924055533443616
NV,2019-07-01,0.9211765589284614
NV,2019-07-08,0.9022856521345444
NV,2019-07-15,0.9145933183565028
NV,2019-07-22,0.9646208046498626
NV,2019-07-29,0.9668856209237044
NV,2019-08-05,0.9790192009981584
NV,2019-08-12,0.9616364428010892
NV,2019-08-19,1.01581823918531
NV,2019-08-26,1.0195772691264773
NV,2019-09-02,1.0771678416580386
NV,2019-09-09,1.150471798247149
NV,2019-09-16,1.1322472616561263
NV,2019-09-23,1.0492743010836758
NV,2019-09-30,1.1043365599617667
NV,2019-10-07,1.1677811449657398
NV,2019-10-14,1.1372326251777918
NV,2019-10-21,1.0723611828212942
NV,2019-10-28,1.0870237724929923
NV,2019-11-04,1.1338464314716872
NV,2019-11-11,1.15788204895401
NV,2019-11-18,1.2402767928623033
NV,2019-11-25,1.1865363075315014
NV,2019-12-02,1.132053273072499
NV,2019-12-09,0.9812215397305832
NV,2019-12-16,0.990426094803887
NV,2019-12-23,0.9878316348414063
NV,2019-12-30,1.1119111184528163
NV,2020-01-06,1.0568330527538343
NV,2020-01-13,0.9684162014027397
NV,2020-01-20,0.8972557624445144
NV,2020-01-27,1.031171879826354
NV,2020-02-03,1.1045460150297686
NV,2020-02-10,1.1060040287470838
NV,2020-02-17,1.0271269549137696
NV,2020-02-24,0.9650978780705128
NV,2020-03-02,0.9476364936167064
NV,2020-03-09,0.9512758812133332
NV,2020-03-16,1.0110125608725595
NV,2020-03-23,1.0149985079277677
NV,2020-03-30,0.9530756894963196
NV,2020-04-06,0.8751332942678718
NV,2020-04-13,0.8093455935573078
NV,2020-04-20,0.8123459953772098
NV,2020-04-27,0.7881577377838418
NV,2020-05-04,0.8697507577791675
NV,2020-05-11,0.8403704910182036
NV,2020-05-18,0.943010121044722
NV,2020-05-25,0.9565440966169246
NV,2020-06-01,1.023740846056057
NV,2020-06-08,0.9655111446150324
NV,2020-06-15,0.974906008381246
NV,2020-06-22,1.0064877470789302
NV,2020-06-29,1.1052537792893369
NV,2020-07-06,1.1105490256156754
NV,2020-07-13,1.0391921056322873
NV,2020-07-20,0.9864998642238932
NV,2020-07-27,0.9486611347130692
NV,2020-08-03,0.99806647763417
NV,2020-08-10,0.990217840313376
NV,2020-08-17,0.9817317374018036
NV,2020-08-24,0.9911405629308084
NV,2020-08-31,0.9778379857708738
NV,2020-09-07,1.0343348601428362
NV,2020-09-14,0.998845203523934
NV,2020-09-21,0.956067052474962
NV,2020-09-28,0.9618144224699358
NV,2020-10-05,1.055126141822973
NV,2020-10-12,1.0926999185569517
NV,2020-10-19,1.031893473535618
NV,2020-10-26,1.0679381192389028
NV,2020-11-02,1.064534536550042
NV,2020-11-09,1.2518365943008596
NV,2020-11-16,1.149079326481288
NV,2020-11-23,1.1141089220572151
NV,2020-11-30,1.000809039873451
NV,2020-12-07,1.0509294698380085
NV,2020-12-14,0.9503054259395805
NV,2020-12-21,0.9885576838963548
NV,2020-12-28,1.0531698313576805
NV,2021-01-04,1.1890984011219443
NV,2021-01-11,1.0454682089733012
NV,2021-01-18,0.8648886868177839
NV,2021-01-25,0.8562822060703135
NV,2021-02-01,0.965780080169939
NV,2021-02-08,0.9719241328599162
NV,2021-02-15,0.9195653646879632
NV,2021-02-22,0.7738819634280997
NV,2021-03-01,0.8641320672748958
NV,2021-03-08,0.9220029420304774
NV,2021-03-15,1.1225459671147409
NV,2021-03-22,1.1397373761985703
NV,2021-03-29,1.1282508114184189
NV,2021-04-05,0.9422522054237178
NV,2021-04-12,1.0779104487996456
NV,2021-04-19,0.9888908689223074
NV,2021-04-26,1.0101202781215466
NV,2021-05-03,0.9269034654234404
NV,2021-05-10,1.138209283608438
NV,2021-05-17,1.2410626085762466
NV,2021-05-24,1.1269770119701044
NV,2021-05-31,0.9090066400111424
NV,2021-06-07,0.9400750304754574
NV,2021-06-14,1.0746005389111732
NV,2021-06-21,1.356500594157711
NV,2021-06-28,1.1590407062610577
NV,2021-07-05,1.1672031535720453
NV,2021-07-12,1.0120216808377207
NV,2021-07-19,1.1274552833907765
NV,2021-07-26,0.9611444522055884
NV,2021-08-02,1.0945521817364428
NV,2021-08-09,1.1691152764652546
NV,2021-08-16,1.2338726383452263
NV,2021-08-23,1.131497249556983
NV,2021-08-30,1.0228627765297114
NV,2021-09-06,1.0404881535700694
NV,2021-09-13,0.916960564445268
NV,2021-09-20,1.0372477081968992
NV,2021-09-27,0.9800749419565996
NV,2021-10-04,1.0068999925616675
NV,2021-10-11,0.9700465716109732
NV,2021-10-18,0.9540401959062244
NV,2021-10-25,0.9963296470802864
NV,2021-11-01,0.991394255381858
NV,2021-11-08,1.008847473149138
NV,2021-11-15,1.001121075322061
NV,2021-11-22,0.9741240031476752
NV,2021-11-29,1.0673934143830313
NV,2021-12-06,1.0801411067529194
NV,2021-12-13,1.058964664623627
NV,2021-12-20,1.0446146589643348
NV,2021-12-27,1.1528957872698404
NV,2022-01-03,1.184007206421983
NV,2022-01-10,1.1188849235612697
NV,2022-01-17,0.961813984395244
NV,2022-01-24,0.8870961672529685
NV,2022-01-31,0.8445493874618424
NV,2022-02-07,0.8168879751056181
NV,2022-02-14,0.8268632583581895
NV,2022-02-21,0.9394318178407894
NV,2022-02-28,0.9909689561372544
NV,2022-03-07,1.0005477139790264
NV,2022-03-14,0.9668446855859254
NV,2022-03-21,1.044092009848703
NV,2022-03-28,1.0582857496755345
NV,2022-04-04,1.0695175830208157
NV,2022-04-11,1.014694142945011
NV,2022-04-18,1.0420853633948866
NV,2022-04-25,1.0303905498560078
NV,2022-05-02,1.0426833920373906
NV,2022-05-09,1.0421370277525888
NV,2022-05-16,1.0664567839931958
NV,2022-05-23,1.1008974727003982
NV,2022-05-30,1.0686230569414767
NV,2022-06-06,1.0818302659464587
NV,2022-06-13,0.9683735691884128
NV,2022-06-20,0.9300660448966842
NV,2022-06-27,0.8888452625143479
NV,2022-07-04,0.9632212424843648
NV,2022-07-11,0.9835074621334172
NV,2022-07-18,0.9527831175786952
NV,2022-07-25,0.9581279792894608
NV,2022-08-01,0.92453424940979
NV,2022-08-08,0.946335180184154
NV,2022-08-15,0.9054834189868526
NV,2022-08-22,1.0022191334559545
NV,2022-08-29,1.0464212032255302
NV,2022-09-05,1.053792010681735
NV,2022-09-12,1.0091029047230862
NV,2022-09-19,1.0020431461543942
NV,2022-09-26,1.0052708552486118
NV,2022-10-03,1.0117805781915243
NV,2022-10-10,0.9963921458933984
NV,2022-10-17,1.0032159442911872
NV,2022-10-24,1.076443783827245
NV,2022-10-31,1.1671054151032654
NV,2022-11-07,1.224655335861203
NV,2022-11-14,1.1908317292456352
NV,2022-11-21,1.133982094145462
NV,2022-11-28,1.179620278449203
NV,2022-12-05,1.1485294810759128
NV,2022-12-12,1.091257457865568
NV,2022-12-19,0.96650818255878
NV,2022-12-26,0.937766856196112
NV,2023-01-02,0.914617424235582
NV,2023-01-09,0.8040207043982974
NV,2023-01-16,0.717543445194848
NV,2023-01-23,0.7330777869416163
NV,2023-01-30,0.870872971519113
NV,2023-02-06,0.9869988853244088
NV,2023-02-13,1.0111847081409602
NV,2023-02-20,1.003946773664717
NV,2023-02-27,1.0027435219596974
NV,2023-03-06,1.0051828735598551
NV,2023-03-13,0.9720427072068976
NV,2023-03-20,0.9908081393792468
NV,2023-03-27,0.9977865374739944
NV,2023-04-03,0.9959628100493656
NV,2023-04-10,0.9318522219638282
NV,2023-04-17,0.941573581746836
NV,2023-04-24,0.9895951740054868
NV,2023-05-01,0.9970612176918492
NV,2023-05-08,0.9670509293412194
NV,2023-05-15,0.9469082695741694
NV,2023-05-22,1.0093070933904718
NV,2023-05-29,1.0017964715671273
NV,2023-06-05,0.973951351878624
NV,2023-06-12,1.1045239392497077
NV,2023-06-19,1.1688708945307813
NV,2023-06-26,1.1383020764927332
NV,2023-07-03,0.9699793395780518
NV,2023-07-10,0.921710448093928
NV,2023-07-17,0.8286843647595477
NV,2023-07-24,0.8369995392241598
NV,2023-07-31,0.9215476981490296
NV,2023-08-07,1.0982751402218935
NV,2023-08-14,1.0848609097132464
NV,2023-08-21,1.0285332914274454
NV,2023-08-28,1.013059443793111
NV,2023-09-04,1.0747395816774636
NV,2023-09-11,1.1346501647758451
NV,2023-09-18,1.084830848072984
NV,2023-09-25,1.068324688340921
NV,2023-10-02,1.0165864805544549
NV,2023-10-09,1.2027127532222055
NV,2023-10-16,1.222048093511419
NV,2023-10-23,1.210127836729073
NV,2023-10-30,1.0405002141863928
NV,2023-11-06,1.03120204619432
NV,2023-11-13,1.089531166055809
NV,2023-11-20,1.102486162706836
NV,2023-11-27,1.102100528102638
NV,2023-12-04,1.0634083906015186
NV,2023-12-11,1.0751329071388696
NV,2023-12-18,1.1267200176914525
NV,2023-12-25,1.172949128321732
NV,2024-01-01,1.1288474163558786
NV,2024-01-08,0.9974120072578674
NV,2024-01-15,0.8910430396513972
NV,2024-01-22,0.8600870740555628
NV,2024-01-29,0.9107933829461023
NV,2024-02-05,0.9590482523710232
NV,2024-02-12,0.9607706577914056
NV,2024-02-19,0.98491108658154
NV,2024-02-26,1.037259640814723
NV,2024-03-04,1.0062122104358733
NV,2024-03-11,0.9431343413414396
NV,2024-03-18,0.9021810203532642
NV,2024-03-25,0.9251475979729948
NV,2024-04-01,0.9601753746081444
NV,2024-04-08,0.9645096415296828
NV,2024-04-15,0.976504666283168
NV,2024-04-22,0.9373277958117896
NV,2024-04-29,0.949330094493448
NV,2024-05-06,0.9761175621225096
NV,2024-05-13,1.005217824623163
NV,2024-05-20,0.988456131555503
NV,2024-05-27,0.97780698888342
NV,2024-06-03,0.9833886102514
NV,2024-06-10,0.9334897183651656
NV,2024-06-17,0.919991369973756
NV,2024-06-24,0.9208275813909784
NV,2024-07-01,0.9844878988825906
NV,2024-07-08,0.9576179724970396
NV,2024-07-15,0.990508066497053
NV,2024-07-22,0.9952887270667164
NV,2024-07-29,1.0307648866130066
NV,2024-08-05,0.9909515118646224
NV,2024-08-12,1.0112480317910897
NV,2024-08-19,1.0288561953235484
NV,2024-08-26,1.1166258268197584
NV,2024-09-02,1.1079982278860334
NV,2024-09-09,1.1057205296410348
NV,2024-09-16,1.018958645679891
NV,2024-09-23,0.9532755676596903
NV,2024-09-30,0.9373097561853014
NV,2024-10-07,0.9418220467456704
NV,2024-10-14,0.9676352186226284
NV,2024-10-21,1.0027651491231675
NV,2024-10-28,1.0559264838971594
NV,2024-11-04,1.0682868453419887
NV,2024-11-11,1.1122829608775904
NV,2024-11-18,1.1305687874301251
NV,2024-11-25,1.1406543496463917
NV,2024-12-02,1.1172309378235676
NV,2024-12-09,1.063907384297712
NV,2024-12-16,1.0984273942527325
NV,2024-12-23,1.145860314069746
NV,2024-12-30,1.269626600021826
NV,2025-01-06,1.187196673630894
NV,2025-01-13,1.018143664621407
NV,2025-01-20,0.8886825069360027
NV,2025-01-27,0.9432816149211424
NV,2025-02-03,1.0229162934652358
NV,2025-02-10,1.0646434199419494
NV,2025-02-17,1.0070424670334934
NV,2025-02-24,0.949551076213644
NV,2025-03-03,0.8927831927177604
NV,2025-03-10,0.8900481666581339
NV,2025-03-17,0.9238675495690348
NV,2025-03-24,0.8946175546925588
NV,2025-03-31,0.8816619285451134
NV,2025-04-07,0.8833096746413323
NV,2025-04-14,0.9136042429872064
NV,2025-04-21,0.9611888922401984
NV,2025-04-28,0.9762199499083816
NV,2025-05-05,1.000981916556089
NV,2025-05-12,0.9877110994617464
NV,2025-05-19,0.9594638133951736
NV,2025-05-26,0.9388686196376816
NV,2025-06-02,0.9580243812865056
NV,2025-06-09,0.9197477603014008
NV,2025-06-16,0.9203720253758968
NV,2025-06-23,0.8951888658824889
NV,2025-06-30,0.9593193802244996
NV,2025-07-07,0.949850710637496
NV,2025-07-14,0.9556096597084204
NV,2025-07-21,0.954288994993064
NV,2025-07-28,0.9731277601787216
NV,2025-08-04,1.0146472580281052
NV,2025-08-11,1.051432919722656
NV,2025-08-18,1.0762279968651398
NV,2025-08-25,0.9516247976153892
NV,2025-09-01,1.0208725595452084
NV,2025-09-08,0.8960536413304484
NV,2025-09-15,1.127478582163571
NY,2016-10-10,1.0
NY,2016-10-17,0.7837922394078134
NY,2016-10-24,0.9587071791397818
NY,2016-10-31,0.95032453287026
NY,2016-11-07,1.1478719406754567
NY,2016-11-14,1.0628865090623254
NY,2016-11-21,1.063212405934585
NY,2016-11-28,1.08006219599823
NY,2016-12-05,1.0372362827326231
NY,2016-12-12,1.102779680620008
NY,2016-12-19,1.051237416501069
NY,2016-12-26,1.2044196408649304
NY,2017-01-02,1.2330417857998843
NY,2017-01-09,1.066061822711831
NY,2017-01-16,1.0764022531586637
NY,2017-01-23,1.0263359065293391
NY,2017-01-30,1.1525815283984029
NY,2017-02-06,1.053879527812322
NY,2017-02-13,1.04137940598781
NY,2017-02-20,0.973439704517468
NY,2017-02-27,0.9308225886110394
NY,2017-03-06,0.817925361715035
NY,2017-03-13,0.927025339971324
NY,2017-03-20,0.9475379122032144
NY,2017-03-27,1.0278453630897744
NY,2017-04-03,1.054696713092393
NY,2017-04-10,0.9870762662634596
NY,2017-04-17,0.91833939181569
NY,2017-04-24,0.8051912351887478
NY,2017-05-01,0.8643053424438498
NY,2017-05-08,0.9246212966462038
NY,2017-05-15,1.0270195806850668
NY,2017-05-22,1.0128110814854163
NY,2017-05-29,0.968476014182582
NY,2017-06-05,1.0070147294058756
NY,2017-06-12,1.0252281032412025
NY,2017-06-19,0.9851492223582312
NY,2017-06-26,0.9299728943186631
NY,2017-07-03,0.9512259962775196
NY,2017-07-10,1.0473988878711216
NY,2017-07-17,0.9261071412958832
NY,2017-07-24,0.9384734975382965
NY,2017-07-31,0.9848443269064812
NY,2017-08-07,1.017504388371354
NY,2017-08-14,1.031721805875383
NY,2017-08-21,0.9555612188903784
NY,2017-08-28,1.0374200653231491
NY,2017-09-04,1.025582578078054
NY,2017-09-11,1.0613979383163534
NY,2017-09-18,1.055640929660423
NY,2017-09-25,1.1062668307710275
NY,2017-10-02,1.0708436811795314
NY,2017-10-09,1.0210492859602005
NY,2017-10-16,1.0089490113856965
NY,2017-10-23,1.076367010061765
NY,2017-10-30,1.0820630505410929
NY,2017-11-06,1.0427934868738888
NY,2017-11-13,0.9975615994743404
NY,2017-11-20,1.1239521644476145
NY,2017-11-27,1.0521269685805468
NY,2017-12-04,1.0267941700062817
NY,2017-12-11,1.1147025939381925
NY,2017-12-18,1.137804046138667
NY,2017-12-25,1.3065838051815757
NY,2018-01-01,1.167108447105354
NY,2018-01-08,1.1625651706765792
NY,2018-01-15,1.0842298018219385
NY,2018-01-22,1.1310554694898003
NY,2018-01-29,1.188372983508456
NY,2018-02-05,1.186130820159118
NY,2018-02-12,1.0965740258862555
NY,2018-02-19,1.0175385234103
NY,2018-02-26,0.8430790441353938
NY,2018-03-05,0.7262149838429892
NY,2018-03-12,0.7590915283353871
NY,2018-03-19,0.8452548149344835
NY,2018-03-26,0.9507212048499634
NY,2018-04-02,0.92190481762696
NY,2018-04-09,0.910619113834458
NY,2018-04-16,0.9139995246682092
NY,2018-04-23,0.9187107033837392
NY,2018-04-30,0.9537246955952527
NY,2018-05-07,0.9880656326434928
NY,2018-05-14,0.9474253988877784
NY,2018-05-21,1.002132192358277
NY,2018-05-28,0.9941253906196076
NY,2018-06-04,1.0157276428427509
NY,2018-06-11,0.9502773764258432
NY,2018-06-18,0.9344776880997828
NY,2018-06-25,0.9231168806300954
NY,2018-07-02,0.9575634423398156
NY,2018-07-09,0.9225137508470176
NY,2018-07-16,1.002600145785989
NY,2018-07-23,0.964907184947532
NY,2018-07-30,0.9545309722403704
NY,2018-08-06,0.9909131282944174
NY,2018-08-13,1.0210818643757869
NY,2018-08-20,1.0768982514377852
NY,2018-08-27,0.997224122208796
NY,2018-09-03,1.0259901113220813
NY,2018-09-10,1.082907754994242
NY,2018-09-17,1.120616832474545
NY,2018-09-24,1.167135054524402
NY,2018-10-01,1.0830834880701787
NY,2018-10-08,1.064876492701362
NY,2018-10-15,0.9858098078049732
NY,2018-10-22,1.0422951968947265
NY,2018-10-29,1.059444599105349
NY,2018-11-05,1.0310254283203646
NY,2018-11-12,1.0180468448036684
NY,2018-11-19,1.0142767016662937
NY,2018-11-26,1.0811011571717142
NY,2018-12-03,1.0265978269591187
NY,2018-12-10,1.0639073739931055
NY,2018-12-17,1.0694237404221534
NY,2018-12-24,1.1765109657573911
NY,2018-12-31,1.1804154002580478
NY,2019-01-07,1.0574118228577658
NY,2019-01-14,0.9969411269342136
NY,2019-01-21,0.996395196924154
NY,2019-01-28,1.078300463822477
NY,2019-02-04,1.095619905960055
NY,2019-02-11,1.0465314406785
NY,2019-02-18,1.062992844442462
NY,2019-02-25,1.0170676282736757
NY,2019-03-04,0.903446070942248
NY,2019-03-11,0.92937540041768
NY,2019-03-18,0.9472493027830527
NY,2019-03-25,0.9596144002328784
NY,2019-04-01,0.921707936545885
NY,2019-04-08,0.9151447636683148
NY,2019-04-15,0.9250773894978588
NY,2019-04-22,0.8895414831243279
NY,2019-04-29,0.8324717192682813
NY,2019-05-06,0.9187206805677984
NY,2019-05-13,0.8883581415057996
NY,2019-05-20,1.0105882266711748
NY,2019-05-27,0.9882460876042962
NY,2019-06-03,1.0221911181976389
NY,2019-06-10,0.9758066384729618
NY,2019-06-17,0.95446342507446
NY,2019-06-24,0.9300741047793614
NY,2019-07-01,0.9786353239059704
NY,2019-07-08,0.9274747492932824
NY,2019-07-15,0.9318450995602688
NY,2019-07-22,0.923190001885608
NY,2019-07-29,0.9570278647540992
NY,2019-08-05,1.051769980337758
NY,2019-08-12,1.006338441198896
NY,2019-08-19,1.0351354341741463
NY,2019-08-26,0.9725959227079032
NY,2019-09-02,1.0495030789187447
NY,2019-09-09,1.0503586532950349
NY,2019-09-16,1.2051898641251744
NY,2019-09-23,1.1561348562173202
NY,2019-09-30,1.118097127620572
NY,2019-10-07,1.0155563748983607
NY,2019-10-14,0.9748326053737204
NY,2019-10-21,1.0506718716719314
NY,2019-10-28,1.0834043411957228
NY,2019-11-04,1.0746325927406513
NY,2019-11-11,1.080593128832811
NY,2019-11-18,1.0737036150172934
NY,2019-11-25,1.0703829838435164
NY,2019-12-02,1.1272879885882698
NY,2019-12-09,1.1081650807455663
NY,2019-12-16,1.1722897506163292
NY,2019-12-23,1.1755437684864576
NY,2019-12-30,1.3460248474724488
NY,2020-01-06,1.186248463475273
NY,2020-01-13,1.0209451681163018
NY,2020-01-20,0.98047130360063
NY,2020-01-27,1.0860828875024398
NY,2020-02-03,1.156814535065753
NY,2020-02-10,1.03521187770227
NY,2020-02-17,0.9301319051271684
NY,2020-02-24,0.862984412795899
NY,2020-03-02,0.839488805712893
NY,2020-03-09,1.0005725570096964
NY,2020-03-16,1.201445406677066
NY,2020-03-23,1.3675377803189162
NY,2020-03-30,1.242420280135397
NY,2020-04-06,0.9980410292329472
NY,2020-04-13,0.7368147670008564
NY,2020-04-20,0.6980070897310691
NY,2020-04-27,0.679855020981128
NY,2020-05-04,0.7456898415248817
NY,2020-05-11,0.7159562847113722
NY,2020-05-18,0.8624295575951637
NY,2020-05-25,0.857747806699321
NY,2020-06-01,0.8790625201123615
NY,2020-06-08,0.8443143815657438
NY,2020-06-15,0.9013650673032086
NY,2020-06-22,1.0066646602918037
NY,2020-06-29,1.0033894259028333
NY,2020-07-06,1.0484336465500756
NY,2020-07-13,1.0524810116045185
NY,2020-07-20,1.1090139142634925
NY,2020-07-27,1.0507401292348828
NY,2020-08-03,1.0808442800425306
NY,2020-08-10,0.9949901265630572
NY,2020-08-17,1.0721684082153091
NY,2020-08-24,1.0195366842456932
NY,2020-08-31,1.0730651757740863
NY,2020-09-07,0.9660618786219244
NY,2020-09-14,1.017627380549148
NY,2020-09-21,0.992322361021958
NY,2020-09-28,1.069792349351064
NY,2020-10-05,1.0386693856049125
NY,2020-10-12,1.0360235787677805
NY,2020-10-19,0.977185411954295
NY,2020-10-26,1.0282132435647502
NY,2020-11-02,0.9986170183804404
NY,2020-11-09,1.1141217833003785
NY,2020-11-16,1.0373071840329802
NY,2020-11-23,1.0633907484860698
NY,2020-11-30,1.000675742574527
NY,2020-12-07,0.9973511098969684
NY,2020-12-14,1.0506618371689336
NY,2020-12-21,0.9821687174565814
NY,2020-12-28,1.031683878121395
NY,2021-01-04,0.9901866565980928
NY,2021-01-11,1.044241754454259
NY,2021-01-18,0.9446116558015156
NY,2021-01-25,0.99461177614323
NY,2021-02-01,0.9335399841149784
NY,2021-02-08,0.9972563467975386
NY,2021-02-15,0.9432365079509106
NY,2021-02-22,0.9504377133197744
NY,2021-03-01,0.9483576274855844
NY,2021-03-08,0.9468004336770036
NY,2021-03-15,1.0535877101931337
NY,2021-03-22,1.0603116426033277
NY,2021-03-29,1.0248262143335205
NY,2021-04-05,1.005744127642683
NY,2021-04-12,1.0013799208487868
NY,2021-04-19,1.00997808982098
NY,2021-04-26,1.0268588842638864
NY,2021-05-03,0.9793771474159528
NY,2021-05-10,1.05374351889616
NY,2021-05-17,1.0091246792878923
NY,2021-05-24,1.0605696540035583
NY,2021-05-31,0.9854540363976222
NY,2021-06-07,1.040504393820347
NY,2021-06-14,1.011715110708122
NY,2021-06-21,1.1135379961703114
NY,2021-06-28,1.0229298373618374
NY,2021-07-05,1.047085005590677
NY,2021-07-12,0.9866871043385174
NY,2021-07-19,1.0427760824071848
NY,2021-07-26,1.1167089853725696
NY,2021-08-02,1.0845537620010306
NY,2021-08-09,1.1262312138915085
NY,2021-08-16,0.998571972630394
NY,2021-08-23,1.0256513182953106
NY,2021-08-30,1.015358908698273
NY,2021-09-06,1.0039264032586812
NY,2021-09-13,1.0216745175895423
NY,2021-09-20,1.030008098213395
NY,2021-09-27,1.0923150791809075
NY,2021-10-04,1.0508751913927694
NY,2021-10-11,1.01114848312842
NY,2021-10-18,0.9804641576928388
NY,2021-10-25,0.942750290488805
NY,2021-11-01,0.9709939914412398
NY,2021-11-08,1.0158840808133824
NY,2021-11-15,1.0377685600722206
NY,2021-11-22,1.0302082824007563
NY,2021-11-29,1.01781714125549
NY,2021-12-06,1.0635804519823575
NY,2021-12-13,1.0616807812218134
NY,2021-12-20,1.1158469948674958
NY,2021-12-27,1.2088011261854663
NY,2022-01-03,1.2443371197517197
NY,2022-01-10,1.0081282830841138
NY,2022-01-17,0.8235619317667972
NY,2022-01-24,0.7295620261046739
NY,2022-01-31,0.8452958184428189
NY,2022-02-07,0.8123355336424367
NY,2022-02-14,0.9045259321187732
NY,2022-02-21,0.9513432301864136
NY,2022-02-28,1.0442582284496518
NY,2022-03-07,0.9926516426196912
NY,2022-03-14,1.0824904749155932
NY,2022-03-21,1.1015700984230548
NY,2022-03-28,1.138418523233427
NY,2022-04-04,1.1185458409493838
NY,2022-04-11,1.157311995029067
NY,2022-04-18,1.0733954389660667
NY,2022-04-25,1.0107488259340494
NY,2022-05-02,0.9655065288666298
NY,2022-05-09,1.0895875725285622
NY,2022-05-16,1.101246335657591
NY,2022-05-23,1.021106519465237
NY,2022-05-30,0.9877783646401416
NY,2022-06-06,0.9346105025413588
NY,2022-06-13,0.981273034486152
NY,2022-06-20,0.9433442361765466
NY,2022-06-27,0.9693479998508442
NY,2022-07-04,0.9596328912876636
NY,2022-07-11,0.9654370051278632
NY,2022-07-18,0.9415508374208594
NY,2022-07-25,0.9345765967231336
NY,2022-08-01,0.9990999353222776
NY,2022-08-08,0.9958831390929394
NY,2022-08-15,0.9912234272188782
NY,2022-08-22,0.963331167851181
NY,2022-08-29,1.025323781197533
NY,2022-09-05,0.957652667262702
NY,2022-09-12,1.0350829756102642
NY,2022-09-19,1.1131820341550722
NY,2022-09-26,1.1931356791018075
NY,2022-10-03,1.0768718380196134
NY,2022-10-10,1.3280700716237748
NY,2022-10-17,1.25320025881737
NY,2022-10-24,1.3638169834124716
NY,2022-10-31,1.054190054365125
NY,2022-11-07,1.2285184147765984
NY,2022-11-14,1.165726174608615
NY,2022-11-21,1.1103242672639606
NY,2022-11-28,1.1373400162601774
NY,2022-12-05,1.154591195519043
NY,2022-12-12,1.149851915900902
NY,2022-12-19,0.9379881963972864
NY,2022-12-26,0.9492984221789088
NY,2023-01-02,0.8635130329204384
NY,2023-01-09,0.8202672394267705
NY,2023-01-16,0.7557881708727896
NY,2023-01-23,0.8406678708020627
NY,2023-01-30,0.912163742286294
NY,2023-02-06,0.983248280994098
NY,2023-02-13,0.9832227404156216
NY,2023-02-20,0.9935895118893558
NY,2023-02-27,0.9404609676313204
NY,2023-03-06,0.9617304001677136
NY,2023-03-13,0.9811082696227492
NY,2023-03-20,1.030515086617801
NY,2023-03-27,1.0471271103649078
NY,2023-04-03,1.022699738372637
NY,2023-04-10,0.95316725539265
NY,2023-04-17,0.9069868815363532
NY,2023-04-24,0.9118813657092818
NY,2023-05-01,0.9956567142984304
NY,2023-05-08,1.0282931805748046
NY,2023-05-15,1.0549986150120243
NY,2023-05-22,1.0335084310652272
NY,2023-05-29,1.0212010360351895
NY,2023-06-05,1.0062151773795032
NY,2023-06-12,0.9284193089486787
NY,2023-06-19,0.9727520254923356
NY,2023-06-26,0.9102199091770408
NY,2023-07-03,0.9786330503894576
NY,2023-07-10,0.9378798418478976
NY,2023-07-17,0.9423749487289836
NY,2023-07-24,0.983442518682861
NY,2023-07-31,0.987738708037202
NY,2023-08-07,1.0568297866502994
NY,2023-08-14,1.0474586249520548
NY,2023-08-21,1.0493985117729836
NY,2023-08-28,1.0171590343829071
NY,2023-09-04,1.060199255766531
NY,2023-09-11,1.0374057693555818
NY,2023-09-18,1.0776863571008088
NY,2023-09-25,1.1678431735697352
NY,2023-10-02,1.1222890069026097
NY,2023-10-09,1.064686138625048
NY,2023-10-16,0.9496010535569788
NY,2023-10-23,1.031273532175398
NY,2023-10-30,1.0220632396662164
NY,2023-11-06,1.0348383120880982
NY,2023-11-13,1.0485255662027906
NY,2023-11-20,1.0743897071920814
NY,2023-11-27,1.0546611183531067
NY,2023-12-04,1.085136930296723
NY,2023-12-11,1.067497589463134
NY,2023-12-18,0.6546826121271081
NY,2023-12-25,0.3
NY,2024-01-01,0.3
NY,2024-01-08,0.3
NY,2024-01-15,0.812203883920429
NY,2024-01-22,0.8656501894286381
NY,2024-01-29,0.9186132852280922
NY,2024-02-05,0.991149887617824
NY,2024-02-12,1.0366328194801313
NY,2024-02-19,1.0247355508718392
NY,2024-02-26,1.0044864287234898
NY,2024-03-04,0.9728697735856856
NY,2024-03-11,0.9687726126537394
NY,2024-03-18,0.941429838326862
NY,2024-03-25,0.9106577412442332
NY,2024-04-01,0.9270622444498464
NY,2024-04-08,0.9288439131309688
NY,2024-04-15,0.9248888345034644
NY,2024-04-22,0.8995972182409967
NY,2024-04-29,0.9203721425341584
NY,2024-05-06,0.9311566144326832
NY,2024-05-13,0.9550794913391608
NY,2024-05-20,0.9552571965593544
NY,2024-05-27,0.9584163794777802
NY,2024-06-03,0.98694705423229
NY,2024-06-10,0.933790936794506
NY,2024-06-17,0.9394011845416076
NY,2024-06-24,0.9192682198569694
NY,2024-07-01,0.946940867235728
NY,2024-07-08,0.9741546028608534
NY,2024-07-15,1.0076786534850375
NY,2024-07-22,0.998908687467519
NY,2024-07-29,1.0316441063660031
NY,2024-08-05,1.040683722543255
NY,2024-08-12,1.0434989881388526
NY,2024-08-19,1.0425534353785102
NY,2024-08-26,1.0827761759948782
NY,2024-09-02,1.079874404349081
NY,2024-09-09,1.0482202539757108
NY,2024-09-16,1.033665401194329
NY,2024-09-23,1.0154893442397237
NY,2024-09-30,0.9981367770701872
NY,2024-10-07,0.9968177061660592
NY,2024-10-14,1.0242588409216682
NY,2024-10-21,1.0418355749832735
NY,2024-10-28,1.0677941600888663
NY,2024-11-04,1.0467448677821531
NY,2024-11-11,1.0236652556209775
NY,2024-11-18,1.0292743047436563
NY,2024-11-25,1.0515976167344032
NY,2024-12-02,1.0638169251973082
NY,2024-12-09,1.0522446572328787
NY,2024-12-16,1.0710482177009526
NY,2024-12-23,1.1543189373206106
NY,2024-12-30,1.2565252259967252
NY,2025-01-06,1.1930084087030102
NY,2025-01-13,1.0256125080263598
NY,2025-01-20,0.9541545816039696
NY,2025-01-27,1.0440701970596955
NY,2025-02-03,1.1327270129519913
NY,2025-02-10,1.1293220378898374
NY,2025-02-17,1.035158442186667
NY,2025-02-24,0.9296012179852494
NY,2025-03-03,0.8679317128805147
NY,2025-03-10,0.8443378733930856
NY,2025-03-17,0.8689331280148208
NY,2025-03-24,0.8607299490930882
NY,2025-03-31,0.8828615436316555
NY,2025-04-07,0.8877385383607904
NY,2025-04-14,0.8972796417849109
NY,2025-04-21,0.9244187919276678
NY,2025-04-28,0.9446738716973744
NY,2025-05-05,0.9435557337778052
NY,2025-05-12,0.946310027426858
NY,2025-05-19,0.9469320159791444
NY,2025-05-26,0.9704003820510432
NY,2025-06-02,0.9903738831569576
NY,2025-06-09,0.9544173381098362
NY,2025-06-16,0.9383133202211008
NY,2025-06-23,0.9060130669072836
NY,2025-06-30,0.9280106361469018
NY,2025-07-07,0.9312970757209748
NY,2025-07-14,0.9609242140295976
NY,2025-07-21,0.9614263944534792
NY,2025-07-28,0.960515084420484
NY,2025-08-04,1.0082121754774542
NY,2025-08-11,1.047967719142156
NY,2025-08-18,1.061297858830126
NY,2025-08-25,1.1252069530082685
NY,2025-09-01,1.1308919779025906
NY,2025-09-08,1.131554358825051
NY,2025-09-15,1.0795506035404274
OH,2016-10-10,1.0
OH,2016-10-17,0.9862591996037396
OH,2016-10-24,0.973151563718334
OH,2016-10-31,1.0186489744110798
OH,2016-11-07,1.038692841555874
OH,2016-11-14,1.0608163954974774
OH,2016-11-21,1.0175317280619212
OH,2016-11-28,1.037995604505532
OH,2016-12-05,1.0623444264452797
OH,2016-12-12,1.0751567114941356
OH,2016-12-19,1.1074863291829282
OH,2016-12-26,1.1168861954069091
OH,2017-01-02,1.1705134346198829
OH,2017-01-09,1.0732811524406871
OH,2017-01-16,1.0205072271745337
OH,2017-01-23,1.0374827398626207
OH,2017-01-30,1.108738296260625
OH,2017-02-06,1.133361317306541
OH,2017-02-13,1.1962947941472777
OH,2017-02-20,1.1480461602534069
OH,2017-02-27,1.149511853602417
OH,2017-03-06,0.9094405976275688
OH,2017-03-13,0.8862352371582299
OH,2017-03-20,0.860530826694378
OH,2017-03-27,0.9835222448785548
OH,2017-04-03,0.9458329864842192
OH,2017-04-10,0.8850513153874929
OH,2017-04-17,0.8094134321871183
OH,2017-04-24,0.833576030523209
OH,2017-05-01,0.8517829497524474
OH,2017-05-08,0.8976718752829062
OH,2017-05-15,0.9331876112421914
OH,2017-05-22,0.9441470000343902
OH,2017-05-29,0.98478760537586
OH,2017-06-05,1.0039165861833337
OH,2017-06-12,1.0548750311324664
OH,2017-06-19,0.9630818717806796
OH,2017-06-26,0.9422182266030332
OH,2017-07-03,0.9055192216471604
OH,2017-07-10,0.935767052746574
OH,2017-07-17,1.0073885204483028
OH,2017-07-24,0.9790418907471874
OH,2017-07-31,1.0424150661698854
OH,2017-08-07,0.9752405541595004
OH,2017-08-14,1.0421191155127316
OH,2017-08-21,0.9847892949289996
OH,2017-08-28,1.013239538939228
OH,2017-09-04,1.146134939113607
OH,2017-09-11,1.1891856291026095
OH,2017-09-18,1.1156303264107672
OH,2017-09-25,1.0415642061379018
OH,2017-10-02,1.0922518908383143
OH,2017-10-09,0.9734561620639476
OH,2017-10-16,0.9968255640965036
OH,2017-10-23,0.956068850306268
OH,2017-10-30,1.124130883048511
OH,2017-11-06,1.0505657889603444
OH,2017-11-13,1.0658911466843866
OH,2017-11-20,1.0626663765362538
OH,2017-11-27,1.0919822691312546
OH,2017-12-04,1.055161422599337
OH,2017-12-11,1.1093650539960178
OH,2017-12-18,1.0906625682009097
OH,2017-12-25,1.2586349181776098
OH,2018-01-01,1.3571291588206575
OH,2018-01-08,1.2886588198929605
OH,2018-01-15,1.1433334081165596
OH,2018-01-22,1.0391539799053764
OH,2018-01-29,1.0777587643807036
OH,2018-02-05,1.094276041322619
OH,2018-02-12,1.084719471232354
OH,2018-02-19,0.9811806125849508
OH,2018-02-26,0.8944675645909251
OH,2018-03-05,0.7363808742055449
OH,2018-03-12,0.794911508943476
OH,2018-03-19,0.8494473310849693
OH,2018-03-26,0.9292319890071236
OH,2018-04-02,0.95621670866736
OH,2018-04-09,0.9146120832670166
OH,2018-04-16,0.8910037281629225
OH,2018-04-23,0.853072440532212
OH,2018-04-30,0.9292890748198946
OH,2018-05-07,0.9566680918024948
OH,2018-05-14,0.955256454554666
OH,2018-05-21,0.8990660104922635
OH,2018-05-28,1.020281127218462
OH,2018-06-04,0.9999561998403672
OH,2018-06-11,0.9875607736821632
OH,2018-06-18,0.9583076521702932
OH,2018-06-25,0.9335150987495427
OH,2018-07-02,1.0106560992375786
OH,2018-07-09,0.9460742706225668
OH,2018-07-16,1.0081379408737834
OH,2018-07-23,0.9541554247834548
OH,2018-07-30,0.8982820499533868
OH,2018-08-06,1.0655506772239598
OH,2018-08-13,1.0606443171521742
OH,2018-08-20,1.1465813452273317
OH,2018-08-27,1.0649750794924395
OH,2018-09-03,1.1108869028489767
OH,2018-09-10,1.1197103448055077
OH,2018-09-17,1.0208419209974704
OH,2018-09-24,1.0594772813894011
OH,2018-10-01,0.996328204145313
OH,2018-10-08,1.092872206489512
OH,2018-10-15,0.9682407424098765
OH,2018-10-22,0.9928175155023172
OH,2018-10-29,1.0325185808139743
OH,2018-11-05,1.1076627039929388
OH,2018-11-12,1.0926312843170054
OH,2018-11-19,0.992710751199934
OH,2018-11-26,1.0314026617554548
OH,2018-12-03,1.076500864800085
OH,2018-12-10,1.0745700024196
OH,2018-12-17,1.0331572299992908
OH,2018-12-24,1.089172233206333
OH,2018-12-31,1.2576336051545294
OH,2019-01-07,1.1551436333817993
OH,2019-01-14,1.0693245711790218
OH,2019-01-21,0.9499394113341968
OH,2019-01-28,1.0611937982058233
OH,2019-02-04,1.1359981173322728
OH,2019-02-11,1.1264636269238264
OH,2019-02-18,1.095582972465471
OH,2019-02-25,1.113073782896254
OH,2019-03-04,1.0433040379009102
OH,2019-03-11,1.0606122104438245
OH,2019-03-18,0.9609600131004016
OH,2019-03-25,0.9543129324641132
OH,2019-04-01,0.8654219320226436
OH,2019-04-08,0.815599915625364
OH,2019-04-15,0.7912458661730902
OH,2019-04-22,0.8417594398453413
OH,2019-04-29,0.8671397050247952
OH,2019-05-06,0.8951178475609782
OH,2019-05-13,0.8828462425587106
OH,2019-05-20,0.9768139808046804
OH,2019-05-27,0.9710328982960456
OH,2019-06-03,0.9931113229278709
OH,2019-06-10,0.9747943330383771
OH,2019-06-17,0.9634702501262972
OH,2019-06-24,0.9551355739598124
OH,2019-07-01,0.8937134256957968
OH,2019-07-08,0.9927847022063124
OH,2019-07-15,0.9750109446603678
OH,2019-07-22,1.051162654825763
OH,2019-07-29,0.9665704080240048
OH,2019-08-05,0.9443668225126942
OH,2019-08-12,0.9682884324049872
OH,2019-08-19,1.0163542137352148
OH,2019-08-26,1.0753647981129184
OH,2019-09-02,1.092382961836258
OH,2019-09-09,1.149507861206601
OH,2019-09-16,1.1770251795688071
OH,2019-09-23,1.0667474793199234
OH,2019-09-30,1.0080390213168862
OH,2019-10-07,0.987088137590759
OH,2019-10-14,1.0129017140384844
OH,2019-10-21,1.026939160138258
OH,2019-10-28,1.1013066577224282
OH,2019-11-04,1.0476940913675492
OH,2019-11-11,1.0733901065260891
OH,2019-11-18,1.0419483043039277
OH,2019-11-25,1.0902688434683248
OH,2019-12-02,1.0850883339322646
OH,2019-12-09,1.0626218477258602
OH,2019-12-16,1.117992112533844
OH,2019-12-23,1.2000056156838708
OH,2019-12-30,1.3179552115712092
OH,2020-01-06,1.1870685494532074
OH,2020-01-13,0.9769842838489192
OH,2020-01-20,0.9189105321592098
OH,2020-01-27,1.0830497503866705
OH,2020-02-03,1.253890152333702
OH,2020-02-10,1.1850567638091547
OH,2020-02-17,1.020723913612441
OH,2020-02-24,0.89860990916693
OH,2020-03-02,0.9353075671711416
OH,2020-03-09,0.9748114950679578
OH,2020-03-16,1.008063566609396
OH,2020-03-23,0.9924955410929164
OH,2020-03-30,0.9149611551281192
OH,2020-04-06,0.8494463491892887
OH,2020-04-13,0.7252706338863286
OH,2020-04-20,0.7745166993119845
OH,2020-04-27,0.899904184959707
OH,2020-05-04,0.9501608223239326
OH,2020-05-11,0.9291872962360174
OH,2020-05-18,0.9125914630058908
OH,2020-05-25,0.8640326914125375
OH,2020-06-01,0.9160006728452628
OH,2020-06-08,0.8745082316762951
OH,2020-06-15,0.9789295978690048
OH,2020-06-22,0.98462978557914
OH,2020-06-29,1.029193416822803
OH,2020-07-06,1.0401721528692476
OH,2020-07-13,1.1459895105122742
OH,2020-07-20,1.14016914056017
OH,2020-07-27,1.1019947321203958
OH,2020-08-03,0.9610890962531096
OH,2020-08-10,0.9116258473972552
OH,2020-08-17,0.9256961508503352
OH,2020-08-24,0.8993369200330459
OH,2020-08-31,1.074760012568344
OH,2020-09-07,1.0025531544531454
OH,2020-09-14,1.1302661534949363
OH,2020-09-21,0.9318757441809544
OH,2020-09-28,1.104341594434921
OH,2020-10-05,1.107743851134399
OH,2020-10-12,1.0882642033868837
OH,2020-10-19,1.0276827188870112
OH,2020-10-26,1.036571476928042
OH,2020-11-02,1.0902983085250408
OH,2020-11-09,1.0960605829790422
OH,2020-11-16,1.1017273445858318
OH,2020-11-23,1.0759291556113215
OH,2020-11-30,1.011747984851847
OH,2020-12-07,0.9698949149898944
OH,2020-12-14,0.9579719277280772
OH,2020-12-21,1.0134894473243046
OH,2020-12-28,1.0009886522204834
OH,2021-01-04,0.9567053403039212
OH,2021-01-11,1.0060201665731483
OH,2021-01-18,0.966946217518348
OH,2021-01-25,1.008939696936477
OH,2021-02-01,0.8867123376047586
OH,2021-02-08,0.8918403171713578
OH,2021-02-15,0.9308154834122816
OH,2021-02-22,1.0073755860265308
OH,2021-03-01,0.9871169645631924
OH,2021-03-08,0.9895835656434372
OH,2021-03-15,0.9737632424187814
OH,2021-03-22,1.0313232759781017
OH,2021-03-29,1.0605391463848213
OH,2021-04-05,1.0272654302279962
OH,2021-04-12,1.025944672075107
OH,2021-04-19,1.035966138699504
OH,2021-04-26,1.0655410920881574
OH,2021-05-03,1.0391639442515614
OH,2021-05-10,1.0259793345553092
OH,2021-05-17,1.0584259249276535
OH,2021-05-24,1.0932436797247345
OH,2021-05-31,1.0135619178275228
OH,2021-06-07,0.9646073520842994
OH,2021-06-14,0.9711812303228228
OH,2021-06-21,1.0731586592542222
OH,2021-06-28,1.0857743921804175
OH,2021-07-05,0.9999541439878122
OH,2021-07-12,0.9785817546526456
OH,2021-07-19,1.0256652154062569
OH,2021-07-26,1.0986622884703563
OH,2021-08-02,1.0389961241838055
OH,2021-08-09,1.077005853309259
OH,2021-08-16,1.0658555198558413
OH,2021-08-23,1.1059032617430244
OH,2021-08-30,1.0692918283229451
OH,2021-09-06,1.0493221738786485
OH,2021-09-13,1.0462784856019578
OH,2021-09-20,1.0682692403688672
OH,2021-09-27,0.9460489106802272
OH,2021-10-04,0.9259081871482464
OH,2021-10-11,1.062625577279319
OH,2021-10-18,1.1542315642092205
OH,2021-10-25,1.1203594113251485
OH,2021-11-01,0.9349641127913756
OH,2021-11-08,0.9977240302451796
OH,2021-11-15,1.057793668946974
OH,2021-11-22,1.0672219388395576
OH,2021-11-29,1.080662709776545
OH,2021-12-06,1.0323280646305022
OH,2021-12-13,1.0771277264760293
OH,2021-12-20,1.1178346563317592
OH,2021-12-27,1.190524045703401
OH,2022-01-03,1.1554484248588528
OH,2022-01-10,1.009615667951363
OH,2022-01-17,0.8604785965627736
OH,2022-01-24,0.7788295673801602
OH,2022-01-31,0.7907021026921665
OH,2022-02-07,0.8021583184597555
OH,2022-02-14,0.8229751151419201
OH,2022-02-21,0.933105482800608
OH,2022-02-28,0.99779929297902
OH,2022-03-07,1.091497435320007
OH,2022-03-14,1.0867648591586982
OH,2022-03-21,1.1564384573187556
OH,2022-03-28,1.071197956868475
OH,2022-04-04,1.0839982109165736
OH,2022-04-11,1.0629841233670216
OH,2022-04-18,1.0565727575493131
OH,2022-04-25,1.0187896672339898
OH,2022-05-02,0.9411992488091536
OH,2022-05-09,1.0231104138196552
OH,2022-05-16,1.0155348253387295
OH,2022-05-23,1.0287834349553109
OH,2022-05-30,0.9579078365649102
OH,2022-06-06,0.95826307429957
OH,2022-06-13,0.9290638616934178
OH,2022-06-20,0.9154183152672716
OH,2022-06-27,0.9225571551954492
OH,2022-07-04,0.9647669476531604
OH,2022-07-11,1.001191832730951
OH,2022-07-18,1.0138283376562942
OH,2022-07-25,1.0289563418675234
OH,2022-08-01,1.0226659812350498
OH,2022-08-08,1.0059365137650622
OH,2022-08-15,0.9767520568016946
OH,2022-08-22,1.0206167446542764
OH,2022-08-29,1.01851768047991
OH,2022-09-05,1.04613277314639
OH,2022-09-12,1.0591016830663011
OH,2022-09-19,1.0485943424202706
OH,2022-09-26,1.019639238196772
OH,2022-10-03,1.017483352593763
OH,2022-10-10,1.073798054309165
OH,2022-10-17,1.103720086224065
OH,2022-10-24,1.1471143210078585
OH,2022-10-31,1.16408820411758
OH,2022-11-07,1.2392876604626375
OH,2022-11-14,1.1805376222134265
OH,2022-11-21,1.137413008312974
OH,2022-11-28,1.1828920081188794
OH,2022-12-05,1.1570561583727348
OH,2022-12-12,1.1140050183792227
OH,2022-12-19,0.946580656891725
OH,2022-12-26,0.948400296966974
OH,2023-01-02,0.8766056395948453
OH,2023-01-09,0.7531206864945599
OH,2023-01-16,0.677566593009168
OH,2023-01-23,0.7579461561050621
OH,2023-01-30,0.8911566969958886
OH,2023-02-06,0.985439236230092
OH,2023-02-13,0.998188543080934
OH,2023-02-20,1.0090309050073254
OH,2023-02-27,1.0291814294660513
OH,2023-03-06,1.013789166794277
OH,2023-03-13,0.9948702391038604
OH,2023-03-20,0.9921790178075122
OH,2023-03-27,0.9890304083344766
OH,2023-04-03,0.9797729154474903
OH,2023-04-10,0.9175600321965772
OH,2023-04-17,0.9431432769423308
OH,2023-04-24,0.9332469842443648
OH,2023-05-01,0.989505421198384
OH,2023-05-08,0.9842815116582888
OH,2023-05-15,1.0214502065452138
OH,2023-05-22,1.0150877733330417
OH,2023-05-29,0.991514789143932
OH,2023-06-05,0.969640632070194
OH,2023-06-12,0.9201285679550244
OH,2023-06-19,0.9441312746282328
OH,2023-06-26,0.9333244966978848
OH,2023-07-03,0.9642485664654934
OH,2023-07-10,0.959248582370108
OH,2023-07-17,0.9571580031706722
OH,2023-07-24,1.0130722574570243
OH,2023-07-31,0.9764793194500232
OH,2023-08-07,1.0289229528777808
OH,2023-08-14,1.0006311961195382
OH,2023-08-21,1.0487581985015677
OH,2023-08-28,1.1177457069844436
OH,2023-09-04,1.1544945723868378
OH,2023-09-11,1.1698628007220342
OH,2023-09-18,1.061424118141004
OH,2023-09-25,1.0761330114984229
OH,2023-10-02,1.0137457239100942
OH,2023-10-09,1.007671727618325
OH,2023-10-16,1.0061887790900268
OH,2023-10-23,1.0377282651976962
OH,2023-10-30,1.0466728289868537
OH,2023-11-06,1.014959422058111
OH,2023-11-13,1.054611572619784
OH,2023-11-20,1.058038706573023
OH,2023-11-27,1.123687206571234
OH,2023-12-04,1.0992347340380946
OH,2023-12-11,1.0885751826325565
OH,2023-12-18,1.0934349365662144
OH,2023-12-25,1.1546968533354431
OH,2024-01-01,1.2090211983198764
OH,2024-01-08,1.0567274123753234
OH,2024-01-15,0.9237997443594248
OH,2024-01-22,0.866692712062435
OH,2024-01-29,0.9654547979603172
OH,2024-02-05,1.0517830136630524
OH,2024-02-12,1.1291112828551244
OH,2024-02-19,1.1175578593686564
OH,2024-02-26,1.0929157318799445
OH,2024-03-04,0.9918108402509288
OH,2024-03-11,0.9399515185683393
OH,2024-03-18,0.8618128780256072
OH,2024-03-25,0.8389893830939202
OH,2024-04-01,0.8841839624352036
OH,2024-04-08,0.8911553979069979
OH,2024-04-15,0.8832415813139377
OH,2024-04-22,0.8263457210132081
OH,2024-04-29,0.8962212254323948
OH,2024-05-06,0.9334162266773526
OH,2024-05-13,0.9768704866307262
OH,2024-05-20,0.9493779923014428
OH,2024-05-27,0.963994598613349
OH,2024-06-03,1.0213421462154892
OH,2024-06-10,0.9790787631477552
OH,2024-06-17,0.9482175773202596
OH,2024-06-24,0.9133311016316558
OH,2024-07-01,0.9533833512134846
OH,2024-07-08,0.9637392742569004
OH,2024-07-15,0.9722119073057206
OH,2024-07-22,1.0218605388196882
OH,2024-07-29,1.0606204237133885
OH,2024-08-05,1.0745549891510195
OH,2024-08-12,1.036829869001933
OH,2024-08-19,1.0280387774892752
OH,2024-08-26,1.0717801962965272
OH,2024-09-02,1.0589110966990174
OH,2024-09-09,1.078695490041035
OH,2024-09-16,1.0509761242385467
OH,2024-09-23,1.0286675764573427
OH,2024-09-30,0.9675981518028862
OH,2024-10-07,0.9618513270624568
OH,2024-10-14,1.0475410539596808
OH,2024-10-21,1.1049673722080202
OH,2024-10-28,1.1314493485096764
OH,2024-11-04,1.0539202116751678
OH,2024-11-11,1.007709546100944
OH,2024-11-18,1.011386262473201
OH,2024-11-25,1.0213934161814808
OH,2024-12-02,1.0465980178781296
OH,2024-12-09,1.0169920678691624
OH,2024-12-16,1.070158089118996
OH,2024-12-23,1.1701976897459732
OH,2024-12-30,1.3099815724786712
OH,2025-01-06,1.2254639123205906
OH,2025-01-13,1.01131742794169
OH,2025-01-20,0.9418308056897148
OH,2025-01-27,1.1062512356377872
OH,2025-02-03,1.2572650144151445
OH,2025-02-10,1.3005669676180178
OH,2025-02-17,1.1438122443209122
OH,2025-02-24,0.9872922056192304
OH,2025-03-03,0.826734749150583
OH,2025-03-10,0.7786386886006975
OH,2025-03-17,0.792210848078992
OH,2025-03-24,0.7732580662651206
OH,2025-03-31,0.8199911324633814
OH,2025-04-07,0.830290669339966
OH,2025-04-14,0.890345267352893
OH,2025-04-21,0.9206182772193058
OH,2025-04-28,0.9549432262799976
OH,2025-05-05,0.9419718171748538
OH,2025-05-12,0.9535273725408038
OH,2025-05-19,0.9645167367181966
OH,2025-05-26,0.9886553353433702
OH,2025-06-02,1.000936398121036
OH,2025-06-09,1.055260132463815
OH,2025-06-16,0.9491815087984384
OH,2025-06-23,0.9396924088047084
OH,2025-06-30,0.8524276330785987
OH,2025-07-07,0.9659638342876424
OH,2025-07-14,0.9508693609612296
OH,2025-07-21,1.0038717545307296
OH,2025-07-28,0.9891998194750808
OH,2025-08-04,0.9953451841897796
OH,2025-08-11,1.037998564938548
OH,2025-08-18,1.051034983419794
OH,2025-08-25,1.117786071725261
OH,2025-09-01,1.0975868058815026
OH,2025-09-08,1.1642047882962567
OH,2025-09-15,1.1310358150290174
OK,2016-10-10,1.0
OK,2016-10-17,1.4258546303875836
OK,2016-10-24,1.1778719337074322
OK,2016-10-31,1.4469272762739682
OK,2016-11-07,1.127753869631782
OK,2016-11-14,1.2322872717657822
OK,2016-11-21,1.0448332440841368
OK,2016-11-28,1.0770685272695195
OK,2016-12-05,1.0965059004135669
OK,2016-12-12,1.013065811376218
OK,2016-12-19,1.154576903275845
OK,2016-12-26,1.120154066697036
OK,2017-01-02,1.2045475957866507
OK,2017-01-09,1.0835248844407528
OK,2017-01-16,1.1728122669359422
OK,2017-01-23,1.1000138464432612
OK,2017-01-30,1.1877082056043455
OK,2017-02-06,1.2094448792546606
OK,2017-02-13,1.186800018198639
OK,2017-02-20,1.0451261999339831
OK,2017-02-27,0.9027532364844312
OK,2017-03-06,0.858154886559922
OK,2017-03-13,0.8551228611894764
OK,2017-03-20,0.860891721458607
OK,2017-03-27,0.9118439938903766
OK,2017-04-03,0.8807477441081946
OK,2017-04-10,0.8931462009490593
OK,2017-04-17,0.7717302763090107
OK,2017-04-24,0.8080389856516023
OK,2017-05-01,0.8084392510204659
OK,2017-05-08,0.8547797890123399
OK,2017-05-15,0.9361827214031528
OK,2017-05-22,0.9275749943789352
OK,2017-05-29,0.8587387081477276
OK,2017-06-05,0.8308390620382434
OK,2017-06-12,0.8170827383600986
OK,2017-06-19,0.897222297603606
OK,2017-06-26,0.9633968071256138
OK,2017-07-03,0.9050063903231844
OK,2017-07-10,1.0743665446375614
OK,2017-07-17,0.9340515091553478
OK,2017-07-24,1.047296946291595
OK,2017-07-31,1.0068906443477033
OK,2017-08-07,1.1488363054831934
OK,2017-08-14,1.123883907605781
OK,2017-08-21,1.061099940756611
OK,2017-08-28,1.033363534000745
OK,2017-09-04,1.059216936360122
OK,2017-09-11,1.1218368914685153
OK,2017-09-18,1.1371695889010875
OK,2017-09-25,1.1428373748027316
OK,2017-10-02,1.0799033469366155
OK,2017-10-09,1.0599841591650776
OK,2017-10-16,1.1871952522677989
OK,2017-10-23,1.1467580840441216
OK,2017-10-30,1.1307286933455991
OK,2017-11-06,1.0624006947385038
OK,2017-11-13,1.1065733512972142
OK,2017-11-20,1.086828215536248
OK,2017-11-27,1.078767747235715
OK,2017-12-04,1.0267437486268107
OK,2017-12-11,1.0672199533405733
OK,2017-12-18,1.1769919255380448
OK,2017-12-25,1.312834591606926
OK,2018-01-01,1.3475639682123195
OK,2018-01-08,1.1451413655747191
OK,2018-01-15,1.0756594684939749
OK,2018-01-22,1.0511677045615788
OK,2018-01-29,1.1416810753885167
OK,2018-02-05,1.0596522288006642
OK,2018-02-12,0.9795410208755524
OK,2018-02-19,0.8746258897417956
OK,2018-02-26,0.8514064030988003
OK,2018-03-05,0.8078818380872905
OK,2018-03-12,0.806067675963568
OK,2018-03-19,0.7945146874194517
OK,2018-03-26,0.8810700187408806
OK,2018-04-02,0.8545353359685101
OK,2018-04-09,0.881806421756551
OK,2018-04-16,0.8430498562782573
OK,2018-04-23,0.877459407489809
OK,2018-04-30,0.8641433588247419
OK,2018-05-07,0.9175691425878544
OK,2018-05-14,0.8936970972236111
OK,2018-05-21,0.8755788338060794
OK,2018-05-28,0.9395178507929272
OK,2018-06-04,0.9075749869157173
OK,2018-06-11,0.935481807161276
OK,2018-06-18,0.949943042496211
OK,2018-06-25,0.8621419972470369
OK,2018-07-02,1.0162017225604865
OK,2018-07-09,0.9941265129509228
OK,2018-07-16,1.168663129485664
OK,2018-07-23,1.0331833258396366
OK,2018-07-30,0.9481054797067656
OK,2018-08-06,0.9889713029687976
OK,2018-08-13,1.1430955545336166
OK,2018-08-20,1.2306342384535167
OK,2018-08-27,1.2774419324653077
OK,2018-09-03,1.1674313329845405
OK,2018-09-10,1.1408876539608876
OK,2018-09-17,1.0530808026229466
OK,2018-09-24,0.8448628834010096
OK,2018-10-01,1.5485794926541845
OK,2018-10-08,1.5665107611686466
OK,2018-10-15,1.7296705296870112
OK,2018-10-22,1.0241779206546748
OK,2018-10-29,1.083735157601049
OK,2018-11-05,1.0925191624849613
OK,2018-11-12,1.0690349091907587
OK,2018-11-19,1.1088735877868576
OK,2018-11-26,1.1164034517415542
OK,2018-12-03,1.0508188835508037
OK,2018-12-10,0.970318376029842
OK,2018-12-17,0.970325418632002
OK,2018-12-24,1.1264488168950286
OK,2018-12-31,1.2137651762939696
OK,2019-01-07,1.1509855093551666
OK,2019-01-14,1.041542684304234
OK,2019-01-21,0.9785607354841184
OK,2019-01-28,1.068456854515316
OK,2019-02-04,1.2379960394011686
OK,2019-02-11,1.218749841038026
OK,2019-02-18,1.158654722998742
OK,2019-02-25,1.0274032813416083
OK,2019-03-04,0.9594807977479326
OK,2019-03-11,0.9334827199591262
OK,2019-03-18,0.8947101416379465
OK,2019-03-25,0.8489174804605578
OK,2019-04-01,0.7903266343243148
OK,2019-04-08,0.7911150167204809
OK,2019-04-15,0.7903109473283605
OK,2019-04-22,0.8365618224367921
OK,2019-04-29,0.8356528280485462
OK,2019-05-06,0.8651651364745511
OK,2019-05-13,0.8561459499462959
OK,2019-05-20,0.9090399451894896
OK,2019-05-27,0.9933583150383108
OK,2019-06-03,0.9343923284798654
OK,2019-06-10,0.873213242643801
OK,2019-06-17,0.9319474471855168
OK,2019-06-24,0.9420354756552144
OK,2019-07-01,0.9217824290635056
OK,2019-07-08,0.8784054716180102
OK,2019-07-15,0.9179649848566116
OK,2019-07-22,1.0087838447132425
OK,2019-07-29,0.9448131905373292
OK,2019-08-05,1.035794172582776
OK,2019-08-12,1.0375473550847851
OK,2019-08-19,1.106751369534484
OK,2019-08-26,1.0662661703888805
OK,2019-09-02,1.1802344743044249
OK,2019-09-09,1.14590577249615
OK,2019-09-16,1.141841718741806
OK,2019-09-23,1.1394403736976415
OK,2019-09-30,1.1395087755016624
OK,2019-10-07,1.1252946130706276
OK,2019-10-14,1.1015956381956695
OK,2019-10-21,1.1192723920657894
OK,2019-10-28,1.109568681264247
OK,2019-11-04,1.1015708200422167
OK,2019-11-11,1.0888401079060035
OK,2019-11-18,1.1200397417486336
OK,2019-11-25,1.0838392735409947
OK,2019-12-02,1.1166150240368002
OK,2019-12-09,1.0734114027445156
OK,2019-12-16,1.1055641989114624
OK,2019-12-23,1.1858123516814774
OK,2019-12-30,1.3083929416456177
OK,2020-01-06,1.2090729891333227
OK,2020-01-13,0.9979007459314048
OK,2020-01-20,0.9891872151569804
OK,2020-01-27,1.0716800141501726
OK,2020-02-03,1.1558141605736345
OK,2020-02-10,1.0674457594605875
OK,2020-02-17,1.0213616603314082
OK,2020-02-24,0.9659674155151308
OK,2020-03-02,0.9142482565423572
OK,2020-03-09,0.9361814350084732
OK,2020-03-16,0.989778826945388
OK,2020-03-23,1.040224839128408
OK,2020-03-30,1.0217523861031403
OK,2020-04-06,0.956906023755884
OK,2020-04-13,0.796586243411916
OK,2020-04-20,0.7355833212602907
OK,2020-04-27,0.7760522026162403
OK,2020-05-04,0.8306931554641419
OK,2020-05-11,0.8024470841217634
OK,2020-05-18,0.7629733900207284
OK,2020-05-25,0.7785019050756106
OK,2020-06-01,0.8935320630133741
OK,2020-06-08,0.8847542425019363
OK,2020-06-15,0.9545398981473424
OK,2020-06-22,0.911631232269748
OK,2020-06-29,1.0006777242920386
OK,2020-07-06,1.036458452368232
OK,2020-07-13,1.1609293795089024
OK,2020-07-20,1.0606661587049906
OK,2020-07-27,0.9915296290738228
OK,2020-08-03,1.032964792862772
OK,2020-08-10,0.9506164771057072
OK,2020-08-17,0.9642908600629584
OK,2020-08-24,0.8735136464034786
OK,2020-08-31,1.168255681154794
OK,2020-09-07,1.1217217349657178
OK,2020-09-14,1.468142629774258
OK,2020-09-21,1.18152692094477
OK,2020-09-28,1.3002895870559736
OK,2020-10-05,0.9036409877897692
OK,2020-10-12,1.1600730737961804
OK,2020-10-19,1.1232253456824428
OK,2020-10-26,1.2619072871429904
OK,2020-11-02,1.1043541128503578
OK,2020-11-09,1.1898455981365272
OK,2020-11-16,1.0273331732973123
OK,2020-11-23,1.0526805029116424
OK,2020-11-30,0.955045239599036
OK,2020-12-07,1.0166013857229248
OK,2020-12-14,1.0488789807412051
OK,2020-12-21,0.9814339080747696
OK,2020-12-28,1.0030396158412405
OK,2021-01-04,1.0145608106766086
OK,2021-01-11,1.083316936159329
OK,2021-01-18,0.9943379237213694
OK,2021-01-25,1.0267961086713848
OK,2021-02-01,0.95731765649102
OK,2021-02-08,0.964917634643941
OK,2021-02-15,0.6827805886432382
OK,2021-02-22,0.9733276322496875
OK,2021-03-01,1.03447124992926
OK,2021-03-08,1.092207013694093
OK,2021-03-15,0.9199727141989475
OK,2021-03-22,0.8827474130626897
OK,2021-03-29,1.0355903823503632
OK,2021-04-05,1.0072581272059842
OK,2021-04-12,0.9818967351774792
OK,2021-04-19,0.953761570871058
OK,2021-04-26,0.9409839779210616
OK,2021-05-03,1.0587313689665336
OK,2021-05-10,1.13676276095415
OK,2021-05-17,1.064050821287464
OK,2021-05-24,1.0894764764792002
OK,2021-05-31,0.9238988610252216
OK,2021-06-07,0.9355280281111158
OK,2021-06-14,0.964598215153289
OK,2021-06-21,0.9469120633325432
OK,2021-06-28,1.0175008353948047
OK,2021-07-05,0.8700030519273949
OK,2021-07-12,1.1327953096757488
OK,2021-07-19,1.2613593158636072
OK,2021-07-26,1.471908615780415
OK,2021-08-02,1.2879950531832995
OK,2021-08-09,1.0949498230119286
OK,2021-08-16,0.9779235588051114
OK,2021-08-23,1.070070439944091
OK,2021-08-30,1.1058265672174554
OK,2021-09-06,1.0768206977980297
OK,2021-09-13,0.9762757956343304
OK,2021-09-20,0.9517655968622653
OK,2021-09-27,0.9279278685437486
OK,2021-10-04,0.9185452322546503
OK,2021-10-11,0.9862168819701816
OK,2021-10-18,1.1201695601672297
OK,2021-10-25,1.0950264705617874
OK,2021-11-01,1.0108798526116978
OK,2021-11-08,0.9922874047121
OK,2021-11-15,1.0669230847620113
OK,2021-11-22,1.1218660524218445
OK,2021-11-29,1.0401395421513635
OK,2021-12-06,1.0350881450691956
OK,2021-12-13,1.0079893819238652
OK,2021-12-20,1.1663222707263885
OK,2021-12-27,1.239938998027321
OK,2022-01-03,1.2233393207127574
OK,2022-01-10,1.1245932840836417
OK,2022-01-17,0.8943552754881615
OK,2022-01-24,1.0287534137559498
OK,2022-01-31,0.9185736539293526
OK,2022-02-07,0.9921693800201103
OK,2022-02-14,0.833278414149258
OK,2022-02-21,0.9417281845158118
OK,2022-02-28,0.926835054847254
OK,2022-03-07,1.1780376168373758
OK,2022-03-14,1.114212991243525
OK,2022-03-21,1.1985893456066734
OK,2022-03-28,0.9610959597568008
OK,2022-04-04,0.9713157193949136
OK,2022-04-11,0.9968119093823372
OK,2022-04-18,0.9958416757522608
OK,2022-04-25,0.8647782049290904
OK,2022-05-02,1.031327548905515
OK,2022-05-09,1.0458406923471737
OK,2022-05-16,1.189635709213582
OK,2022-05-23,0.9424835775728964
OK,2022-05-30,0.8082596458562414
OK,2022-06-06,0.7959332129103751
OK,2022-06-13,0.8568230683230625
OK,2022-06-20,1.1971722447665092
OK,2022-06-27,1.1847236265736694
OK,2022-07-04,1.1174228990355484
OK,2022-07-11,0.9038177350387464
OK,2022-07-18,0.8938417086293937
OK,2022-07-25,0.953894760087761
OK,2022-08-01,0.9188379701251108
OK,2022-08-08,0.9899034107170868
OK,2022-08-15,0.961654069527266
OK,2022-08-22,1.0759284071664676
OK,2022-08-29,1.02571341239776
OK,2022-09-05,1.0799857743807146
OK,2022-09-12,1.0556610182134694
OK,2022-09-19,1.0820038363341118
OK,2022-09-26,1.025565844583757
OK,2022-10-03,1.1937442549036106
OK,2022-10-10,1.2114707487457377
OK,2022-10-17,1.2000675476232303
OK,2022-10-24,1.0546493577142393
OK,2022-10-31,1.148264157118126
OK,2022-11-07,1.225372340945009
OK,2022-11-14,1.1989694906725423
OK,2022-11-21,1.186982704637939
OK,2022-11-28,1.1978972023069694
OK,2022-12-05,1.2328119068833256
OK,2022-12-12,1.171724052472348
OK,2022-12-19,1.0361531859626625
OK,2022-12-26,0.958394208919871
OK,2023-01-02,0.8666234163633834
OK,2023-01-09,0.8253208851422009
OK,2023-01-16,0.7766748643948271
OK,2023-01-23,0.8285815071596011
OK,2023-01-30,1.0361635633722686
OK,2023-02-06,0.9616129464397724
OK,2023-02-13,0.9413974626248988
OK,2023-02-20,0.8372852188809251
OK,2023-02-27,0.9440556663002748
OK,2023-03-06,1.0368491937876376
OK,2023-03-13,0.989467730578324
OK,2023-03-20,1.0162565053384631
OK,2023-03-27,1.0026217443673109
OK,2023-04-03,0.9872385975701132
OK,2023-04-10,0.98682185295588
OK,2023-04-17,0.9406303493104012
OK,2023-04-24,0.9214416554100968
OK,2023-05-01,0.9185683758700786
OK,2023-05-08,0.9430242771322292
OK,2023-05-15,0.9487140553703732
OK,2023-05-22,0.9334204845056614
OK,2023-05-29,0.911457304535126
OK,2023-06-05,0.9115749808197176
OK,2023-06-12,0.871821439715723
OK,2023-06-19,0.9241318519830588
OK,2023-06-26,0.8743020885041854
OK,2023-07-03,0.9159961639133944
OK,2023-07-10,0.8927205475348627
OK,2023-07-17,0.9799391555143534
OK,2023-07-24,1.0236161455605626
OK,2023-07-31,1.0447265866743152
OK,2023-08-07,1.0352526540688187
OK,2023-08-14,1.160683598599199
OK,2023-08-21,1.0937688049201857
OK,2023-08-28,1.1585005428839124
OK,2023-09-04,1.1839428690114422
OK,2023-09-11,1.2199252359252415
OK,2023-09-18,1.1853867661648532
OK,2023-09-25,1.045137146643586
OK,2023-10-02,1.072735316146888
OK,2023-10-09,0.9697537805634396
OK,2023-10-16,0.970713875531839
OK,2023-10-23,1.0133253133776483
OK,2023-10-30,1.1074809889035937
OK,2023-11-06,1.1557007714404133
OK,2023-11-13,1.1098465180145958
OK,2023-11-20,1.0424554574660638
OK,2023-11-27,1.0566878565073303
OK,2023-12-04,1.0988360819040612
OK,2023-12-11,1.1345252425553989
OK,2023-12-18,1.1067580400174757
OK,2023-12-25,1.0595886897710796
OK,2024-01-01,1.0916357453624512
OK,2024-01-08,1.0586144215432942
OK,2024-01-15,0.9747382506707276
OK,2024-01-22,0.8910428564164782
OK,2024-01-29,0.9882263809344732
OK,2024-02-05,1.1616037079078465
OK,2024-02-12,1.2236858775158317
OK,2024-02-19,1.091378682877915
OK,2024-02-26,0.9707335035186476
OK,2024-03-04,0.9213778715365628
OK,2024-03-11,0.9357356246817916
OK,2024-03-18,0.8889989994370157
OK,2024-03-25,0.8856042282030651
OK,2024-04-01,0.8497091707228143
OK,2024-04-08,0.866393650861247
OK,2024-04-15,0.9410599820540142
OK,2024-04-22,0.923766294282936
OK,2024-04-29,0.9426559800026552
OK,2024-05-06,0.9296475141870588
OK,2024-05-13,0.943672859812728
OK,2024-05-20,0.9528390779739764
OK,2024-05-27,0.917912328091036
OK,2024-06-03,0.8786692210798701
OK,2024-06-10,0.8507233758809785
OK,2024-06-17,0.8703440586842013
OK,2024-06-24,0.908026925502198
OK,2024-07-01,0.9371664365967376
OK,2024-07-08,0.979375375472161
OK,2024-07-15,1.0074959773390215
OK,2024-07-22,1.040219973157472
OK,2024-07-29,1.0292640788113272
OK,2024-08-05,1.0921093561366473
OK,2024-08-12,1.084424471913544
OK,2024-08-19,1.0325536420110364
OK,2024-08-26,1.1401954331326611
OK,2024-09-02,1.1462988922305697
OK,2024-09-09,1.1536493745290994
OK,2024-09-16,1.0273453789696942
OK,2024-09-23,0.9783233118750118
OK,2024-09-30,0.9918805707979396
OK,2024-10-07,1.0022295921453506
OK,2024-10-14,1.0299979770664336
OK,2024-10-21,1.036892094461799
OK,2024-10-28,0.9862074356732607
OK,2024-11-04,1.034588257843018
OK,2024-11-11,1.0310636263439183
OK,2024-11-18,1.0645805569499238
OK,2024-11-25,1.0509195436882204
OK,2024-12-02,1.068684436415739
OK,2024-12-09,1.0800643506053644
OK,2024-12-16,1.0620412728308748
OK,2024-12-23,1.1392457056744216
OK,2024-12-30,1.2990697683191377
OK,2025-01-06,1.242321410241026
OK,2025-01-13,1.1138930292126532
OK,2025-01-20,0.9575660188674296
OK,2025-01-27,1.174183166525037
OK,2025-02-03,1.2292913901114029
OK,2025-02-10,1.1933051684021447
OK,2025-02-17,0.9633028591422744
OK,2025-02-24,0.8622756105821582
OK,2025-03-03,0.7675814713978761
OK,2025-03-10,0.7796608261768955
OK,2025-03-17,0.8133113780016384
OK,2025-03-24,0.8464858706119863
OK,2025-03-31,0.8954189917843591
OK,2025-04-07,0.8724836059200453
OK,2025-04-14,0.9019416848936508
OK,2025-04-21,0.9225852645772392
OK,2025-04-28,0.9593442564072896
OK,2025-05-05,0.9721702431211136
OK,2025-05-12,0.9166695024071208
OK,2025-05-19,0.9171944959838814
OK,2025-05-26,0.9363956963143832
OK,2025-06-02,0.9490095114278164
OK,2025-06-09,0.9347113478638062
OK,2025-06-16,0.9190211727580412
OK,2025-06-23,0.89935827950481
OK,2025-06-30,0.9127913120956448
OK,2025-07-07,0.9099035448520628
OK,2025-07-14,0.9910602350778104
OK,2025-07-21,1.01675362055729
OK,2025-07-28,1.0041356103883947
OK,2025-08-04,0.977636842253916
OK,2025-08-11,1.0879701395579122
OK,2025-08-18,1.1070573212563843
OK,2025-08-25,1.1513182900820906
OK,2025-09-01,1.1971562890789753
OK,2025-09-08,1.201236688513966
OK,2025-09-15,1.1842278969684248
OR,2016-10-10,1.0
OR,2016-10-17,0.8333309496631621
OR,2016-10-24,1.0447128484930777
OR,2016-10-31,1.0011802105185093
OR,2016-11-07,1.258719062072453
OR,2016-11-14,1.1425664137400913
OR,2016-11-21,1.0529251801161938
OR,2016-11-28,1.0747111102109108
OR,2016-12-05,1.0230088192306466
OR,2016-12-12,1.1691847915314262
OR,2016-12-19,1.2525077428996776
OR,2016-12-26,1.2626930880266207
OR,2017-01-02,1.6817296225575942
OR,2017-01-09,1.326378884342191
OR,2017-01-16,1.099453714352709
OR,2017-01-23,1.1329525146978434
OR,2017-01-30,1.2748245936876068
OR,2017-02-06,1.5302655913453709
OR,2017-02-13,1.098143507852687
OR,2017-02-20,1.0312797066038948
OR,2017-02-27,0.9622312522644266
OR,2017-03-06,0.922374839713009
OR,2017-03-13,0.8476178179418975
OR,2017-03-20,1.0060931622370233
OR,2017-03-27,0.9308622214311592
OR,2017-04-03,0.9482262028996734
OR,2017-04-10,0.8661170508239879
OR,2017-04-17,0.8372828489891799
OR,2017-04-24,0.9653518657624964
OR,2017-05-01,0.7919299059192128
OR,2017-05-08,1.256842854097611
OR,2017-05-15,1.072884220210971
OR,2017-05-22,1.2336067630665222
OR,2017-05-29,0.7622647591424428
OR,2017-06-05,0.99606600609456
OR,2017-06-12,0.9965115515238188
OR,2017-06-19,1.0111087701773722
OR,2017-06-26,1.059931927315759
OR,2017-07-03,1.0234689076436956
OR,2017-07-10,0.919803247220334
OR,2017-07-17,0.9814465887740288
OR,2017-07-24,1.0118614122305822
OR,2017-07-31,1.1753556960659597
OR,2017-08-07,1.2148734856259815
OR,2017-08-14,1.1760685884225368
OR,2017-08-21,1.0736846601363887
OR,2017-08-28,1.1440343924978598
OR,2017-09-04,1.30654592241095
OR,2017-09-11,1.2874822191682462
OR,2017-09-18,1.5879173025005997
OR,2017-09-25,1.3608177849259226
OR,2017-10-02,1.5039212265303314
OR,2017-10-09,1.0945067193089126
OR,2017-10-16,1.2060710088314155
OR,2017-10-23,1.257521338037091
OR,2017-10-30,1.0145526466442536
OR,2017-11-06,1.0890482596925346
OR,2017-11-13,1.0792313235005635
OR,2017-11-20,1.0497881555363098
OR,2017-11-27,1.0975422938408237
OR,2017-12-04,1.0348128567342323
OR,2017-12-11,1.158993909799608
OR,2017-12-18,1.1440349372810965
OR,2017-12-25,1.357970027755142
OR,2018-01-01,1.3688563555597602
OR,2018-01-08,1.2166912355275448
OR,2018-01-15,1.0581077566744423
OR,2018-01-22,1.0098605975856016
OR,2018-01-29,1.0237448323700908
OR,2018-02-05,1.033491453872802
OR,2018-02-12,0.957244563413675
OR,2018-02-19,0.9280987523076544
OR,2018-02-26,0.8775062060365176
OR,2018-03-05,0.8594696485246375
OR,2018-03-12,0.8274349424207542
OR,2018-03-19,0.8943935849364432
OR,2018-03-26,0.946787169177354
OR,2018-04-02,0.9718431446865592
OR,2018-04-09,0.8781451206490246
OR,2018-04-16,0.8617828347088096
OR,2018-04-23,0.8661816304493525
OR,2018-04-30,0.8859129695431245
OR,2018-05-07,0.9358693999287157
OR,2018-05-14,0.9125139317506604
OR,2018-05-21,0.9310282452878016
OR,2018-05-28,0.9536681542402824
OR,2018-06-04,1.004300761143425
OR,2018-06-11,1.007024077593001
OR,2018-06-18,0.946224216691962
OR,2018-06-25,0.935719007857818
OR,2018-07-02,0.9202706731028576
OR,2018-07-09,0.9688355680478632
OR,2018-07-16,0.919203740378332
OR,2018-07-23,0.9551355888146792
OR,2018-07-30,0.893740787014532
OR,2018-08-06,0.932481235212222
OR,2018-08-13,1.024716184507929
OR,2018-08-20,1.0712644871878778
OR,2018-08-27,1.096983722064567
OR,2018-09-03,1.0744735266641745
OR,2018-09-10,1.144631397147566
OR,2018-09-17,1.0866396801095113
OR,2018-09-24,1.0683356402498505
OR,2018-10-01,1.0390190797418504
OR,2018-10-08,1.1341306432722624
OR,2018-10-15,1.0625783242598894
OR,2018-10-22,1.025337123573536
OR,2018-10-29,1.0173550341185584
OR,2018-11-05,1.0594644727537197
OR,2018-11-12,1.0627270408372658
OR,2018-11-19,1.072219348292991
OR,2018-11-26,1.0970219042016744
OR,2018-12-03,1.0507604574748293
OR,2018-12-10,1.0259081944016375
OR,2018-12-17,1.0597291373344062
OR,2018-12-24,1.1180983258307788
OR,2018-12-31,1.172117847717183
OR,2019-01-07,1.1114385881950302
OR,2019-01-14,1.0124866950327895
OR,2019-01-21,0.9753126993736314
OR,2019-01-28,1.030605724736811
OR,2019-02-04,1.2170595492167222
OR,2019-02-11,1.15540115995455
OR,2019-02-18,1.1330961506948307
OR,2019-02-25,1.0637833396013403
OR,2019-03-04,1.0946513918509693
OR,2019-03-11,1.017312837573312
OR,2019-03-18,1.0188880005244014
OR,2019-03-25,0.9503553098064476
OR,2019-04-01,0.8656518975422791
OR,2019-04-08,0.7591565873041862
OR,2019-04-15,0.7287938385277694
OR,2019-04-22,0.8780455082051792
OR,2019-04-29,0.908068257851654
OR,2019-05-06,0.9668471080971304
OR,2019-05-13,0.9039731447557108
OR,2019-05-20,0.9301257136951432
OR,2019-05-27,0.9481994221589252
OR,2019-06-03,1.0139872055045105
OR,2019-06-10,0.9331532725646232
OR,2019-06-17,0.9388172602737852
OR,2019-06-24,0.9363519857070036
OR,2019-07-01,0.9799135973137952
OR,2019-07-08,0.9420017131287868
OR,2019-07-15,0.8811927625629739
OR,2019-07-22,0.904102415408883
OR,2019-07-29,0.9110279699004992
OR,2019-08-05,1.0251910334249972
OR,2019-08-12,1.0097056569115257
OR,2019-08-19,1.009473809522346
OR,2019-08-26,1.0321888563633084
OR,2019-09-02,1.1428425623630694
OR,2019-09-09,1.115549084130102
OR,2019-09-16,1.112699691166232
OR,2019-09-23,1.0757685034530169
OR,2019-09-30,1.118534830592163
OR,2019-10-07,1.2291355564669744
OR,2019-10-14,1.0903664462191456
OR,2019-10-21,1.1284812433054037
OR,2019-10-28,0.9983746367373616
OR,2019-11-04,1.082105250651356
OR,2019-11-11,1.0373944270451678
OR,2019-11-18,1.016340256266511
OR,2019-11-25,1.1609426121920083
OR,2019-12-02,1.2379929115072206
OR,2019-12-09,1.2432186110895176
OR,2019-12-16,1.1761312111440945
OR,2019-12-23,1.1750957865947322
OR,2019-12-30,1.3045049709217702
OR,2020-01-06,1.1394980221607651
OR,2020-01-13,0.9413117004981632
OR,2020-01-20,0.8450703982140513
OR,2020-01-27,0.9697183782902176
OR,2020-02-03,1.1325926136476403
OR,2020-02-10,1.07480717493643
OR,2020-02-17,1.015674054431191
OR,2020-02-24,0.9203978575453828
OR,2020-03-02,1.0922733688660424
OR,2020-03-09,1.0740377742082194
OR,2020-03-16,1.1638831739177489
OR,2020-03-23,1.0518057114918002
OR,2020-03-30,0.9594949034419048
OR,2020-04-06,0.8497197733002292
OR,2020-04-13,0.7055494012124597
OR,2020-04-20,0.7243350984995919
OR,2020-04-27,0.8142806145410728
OR,2020-05-04,0.8735236789628219
OR,2020-05-11,0.9171226671860334
OR,2020-05-18,0.8593680917374457
OR,2020-05-25,0.9088402279662108
OR,2020-06-01,0.9065848579225324
OR,2020-06-08,0.9792948410564712
OR,2020-06-15,0.9332747031109574
OR,2020-06-22,1.0117104693956076
OR,2020-06-29,0.9768904684474266
OR,2020-07-06,1.2073024242400625
OR,2020-07-13,1.130401744215609
OR,2020-07-20,1.093795493171039
OR,2020-07-27,0.9288065638851049
OR,2020-08-03,1.0459673560138465
OR,2020-08-10,1.052348844005814
OR,2020-08-17,0.9325748304498376
OR,2020-08-24,0.9152507232696472
OR,2020-08-31,0.9894512359415591
OR,2020-09-07,1.0957350826108636
OR,2020-09-14,1.0371365386989058
OR,2020-09-21,1.0055310891557865
OR,2020-09-28,1.0281990396294929
OR,2020-10-05,1.1663115336075816
OR,2020-10-12,1.1152569589554753
OR,2020-10-19,1.0325626644106125
OR,2020-10-26,0.960193661141396
OR,2020-11-02,0.9996428105790685
OR,2020-11-09,1.109637152174689
OR,2020-11-16,1.0684930935122443
OR,2020-11-23,1.0268512624292376
OR,2020-11-30,0.9560870372951216
OR,2020-12-07,0.9579704975070212
OR,2020-12-14,0.9576913186322488
OR,2020-12-21,0.924904391681896
OR,2020-12-28,0.924960208878206
OR,2021-01-04,0.964923573447924
OR,2021-01-11,1.0003383751806978
OR,2021-01-18,0.934744132358805
OR,2021-01-25,0.9016195266640692
OR,2021-02-01,0.9955901133679124
OR,2021-02-08,0.9617288259477178
OR,2021-02-15,0.9664135333189324
OR,2021-02-22,0.8849159491349553
OR,2021-03-01,0.9995630687353242
OR,2021-03-08,0.9578977861428362
OR,2021-03-15,0.9980446013386622
OR,2021-03-22,0.9424054106866654
OR,2021-03-29,1.0552203066501442
OR,2021-04-05,1.0732110574829032
OR,2021-04-12,1.0636585222258277
OR,2021-04-19,1.1403562331577937
OR,2021-04-26,1.0670479366967442
OR,2021-05-03,1.076138976562821
OR,2021-05-10,0.9565290217255222
OR,2021-05-17,0.97147595703643
OR,2021-05-24,0.9632919041193264
OR,2021-05-31,0.9912637551241064
OR,2021-06-07,1.0486921397183786
OR,2021-06-14,1.0678869114392695
OR,2021-06-21,1.0304523141856636
OR,2021-06-28,0.9655672234255048
OR,2021-07-05,1.0223760438356213
OR,2021-07-12,1.0523223911922637
OR,2021-07-19,1.0852986886104774
OR,2021-07-26,1.0907310511294792
OR,2021-08-02,1.1578215059740242
OR,2021-08-09,1.1715557794729277
OR,2021-08-16,1.1475031429463016
OR,2021-08-23,1.0239456207779258
OR,2021-08-30,1.042776152430895
OR,2021-09-06,1.017427343401231
OR,2021-09-13,1.0177230154979469
OR,2021-09-20,0.9405681668605638
OR,2021-09-27,0.95265291796105
OR,2021-10-04,0.8914777663054898
OR,2021-10-11,1.0560238618618825
OR,2021-10-18,1.016467062639958
OR,2021-10-25,1.078297145892667
OR,2021-11-01,0.971513289407036
OR,2021-11-08,0.993621636278518
OR,2021-11-15,1.0101629226372912
OR,2021-11-22,0.9873783477642416
OR,2021-11-29,1.0472919726374506
OR,2021-12-06,1.0729071031522257
OR,2021-12-13,1.056242859402644
OR,2021-12-20,1.0424291814097415
OR,2021-12-27,1.1182208818692576
OR,2022-01-03,1.2494707492601975
OR,2022-01-10,1.179871135771257
OR,2022-01-17,1.05239261692734
OR,2022-01-24,0.8488839359067705
OR,2022-01-31,0.7765601514234494
OR,2022-02-07,0.7892857518249611
OR,2022-02-14,0.8580005630931009
OR,2022-02-21,0.8746980952253034
OR,2022-02-28,0.9153887098800292
OR,2022-03-07,1.0021989962958993
OR,2022-03-14,1.1183656713290264
OR,2022-03-21,1.070618834510478
OR,2022-03-28,1.0326955402115348
OR,2022-04-04,1.0299977927000614
OR,2022-04-11,1.0469119545086092
OR,2022-04-18,1.065822219745417
OR,2022-04-25,1.0527638223459193
OR,2022-05-02,1.116318743500839
OR,2022-05-09,1.0573417488619972
OR,2022-05-16,1.070659223466211
OR,2022-05-23,1.004110631925669
OR,2022-05-30,1.007256592393822
OR,2022-06-06,1.0067739919580727
OR,2022-06-13,0.9450526661046416
OR,2022-06-20,0.9638126936447752
OR,2022-06-27,0.9379101483382096
OR,2022-07-04,0.947158248179512
OR,2022-07-11,0.960257668725939
OR,2022-07-18,0.8652202466353831
OR,2022-07-25,0.9671403113705852
OR,2022-08-01,0.9857970084514892
OR,2022-08-08,1.020563515550608
OR,2022-08-15,0.9439309744839732
OR,2022-08-22,0.960863171107565
OR,2022-08-29,1.0415068992507477
OR,2022-09-05,1.076654521535753
OR,2022-09-12,1.0663574300412226
OR,2022-09-19,1.0442244779350762
OR,2022-09-26,1.073093590015192
OR,2022-10-03,1.094114821285381
OR,2022-10-10,1.0980712500015202
OR,2022-10-17,1.0412966778696624
OR,2022-10-24,1.0555742007634767
OR,2022-10-31,1.1078042993964043
OR,2022-11-07,1.3432927648990551
OR,2022-11-14,1.2882059257189706
OR,2022-11-21,1.264991887125675
OR,2022-11-28,1.1945087017817837
OR,2022-12-05,1.2001704727714997
OR,2022-12-12,1.1214959721223805
OR,2022-12-19,0.9462887890955692
OR,2022-12-26,0.8825248406178099
OR,2023-01-02,0.8499236281887689
OR,2023-01-09,0.7600134533078927
OR,2023-01-16,0.8963252794480613
OR,2023-01-23,0.7638107760937408
OR,2023-01-30,1.0497895795166166
OR,2023-02-06,0.995501017736402
OR,2023-02-13,1.158921025506234
OR,2023-02-20,1.0058242983325163
OR,2023-02-27,0.9719460780054588
OR,2023-03-06,1.0210447685099278
OR,2023-03-13,0.9919072685253604
OR,2023-03-20,0.9859287650335078
OR,2023-03-27,1.0239333718395562
OR,2023-04-03,1.0196444596398584
OR,2023-04-10,0.9375904670537512
OR,2023-04-17,0.9482869902664716
OR,2023-04-24,0.9593338380437076
OR,2023-05-01,1.025674765561131
OR,2023-05-08,0.97180060352827
OR,2023-05-15,0.984210840011712
OR,2023-05-22,0.9530679401366196
OR,2023-05-29,0.943363519779181
OR,2023-06-05,1.086934104056804
OR,2023-06-12,1.0492027555702237
OR,2023-06-19,1.0852367896828083
OR,2023-06-26,0.876750541559992
OR,2023-07-03,0.9298496863911112
OR,2023-07-10,0.960371253989726
OR,2023-07-17,0.9132764647810304
OR,2023-07-24,0.9097693832156024
OR,2023-07-31,0.9375226719819244
OR,2023-08-07,1.0099660670838102
OR,2023-08-14,1.1240719407430926
OR,2023-08-21,1.0756620584781438
OR,2023-08-28,1.1073898132846132
OR,2023-09-04,1.105230343380157
OR,2023-09-11,1.1171183443067867
OR,2023-09-18,1.0531919486948491
OR,2023-09-25,1.0520927204359962
OR,2023-10-02,1.0460644732902675
OR,2023-10-09,1.027907278306153
OR,2023-10-16,1.0210077687082575
OR,2023-10-23,0.9796123277117323
OR,2023-10-30,1.0331203624156189
OR,2023-11-06,1.0704049348081126
OR,2023-11-13,1.0768150529700735
OR,2023-11-20,1.0745781263307097
OR,2023-11-27,1.0295215664257342
OR,2023-12-04,1.1045160831706238
OR,2023-12-11,1.0616196841624412
OR,2023-12-18,1.103915965525042
OR,2023-12-25,1.1166662182875418
OR,2024-01-01,1.176586492907122
OR,2024-01-08,1.045582409307626
OR,2024-01-15,0.9315440050202466
OR,2024-01-22,0.8441270830965386
OR,2024-01-29,0.9051341861030096
OR,2024-02-05,1.1094337224041406
OR,2024-02-12,1.1229705178227425
OR,2024-02-19,1.127938895520049
OR,2024-02-26,0.8937250374069285
OR,2024-03-04,0.9643688836648624
OR,2024-03-11,0.9368906979209018
OR,2024-03-18,1.0194416919699016
OR,2024-03-25,0.9310201551624772
OR,2024-04-01,0.9688348788536372
OR,2024-04-08,0.9273641021837876
OR,2024-04-15,1.0076737440260255
OR,2024-04-22,0.9015733953713032
OR,2024-04-29,0.9906549461192936
OR,2024-05-06,0.9577866042846416
OR,2024-05-13,1.0497884872903394
OR,2024-05-20,1.0016474750391384
OR,2024-05-27,0.9495689286904748
OR,2024-06-03,1.024404071160378
OR,2024-06-10,0.9651628708152185
OR,2024-06-17,0.9560023543814932
OR,2024-06-24,0.908027669282978
OR,2024-07-01,0.943364661097359
OR,2024-07-08,0.9578555502018168
OR,2024-07-15,0.975921075840194
OR,2024-07-22,0.8982799007801077
OR,2024-07-29,1.0255782545406829
OR,2024-08-05,1.024444744260457
OR,2024-08-12,1.034712267339517
OR,2024-08-19,0.9798701925994656
OR,2024-08-26,1.022825084394679
OR,2024-09-02,1.0984288973614598
OR,2024-09-09,1.0656226269204316
OR,2024-09-16,1.0243987728926651
OR,2024-09-23,1.0530671905232396
OR,2024-09-30,0.9850771693757366
OR,2024-10-07,1.1089124001537396
OR,2024-10-14,1.0106754660356998
OR,2024-10-21,1.0498810650076589
OR,2024-10-28,0.9849444846933754
OR,2024-11-04,1.0839044379044314
OR,2024-11-11,1.058962989979803
OR,2024-11-18,1.0965065255416415
OR,2024-11-25,1.1010180102302909
OR,2024-12-02,1.1986020451847204
OR,2024-12-09,1.183714830772704
OR,2024-12-16,1.3001488177930605
OR,2024-12-23,1.3936474928075795
OR,2024-12-30,1.411250470159212
OR,2025-01-06,1.1393060669606376
OR,2025-01-13,0.8300594908682576
OR,2025-01-20,0.8314778237957078
OR,2025-01-27,0.9995581024855158
OR,2025-02-03,1.212211917188028
OR,2025-02-10,1.1810289253469153
OR,2025-02-17,1.074942873183557
OR,2025-02-24,0.918964800634313
OR,2025-03-03,0.8811393359325881
OR,2025-03-10,0.7840985144299639
OR,2025-03-17,0.8654340228750733
OR,2025-03-24,0.8636293661882001
OR,2025-03-31,0.950271962048019
OR,2025-04-07,0.8408278668930733
OR,2025-04-14,0.8824432079791775
OR,2025-04-21,0.8637963653674653
OR,2025-04-28,0.995945571251733
OR,2025-05-05,0.9840325152832584
OR,2025-05-12,1.047272736722681
OR,2025-05-19,0.9206778794421376
OR,2025-05-26,0.9943729998135448
OR,2025-06-02,1.0775135500432442
OR,2025-06-09,0.9846930400668432
OR,2025-06-16,0.9883592340793834
OR,2025-06-23,0.8873069794912404
OR,2025-06-30,1.022615918222539
OR,2025-07-07,0.9195574909144192
OR,2025-07-14,0.8980177209036722
OR,2025-07-21,0.8874529629962153
OR,2025-07-28,0.9072865902049344
OR,2025-08-04,1.1026034345043128
OR,2025-08-11,1.0651775206753438
OR,2025-08-18,1.0613374647184382
OR,2025-08-25,1.052208057276755
OR,2025-09-01,1.140665990300585
OR,2025-09-08,1.146678759621645
OR,2025-09-15,1.0220575166605688
PA,2016-10-10,1.0
PA,2016-10-17,0.8523104027838494
PA,2016-10-24,0.9900242510079532
PA,2016-10-31,0.9814493587785794
PA,2016-11-07,1.1246763067651553
PA,2016-11-14,1.0431641654847423
PA,2016-11-21,1.0723327005011765
PA,2016-11-28,1.057615598368571
PA,2016-12-05,1.001627190599316
PA,2016-12-12,1.0721799558451002
PA,2016-12-19,1.0947598953805335
PA,2016-12-26,1.174011948800769
PA,2017-01-02,1.2489094901739983
PA,2017-01-09,1.1351689546228405
PA,2017-01-16,1.1021337321375957
PA,2017-01-23,1.0187756963503638
PA,2017-01-30,1.1247826073934433
PA,2017-02-06,1.1518232578628358
PA,2017-02-13,1.1917607491951148
PA,2017-02-20,1.0645950670616553
PA,2017-02-27,1.0150493118769282
PA,2017-03-06,0.7871465801032308
PA,2017-03-13,0.9122480271629216
PA,2017-03-20,0.9367213338400456
PA,2017-03-27,1.0018301355509491
PA,2017-04-03,0.9778666622798032
PA,2017-04-10,0.8690774939231766
PA,2017-04-17,0.8980021599118572
PA,2017-04-24,0.8277398208269254
PA,2017-05-01,0.8658941719101707
PA,2017-05-08,0.8989366400920809
PA,2017-05-15,0.8609210768660568
PA,2017-05-22,1.0092698449405062
PA,2017-05-29,0.9040634753826694
PA,2017-06-05,1.0826187613594065
PA,2017-06-12,0.9350437133452028
PA,2017-06-19,0.9929444853101296
PA,2017-06-26,0.8728234332607386
PA,2017-07-03,0.9192105165741083
PA,2017-07-10,1.0075549559843064
PA,2017-07-17,0.9180712499156392
PA,2017-07-24,1.0764679564187107
PA,2017-07-31,1.0337192949109768
PA,2017-08-07,1.1955509518264116
PA,2017-08-14,0.9391297779470028
PA,2017-08-21,1.05186399236937
PA,2017-08-28,0.9784469908014258
PA,2017-09-04,1.2354395937079437
PA,2017-09-11,1.0945088290544172
PA,2017-09-18,1.1141953201215609
PA,2017-09-25,1.0187930322624794
PA,2017-10-02,1.1449705323260646
PA,2017-10-09,1.070341071007609
PA,2017-10-16,1.0950743028476202
PA,2017-10-23,1.0035273561927496
PA,2017-10-30,1.079472128836546
PA,2017-11-06,1.0597177213514084
PA,2017-11-13,1.0708851708897602
PA,2017-11-20,1.071147118204898
PA,2017-11-27,1.0469743422972118
PA,2017-12-04,1.0362442261806677
PA,2017-12-11,1.0462914112595405
PA,2017-12-18,1.0799052921321264
PA,2017-12-25,1.1804550246247958
PA,2018-01-01,1.2891321479096531
PA,2018-01-08,1.202793833092607
PA,2018-01-15,1.138199880839356
PA,2018-01-22,1.094399481952394
PA,2018-01-29,1.151352159556544
PA,2018-02-05,1.1700415289821495
PA,2018-02-12,1.1150578168509957
PA,2018-02-19,1.0453701202086618
PA,2018-02-26,0.91525436519588
PA,2018-03-05,0.794840467116189
PA,2018-03-12,0.7520133690444902
PA,2018-03-19,0.8141893698363002
PA,2018-03-26,0.8976662918599083
PA,2018-04-02,0.9381816977769836
PA,2018-04-09,0.8963623496421759
PA,2018-04-16,0.898969957920378
PA,2018-04-23,0.8738176588893845
PA,2018-04-30,0.9171958330395809
PA,2018-05-07,0.9026220340661956
PA,2018-05-14,0.8997282554920902
PA,2018-05-21,0.8834926938567202
PA,2018-05-28,0.9402977085883256
PA,2018-06-04,0.9656777715557678
PA,2018-06-11,0.9843396836151382
PA,2018-06-18,0.9275485850865888
PA,2018-06-25,0.920770308684266
PA,2018-07-02,0.922248990785802
PA,2018-07-09,0.9679097226275186
PA,2018-07-16,0.9823615623694888
PA,2018-07-23,0.9187009604600784
PA,2018-07-30,0.9359260000968082
PA,2018-08-06,0.9979909174915348
PA,2018-08-13,1.0327149244160734
PA,2018-08-20,1.0642948083888208
PA,2018-08-27,1.0470238855336156
PA,2018-09-03,1.117887214775374
PA,2018-09-10,1.1458906469522958
PA,2018-09-17,1.165221324044608
PA,2018-09-24,1.1315559000613962
PA,2018-10-01,1.0877811972449731
PA,2018-10-08,1.048548111967186
PA,2018-10-15,1.0712898313881118
PA,2018-10-22,1.0102985130013051
PA,2018-10-29,1.0531223187550451
PA,2018-11-05,1.0350693008321328
PA,2018-11-12,1.0771371447352067
PA,2018-11-19,1.0504974028117169
PA,2018-11-26,1.0712280270145853
PA,2018-12-03,1.0202127228335578
PA,2018-12-10,1.0363016299749632
PA,2018-12-17,1.0571540855968715
PA,2018-12-24,1.145262559172815
PA,2018-12-31,1.2419663407117514
PA,2019-01-07,1.1179363211877635
PA,2019-01-14,1.0407846769320015
PA,2019-01-21,0.9284868161259572
PA,2019-01-28,1.051449180268759
PA,2019-02-04,1.1112869959288567
PA,2019-02-11,1.105578695307455
PA,2019-02-18,1.0730148632485266
PA,2019-02-25,1.046032925456705
PA,2019-03-04,0.9944601726303284
PA,2019-03-11,0.9645085870342488
PA,2019-03-18,0.9638353064628672
PA,2019-03-25,0.9276825313233596
PA,2019-04-01,0.9168397065757764
PA,2019-04-08,0.8578490718132821
PA,2019-04-15,0.8732941390170029
PA,2019-04-22,0.8223813264417134
PA,2019-04-29,0.83318045548625
PA,2019-05-06,0.876691450526244
PA,2019-05-13,0.8995236407709618
PA,2019-05-20,0.904424630977486
PA,2019-05-27,0.9804896270136144
PA,2019-06-03,1.0087062410579444
PA,2019-06-10,1.0055880060452806
PA,2019-06-17,0.8997247854788123
PA,2019-06-24,0.921442950971356
PA,2019-07-01,0.934588401255698
PA,2019-07-08,0.9428444147411096
PA,2019-07-15,0.9178207304802108
PA,2019-07-22,0.9502168780746688
PA,2019-07-29,1.0133563393681957
PA,2019-08-05,0.99679378158556
PA,2019-08-12,1.0026813210495995
PA,2019-08-19,1.0032649016344348
PA,2019-08-26,1.0659636855222367
PA,2019-09-02,1.07452781946708
PA,2019-09-09,1.159728000716911
PA,2019-09-16,1.1590633539290465
PA,2019-09-23,1.1381882740717606
PA,2019-09-30,1.069442911016152
PA,2019-10-07,1.0548585092850633
PA,2019-10-14,1.05967556715879
PA,2019-10-21,1.0667878422258603
PA,2019-10-28,1.112564301338684
PA,2019-11-04,1.0280348447799543
PA,2019-11-11,1.061344709364209
PA,2019-11-18,1.0525789748097314
PA,2019-11-25,1.1358483100005243
PA,2019-12-02,1.0900097781588227
PA,2019-12-09,1.0708941586150054
PA,2019-12-16,1.0919756447270368
PA,2019-12-23,1.157041550409149
PA,2019-12-30,1.2927133180447956
PA,2020-01-06,1.2185070268607914
PA,2020-01-13,1.025392672297836
PA,2020-01-20,0.954643833689304
PA,2020-01-27,1.0160687135576676
PA,2020-02-03,1.1661355572158187
PA,2020-02-10,1.1093335406379146
PA,2020-02-17,1.0102408554818374
PA,2020-02-24,0.9305268515976576
PA,2020-03-02,0.9259261408579088
PA,2020-03-09,0.9755325198933692
PA,2020-03-16,1.0742297087786767
PA,2020-03-23,1.1356062285537232
PA,2020-03-30,1.032137960486213
PA,2020-04-06,0.8843291040362257
PA,2020-04-13,0.7374226790373667
PA,2020-04-20,0.775091120282047
PA,2020-04-27,0.7742137274062064
PA,2020-05-04,0.8084291530311276
PA,2020-05-11,0.8157696954379261
PA,2020-05-18,0.9059228805933136
PA,2020-05-25,0.8796380109907933
PA,2020-06-01,0.8855250640775683
PA,2020-06-08,0.8410071164089202
PA,2020-06-15,0.9299430197736258
PA,2020-06-22,0.9989565015091096
PA,2020-06-29,1.0955973726987491
PA,2020-07-06,1.0870810534350412
PA,2020-07-13,1.106280701358634
PA,2020-07-20,1.0696846641043205
PA,2020-07-27,1.026818678970881
PA,2020-08-03,1.0519854553877577
PA,2020-08-10,0.966045170450742
PA,2020-08-17,1.0415626003648049
PA,2020-08-24,0.9489321047637213
PA,2020-08-31,1.0520182311524278
PA,2020-09-07,0.9703333547403002
PA,2020-09-14,1.0871652144236847
PA,2020-09-21,0.9494816906948365
PA,2020-09-28,1.090757749380041
PA,2020-10-05,1.0275016464936215
PA,2020-10-12,1.1235086536337933
PA,2020-10-19,1.0055444282257098
PA,2020-10-26,1.0539898255777846
PA,2020-11-02,1.023243654507826
PA,2020-11-09,1.108324992901212
PA,2020-11-16,1.0856104965430815
PA,2020-11-23,1.0838613849068912
PA,2020-11-30,1.086324514406404
PA,2020-12-07,1.0152167363700195
PA,2020-12-14,1.0096698838443374
PA,2020-12-21,0.8856554914963491
PA,2020-12-28,0.9326201882147204
PA,2021-01-04,0.9355810506964398
PA,2021-01-11,0.9784960289238596
PA,2021-01-18,0.8913711919703665
PA,2021-01-25,0.9386467231081088
PA,2021-02-01,0.9191224621570704
PA,2021-02-08,0.9860260576509616
PA,2021-02-15,0.9335545198644716
PA,2021-02-22,0.9451644644069188
PA,2021-03-01,0.947793252002808
PA,2021-03-08,0.987139759210033
PA,2021-03-15,0.994886017601536
PA,2021-03-22,0.9972738247307636
PA,2021-03-29,1.0318040142803226
PA,2021-04-05,1.076844739982623
PA,2021-04-12,1.0275489330592738
PA,2021-04-19,1.049517677683394
PA,2021-04-26,0.967815189421535
PA,2021-05-03,1.057181527636067
PA,2021-05-10,1.0002721519978213
PA,2021-05-17,1.0107193061136894
PA,2021-05-24,0.9848549423352064
PA,2021-05-31,0.9772587996346048
PA,2021-06-07,1.01133858911045
PA,2021-06-14,0.989416037227596
PA,2021-06-21,1.0294976609952642
PA,2021-06-28,1.0318759676039475
PA,2021-07-05,1.0261428010840243
PA,2021-07-12,1.019802916284582
PA,2021-07-19,1.0327864687928514
PA,2021-07-26,1.0911732496066662
PA,2021-08-02,1.0878302124700765
PA,2021-08-09,1.1540608266467849
PA,2021-08-16,1.0967900521378475
PA,2021-08-23,1.0656833391741285
PA,2021-08-30,1.0695079205950109
PA,2021-09-06,1.0740945944878275
PA,2021-09-13,1.113432296050425
PA,2021-09-20,1.0426365553644577
PA,2021-09-27,1.0128745166084772
PA,2021-10-04,0.930506351612852
PA,2021-10-11,0.9736587142511414
PA,2021-10-18,0.9728973132257454
PA,2021-10-25,1.0143484699874703
PA,2021-11-01,0.9369123230345096
PA,2021-11-08,1.023007685089701
PA,2021-11-15,1.0458889379845164
PA,2021-11-22,1.1149629167204074
PA,2021-11-29,1.044399608340072
PA,2021-12-06,1.0283035751376577
PA,2021-12-13,1.0288066371927858
PA,2021-12-20,1.0881868721989605
PA,2021-12-27,1.1269252065649649
PA,2022-01-03,1.202739000301254
PA,2022-01-10,1.0918585416090745
PA,2022-01-17,0.9200377098345488
PA,2022-01-24,0.770460357472103
PA,2022-01-31,0.7829045762338016
PA,2022-02-07,0.8138695755817854
PA,2022-02-14,0.8438999798182543
PA,2022-02-21,0.9257423782305272
PA,2022-02-28,0.974042555221682
PA,2022-03-07,1.0440924574604695
PA,2022-03-14,1.0434977362368845
PA,2022-03-21,1.0800985259319742
PA,2022-03-28,1.0364824673284507
PA,2022-04-04,1.06980703836098
PA,2022-04-11,1.0538643738058888
PA,2022-04-18,1.033010741851922
PA,2022-04-25,1.008356608901107
PA,2022-05-02,1.004080854183408
PA,2022-05-09,1.0312385122033254
PA,2022-05-16,1.0291880960700015
PA,2022-05-23,1.0069707652936777
PA,2022-05-30,0.9658823439092994
PA,2022-06-06,0.9545853842267188
PA,2022-06-13,0.941383078166052
PA,2022-06-20,0.9183003669467806
PA,2022-06-27,0.9193391533511304
PA,2022-07-04,0.9358509811622684
PA,2022-07-11,0.9809001478162224
PA,2022-07-18,1.009377207795435
PA,2022-07-25,1.0171607702392804
PA,2022-08-01,1.0138914875333611
PA,2022-08-08,0.9971937313737412
PA,2022-08-15,0.9881282989069065
PA,2022-08-22,0.999912517372688
PA,2022-08-29,1.0211511918230878
PA,2022-09-05,1.1236483590689998
PA,2022-09-12,1.10690894639013
PA,2022-09-19,1.103326607765439
PA,2022-09-26,1.0031891621896756
PA,2022-10-03,1.0739822046432446
PA,2022-10-10,1.0871313701657863
PA,2022-10-17,1.122802034491913
PA,2022-10-24,1.1003556408061048
PA,2022-10-31,1.1788039529648568
PA,2022-11-07,1.2042613220666596
PA,2022-11-14,1.2014507879086551
PA,2022-11-21,1.076853714345563
PA,2022-11-28,1.1364483021954823
PA,2022-12-05,1.1317133667767243
PA,2022-12-12,1.105155256125084
PA,2022-12-19,0.9617201949452924
PA,2022-12-26,0.9227533271783244
PA,2023-01-02,0.9159921936338046
PA,2023-01-09,0.8113154829380527
PA,2023-01-16,0.7578019550546725
PA,2023-01-23,0.7796401365272456
PA,2023-01-30,0.8879974044400802
PA,2023-02-06,0.9768047738733112
PA,2023-02-13,0.9944068132743868
PA,2023-02-20,0.9989337015417524
PA,2023-02-27,0.9842509353686936
PA,2023-03-06,0.973746421702392
PA,2023-03-13,0.9907555077236266
PA,2023-03-20,0.9884622857017816
PA,2023-03-27,0.9975326980058102
PA,2023-04-03,0.9661135804863566
PA,2023-04-10,0.9470604650335164
PA,2023-04-17,0.9311912174169874
PA,2023-04-24,0.933451930940694
PA,2023-05-01,0.9557069005259536
PA,2023-05-08,0.9883445149483328
PA,2023-05-15,1.0027017673359064
PA,2023-05-22,0.9900073261181154
PA,2023-05-29,0.982608713846435
PA,2023-06-05,0.9596536693643958
PA,2023-06-12,0.9686734387507244
PA,2023-06-19,0.9407248481301954
PA,2023-06-26,0.9374290512798632
PA,2023-07-03,0.9394069201320294
PA,2023-07-10,0.9517184691827896
PA,2023-07-17,0.950414110066922
PA,2023-07-24,0.980267470317531
PA,2023-07-31,0.9860348852995776
PA,2023-08-07,1.0426387903990084
PA,2023-08-14,1.0296907574067664
PA,2023-08-21,1.071705173618497
PA,2023-08-28,1.0733004001096391
PA,2023-09-04,1.1370889724238682
PA,2023-09-11,1.1309595359630529
PA,2023-09-18,1.1023820571514902
PA,2023-09-25,1.1220093052613531
PA,2023-10-02,1.0402988139517506
PA,2023-10-09,1.0400345379503306
PA,2023-10-16,0.977683703269399
PA,2023-10-23,1.0554922292792523
PA,2023-10-30,1.0306503076812643
PA,2023-11-06,1.0868624550549226
PA,2023-11-13,1.0707801364369391
PA,2023-11-20,1.0869200206168437
PA,2023-11-27,1.078873186845137
PA,2023-12-04,1.083990136470431
PA,2023-12-11,1.0718710325806742
PA,2023-12-18,1.1405231587855909
PA,2023-12-25,1.1551255107001372
PA,2024-01-01,1.2087536453885022
PA,2024-01-08,1.026736298769728
PA,2024-01-15,0.9327415141858396
PA,2024-01-22,0.8298430393017483
PA,2024-01-29,0.9066181729231994
PA,2024-02-05,0.9777580624142572
PA,2024-02-12,1.0409339997536362
PA,2024-02-19,1.0307763507391594
PA,2024-02-26,1.0276909131021517
PA,2024-03-04,0.9947230761994004
PA,2024-03-11,0.9657682601424468
PA,2024-03-18,0.908136792646326
PA,2024-03-25,0.9039044798419018
PA,2024-04-01,0.9298981339147082
PA,2024-04-08,0.9469404059199772
PA,2024-04-15,0.909587585154602
PA,2024-04-22,0.8984596681295861
PA,2024-04-29,0.9077486435304768
PA,2024-05-06,0.9406052025091366
PA,2024-05-13,0.949996543961544
PA,2024-05-20,0.9614748258816128
PA,2024-05-27,0.9535238455648252
PA,2024-06-03,0.9909153964943144
PA,2024-06-10,0.9529275033086934
PA,2024-06-17,0.9509670564632218
PA,2024-06-24,0.8753584938821242
PA,2024-07-01,0.9573892977328224
PA,2024-07-08,0.9631505398286028
PA,2024-07-15,1.0363263953140658
PA,2024-07-22,0.9964827027623988
PA,2024-07-29,1.048197743944603
PA,2024-08-05,1.055820880332257
PA,2024-08-12,1.051159577289049
PA,2024-08-19,1.0319844350314311
PA,2024-08-26,1.090471045325665
PA,2024-09-02,1.0679191051360992
PA,2024-09-09,1.0807048286967018
PA,2024-09-16,1.0720486022175568
PA,2024-09-23,1.0768243140963694
PA,2024-09-30,1.0014463437194796
PA,2024-10-07,0.97764206560076
PA,2024-10-14,1.0188693086624343
PA,2024-10-21,1.0709903109746357
PA,2024-10-28,1.0873955925651924
PA,2024-11-04,1.0425570636690606
PA,2024-11-11,1.0130656251107577
PA,2024-11-18,1.0213814835063544
PA,2024-11-25,1.015744255949378
PA,2024-12-02,1.0511753108506507
PA,2024-12-09,1.0460312166522572
PA,2024-12-16,1.0634790950510955
PA,2024-12-23,1.1382367598597012
PA,2024-12-30,1.275253969970722
PA,2025-01-06,1.236198329903908
PA,2025-01-13,1.0632701316994837
PA,2025-01-20,0.954261885050826
PA,2025-01-27,1.0516023570861357
PA,2025-02-03,1.1764262967070027
PA,2025-02-10,1.1579150703651715
PA,2025-02-17,1.046342307317563
PA,2025-02-24,0.9140629735456748
PA,2025-03-03,0.8600918623455329
PA,2025-03-10,0.831761556591467
PA,2025-03-17,0.8465531343804742
PA,2025-03-24,0.8404625581026951
PA,2025-03-31,0.8794289189849741
PA,2025-04-07,0.9044871766970114
PA,2025-04-14,0.8949559819940205
PA,2025-04-21,0.9058893350788946
PA,2025-04-28,0.9205234132250696
PA,2025-05-05,0.9350877265699188
PA,2025-05-12,0.9442004132882116
PA,2025-05-19,0.9513583555640456
PA,2025-05-26,0.9558477738849092
PA,2025-06-02,1.0143666512755032
PA,2025-06-09,0.9508889232363092
PA,2025-06-16,0.9710539120568684
PA,2025-06-23,0.8730107158663283
PA,2025-06-30,0.9225557214817977
PA,2025-07-07,0.8988029701691622
PA,2025-07-14,0.9792662581075624
PA,2025-07-21,0.963338184240638
PA,2025-07-28,1.011488917345754
PA,2025-08-04,1.0027975621226983
PA,2025-08-11,1.066999868685811
PA,2025-08-18,1.0694212713651423
PA,2025-08-25,1.087312321001506
PA,2025-09-01,1.1554298377537393
PA,2025-09-08,1.1646552310951666
PA,2025-09-15,1.1605120404417522
RI,2016-10-10,1.0
RI,2016-10-17,0.9370366238102816
RI,2016-10-24,1.0726636996172831
RI,2016-10-31,0.9820636608997044
RI,2016-11-07,1.0757443747958744
RI,2016-11-14,0.9623863443818966
RI,2016-11-21,1.0321870933707096
RI,2016-11-28,1.0087089280844028
RI,2016-12-05,1.0187064829965933
RI,2016-12-12,1.0414564156557782
RI,2016-12-19,1.1118200886082357
RI,2016-12-26,1.1339610941533724
RI,2017-01-02,1.2528738845524687
RI,2017-01-09,1.1904159645242254
RI,2017-01-16,1.101837039565405
RI,2017-01-23,1.0155461735910023
RI,2017-01-30,1.1439020409608476
RI,2017-02-06,1.2720167282614911
RI,2017-02-13,1.3759477451729
RI,2017-02-20,1.1824743658250951
RI,2017-02-27,1.1067758717301417
RI,2017-03-06,0.8568119748016332
RI,2017-03-13,0.8927583146440299
RI,2017-03-20,0.8262135076969189
RI,2017-03-27,1.052132061247645
RI,2017-04-03,1.013602268899724
RI,2017-04-10,1.0197476186435517
RI,2017-04-17,0.8488636195502605
RI,2017-04-24,0.7368820442164257
RI,2017-05-01,0.6916531104796286
RI,2017-05-08,0.8254827501807255
RI,2017-05-15,0.9079551048043044
RI,2017-05-22,0.8789182979747944
RI,2017-05-29,0.84310236428214
RI,2017-06-05,0.9491177265065512
RI,2017-06-12,0.9886538102992054
RI,2017-06-19,0.9732705723882144
RI,2017-06-26,0.8771065273658205
RI,2017-07-03,1.045697462815715
RI,2017-07-10,0.9348439922506946
RI,2017-07-17,0.96983046816097
RI,2017-07-24,0.9153307829712152
RI,2017-07-31,1.0319192220883746
RI,2017-08-07,1.00717748556651
RI,2017-08-14,0.9803023429360254
RI,2017-08-21,0.9896510216522048
RI,2017-08-28,1.0769620748379174
RI,2017-09-04,1.2487202070379355
RI,2017-09-11,1.1751589039115498
RI,2017-09-18,1.1677449205987345
RI,2017-09-25,1.0985023306647257
RI,2017-10-02,1.201583992992401
RI,2017-10-09,1.1135835812864672
RI,2017-10-16,1.0129734261979824
RI,2017-10-23,1.053030259944234
RI,2017-10-30,1.1198883875404213
RI,2017-11-06,1.1133807747721725
RI,2017-11-13,1.0826296934234956
RI,2017-11-20,1.0458233875913396
RI,2017-11-27,1.1101614686094965
RI,2017-12-04,1.0045780717682185
RI,2017-12-11,1.3214705567076062
RI,2017-12-18,1.2286696243634572
RI,2017-12-25,1.4057080540541422
RI,2018-01-01,1.1483123446366164
RI,2018-01-08,1.2395112214049977
RI,2018-01-15,1.1602210892355729
RI,2018-01-22,1.191820505250795
RI,2018-01-29,1.1651517380073204
RI,2018-02-05,1.1429967561902297
RI,2018-02-12,1.136915150157795
RI,2018-02-19,1.0365491549987853
RI,2018-02-26,0.914302449139514
RI,2018-03-05,0.7165248635896072
RI,2018-03-12,0.7284665029659736
RI,2018-03-19,0.891191334259744
RI,2018-03-26,0.9350166109910084
RI,2018-04-02,0.9180036214077716
RI,2018-04-09,0.8486320850258088
RI,2018-04-16,0.9630864909656142
RI,2018-04-23,0.9524869377029154
RI,2018-04-30,0.7963313883151399
RI,2018-05-07,0.956408432450612
RI,2018-05-14,0.9006652992274267
RI,2018-05-21,1.0050599425627311
RI,2018-05-28,0.8469061557315849
RI,2018-06-04,0.901631705185462
RI,2018-06-11,0.892335256807581
RI,2018-06-18,0.92623825516414
RI,2018-06-25,1.0404137655429715
RI,2018-07-02,0.9623011503324922
RI,2018-07-09,1.0392133708206883
RI,2018-07-16,0.8902428288394808
RI,2018-07-23,1.014805229431497
RI,2018-07-30,0.8920410087081921
RI,2018-08-06,1.0082707086809026
RI,2018-08-13,1.08820597726529
RI,2018-08-20,1.0490906059033007
RI,2018-08-27,1.0798980937880316
RI,2018-09-03,1.0533835510701457
RI,2018-09-10,1.2134947859841152
RI,2018-09-17,1.1689695582545725
RI,2018-09-24,1.1334519490611283
RI,2018-10-01,1.0511640571634917
RI,2018-10-08,1.0907516165986129
RI,2018-10-15,1.1085158020430343
RI,2018-10-22,1.0276098827001374
RI,2018-10-29,1.0824557477828711
RI,2018-11-05,1.0906724546877506
RI,2018-11-12,1.1282874697495362
RI,2018-11-19,0.9834829357327556
RI,2018-11-26,1.038914906508671
RI,2018-12-03,1.046262880284072
RI,2018-12-10,1.1888078719141684
RI,2018-12-17,1.076213379167645
RI,2018-12-24,1.1718547451472163
RI,2018-12-31,1.3341220101804168
RI,2019-01-07,1.2569817743571932
RI,2019-01-14,1.247710572250582
RI,2019-01-21,1.0545431331466302
RI,2019-01-28,1.2006515039784231
RI,2019-02-04,1.2136132777137092
RI,2019-02-11,1.1930210936230068
RI,2019-02-18,1.087986556401125
RI,2019-02-25,0.9685938643565992
RI,2019-03-04,0.8949120386377706
RI,2019-03-11,0.9095927934319016
RI,2019-03-18,0.9537165288363604
RI,2019-03-25,0.9014605459185072
RI,2019-04-01,1.011983556196239
RI,2019-04-08,0.8799632311189706
RI,2019-04-15,0.9711658189270154
RI,2019-04-22,0.7923956229028428
RI,2019-04-29,0.8105895093616033
RI,2019-05-06,0.8553257873600775
RI,2019-05-13,0.8142280737803324
RI,2019-05-20,0.9827633196198082
RI,2019-05-27,0.7934443867905981
RI,2019-06-03,1.0187762191579062
RI,2019-06-10,0.8348524659538847
RI,2019-06-17,0.9366118543087272
RI,2019-06-24,0.9082113001051492
RI,2019-07-01,1.0850331908098725
RI,2019-07-08,0.9825271226461484
RI,2019-07-15,0.9277579383239788
RI,2019-07-22,0.8584632207793793
RI,2019-07-29,0.9479406558934614
RI,2019-08-05,1.1257372663911491
RI,2019-08-12,1.0167930996300172
RI,2019-08-19,1.1793684530229602
RI,2019-08-26,1.0565207528710232
RI,2019-09-02,1.3395237145266394
RI,2019-09-09,1.2011913225314848
RI,2019-09-16,1.1289899691683132
RI,2019-09-23,1.0196461092479925
RI,2019-09-30,1.071783915040032
RI,2019-10-07,1.233376002819989
RI,2019-10-14,1.089466034789034
RI,2019-10-21,1.0533678922468916
RI,2019-10-28,0.9749715623830056
RI,2019-11-04,1.0916589916255175
RI,2019-11-11,1.0689242592490054
RI,2019-11-18,1.1479688099425842
RI,2019-11-25,1.0717312025971346
RI,2019-12-02,1.30140949253565
RI,2019-12-09,1.1360612128313734
RI,2019-12-16,1.2361908874111274
RI,2019-12-23,1.1683336864884806
RI,2019-12-30,1.3930227198372986
RI,2020-01-06,1.294787753312399
RI,2020-01-13,1.1271131780304997
RI,2020-01-20,1.0685441038083303
RI,2020-01-27,1.04118673286143
RI,2020-02-03,1.321997329970846
RI,2020-02-10,1.1786745572860184
RI,2020-02-17,1.1686370315301602
RI,2020-02-24,0.8811180165341337
RI,2020-03-02,0.8942882677786429
RI,2020-03-09,0.8466801621428265
RI,2020-03-16,0.8516928262261735
RI,2020-03-23,0.8114656408180413
RI,2020-03-30,0.7823511498270416
RI,2020-04-06,0.780734524392091
RI,2020-04-13,0.7374479225008858
RI,2020-04-20,0.7752485513484082
RI,2020-04-27,0.7929124350361257
RI,2020-05-04,0.8830002523514829
RI,2020-05-11,0.8424716477781342
RI,2020-05-18,0.8611737422867634
RI,2020-05-25,0.9735334669275072
RI,2020-06-01,1.0560360452968005
RI,2020-06-08,0.9203589065969556
RI,2020-06-15,0.9169156710022726
RI,2020-06-22,0.9121056845422376
RI,2020-06-29,1.143040451515518
RI,2020-07-06,1.2465971848090711
RI,2020-07-13,1.1909701993575608
RI,2020-07-20,1.173927336402974
RI,2020-07-27,0.9568298832259422
RI,2020-08-03,1.1128470383659266
RI,2020-08-10,0.9915582435980272
RI,2020-08-17,1.0316363434283171
RI,2020-08-24,0.9906857885746893
RI,2020-08-31,0.98959630480286
RI,2020-09-07,1.092436602703985
RI,2020-09-14,1.0028895918873109
RI,2020-09-21,1.018352845769281
RI,2020-09-28,0.9289512104834536
RI,2020-10-05,1.1092239627244715
RI,2020-10-12,1.1318451668724097
RI,2020-10-19,1.1000380090598336
RI,2020-10-26,0.9516886254915512
RI,2020-11-02,1.0119268621084845
RI,2020-11-09,1.125619714275658
RI,2020-11-16,1.1216510675934337
RI,2020-11-23,1.028498988922182
RI,2020-11-30,1.0033997204720793
RI,2020-12-07,0.9931795266534248
RI,2020-12-14,0.9974496499069236
RI,2020-12-21,0.8871670180476363
RI,2020-12-28,0.9211851058182412
RI,2021-01-04,1.025000374690186
RI,2021-01-11,1.034999718620402
RI,2021-01-18,0.9453472225068696
RI,2021-01-25,0.9516976136256412
RI,2021-02-01,0.9832469335999188
RI,2021-02-08,0.9671641053406428
RI,2021-02-15,0.8782354055833634
RI,2021-02-22,0.9168451263679508
RI,2021-03-01,1.0489742065651564
RI,2021-03-08,0.985943152751962
RI,2021-03-15,0.9819991150804712
RI,2021-03-22,0.9934652539151052
RI,2021-03-29,1.071360284452963
RI,2021-04-05,1.0166074563833438
RI,2021-04-12,1.0058530581730774
RI,2021-04-19,0.997952674842932
RI,2021-04-26,1.0560746409520827
RI,2021-05-03,1.056076202818392
RI,2021-05-10,1.0598227301366334
RI,2021-05-17,1.0090733352104906
RI,2021-05-24,0.994842359630682
RI,2021-05-31,0.9951713717960072
RI,2021-06-07,1.0876237656337948
RI,2021-06-14,1.0478169945340874
RI,2021-06-21,1.0520090491960956
RI,2021-06-28,0.978338520657674
RI,2021-07-05,1.0272446659276002
RI,2021-07-12,1.047102237984085
RI,2021-07-19,1.1505003661255158
RI,2021-07-26,1.1418638733325217
RI,2021-08-02,1.0974474500599236
RI,2021-08-09,1.0149265513925216
RI,2021-08-16,1.0284296686839842
RI,2021-08-23,1.0949898285360766
RI,2021-08-30,1.0384067266607555
RI,2021-09-06,1.0557075580564694
RI,2021-09-13,0.95380923926307
RI,2021-09-20,1.034175280132836
RI,2021-09-27,0.930535464622276
RI,2021-10-04,1.046391659046164
RI,2021-10-11,0.9779414460656768
RI,2021-10-18,1.033220852215249
RI,2021-10-25,0.9258592797384132
RI,2021-11-01,1.1882449745238854
RI,2021-11-08,1.3834519359822492
RI,2021-11-15,1.2838471175349613
RI,2021-11-22,1.319779797876685
RI,2021-11-29,0.9481649776157212
RI,2021-12-06,1.3648848703831518
RI,2021-12-13,1.0692682960526037
RI,2021-12-20,1.2910825831634325
RI,2021-12-27,1.0275858741634554
RI,2022-01-03,1.156234271194027
RI,2022-01-10,1.03559815533093
RI,2022-01-17,0.954152957473266
RI,2022-01-24,0.8162143365532537
RI,2022-01-31,0.8267352282530109
RI,2022-02-07,0.8036209930807091
RI,2022-02-14,0.7886625744883781
RI,2022-02-21,0.948869863010981
RI,2022-02-28,0.9778872324544474
RI,2022-03-07,1.0748912080497783
RI,2022-03-14,1.0514275520158702
RI,2022-03-21,1.1585147623386334
RI,2022-03-28,1.0972545340086783
RI,2022-04-04,1.137921096715668
RI,2022-04-11,1.113912811753068
RI,2022-04-18,1.089303981874073
RI,2022-04-25,0.9704509329536142
RI,2022-05-02,1.014014321079051
RI,2022-05-09,1.0951220206736607
RI,2022-05-16,1.166078660472104
RI,2022-05-23,0.9873753210784983
RI,2022-05-30,0.9192666374168073
RI,2022-06-06,0.8454796104372381
RI,2022-06-13,0.8939078818822196
RI,2022-06-20,0.911351646040889
RI,2022-06-27,0.938113067973966
RI,2022-07-04,0.9912441654643834
RI,2022-07-11,0.9378024627647644
RI,2022-07-18,0.9422507265537166
RI,2022-07-25,0.978307438385301
RI,2022-08-01,1.0520810193332837
RI,2022-08-08,1.005373132938446
RI,2022-08-15,0.952655101168074
RI,2022-08-22,0.936059057105494
RI,2022-08-29,1.092372873672191
RI,2022-09-05,1.1789120275540028
RI,2022-09-12,1.0892928347866766
RI,2022-09-19,1.135738037432731
RI,2022-09-26,1.0551398780904988
RI,2022-10-03,1.2542718973085467
RI,2022-10-10,1.0688449411912069
RI,2022-10-17,1.0313622595339829
RI,2022-10-24,1.0095971609893313
RI,2022-10-31,1.1529998729073985
RI,2022-11-07,1.3477364518339534
RI,2022-11-14,1.2315611984333827
RI,2022-11-21,1.1370104750670775
RI,2022-11-28,1.1377494543468356
RI,2022-12-05,1.3488119049772689
RI,2022-12-12,1.2924984324822333
RI,2022-12-19,1.1008201958075492
RI,2022-12-26,0.9381847078301062
RI,2023-01-02,0.8865737939465029
RI,2023-01-09,0.7433255692543498
RI,2023-01-16,0.6610413538168066
RI,2023-01-23,0.6917555422532291
RI,2023-01-30,0.871250581454568
RI,2023-02-06,0.9761820375681264
RI,2023-02-13,1.019917704090156
RI,2023-02-20,1.0046868922478636
RI,2023-02-27,0.9131403888924304
RI,2023-03-06,1.004781592003578
RI,2023-03-13,0.9763365602931956
RI,2023-03-20,1.0317161531304928
RI,2023-03-27,0.9770453960523384
RI,2023-04-03,1.0174240615231236
RI,2023-04-10,0.966386949108087
RI,2023-04-17,0.9372127780355894
RI,2023-04-24,0.8737259492163278
RI,2023-05-01,1.0620745563542893
RI,2023-05-08,1.0448494388407437
RI,2023-05-15,1.0571912901139602
RI,2023-05-22,0.941187556407674
RI,2023-05-29,0.9389349886131352
RI,2023-06-05,0.9908579563558764
RI,2023-06-12,1.0170229538739086
RI,2023-06-19,1.025959847951731
RI,2023-06-26,0.9305575009392726
RI,2023-07-03,0.9490550354326892
RI,2023-07-10,0.9586131635087716
RI,2023-07-17,0.9530250723047928
RI,2023-07-24,0.9826492577495148
RI,2023-07-31,1.03367095082846
RI,2023-08-07,1.0599120239113484
RI,2023-08-14,1.053876363669526
RI,2023-08-21,1.0302118091779435
RI,2023-08-28,1.1074143450078004
RI,2023-09-04,1.1335270565554745
RI,2023-09-11,1.052574412424206
RI,2023-09-18,1.0520312955117406
RI,2023-09-25,1.1488787650109218
RI,2023-10-02,1.1818926850570044
RI,2023-10-09,1.1220624145705214
RI,2023-10-16,0.9461107553054168
RI,2023-10-23,0.9790646646430008
RI,2023-10-30,1.0269104366062145
RI,2023-11-06,1.1023767764011
RI,2023-11-13,1.1035696071840757
RI,2023-11-20,1.0504648463249744
RI,2023-11-27,1.0173954068265088
RI,2023-12-04,1.1310919840240954
RI,2023-12-11,1.1222223307058252
RI,2023-12-18,1.1944535762546211
RI,2023-12-25,1.1488418245119394
RI,2024-01-01,1.2381631219749625
RI,2024-01-08,1.052226099814498
RI,2024-01-15,0.9224502342554928
RI,2024-01-22,0.8373776839404095
RI,2024-01-29,0.9443370549214548
RI,2024-02-05,1.1202452075042224
RI,2024-02-12,1.126712848637928
RI,2024-02-19,1.0595557321174065
RI,2024-02-26,0.9448027898606508
RI,2024-03-04,0.959701261387458
RI,2024-03-11,1.0442244607591449
RI,2024-03-18,0.8885731615153815
RI,2024-03-25,0.920668053319341
RI,2024-04-01,0.929316648519032
RI,2024-04-08,1.0106774931768483
RI,2024-04-15,0.9439088641255674
RI,2024-04-22,0.8864548324700342
RI,2024-04-29,0.8685413438679862
RI,2024-05-06,0.9556438539681154
RI,2024-05-13,0.9191565654335452
RI,2024-05-20,1.0240375892129503
RI,2024-05-27,0.9338194998047518
RI,2024-06-03,0.9997814945925922
RI,2024-06-10,0.8865258677848218
RI,2024-06-17,0.9218493789936856
RI,2024-06-24,0.868550260187719
RI,2024-07-01,1.0336379654850445
RI,2024-07-08,1.0158021194011009
RI,2024-07-15,1.038985702367783
RI,2024-07-22,0.968345557810234
RI,2024-07-29,1.0184536268458413
RI,2024-08-05,1.0587551862517663
RI,2024-08-12,1.019561795812197
RI,2024-08-19,1.065583589364099
RI,2024-08-26,1.024296889908803
RI,2024-09-02,1.1729858702590292
RI,2024-09-09,1.0311591961001805
RI,2024-09-16,1.1033329549149424
RI,2024-09-23,1.0351812093101809
RI,2024-09-30,1.079333011643999
RI,2024-10-07,1.0603001898458435
RI,2024-10-14,1.008118149736624
RI,2024-10-21,1.026649347513974
RI,2024-10-28,1.037722638340215
RI,2024-11-04,1.0476930688665238
RI,2024-11-11,0.9806147798046976
RI,2024-11-18,1.0206585051919117
RI,2024-11-25,0.963163097708953
RI,2024-12-02,1.1516687177556426
RI,2024-12-09,1.074851774803161
RI,2024-12-16,1.1190529318121685
RI,2024-12-23,1.0830764220942457
RI,2024-12-30,1.2537295358394147
RI,2025-01-06,1.3040917682919106
RI,2025-01-13,1.110446114611019
RI,2025-01-20,1.0720158084781355
RI,2025-01-27,1.076305971119908
RI,2025-02-03,1.3182189560858963
RI,2025-02-10,1.1755148636088877
RI,2025-02-17,1.0863735844855518
RI,2025-02-24,0.829585732134314
RI,2025-03-03,0.8725998796413644
RI,2025-03-10,0.7908588889609489
RI,2025-03-17,0.8864399831178954
RI,2025-03-24,0.8430996745816727
RI,2025-03-31,0.9405903280755364
RI,2025-04-07,0.9663870411284928
RI,2025-04-14,0.9625330608490822
RI,2025-04-21,1.0231176299678133
RI,2025-04-28,0.8771509605396313
RI,2025-05-05,1.0018918873919869
RI,2025-05-12,0.9082071943010722
RI,2025-05-19,0.939941967610722
RI,2025-05-26,0.8729201347985648
RI,2025-06-02,0.95679309066506
RI,2025-06-09,0.9629881123522304
RI,2025-06-16,0.923597923348254
RI,2025-06-23,0.8354261956974085
RI,2025-06-30,0.8629308740779608
RI,2025-07-07,1.0521145530048248
RI,2025-07-14,1.00392854218446
RI,2025-07-21,1.019869010636165
RI,2025-07-28,0.8982932451927287
RI,2025-08-04,1.0731240569960905
RI,2025-08-11,1.0316195904187238
RI,2025-08-18,1.0023968401342964
RI,2025-08-25,1.15701869474559
RI,2025-09-01,1.2098196087823931
RI,2025-09-08,1.2455960983562089
RI,2025-09-15,1.097007002291317
SC,2016-10-10,1.0
SC,2016-10-17,0.9433100790663907
SC,2016-10-24,1.0409828558556935
SC,2016-10-31,1.0612442811147844
SC,2016-11-07,1.122432746318853
SC,2016-11-14,1.0059656110081323
SC,2016-11-21,1.01249961508749
SC,2016-11-28,1.0555913617736412
SC,2016-12-05,1.107321105637157
SC,2016-12-12,1.029635210287022
SC,2016-12-19,1.0632346272361124
SC,2016-12-26,1.0449709291212308
SC,2017-01-02,1.2430938755277583
SC,2017-01-09,1.1561079811538826
SC,2017-01-16,1.141493781570154
SC,2017-01-23,1.0806065200795931
SC,2017-01-30,1.1168817805706786
SC,2017-02-06,1.179543516424434
SC,2017-02-13,1.1048070242486627
SC,2017-02-20,1.0746416465275868
SC,2017-02-27,1.023032440078053
SC,2017-03-06,0.932857259802036
SC,2017-03-13,0.934596905140201
SC,2017-03-20,0.9358143298065654
SC,2017-03-27,1.0340976368356134
SC,2017-04-03,0.9771256557425422
SC,2017-04-10,0.923180701610266
SC,2017-04-17,0.8209666823066379
SC,2017-04-24,0.7960679432293958
SC,2017-05-01,0.8397226140620776
SC,2017-05-08,0.8501803778225806
SC,2017-05-15,0.919133792187629
SC,2017-05-22,0.8362416465271127
SC,2017-05-29,0.8875180973303942
SC,2017-06-05,0.8554771552095584
SC,2017-06-12,0.8937874158995648
SC,2017-06-19,0.9103470210010568
SC,2017-06-26,0.8962254050966407
SC,2017-07-03,0.945189032039282
SC,2017-07-10,0.9014428822844875
SC,2017-07-17,0.9446734971058384
SC,2017-07-24,0.946002640797074
SC,2017-07-31,0.989307141853854
SC,2017-08-07,0.99841689214014
SC,2017-08-14,0.9577343180755648
SC,2017-08-21,0.98667359084313
SC,2017-08-28,1.0015261685629722
SC,2017-09-04,1.183101019337632
SC,2017-09-11,1.2448939238051329
SC,2017-09-18,1.2589752641160734
SC,2017-09-25,1.1611593309799069
SC,2017-10-02,1.109052118713396
SC,2017-10-09,1.0922741890262238
SC,2017-10-16,1.0703258522613883
SC,2017-10-23,1.067843740726758
SC,2017-10-30,1.0986334703291136
SC,2017-11-06,1.1506760655118085
SC,2017-11-13,1.1193983168942918
SC,2017-11-20,1.0608867533935695
SC,2017-11-27,1.1101135737791472
SC,2017-12-04,1.084226019316866
SC,2017-12-11,1.0950837204064503
SC,2017-12-18,1.0622946529684774
SC,2017-12-25,1.2197933209610885
SC,2018-01-01,1.2686545265233653
SC,2018-01-08,1.2136527904240686
SC,2018-01-15,1.0880833138096144
SC,2018-01-22,1.0611314214436594
SC,2018-01-29,1.1254169645169
SC,2018-02-05,1.1393158016535767
SC,2018-02-12,1.1121734572757789
SC,2018-02-19,0.9961194116991334
SC,2018-02-26,0.8918582476406339
SC,2018-03-05,0.7891857119582756
SC,2018-03-12,0.753163978214242
SC,2018-03-19,0.7960414102401993
SC,2018-03-26,0.8398599022136833
SC,2018-04-02,0.8945556981619182
SC,2018-04-09,0.8834681286682106
SC,2018-04-16,0.8781172489881273
SC,2018-04-23,0.8617889229053304
SC,2018-04-30,0.8600821647476246
SC,2018-05-07,0.9038195574800668
SC,2018-05-14,0.9133894032740384
SC,2018-05-21,0.9323134817942909
SC,2018-05-28,0.9490499300360627
SC,2018-06-04,0.97767585834494
SC,2018-06-11,0.8792817743672581
SC,2018-06-18,0.8494518806115539
SC,2018-06-25,0.8848265963678857
SC,2018-07-02,0.992897409126706
SC,2018-07-09,1.0008543914398071
SC,2018-07-16,0.9514009138232864
SC,2018-07-23,0.9055438377123108
SC,2018-07-30,0.9713737322013803
SC,2018-08-06,0.9763576888294048
SC,2018-08-13,1.036954103299933
SC,2018-08-20,1.038639678119054
SC,2018-08-27,1.0436318392732298
SC,2018-09-03,1.066443089150117
SC,2018-09-10,1.2568261771134737
SC,2018-09-17,1.3301997876497418
SC,2018-09-24,1.208953121109624
SC,2018-10-01,1.016210684940613
SC,2018-10-08,1.0320886849214597
SC,2018-10-15,1.0926100588361118
SC,2018-10-22,1.0428817965090125
SC,2018-10-29,1.065811315749598
SC,2018-11-05,1.076732526890543
SC,2018-11-12,1.1158137184204884
SC,2018-11-19,1.0485367509847736
SC,2018-11-26,1.081396128650235
SC,2018-12-03,1.0485131088298112
SC,2018-12-10,1.0460105497249452
SC,2018-12-17,1.0422884734027564
SC,2018-12-24,1.1082483829778311
SC,2018-12-31,1.2265365513408015
SC,2019-01-07,1.1275979546920682
SC,2019-01-14,1.0262502231667754
SC,2019-01-21,0.9526931500139414
SC,2019-01-28,1.0309171073513337
SC,2019-02-04,1.43343029094849
SC,2019-02-11,1.3266599523689204
SC,2019-02-18,1.2769798195041249
SC,2019-02-25,0.9170655956249284
SC,2019-03-04,1.0519299408813017
SC,2019-03-11,0.9500145939559363
SC,2019-03-18,0.9279855737892614
SC,2019-03-25,0.813098473074705
SC,2019-04-01,0.9441483070329904
SC,2019-04-08,0.8923145739210544
SC,2019-04-15,0.8743663414088622
SC,2019-04-22,0.8057239628155198
SC,2019-04-29,0.852697487227449
SC,2019-05-06,0.9289686302145586
SC,2019-05-13,0.8936067259546273
SC,2019-05-20,0.9267612772112496
SC,2019-05-27,0.8852210813789531
SC,2019-06-03,1.0396018557599538
SC,2019-06-10,0.9494981686534146
SC,2019-06-17,0.9486647920415756
SC,2019-06-24,0.8237504133026686
SC,2019-07-01,1.0351738943370337
SC,2019-07-08,0.9470756205173292
SC,2019-07-15,0.9673869585799189
SC,2019-07-22,0.8549839240842291
SC,2019-07-29,0.936820040261204
SC,2019-08-05,1.1693461235830291
SC,2019-08-12,1.082947506296491
SC,2019-08-19,1.0680568647478788
SC,2019-08-26,0.9436680910704692
SC,2019-09-02,1.3622458924487264
SC,2019-09-09,1.2728732292457576
SC,2019-09-16,1.2319506210316065
SC,2019-09-23,1.0025362192002711
SC,2019-09-30,1.0908349892045182
SC,2019-10-07,1.2649583562435434
SC,2019-10-14,1.105430577279982
SC,2019-10-21,1.1610267650166353
SC,2019-10-28,0.9791846871480012
SC,2019-11-04,1.2413267568667476
SC,2019-11-11,1.1329182136707037
SC,2019-11-18,1.1581199032496636
SC,2019-11-25,1.005930585605424
SC,2019-12-02,1.368422229726873
SC,2019-12-09,1.1981360511399874
SC,2019-12-16,1.236754659252109
SC,2019-12-23,1.0356967583581531
SC,2019-12-30,1.3044497051640194
SC,2020-01-06,1.307849107125558
SC,2020-01-13,1.0713038880765913
SC,2020-01-20,0.9148373973814454
SC,2020-01-27,0.8850947500453749
SC,2020-02-03,1.2651731094737348
SC,2020-02-10,1.204780227396927
SC,2020-02-17,1.1381482573527986
SC,2020-02-24,0.8532127688755747
SC,2020-03-02,1.0537295506905466
SC,2020-03-09,0.9811541117930584
SC,2020-03-16,1.078574348893021
SC,2020-03-23,0.9585292336717872
SC,2020-03-30,0.9718867527674858
SC,2020-04-06,0.8900560362115087
SC,2020-04-13,0.7967795439629944
SC,2020-04-20,0.7732124225272371
SC,2020-04-27,0.7764461500970288
SC,2020-05-04,0.8283370032790501
SC,2020-05-11,0.8271749576971433
SC,2020-05-18,0.7949642095772368
SC,2020-05-25,0.8133451229853313
SC,2020-06-01,1.0007965914082857
SC,2020-06-08,0.9360678255341042
SC,2020-06-15,0.942773609999542
SC,2020-06-22,0.990289640719171
SC,2020-06-29,1.154891055336846
SC,2020-07-06,1.3183013840269795
SC,2020-07-13,1.156576720911534
SC,2020-07-20,1.111189924472093
SC,2020-07-27,0.960358925532206
SC,2020-08-03,1.0343088011791377
SC,2020-08-10,0.957862663814936
SC,2020-08-17,0.9085577682093448
SC,2020-08-24,0.9255949638666782
SC,2020-08-31,1.0171273873941589
SC,2020-09-07,1.095968874212344
SC,2020-09-14,0.9970613366024692
SC,2020-09-21,0.9804455284429372
SC,2020-09-28,0.9477462117434352
SC,2020-10-05,1.115046186435274
SC,2020-10-12,1.046231056421766
SC,2020-10-19,1.0553597228977976
SC,2020-10-26,0.948890010809724
SC,2020-11-02,1.082214240197612
SC,2020-11-09,1.0506882208523929
SC,2020-11-16,1.0448689508726934
SC,2020-11-23,1.0074727283150673
SC,2020-11-30,1.004461644693987
SC,2020-12-07,1.1671282704691
SC,2020-12-14,1.0312586650437217
SC,2020-12-21,1.0412725170555062
SC,2020-12-28,0.9298328046319738
SC,2021-01-04,1.1599289912733304
SC,2021-01-11,1.0560686352811033
SC,2021-01-18,0.9989435171468384
SC,2021-01-25,0.8586444107639916
SC,2021-02-01,0.9906303576466188
SC,2021-02-08,0.940326178090456
SC,2021-02-15,0.9267440204835984
SC,2021-02-22,0.8372239964012572
SC,2021-03-01,1.0797063432539131
SC,2021-03-08,0.9534734080194808
SC,2021-03-15,1.039843797838916
SC,2021-03-22,0.8588166870506067
SC,2021-03-29,1.0144421064789546
SC,2021-04-05,1.0669886276218274
SC,2021-04-12,1.0089902581121293
SC,2021-04-19,0.9758161266791602
SC,2021-04-26,0.91686750317011
SC,2021-05-03,1.1704401465597745
SC,2021-05-10,1.0819044314101327
SC,2021-05-17,1.0924401134276185
SC,2021-05-24,0.9469266718943812
SC,2021-05-31,1.0302069073508489
SC,2021-06-07,1.152912388125433
SC,2021-06-14,1.0712721628533055
SC,2021-06-21,1.0324124134313488
SC,2021-06-28,0.9108781448341124
SC,2021-07-05,1.0670838536809617
SC,2021-07-12,1.0408712267275948
SC,2021-07-19,1.0075325969304456
SC,2021-07-26,1.020005794899711
SC,2021-08-02,1.1771515723161496
SC,2021-08-09,1.134972954493962
SC,2021-08-16,1.0718952383235072
SC,2021-08-23,1.0196284825063926
SC,2021-08-30,1.067923381171738
SC,2021-09-06,1.1870901656280162
SC,2021-09-13,1.040728199766764
SC,2021-09-20,1.01799909661446
SC,2021-09-27,0.8547759224310769
SC,2021-10-04,1.0995461225804417
SC,2021-10-11,1.018618542147653
SC,2021-10-18,1.0623057459241734
SC,2021-10-25,0.9150206276572108
SC,2021-11-01,1.221267260459682
SC,2021-11-08,1.1003863633305977
SC,2021-11-15,1.15320032683653
SC,2021-11-22,0.944559052600946
SC,2021-11-29,1.1156826645871332
SC,2021-12-06,1.2877840761763433
SC,2021-12-13,1.1515857157936058
SC,2021-12-20,1.166720600321114
SC,2021-12-27,1.030239348842925
SC,2022-01-03,1.3194346596411826
SC,2022-01-10,1.1532502290871405
SC,2022-01-17,1.0527877374894927
SC,2022-01-24,0.79490997500168
SC,2022-01-31,0.8084245250411273
SC,2022-02-07,0.815609480470723
SC,2022-02-14,0.7965661605428587
SC,2022-02-21,0.89503142732775
SC,2022-02-28,0.9180456792438212
SC,2022-03-07,1.0870084521319237
SC,2022-03-14,1.0222359546937538
SC,2022-03-21,1.030139212090645
SC,2022-03-28,0.9674250574251274
SC,2022-04-04,1.1824320077938206
SC,2022-04-11,1.0991275696947709
SC,2022-04-18,1.1022826387827416
SC,2022-04-25,0.9612130931230586
SC,2022-05-02,1.12982824037467
SC,2022-05-09,1.040900662141342
SC,2022-05-16,1.031384294167227
SC,2022-05-23,0.9313991337672612
SC,2022-05-30,0.9784423680078952
SC,2022-06-06,1.1038453677695872
SC,2022-06-13,0.9839017441152544
SC,2022-06-20,0.9645610443319544
SC,2022-06-27,0.8295923689057378
SC,2022-07-04,1.0088277402552177
SC,2022-07-11,0.989100999488224
SC,2022-07-18,0.988249315875954
SC,2022-07-25,0.9313440786243028
SC,2022-08-01,1.0624741903065231
SC,2022-08-08,0.9648026038608744
SC,2022-08-15,0.996864445826666
SC,2022-08-22,0.931096541689644
SC,2022-08-29,1.1141583332924332
SC,2022-09-05,1.249382519590127
SC,2022-09-12,1.1668131538540092
SC,2022-09-19,1.1067789020494565
SC,2022-09-26,0.9699372932411444
SC,2022-10-03,1.4414741732216958
SC,2022-10-10,1.3175594995836952
SC,2022-10-17,1.3190703133717356
SC,2022-10-24,0.9938027864278072
SC,2022-10-31,1.3162304806746763
SC,2022-11-07,1.520670501866603
SC,2022-11-14,1.334293971927227
SC,2022-11-21,1.096805709326803
SC,2022-11-28,0.9002632343677508
SC,2022-12-05,1.0967905670973332
SC,2022-12-12,1.0509462848418722
SC,2022-12-19,0.9530443856811812
SC,2022-12-26,0.849049451264084
SC,2023-01-02,0.9865472188590296
SC,2023-01-09,0.9007981151944526
SC,2023-01-16,0.8368635305929782
SC,2023-01-23,0.7742951526109333
SC,2023-01-30,0.8498018521129144
SC,2023-02-06,1.0338992644159564
SC,2023-02-13,0.9839205711758914
SC,2023-02-20,1.0080420007058637
SC,2023-02-27,0.8884423978933433
SC,2023-03-06,0.9980527920511658
SC,2023-03-13,0.9544683501002206
SC,2023-03-20,0.972367062218
SC,2023-03-27,0.9571731594912688
SC,2023-04-03,1.0498687591293894
SC,2023-04-10,0.9891170058543568
SC,2023-04-17,0.971792889252042
SC,2023-04-24,0.8932042319988561
SC,2023-05-01,1.033714833701704
SC,2023-05-08,0.999425305062598
SC,2023-05-15,1.010915848977191
SC,2023-05-22,0.9324837590379278
SC,2023-05-29,0.9567343060109348
SC,2023-06-05,1.0434349526339095
SC,2023-06-12,0.9747544079131856
SC,2023-06-19,0.9720038552807212
SC,2023-06-26,0.8665454379199435
SC,2023-07-03,0.998471395800882
SC,2023-07-10,0.9347480511814934
SC,2023-07-17,0.9415432559265648
SC,2023-07-24,0.8837431547156971
SC,2023-07-31,0.9898042270714096
SC,2023-08-07,1.1596509799597452
SC,2023-08-14,1.0617787083469588
SC,2023-08-21,1.1613182236507489
SC,2023-08-28,1.0827364391873042
SC,2023-09-04,1.3617391083975088
SC,2023-09-11,1.1513614047732206
SC,2023-09-18,1.1076143699248782
SC,2023-09-25,0.9453111386017335
SC,2023-10-02,1.141180756716715
SC,2023-10-09,1.0408373130577282
SC,2023-10-16,1.0498340725211346
SC,2023-10-23,0.9777861919251964
SC,2023-10-30,1.0670332710038672
SC,2023-11-06,1.2787105604536215
SC,2023-11-13,1.2108751262760475
SC,2023-11-20,1.214340138139005
SC,2023-11-27,1.030849057804398
SC,2023-12-04,1.3585835270938675
SC,2023-12-11,1.210325914489313
SC,2023-12-18,1.2719027739070017
SC,2023-12-25,1.0802694074135346
SC,2024-01-01,1.309822690875698
SC,2024-01-08,1.0844903958176946
SC,2024-01-15,0.9244790912486908
SC,2024-01-22,0.7421601698148098
SC,2024-01-29,0.8650356049406966
SC,2024-02-05,0.9995529391679696
SC,2024-02-12,1.0012248317246983
SC,2024-02-19,0.981787162396515
SC,2024-02-26,0.8939459676573528
SC,2024-03-04,0.9932314323562634
SC,2024-03-11,0.934879592528664
SC,2024-03-18,0.9042062554526864
SC,2024-03-25,0.8481813686616874
SC,2024-04-01,0.9556487509498264
SC,2024-04-08,0.9396317663688531
SC,2024-04-15,0.948847032426268
SC,2024-04-22,0.8672248878988418
SC,2024-04-29,0.9052986231169262
SC,2024-05-06,0.9730875695058948
SC,2024-05-13,0.961882859392674
SC,2024-05-20,0.9608926168984244
SC,2024-05-27,0.9271015932110254
SC,2024-06-03,1.0295099018769314
SC,2024-06-10,0.9572210705032572
SC,2024-06-17,0.9284731443823012
SC,2024-06-24,0.880963243548076
SC,2024-07-01,1.045225719227692
SC,2024-07-08,0.9895829923605908
SC,2024-07-15,1.0239714077526323
SC,2024-07-22,0.9292802979168092
SC,2024-07-29,0.9976813889700512
SC,2024-08-05,1.1512784405774512
SC,2024-08-12,1.099799134746854
SC,2024-08-19,1.1307332002854076
SC,2024-08-26,1.0279593598115482
SC,2024-09-02,1.1568017578837722
SC,2024-09-09,1.091173845037883
SC,2024-09-16,1.0346499458919407
SC,2024-09-23,0.954169338052031
SC,2024-09-30,0.9653258110042684
SC,2024-10-07,1.1058091087895991
SC,2024-10-14,1.0222404124414948
SC,2024-10-21,1.0722013365804526
SC,2024-10-28,0.9567713227197696
SC,2024-11-04,1.158967154530132
SC,2024-11-11,1.057984767844341
SC,2024-11-18,1.08122859388394
SC,2024-11-25,0.977454863597074
SC,2024-12-02,1.2358405097924283
SC,2024-12-09,1.1049209720154374
SC,2024-12-16,1.137921182161361
SC,2024-12-23,1.0510587037082135
SC,2024-12-30,1.2854767561295213
SC,2025-01-06,1.413910053989177
SC,2025-01-13,1.1641134556443475
SC,2025-01-20,1.1107746264766434
SC,2025-01-27,1.0695059262146238
SC,2025-02-03,1.3576765811806797
SC,2025-02-10,1.1793159180791022
SC,2025-02-17,0.9834053138075892
SC,2025-02-24,0.7714145451486737
SC,2025-03-03,0.8765493352322064
SC,2025-03-10,0.8469085749246087
SC,2025-03-17,0.8663926038698815
SC,2025-03-24,0.7825415578781358
SC,2025-03-31,0.8546971513422887
SC,2025-04-07,0.8957937095997743
SC,2025-04-14,0.9090617896930552
SC,2025-04-21,0.8953766054551952
SC,2025-04-28,0.8577843949402807
SC,2025-05-05,1.001310681877655
SC,2025-05-12,0.973017803983089
SC,2025-05-19,1.0118377870334891
SC,2025-05-26,0.9297033864594882
SC,2025-06-02,1.0526649632694938
SC,2025-06-09,0.9578334198665432
SC,2025-06-16,0.928387229261033
SC,2025-06-23,0.8476919454692684
SC,2025-06-30,0.9215752404051948
SC,2025-07-07,1.0448868035821568
SC,2025-07-14,0.9798539511557436
SC,2025-07-21,0.983987535593164
SC,2025-07-28,0.8615563192984237
SC,2025-08-04,1.1443753100149707
SC,2025-08-11,1.1218048504839624
SC,2025-08-18,1.178500529655108
SC,2025-08-25,1.0541035467752622
SC,2025-09-01,1.249157077326505
SC,2025-09-08,1.1761613004430225
SC,2025-09-15,1.111057913270049
SD,2016-10-10,1.0
SD,2016-10-17,1.0390930927555575
SD,2016-10-24,0.9880227526729604
SD,2016-10-31,1.0499964594345357
SD,2016-11-07,1.0116007238293856
SD,2016-11-14,1.075781740205377
SD,2016-11-21,1.0635685792494471
SD,2016-11-28,1.0638948970287263
SD,2016-12-05,1.0447329515592323
SD,2016-12-12,0.960150573534376
SD,2016-12-19,0.999157483939944
SD,2016-12-26,1.0841451617391578
SD,2017-01-02,1.1540274585637114
SD,2017-01-09,1.1428021561029986
SD,2017-01-16,1.0602587410435462
SD,2017-01-23,1.1065537530784202
SD,2017-01-30,1.1653602634143962
SD,2017-02-06,1.2118041735229277
SD,2017-02-13,1.199059170071416
SD,2017-02-20,1.1084523124577357
SD,2017-02-27,0.9787261625161168
SD,2017-03-06,0.8488089970172177
SD,2017-03-13,0.8603413801206437
SD,2017-03-20,0.9253131753786932
SD,2017-03-27,0.9498706152089488
SD,2017-04-03,0.9172702980685672
SD,2017-04-10,0.8866760277226958
SD,2017-04-17,0.857827609364945
SD,2017-04-24,0.8306243644142834
SD,2017-05-01,0.8891272229012771
SD,2017-05-08,0.9034688332511598
SD,2017-05-15,0.9619060142426804
SD,2017-05-22,0.8745032789446286
SD,2017-05-29,0.9809691850571136
SD,2017-06-05,0.8723028310536663
SD,2017-06-12,0.943227815716006
SD,2017-06-19,0.8076222446038449
SD,2017-06-26,0.9963998290350972
SD,2017-07-03,0.9909805112146912
SD,2017-07-10,1.1602908841693471
SD,2017-07-17,1.0779921658802665
SD,2017-07-24,1.0440988442064456
SD,2017-07-31,0.9389761658779644
SD,2017-08-07,0.9206537152997596
SD,2017-08-14,0.9321309407921364
SD,2017-08-21,1.0740067763563814
SD,2017-08-28,1.084035179346318
SD,2017-09-04,1.2704179449279838
SD,2017-09-11,1.1380548939534352
SD,2017-09-18,1.1496061693431956
SD,2017-09-25,0.9893628189304586
SD,2017-10-02,1.062800121064586
SD,2017-10-09,1.1084024608343104
SD,2017-10-16,1.1686105270098877
SD,2017-10-23,1.1178914546935368
SD,2017-10-30,1.085296568375669
SD,2017-11-06,1.070273281604239
SD,2017-11-13,1.0953964172430974
SD,2017-11-20,1.1075906020321789
SD,2017-11-27,1.0581545748382917
SD,2017-12-04,0.9988734674479264
SD,2017-12-11,0.978079434595888
SD,2017-12-18,1.0383158510885562
SD,2017-12-25,1.161635693121709
SD,2018-01-01,1.255068037065665
SD,2018-01-08,1.1816683635195364
SD,2018-01-15,1.1031089134815757
SD,2018-01-22,1.051736570907153
SD,2018-01-29,1.1093963009739736
SD,2018-02-05,1.1203937926280645
SD,2018-02-12,1.0502545334666424
SD,2018-02-19,0.9628795805515484
SD,2018-02-26,0.9011045787629623
SD,2018-03-05,0.8733250959724433
SD,2018-03-12,0.87909471931289
SD,2018-03-19,0.8732683487354788
SD,2018-03-26,0.9031802023220188
SD,2018-04-02,0.9048875621552268
SD,2018-04-09,0.8495482719159095
SD,2018-04-16,0.9839148690023974
SD,2018-04-23,0.8605688994804414
SD,2018-04-30,0.9694881667147648
SD,2018-05-07,0.8356201172044769
SD,2018-05-14,0.9068134969224066
SD,2018-05-21,0.935475057798522
SD,2018-05-28,0.9979518438964464
SD,2018-06-04,0.9931264193053074
SD,2018-06-11,0.8773686701325458
SD,2018-06-18,0.8966434154913299
SD,2018-06-25,0.9513909381118918
SD,2018-07-02,1.050645404507058
SD,2018-07-09,0.9989399946511132
SD,2018-07-16,0.9241751453673328
SD,2018-07-23,0.9367670373363832
SD,2018-07-30,1.0173426619986887
SD,2018-08-06,1.0000014991248978
SD,2018-08-13,1.0849833573643175
SD,2018-08-20,1.018749356738184
SD,2018-08-27,1.2005155583752198
SD,2018-09-03,1.1166083654625352
SD,2018-09-10,1.190202341868022
SD,2018-09-17,1.1350382267590744
SD,2018-09-24,1.049926356927808
SD,2018-10-01,1.0700954530269269
SD,2018-10-08,1.056505690672836
SD,2018-10-15,1.050657027666808
SD,2018-10-22,0.9553876574043302
SD,2018-10-29,0.9954672617624694
SD,2018-11-05,1.0752554929357725
SD,2018-11-12,1.0511669371362755
SD,2018-11-19,0.959365809221656
SD,2018-11-26,1.089615539106452
SD,2018-12-03,1.0836211693688285
SD,2018-12-10,1.1246508405933062
SD,2018-12-17,0.9576750814650136
SD,2018-12-24,1.0237912876980393
SD,2018-12-31,1.215431060939606
SD,2019-01-07,1.222277996122048
SD,2019-01-14,1.1243405217289797
SD,2019-01-21,0.9962093585059394
SD,2019-01-28,1.085817410679932
SD,2019-02-04,1.1682645138474508
SD,2019-02-11,1.1134636064785948
SD,2019-02-18,1.0680768511132783
SD,2019-02-25,1.0438384180821505
SD,2019-03-04,0.9779649897829118
SD,2019-03-11,0.9898856185716646
SD,2019-03-18,0.9273994909417944
SD,2019-03-25,0.8958092789188644
SD,2019-04-01,0.8366752681498759
SD,2019-04-08,0.8447128076634552
SD,2019-04-15,0.8656550040362742
SD,2019-04-22,0.8831579937687399
SD,2019-04-29,0.8676646991020832
SD,2019-05-06,0.9036179693158158
SD,2019-05-13,0.8887951558171854
SD,2019-05-20,0.920705541955323
SD,2019-05-27,0.9941526261555674
SD,2019-06-03,0.853724560010741
SD,2019-06-10,1.095082528022154
SD,2019-06-17,1.00091519115825
SD,2019-06-24,1.1603790211542089
SD,2019-07-01,0.9294405206633676
SD,2019-07-08,0.9340504039850696
SD,2019-07-15,0.9799430955120436
SD,2019-07-22,0.9649119963781588
SD,2019-07-29,0.9475991679056228
SD,2019-08-05,0.971496698873066
SD,2019-08-12,0.9882836456111204
SD,2019-08-19,1.0216276528735124
SD,2019-08-26,1.0960441911231886
SD,2019-09-02,1.1129549821093008
SD,2019-09-09,1.20666954403921
SD,2019-09-16,1.1067751220216593
SD,2019-09-23,1.0941596961516444
SD,2019-09-30,1.047847551561688
SD,2019-10-07,1.0706296028243592
SD,2019-10-14,1.036916763370133
SD,2019-10-21,1.0412315398787266
SD,2019-10-28,1.0631285319549524
SD,2019-11-04,1.0719353998653265
SD,2019-11-11,1.060591612423319
SD,2019-11-18,1.1187720226952689
SD,2019-11-25,1.176909111215955
SD,2019-12-02,1.1554861547760118
SD,2019-12-09,1.088478523199366
SD,2019-12-16,1.053807021050958
SD,2019-12-23,1.1376204687355238
SD,2019-12-30,1.2523498381465776
SD,2020-01-06,1.1801625403000693
SD,2020-01-13,1.039543883265918
SD,2020-01-20,0.9641257328405424
SD,2020-01-27,1.057834124928013
SD,2020-02-03,1.1217925835425022
SD,2020-02-10,1.093657525664452
SD,2020-02-17,1.0281370487955306
SD,2020-02-24,0.9558276061078034
SD,2020-03-02,0.9292081889416308
SD,2020-03-09,0.9448488161813002
SD,2020-03-16,1.0027416342231146
SD,2020-03-23,1.0151569465721098
SD,2020-03-30,0.8994407163258049
SD,2020-04-06,0.8393895914485864
SD,2020-04-13,0.712747811273613
SD,2020-04-20,0.7624987795343171
SD,2020-04-27,0.7707666372844408
SD,2020-05-04,0.8042746124821607
SD,2020-05-11,0.8858840423857124
SD,2020-05-18,0.927107057084706
SD,2020-05-25,0.9370478508983918
SD,2020-06-01,0.9425294118006046
SD,2020-06-08,0.890164971617457
SD,2020-06-15,0.9114879049929288
SD,2020-06-22,0.9909441178370404
SD,2020-06-29,1.0971111374279754
SD,2020-07-06,1.106728027795561
SD,2020-07-13,1.1207851838036762
SD,2020-07-20,1.0791443304352402
SD,2020-07-27,1.096381025430247
SD,2020-08-03,0.9350584195519988
SD,2020-08-10,1.0104332867317536
SD,2020-08-17,0.9463354991150996
SD,2020-08-24,0.9995544825042432
SD,2020-08-31,1.009542283576263
SD,2020-09-07,1.0956355523500017
SD,2020-09-14,1.1277474571004358
SD,2020-09-21,1.023390296204607
SD,2020-09-28,1.071298657374163
SD,2020-10-05,1.0748662105988354
SD,2020-10-12,1.0257612058917405
SD,2020-10-19,0.9437828110184432
SD,2020-10-26,0.9794072992123874
SD,2020-11-02,1.0750615272885269
SD,2020-11-09,1.1232235940226651
SD,2020-11-16,1.0958592742251754
SD,2020-11-23,0.9799682583360194
SD,2020-11-30,0.9360817447532516
SD,2020-12-07,0.921553554628868
SD,2020-12-14,1.0102817882971245
SD,2020-12-21,0.9892080002794268
SD,2020-12-28,1.0087275445219372
SD,2021-01-04,0.98962183946911
SD,2021-01-11,0.9736670648750269
SD,2021-01-18,0.9298681352320028
SD,2021-01-25,0.974003222844254
SD,2021-02-01,1.0145045544643834
SD,2021-02-08,0.9427901448976952
SD,2021-02-15,0.9762588958768976
SD,2021-02-22,1.0181404613403426
SD,2021-03-01,1.018039535630182
SD,2021-03-08,0.8937977394345584
SD,2021-03-15,0.9244848527495596
SD,2021-03-22,0.9971805831556
SD,2021-03-29,1.0663379561852206
SD,2021-04-05,1.0239690426445835
SD,2021-04-12,1.0368372077718049
SD,2021-04-19,0.963463063196254
SD,2021-04-26,0.9860520645451044
SD,2021-05-03,1.116592326083126
SD,2021-05-10,1.1719043155962607
SD,2021-05-17,1.167664663296737
SD,2021-05-24,1.0074291216642508
SD,2021-05-31,1.0060383431021147
SD,2021-06-07,1.022120570234179
SD,2021-06-14,1.0352330734364847
SD,2021-06-21,1.0065760989551518
SD,2021-06-28,0.9960272666204129
SD,2021-07-05,1.0122861343592908
SD,2021-07-12,1.040100277143834
SD,2021-07-19,1.0234088934684669
SD,2021-07-26,1.0397534625093354
SD,2021-08-02,1.0769622400305383
SD,2021-08-09,1.1039336128070076
SD,2021-08-16,1.001799621671151
SD,2021-08-23,1.031293513801797
SD,2021-08-30,1.0600421274146363
SD,2021-09-06,1.1011156741521289
SD,2021-09-13,1.0896380831057744
SD,2021-09-20,1.0253433934730538
SD,2021-09-27,0.9892539718707846
SD,2021-10-04,0.965677000985976
SD,2021-10-11,0.952868542047201
SD,2021-10-18,0.986934240373015
SD,2021-10-25,0.9544919734812228
SD,2021-11-01,1.0015054979726818
SD,2021-11-08,1.0494672042433386
SD,2021-11-15,1.0219313945201438
SD,2021-11-22,1.0598018434619676
SD,2021-11-29,1.0748528384731288
SD,2021-12-06,1.0770821384349294
SD,2021-12-13,1.0517952664218342
SD,2021-12-20,1.0925361518099768
SD,2021-12-27,1.2404086662958278
SD,2022-01-03,1.223107136382784
SD,2022-01-10,1.0931797970297177
SD,2022-01-17,0.9115229454333128
SD,2022-01-24,0.8096986232224701
SD,2022-01-31,0.7950912422862734
SD,2022-02-07,0.8108795089042352
SD,2022-02-14,0.8576458161015685
SD,2022-02-21,0.9401345340439324
SD,2022-02-28,0.9717257674056032
SD,2022-03-07,0.9884982965167842
SD,2022-03-14,0.9795711856988596
SD,2022-03-21,1.0495866523557371
SD,2022-03-28,1.004463197922361
SD,2022-04-04,0.999886176988756
SD,2022-04-11,0.955513452274942
SD,2022-04-18,1.0386990012421111
SD,2022-04-25,1.0181049952228094
SD,2022-05-02,1.0233691247318126
SD,2022-05-09,1.008515296573396
SD,2022-05-16,1.0676536740015767
SD,2022-05-23,1.0050748098730964
SD,2022-05-30,0.9721066766854358
SD,2022-06-06,0.9707205532721024
SD,2022-06-13,0.9503479472459688
SD,2022-06-20,0.9595565470944876
SD,2022-06-27,0.933157713372788
SD,2022-07-04,0.946256595973664
SD,2022-07-11,0.9923513722869765
SD,2022-07-18,0.9655917761619484
SD,2022-07-25,0.9748744927502346
SD,2022-08-01,0.9732727610129852
SD,2022-08-08,0.9735474139668888
SD,2022-08-15,0.9758633945073724
SD,2022-08-22,1.0645017233752434
SD,2022-08-29,1.0756052349282088
SD,2022-09-05,1.1130824127255805
SD,2022-09-12,1.070065380008114
SD,2022-09-19,1.0680068380290852
SD,2022-09-26,1.0615163306946571
SD,2022-10-03,1.0254414712924234
SD,2022-10-10,1.0524572717431258
SD,2022-10-17,1.0936183113858169
SD,2022-10-24,1.157084001906809
SD,2022-10-31,1.1655463703742412
SD,2022-11-07,1.2039214944086214
SD,2022-11-14,1.1564781157034536
SD,2022-11-21,1.151582272528327
SD,2022-11-28,1.1961880349551586
SD,2022-12-05,1.1574486494992555
SD,2022-12-12,1.134908032442728
SD,2022-12-19,0.9837272593067956
SD,2022-12-26,0.9454887186164018
SD,2023-01-02,0.8766858733836385
SD,2023-01-09,0.8092079869328471
SD,2023-01-16,0.7595426755330182
SD,2023-01-23,0.8177261781205649
SD,2023-01-30,0.9164820309288398
SD,2023-02-06,0.9551138363063528
SD,2023-02-13,0.9762902157928228
SD,2023-02-20,0.9829423636674997
SD,2023-02-27,0.98737394728657
SD,2023-03-06,0.9816836559706114
SD,2023-03-13,0.9290873919572604
SD,2023-03-20,0.9660049042142036
SD,2023-03-27,0.981684923378936
SD,2023-04-03,1.0030385989719843
SD,2023-04-10,0.987404228853365
SD,2023-04-17,0.9618368946933528
SD,2023-04-24,0.9329966994243404
SD,2023-05-01,0.9729865682361076
SD,2023-05-08,1.0030486644848546
SD,2023-05-15,1.0284726755475548
SD,2023-05-22,0.9494436157647154
SD,2023-05-29,0.9580653570871734
SD,2023-06-05,1.0089921866546383
SD,2023-06-12,0.9921369372183152
SD,2023-06-19,0.9817310057867124
SD,2023-06-26,0.904575258862358
SD,2023-07-03,0.8844883601375396
SD,2023-07-10,1.0390795116036162
SD,2023-07-17,0.9256861709413736
SD,2023-07-24,1.068658557656939
SD,2023-07-31,0.9027947827587722
SD,2023-08-07,1.032035686347177
SD,2023-08-14,1.0541151173306385
SD,2023-08-21,1.084240722903934
SD,2023-08-28,1.1319725458472003
SD,2023-09-04,1.1106206594660857
SD,2023-09-11,1.1416811990613998
SD,2023-09-18,1.0534475443918807
SD,2023-09-25,1.1697814034120446
SD,2023-10-02,1.0594135408355785
SD,2023-10-09,1.0919429221294454
SD,2023-10-16,0.9584435033180408
SD,2023-10-23,1.028003687004586
SD,2023-10-30,1.062481125378276
SD,2023-11-06,1.077762634850353
SD,2023-11-13,1.077879080244872
SD,2023-11-20,1.0134325319841444
SD,2023-11-27,1.0868769499418955
SD,2023-12-04,1.0550098176646985
SD,2023-12-11,1.10994491079479
SD,2023-12-18,1.089203076123485
SD,2023-12-25,1.2165654942540736
SD,2024-01-01,1.218965354368033
SD,2024-01-08,1.1042984879991522
SD,2024-01-15,0.9166789667508448
SD,2024-01-22,0.7860091323811647
SD,2024-01-29,0.9295149534845726
SD,2024-02-05,1.019125459226435
SD,2024-02-12,1.1462067432049714
SD,2024-02-19,1.0651908836943955
SD,2024-02-26,1.0530810984755277
SD,2024-03-04,0.9892435304518672
SD,2024-03-11,0.9853096193433232
SD,2024-03-18,0.9681893611086558
SD,2024-03-25,0.9382035502562142
SD,2024-04-01,0.9421555105496764
SD,2024-04-08,0.9041810624198946
SD,2024-04-15,0.9147502666509074
SD,2024-04-22,0.8516682552165084
SD,2024-04-29,0.9187276471938808
SD,2024-05-06,0.907244964016563
SD,2024-05-13,0.9750227299208534
SD,2024-05-20,0.906202998363505
SD,2024-05-27,1.000849762341704
SD,2024-06-03,0.9670415479600422
SD,2024-06-10,0.9532824954363602
SD,2024-06-17,0.8778270636441585
SD,2024-06-24,0.9427425445805014
SD,2024-07-01,0.9792087688099244
SD,2024-07-08,1.022385478380439
SD,2024-07-15,1.018679501578096
SD,2024-07-22,0.9813565865816436
SD,2024-07-29,0.9829154037387698
SD,2024-08-05,1.0157439508017447
SD,2024-08-12,1.0055480198087134
SD,2024-08-19,1.0149774006499588
SD,2024-08-26,1.0826085031062418
SD,2024-09-02,1.1765397919331124
SD,2024-09-09,1.1287197418253911
SD,2024-09-16,1.052626559615279
SD,2024-09-23,0.9412219286783994
SD,2024-09-30,0.961726573464056
SD,2024-10-07,0.9958886862047692
SD,2024-10-14,1.0594970294162764
SD,2024-10-21,1.0584991344631194
SD,2024-10-28,1.0534242369628597
SD,2024-11-04,1.0290141163802875
SD,2024-11-11,1.0111806471522042
SD,2024-11-18,0.999652795392188
SD,2024-11-25,1.0612545665385251
SD,2024-12-02,1.074462220751362
SD,2024-12-09,1.0769555435909668
SD,2024-12-16,1.0621235271080351
SD,2024-12-23,1.145340961332859
SD,2024-12-30,1.3027411223106755
SD,2025-01-06,1.2538365494891612
SD,2025-01-13,1.0487003850614378
SD,2025-01-20,1.0000427885499477
SD,2025-01-27,1.0690585016872582
SD,2025-02-03,1.174724652628221
SD,2025-02-10,1.1064327971189634
SD,2025-02-17,1.0390203015221415
SD,2025-02-24,0.9057721247263496
SD,2025-03-03,0.8603853538269697
SD,2025-03-10,0.805176459778869
SD,2025-03-17,0.8557587138953509
SD,2025-03-24,0.8441102230319893
SD,2025-03-31,0.8926128397962709
SD,2025-04-07,0.8805389795345774
SD,2025-04-14,0.9419191751314177
SD,2025-04-21,0.937401675003252
SD,2025-04-28,0.9547486348857558
SD,2025-05-05,0.8930066449425405
SD,2025-05-12,0.919779840838848
SD,2025-05-19,0.9465537493493154
SD,2025-05-26,0.9636221515771132
SD,2025-06-02,0.9720266219331724
SD,2025-06-09,0.9235243942931446
SD,2025-06-16,0.9689144475822824
SD,2025-06-23,0.953248308880576
SD,2025-06-30,0.9428695663865018
SD,2025-07-07,0.8774776550890465
SD,2025-07-14,1.0005368002874666
SD,2025-07-21,0.9924811077618771
SD,2025-07-28,1.0449100402321965
SD,2025-08-04,0.9457112909772004
SD,2025-08-11,1.0284060461663658
SD,2025-08-18,1.0353867382787647
SD,2025-08-25,1.131553099991826
SD,2025-09-01,1.1684028296256834
SD,2025-09-08,1.1480881850502491
SD,2025-09-15,1.1296912559312406
TN,2016-10-10,1.0
TN,2016-10-17,0.8018242383328109
TN,2016-10-24,0.9261741592433888
TN,2016-10-31,0.9565993816022008
TN,2016-11-07,1.1747094156686286
TN,2016-11-14,1.0539969042349877
TN,2016-11-21,1.1228724174640634
TN,2016-11-28,1.1676626121007077
TN,2016-12-05,1.1087484291953031
TN,2016-12-12,1.1024203412760334
TN,2016-12-19,0.9578947840071534
TN,2016-12-26,1.1981337270710226
TN,2017-01-02,1.136524248114025
TN,2017-01-09,1.1541043945982283
TN,2017-01-16,1.0645342709645615
TN,2017-01-23,1.0206713721241527
TN,2017-01-30,1.0575682480664914
TN,2017-02-06,1.0865231112523122
TN,2017-02-13,1.2293245559562085
TN,2017-02-20,1.1554472329190673
TN,2017-02-27,1.0027875548034697
TN,2017-03-06,0.914514229002781
TN,2017-03-13,0.9936281629023656
TN,2017-03-20,0.9056180153645312
TN,2017-03-27,1.2245637476503797
TN,2017-04-03,1.0708213466527197
TN,2017-04-10,1.19362488056026
TN,2017-04-17,0.7226781754282272
TN,2017-04-24,1.0032440654539991
TN,2017-05-01,0.882435191039909
TN,2017-05-08,1.003311793850434
TN,2017-05-15,0.9919595353330534
TN,2017-05-22,1.0999349652404355
TN,2017-05-29,1.0104252920745933
TN,2017-06-05,0.7570007581632757
TN,2017-06-12,0.8790170015869833
TN,2017-06-19,0.8083552869214975
TN,2017-06-26,0.8184579106311625
TN,2017-07-03,0.7931655490110813
TN,2017-07-10,0.9241449282270108
TN,2017-07-17,0.9858119615475568
TN,2017-07-24,0.9866655233783066
TN,2017-07-31,0.824911001807463
TN,2017-08-07,1.2055756754656288
TN,2017-08-14,1.0947363733807085
TN,2017-08-21,1.2620945723291022
TN,2017-08-28,1.0830890800056765
TN,2017-09-04,1.2032382058900737
TN,2017-09-11,1.2878003031025933
TN,2017-09-18,1.1428900251837388
TN,2017-09-25,1.1808045566335783
TN,2017-10-02,1.082593783790836
TN,2017-10-09,1.040831564791599
TN,2017-10-16,1.0348919772681997
TN,2017-10-23,1.0453973820801874
TN,2017-10-30,1.091404734020551
TN,2017-11-06,1.1847183189995525
TN,2017-11-13,1.2091522626034157
TN,2017-11-20,1.1432645906789836
TN,2017-11-27,1.1522139317573896
TN,2017-12-04,0.9659698175542208
TN,2017-12-11,1.167658345410595
TN,2017-12-18,1.149273628716201
TN,2017-12-25,1.530287894281589
TN,2018-01-01,1.323851486861334
TN,2018-01-08,1.2609811025447255
TN,2018-01-15,1.03516949996603
TN,2018-01-22,1.2735482175517945
TN,2018-01-29,1.022780017447551
TN,2018-02-05,1.2747676903973857
TN,2018-02-12,1.0274629721437023
TN,2018-02-19,1.1770094875453745
TN,2018-02-26,0.7754091008664206
TN,2018-03-05,0.784886396707628
TN,2018-03-12,0.7313854707526695
TN,2018-03-19,0.7994010971462259
TN,2018-03-26,0.844291844015205
TN,2018-04-02,0.8851107343468146
TN,2018-04-09,0.8915777582290058
TN,2018-04-16,0.9074026582350316
TN,2018-04-23,0.92022322297876
TN,2018-04-30,0.8759508390231023
TN,2018-05-07,0.976422861954772
TN,2018-05-14,0.9156252787749184
TN,2018-05-21,0.959839148301353
TN,2018-05-28,1.013831416150631
TN,2018-06-04,0.953770381504868
TN,2018-06-11,0.9597262073701138
TN,2018-06-18,0.8254910192082143
TN,2018-06-25,1.046347417192959
TN,2018-07-02,0.9697788041820832
TN,2018-07-09,1.2252843368123512
TN,2018-07-16,0.8820877824197806
TN,2018-07-23,1.8872571379146823
TN,2018-07-30,1.5103078539563126
TN,2018-08-06,1.7192723944093762
TN,2018-08-13,1.0370874672300756
TN,2018-08-20,1.034304832434351
TN,2018-08-27,1.3290958784702038
TN,2018-09-03,1.1701818507737545
TN,2018-09-10,1.3546966030209422
TN,2018-09-17,1.050843755495041
TN,2018-09-24,1.0327799857816422
TN,2018-10-01,1.050694081041121
TN,2018-10-08,1.1609617735968731
TN,2018-10-15,1.166036867127363
TN,2018-10-22,0.9849766147218572
TN,2018-10-29,1.2809870277608886
TN,2018-11-05,1.1347588498082388
TN,2018-11-12,1.318824905800686
TN,2018-11-19,1.0085279207102404
TN,2018-11-26,1.184427534654067
TN,2018-12-03,1.0566924070503227
TN,2018-12-10,1.108675039429898
TN,2018-12-17,1.0587706840105988
TN,2018-12-24,1.1445262710091413
TN,2018-12-31,1.2699312661130386
TN,2019-01-07,1.1474782374507384
TN,2019-01-14,1.0124660154248672
TN,2019-01-21,0.9300534868589158
TN,2019-01-28,1.1477027630289016
TN,2019-02-04,1.3023256345513117
TN,2019-02-11,1.2629673125611482
TN,2019-02-18,1.0712200994959842
TN,2019-02-25,0.9753273340004228
TN,2019-03-04,0.8699929780192803
TN,2019-03-11,0.9356714493341872
TN,2019-03-18,0.9552719300256072
TN,2019-03-25,0.9326395529342344
TN,2019-04-01,0.8143359164053324
TN,2019-04-08,0.9326143527438304
TN,2019-04-15,0.8341827363470148
TN,2019-04-22,0.9687855600992268
TN,2019-04-29,0.8855878229178002
TN,2019-05-06,0.9275971590643696
TN,2019-05-13,0.8826969458480954
TN,2019-05-20,0.9713844502671698
TN,2019-05-27,0.9140249416844768
TN,2019-06-03,1.1879613956840134
TN,2019-06-10,0.9628055902219428
TN,2019-06-17,1.167426778873644
TN,2019-06-24,0.7563829090237413
TN,2019-07-01,0.944548192837174
TN,2019-07-08,0.9465396424027384
TN,2019-07-15,1.1052506914932074
TN,2019-07-22,1.0110137745916057
TN,2019-07-29,1.060205386532124
TN,2019-08-05,1.0627338959374788
TN,2019-08-12,1.2010056632088135
TN,2019-08-19,1.040717420994932
TN,2019-08-26,1.0129150024337106
TN,2019-09-02,1.0830160906591495
TN,2019-09-09,1.2477759433874258
TN,2019-09-16,1.0959675402698794
TN,2019-09-23,1.1539761936334003
TN,2019-09-30,1.049303740576281
TN,2019-10-07,1.2975753210311072
TN,2019-10-14,1.1148626807889677
TN,2019-10-21,1.1298299142633663
TN,2019-10-28,1.0459667721817476
TN,2019-11-04,1.0986989068010595
TN,2019-11-11,1.1211056194195703
TN,2019-11-18,1.1278574106021084
TN,2019-11-25,1.1796462484057624
TN,2019-12-02,1.2109176678160574
TN,2019-12-09,1.1599705159263642
TN,2019-12-16,1.1845656506265576
TN,2019-12-23,1.234025269933249
TN,2019-12-30,1.3890905218786895
TN,2020-01-06,1.140150553184878
TN,2020-01-13,0.966032603638612
TN,2020-01-20,0.8794343660440354
TN,2020-01-27,1.0172117143579644
TN,2020-02-03,1.118835741122366
TN,2020-02-10,1.0240874229082244
TN,2020-02-17,0.9561877941882448
TN,2020-02-24,0.8808755952011689
TN,2020-03-02,0.8820347473208155
TN,2020-03-09,0.9898515661679652
TN,2020-03-16,1.0539396803934702
TN,2020-03-23,1.090624640226687
TN,2020-03-30,0.9667947290681036
TN,2020-04-06,0.804429211039774
TN,2020-04-13,0.7449856994676195
TN,2020-04-20,0.7301755592503691
TN,2020-04-27,0.8283989058636313
TN,2020-05-04,0.805458352893565
TN,2020-05-11,0.8713126886051484
TN,2020-05-18,0.8783134364652195
TN,2020-05-25,0.9179767702467796
TN,2020-06-01,0.9338834980861902
TN,2020-06-08,0.9260488788254656
TN,2020-06-15,0.9473748366416374
TN,2020-06-22,1.0441662804320004
TN,2020-06-29,1.0629200498837823
TN,2020-07-06,1.1940825742625134
TN,2020-07-13,1.1334933773921412
TN,2020-07-20,1.0717558979466737
TN,2020-07-27,0.9412530346709772
TN,2020-08-03,0.9636402826643928
TN,2020-08-10,0.9590938715973238
TN,2020-08-17,0.9560654170939484
TN,2020-08-24,0.9774651028322036
TN,2020-08-31,1.0547211521023565
TN,2020-09-07,1.058592861141422
TN,2020-09-14,1.0682781201110771
TN,2020-09-21,0.9782189471803524
TN,2020-09-28,1.0514611550120894
TN,2020-10-05,1.047596370913512
TN,2020-10-12,1.0569458548862358
TN,2020-10-19,1.0217302325463826
TN,2020-10-26,1.0160848871808827
TN,2020-11-02,0.9954156475856956
TN,2020-11-09,1.10073627010272
TN,2020-11-16,1.0554935128358252
TN,2020-11-23,1.0803816987616874
TN,2020-11-30,1.0300527786792135
TN,2020-12-07,1.046100260064195
TN,2020-12-14,0.9930255019177934
TN,2020-12-21,0.9741562679630824
TN,2020-12-28,0.9577193172708977
TN,2021-01-04,1.0366627514509996
TN,2021-01-11,0.9588831701790874
TN,2021-01-18,0.938990779593359
TN,2021-01-25,0.8914039748207998
TN,2021-02-01,0.9246890090280724
TN,2021-02-08,0.9645486648703512
TN,2021-02-15,0.9377446840090856
TN,2021-02-22,0.9461836206776216
TN,2021-03-01,0.9082002411737506
TN,2021-03-08,0.9577647212814472
TN,2021-03-15,0.966305745381991
TN,2021-03-22,1.0046367206682043
TN,2021-03-29,1.0253761682393594
TN,2021-04-05,1.0261207193850437
TN,2021-04-12,1.0246930140454242
TN,2021-04-19,1.008493911355976
TN,2021-04-26,1.0425329761332067
TN,2021-05-03,1.0475869937367803
TN,2021-05-10,1.023887438188703
TN,2021-05-17,1.0206931025856438
TN,2021-05-24,1.034492917592738
TN,2021-05-31,1.0249819423108315
TN,2021-06-07,1.0458015741962623
TN,2021-06-14,0.9351169584439734
TN,2021-06-21,1.053632949366279
TN,2021-06-28,0.9662688166912372
TN,2021-07-05,1.0834048791671491
TN,2021-07-12,1.0572916632339684
TN,2021-07-19,1.0640431945766664
TN,2021-07-26,1.113530362073886
TN,2021-08-02,1.1454567008881955
TN,2021-08-09,1.0980400200217666
TN,2021-08-16,1.1215286486253877
TN,2021-08-23,1.1269496667642809
TN,2021-08-30,1.106897357638212
TN,2021-09-06,1.0515892107057203
TN,2021-09-13,0.948865555519022
TN,2021-09-20,0.9025122637415552
TN,2021-09-27,0.9284417809353984
TN,2021-10-04,0.9127277507347458
TN,2021-10-11,1.027197965679738
TN,2021-10-18,0.987608906988964
TN,2021-10-25,1.0031680582469926
TN,2021-11-01,0.9612355204471806
TN,2021-11-08,1.048648651015904
TN,2021-11-15,1.0814144006612345
TN,2021-11-22,1.1687693103390564
TN,2021-11-29,1.0559287640375792
TN,2021-12-06,1.1141518907783632
TN,2021-12-13,1.053213834774835
TN,2021-12-20,1.1776858541477104
TN,2021-12-27,1.222241226051575
TN,2022-01-03,1.190297180307062
TN,2022-01-10,1.0530579609877628
TN,2022-01-17,0.8759593391390307
TN,2022-01-24,0.8496590480564113
TN,2022-01-31,0.825446463032886
TN,2022-02-07,0.8083100862971112
TN,2022-02-14,0.7985614339854773
TN,2022-02-21,0.9109450124842368
TN,2022-02-28,0.987149484045301
TN,2022-03-07,1.030512662055564
TN,2022-03-14,0.9987254277695412
TN,2022-03-21,1.0388947718683397
TN,2022-03-28,1.025973532811041
TN,2022-04-04,1.0521985757307262
TN,2022-04-11,1.0140092620789427
TN,2022-04-18,1.0973488009391796
TN,2022-04-25,1.013195659885667
TN,2022-05-02,1.0586416854368732
TN,2022-05-09,0.9677951944870168
TN,2022-05-16,1.021190362730949
TN,2022-05-23,0.9562222301189576
TN,2022-05-30,0.9760946521309786
TN,2022-06-06,0.9983808665766232
TN,2022-06-13,0.9132910715036175
TN,2022-06-20,0.9257582584797276
TN,2022-06-27,0.9423220903522193
TN,2022-07-04,0.9995605982774136
TN,2022-07-11,0.9949201620661944
TN,2022-07-18,0.9655092726627628
TN,2022-07-25,0.992255492324654
TN,2022-08-01,0.9968768546335728
TN,2022-08-08,1.0012260385988196
TN,2022-08-15,1.026801500113104
TN,2022-08-22,1.0794519047271862
TN,2022-08-29,1.152653188112051
TN,2022-09-05,1.0856673035021016
TN,2022-09-12,1.1009266775440338
TN,2022-09-19,1.019029435816569
TN,2022-09-26,1.1228245059015327
TN,2022-10-03,1.0923611032982865
TN,2022-10-10,1.2402677955145749
TN,2022-10-17,1.1350188492687634
TN,2022-10-24,1.1810166095253778
TN,2022-10-31,1.261909555603529
TN,2022-11-07,1.3692050208702269
TN,2022-11-14,1.241293949780203
TN,2022-11-21,1.0361910268942536
TN,2022-11-28,1.0838506640611518
TN,2022-12-05,1.0879107801742494
TN,2022-12-12,1.0380212896962806
TN,2022-12-19,0.8373176942842671
TN,2022-12-26,0.8705006694680335
TN,2023-01-02,0.8833810129703961
TN,2023-01-09,0.8083335198302966
TN,2023-01-16,0.8075060100006132
TN,2023-01-23,0.7962779944051406
TN,2023-01-30,0.9164930578250086
TN,2023-02-06,0.9351898233887443
TN,2023-02-13,0.956517557177494
TN,2023-02-20,0.9950712087170844
TN,2023-02-27,0.962355079006141
TN,2023-03-06,1.0129860478558927
TN,2023-03-13,0.9334069032452714
TN,2023-03-20,0.9629872697250872
TN,2023-03-27,0.9796542363698992
TN,2023-04-03,0.981328738059692
TN,2023-04-10,0.9745050134039842
TN,2023-04-17,0.9523030781489454
TN,2023-04-24,0.9511311885410956
TN,2023-05-01,1.0152005416789176
TN,2023-05-08,1.0303561940122294
TN,2023-05-15,1.005020202357445
TN,2023-05-22,0.9551295209593174
TN,2023-05-29,0.9349489986408316
TN,2023-06-05,0.9690693923456438
TN,2023-06-12,0.9181594670418892
TN,2023-06-19,0.8823162229677611
TN,2023-06-26,0.8685170281817496
TN,2023-07-03,0.9093363422527228
TN,2023-07-10,0.9346678284574232
TN,2023-07-17,0.9332065710266336
TN,2023-07-24,1.0296527381431693
TN,2023-07-31,1.0207695858868846
TN,2023-08-07,1.058863641552737
TN,2023-08-14,1.098096348570757
TN,2023-08-21,1.244053962154516
TN,2023-08-28,1.2618816538743267
TN,2023-09-04,1.1713594583060578
TN,2023-09-11,1.0169732695165148
TN,2023-09-18,1.0186777526032322
TN,2023-09-25,1.0123656136488235
TN,2023-10-02,1.061400893484257
TN,2023-10-09,1.039014760792311
TN,2023-10-16,1.0278968087689682
TN,2023-10-23,1.0265721042155205
TN,2023-10-30,1.0289068970455093
TN,2023-11-06,1.0818813043932145
TN,2023-11-13,1.1858568735618276
TN,2023-11-20,1.146054900968052
TN,2023-11-27,1.1053645072279483
TN,2023-12-04,1.084040503979533
TN,2023-12-11,1.1144987016185537
TN,2023-12-18,1.19358239161469
TN,2023-12-25,1.3095684485456225
TN,2024-01-01,1.275885553681854
TN,2024-01-08,1.104478034949261
TN,2024-01-15,0.8853543220050231
TN,2024-01-22,0.8292979749844368
TN,2024-01-29,0.82791962826588
TN,2024-02-05,0.8493967281013268
TN,2024-02-12,0.9970458120836037
TN,2024-02-19,1.0398934452930093
TN,2024-02-26,1.0756851816444604
TN,2024-03-04,0.9458335295507108
TN,2024-03-11,0.9406163165042624
TN,2024-03-18,0.8543456951164897
TN,2024-03-25,0.8730153008036418
TN,2024-04-01,0.926126341357262
TN,2024-04-08,0.9412069529093564
TN,2024-04-15,0.9556263398261758
TN,2024-04-22,0.8892782233977543
TN,2024-04-29,0.9256405849738604
TN,2024-05-06,0.9514984371077824
TN,2024-05-13,0.9545512833263516
TN,2024-05-20,0.9695724099432248
TN,2024-05-27,0.9473316893796754
TN,2024-06-03,0.9814929626396952
TN,2024-06-10,0.9092752464220776
TN,2024-06-17,0.9012245392050544
TN,2024-06-24,0.8887118413005035
TN,2024-07-01,0.9838871072481588
TN,2024-07-08,0.9820377628115344
TN,2024-07-15,1.0512545574690413
TN,2024-07-22,0.9939722238942676
TN,2024-07-29,1.0396315419465838
TN,2024-08-05,1.0201620031639604
TN,2024-08-12,1.0740000791339033
TN,2024-08-19,1.124731302720106
TN,2024-08-26,1.191367312012209
TN,2024-09-02,1.105885830491434
TN,2024-09-09,1.0393854354698846
TN,2024-09-16,0.9859684196171712
TN,2024-09-23,0.981203480912005
TN,2024-09-30,1.012926406028425
TN,2024-10-07,0.953977453385564
TN,2024-10-14,1.0186096238501223
TN,2024-10-21,1.0001891937386225
TN,2024-10-28,1.0525512037679792
TN,2024-11-04,1.0657674686787924
TN,2024-11-11,1.1208944848204443
TN,2024-11-18,1.1148144102227553
TN,2024-11-25,1.0773133498446994
TN,2024-12-02,1.0910822051366298
TN,2024-12-09,1.0517215594820726
TN,2024-12-16,1.2306737255782652
TN,2024-12-23,1.252999745272016
TN,2024-12-30,1.417248608311284
TN,2025-01-06,1.1460891238882822
TN,2025-01-13,0.9839975779736242
TN,2025-01-20,0.8830446786432802
TN,2025-01-27,1.0965928155001257
TN,2025-02-03,1.2249686799999384
TN,2025-02-10,1.114811519588027
TN,2025-02-17,0.9386702942403464
TN,2025-02-24,0.8338485297642397
TN,2025-03-03,0.8405984420716142
TN,2025-03-10,0.9064984609790596
TN,2025-03-17,0.871141471221886
TN,2025-03-24,0.8446565352651139
TN,2025-03-31,0.8218281092275079
TN,2025-04-07,0.8301892155205511
TN,2025-04-14,0.9101183748755856
TN,2025-04-21,0.9272942774408344
TN,2025-04-28,0.9611230284363584
TN,2025-05-05,0.9375683731091592
TN,2025-05-12,0.9442137914030472
TN,2025-05-19,0.9552343515548972
TN,2025-05-26,0.9480025896279664
TN,2025-06-02,0.9660098600775224
TN,2025-06-09,0.9177923340085744
TN,2025-06-16,0.8998174153972041
TN,2025-06-23,0.8543585451919751
TN,2025-06-30,0.8756330678131848
TN,2025-07-07,0.9085381640850552
TN,2025-07-14,0.9821012427572724
TN,2025-07-21,0.9826551312486071
TN,2025-07-28,1.0654239736472506
TN,2025-08-04,0.976580705936758
TN,2025-08-11,1.1194523032420152
TN,2025-08-18,1.1344463824671738
TN,2025-08-25,1.2583323813006726
TN,2025-09-01,1.2006973382397266
TN,2025-09-08,1.0437603725812443
TN,2025-09-15,0.9878458930811268
TX,2016-10-10,1.0
TX,2016-10-17,0.9128257947826176
TX,2016-10-24,0.9380102298407595
TX,2016-10-31,0.9819870653303469
TX,2016-11-07,1.0357133593124124
TX,2016-11-14,1.0500316635405311
TX,2016-11-21,1.0228986603232166
TX,2016-11-28,1.0820388732510335
TX,2016-12-05,1.0648247826434307
TX,2016-12-12,1.0905485380716151
TX,2016-12-19,1.0808944204234423
TX,2016-12-26,1.157046164836257
TX,2017-01-02,1.1210981810739538
TX,2017-01-09,1.0710087177152243
TX,2017-01-16,1.0570515090866208
TX,2017-01-23,1.0624670911603225
TX,2017-01-30,1.1223659781116138
TX,2017-02-06,1.1551803133730345
TX,2017-02-13,1.213572751004136
TX,2017-02-20,1.1332604465363685
TX,2017-02-27,1.0254576143965186
TX,2017-03-06,0.8862301492263533
TX,2017-03-13,0.9267308301449492
TX,2017-03-20,0.8681270778518888
TX,2017-03-27,0.8723228589908226
TX,2017-04-03,0.8457077150540954
TX,2017-04-10,0.8710581111989674
TX,2017-04-17,0.9055630028336056
TX,2017-04-24,0.920232631311618
TX,2017-05-01,0.9009050507834488
TX,2017-05-08,0.9286014409616477
TX,2017-05-15,0.8269146061007623
TX,2017-05-22,0.9992554740070738
TX,2017-05-29,0.9698714277716846
TX,2017-06-05,1.0209492687723145
TX,2017-06-12,0.91746019910213
TX,2017-06-19,0.9111567892875616
TX,2017-06-26,0.9468265566502678
TX,2017-07-03,0.9421661450890968
TX,2017-07-10,0.9625245692128404
TX,2017-07-17,0.931078597656524
TX,2017-07-24,0.9829882508072711
TX,2017-07-31,0.9863773247557118
TX,2017-08-07,1.031528167986019
TX,2017-08-14,0.9338278959895648
TX,2017-08-21,0.9893085790659564
TX,2017-08-28,1.1860197088252171
TX,2017-09-04,1.2507589190596404
TX,2017-09-11,1.2308885732917452
TX,2017-09-18,1.0153498616700996
TX,2017-09-25,1.006214431842505
TX,2017-10-02,1.0332561484933518
TX,2017-10-09,1.045282213478247
TX,2017-10-16,1.0760466992398148
TX,2017-10-23,1.019057502606038
TX,2017-10-30,1.0320241070773324
TX,2017-11-06,1.131215183155641
TX,2017-11-13,1.156025948483948
TX,2017-11-20,1.174010375340686
TX,2017-11-27,1.0901961697192648
TX,2017-12-04,1.105855846577333
TX,2017-12-11,1.0871090374992105
TX,2017-12-18,1.262002429144074
TX,2017-12-25,1.363622121142127
TX,2018-01-01,1.262738124395255
TX,2018-01-08,1.131643785285826
TX,2018-01-15,0.997668987544482
TX,2018-01-22,1.0733572763072308
TX,2018-01-29,1.0477259076321588
TX,2018-02-05,1.033653704642307
TX,2018-02-12,1.009697367386433
TX,2018-02-19,0.91739182947698
TX,2018-02-26,0.8493605762582336
TX,2018-03-05,0.789339118797884
TX,2018-03-12,0.7790738306364906
TX,2018-03-19,0.7885503696552447
TX,2018-03-26,0.834526585644889
TX,2018-04-02,0.9301253605096376
TX,2018-04-09,0.9315683750998968
TX,2018-04-16,0.9268822097931692
TX,2018-04-23,0.9052760288580772
TX,2018-04-30,0.9203006799779292
TX,2018-05-07,0.9702097994051442
TX,2018-05-14,0.96656451561486
TX,2018-05-21,0.8930873072922051
TX,2018-05-28,0.9740785460896888
TX,2018-06-04,0.9389339691265758
TX,2018-06-11,0.9780774072739784
TX,2018-06-18,0.9063104214677732
TX,2018-06-25,0.9027268448422474
TX,2018-07-02,1.03475366030299
TX,2018-07-09,0.9521674017371088
TX,2018-07-16,1.0292993976502685
TX,2018-07-23,0.8728737755300747
TX,2018-07-30,0.9787819360071714
TX,2018-08-06,0.9566850999029434
TX,2018-08-13,1.109940154489583
TX,2018-08-20,1.0375521586219318
TX,2018-08-27,1.1619049388288072
TX,2018-09-03,1.025911471490977
TX,2018-09-10,1.2835950093406896
TX,2018-09-17,1.161489747957439
TX,2018-09-24,1.169066798499227
TX,2018-10-01,1.0296049630936592
TX,2018-10-08,1.1013032739947892
TX,2018-10-15,1.0635571081627102
TX,2018-10-22,1.014534213097403
TX,2018-10-29,1.011229346175628
TX,2018-11-05,1.0956699761326074
TX,2018-11-12,1.0984991841510443
TX,2018-11-19,1.0646290229979458
TX,2018-11-26,1.0656961241136278
TX,2018-12-03,1.0343475621574134
TX,2018-12-10,1.012861702437552
TX,2018-12-17,1.0419247863148318
TX,2018-12-24,1.1112178396457104
TX,2018-12-31,1.2135395385455308
TX,2019-01-07,1.0753719828580126
TX,2019-01-14,1.0006099648278206
TX,2019-01-21,0.978502485008434
TX,2019-01-28,1.1266210036241062
TX,2019-02-04,1.1998115946686403
TX,2019-02-11,1.1852802491690464
TX,2019-02-18,1.1030706151940266
TX,2019-02-25,1.0200945014888068
TX,2019-03-04,0.9749528007451952
TX,2019-03-11,0.9488290478963524
TX,2019-03-18,0.9489532578907888
TX,2019-03-25,0.8598535526242022
TX,2019-04-01,0.85030066108513
TX,2019-04-08,0.8353658954670662
TX,2019-04-15,0.8792136021921407
TX,2019-04-22,0.8875576435766699
TX,2019-04-29,0.863947110561036
TX,2019-05-06,0.8749994304993061
TX,2019-05-13,0.9094357393053633
TX,2019-05-20,0.9894517409085272
TX,2019-05-27,1.035361255182882
TX,2019-06-03,0.9570774176864442
TX,2019-06-10,0.9522219449513708
TX,2019-06-17,0.9127235433238644
TX,2019-06-24,0.947624378023254
TX,2019-07-01,0.9416487638592655
TX,2019-07-08,0.9124550069457203
TX,2019-07-15,0.9434465564097428
TX,2019-07-22,0.9022159776776428
TX,2019-07-29,0.9761756904467216
TX,2019-08-05,0.9751751448897394
TX,2019-08-12,1.0111402913637828
TX,2019-08-19,0.8805656558733096
TX,2019-08-26,1.084903054411641
TX,2019-09-02,1.219679250579218
TX,2019-09-09,1.273740345927718
TX,2019-09-16,1.143834687932841
TX,2019-09-23,1.007394810435131
TX,2019-09-30,1.0480278941832852
TX,2019-10-07,1.0244410012702203
TX,2019-10-14,1.1150807557953684
TX,2019-10-21,1.0600213011657886
TX,2019-10-28,1.1415543778166335
TX,2019-11-04,1.1128412371680316
TX,2019-11-11,1.1844372410199493
TX,2019-11-18,1.1075195703122505
TX,2019-11-25,1.188924544013075
TX,2019-12-02,1.139956185932009
TX,2019-12-09,1.0845030510685365
TX,2019-12-16,1.1268205434311986
TX,2019-12-23,1.2020395240165704
TX,2019-12-30,1.355562175629632
TX,2020-01-06,1.1032206035983825
TX,2020-01-13,0.966804677884174
TX,2020-01-20,0.8973169756258303
TX,2020-01-27,1.020344579880028
TX,2020-02-03,1.0675279725331983
TX,2020-02-10,1.0186258941009594
TX,2020-02-17,0.977470441212371
TX,2020-02-24,0.9374496719605856
TX,2020-03-02,0.9053754622886372
TX,2020-03-09,0.9521571801145948
TX,2020-03-16,0.9557027559650404
TX,2020-03-23,1.0568859135452304
TX,2020-03-30,0.8877377371307491
TX,2020-04-06,0.843105071220138
TX,2020-04-13,0.741655990752329
TX,2020-04-20,0.7860803265216367
TX,2020-04-27,0.8511168667084449
TX,2020-05-04,0.8150279825854105
TX,2020-05-11,0.8595819973365518
TX,2020-05-18,0.8466696579071255
TX,2020-05-25,0.9239003428144696
TX,2020-06-01,0.9645029197423496
TX,2020-06-08,1.0053772385557374
TX,2020-06-15,1.0262845259412554
TX,2020-06-22,1.0417809118364472
TX,2020-06-29,1.1323862136577143
TX,2020-07-06,1.1297190717079664
TX,2020-07-13,1.0878337170900467
TX,2020-07-20,0.9886144342049376
TX,2020-07-27,0.9278800809698692
TX,2020-08-03,0.9169272690119796
TX,2020-08-10,0.919148034553518
TX,2020-08-17,0.9028604939404006
TX,2020-08-24,1.0008392196805274
TX,2020-08-31,0.9610963061821336
TX,2020-09-07,1.009679178421972
TX,2020-09-14,1.0961564885836683
TX,2020-09-21,1.0820294860932398
TX,2020-09-28,1.0848545057606982
TX,2020-10-05,1.0104976632693694
TX,2020-10-12,1.0801916890156695
TX,2020-10-19,1.0443013575277715
TX,2020-10-26,1.0168647565193447
TX,2020-11-02,1.015098799155654
TX,2020-11-09,1.0680827770487435
TX,2020-11-16,1.085268051152313
TX,2020-11-23,1.0395850159814488
TX,2020-11-30,0.9958309998892064
TX,2020-12-07,0.9779726184307334
TX,2020-12-14,0.9788057563531424
TX,2020-12-21,0.9698016211539224
TX,2020-12-28,0.9956481567446548
TX,2021-01-04,1.0326014219537492
TX,2021-01-11,0.9863929401702174
TX,2021-01-18,0.9188458629132784
TX,2021-01-25,0.9647318255077786
TX,2021-02-01,0.9568431555778938
TX,2021-02-08,1.174409053362884
TX,2021-02-15,0.9958009363798652
TX,2021-02-22,1.1335324355426943
TX,2021-03-01,0.8242751509245354
TX,2021-03-08,0.9354225588567128
TX,2021-03-15,0.8827802099218213
TX,2021-03-22,1.0381304692947486
TX,2021-03-29,1.0400289898306554
TX,2021-04-05,1.019288772072941
TX,2021-04-12,1.0846640161664394
TX,2021-04-19,1.0578952293402235
TX,2021-04-26,1.0750325828938017
TX,2021-05-03,1.0125082633850575
TX,2021-05-10,0.9998048607078862
TX,2021-05-17,1.021216298573303
TX,2021-05-24,1.0625645590486266
TX,2021-05-31,1.0157393310381415
TX,2021-06-07,1.0121089615477876
TX,2021-06-14,0.9611259784023944
TX,2021-06-21,1.039750989783807
TX,2021-06-28,1.007717417004638
TX,2021-07-05,1.0086044400470515
TX,2021-07-12,1.0354976669170426
TX,2021-07-19,1.0558392106412222
TX,2021-07-26,1.117535516059941
TX,2021-08-02,1.103245697424538
TX,2021-08-09,1.0970278514616654
TX,2021-08-16,1.034657543681157
TX,2021-08-23,1.0419642743585502
TX,2021-08-30,1.0744957662477286
TX,2021-09-06,1.0926790055276032
TX,2021-09-13,1.0315429404797196
TX,2021-09-20,0.950870359348612
TX,2021-09-27,0.9180296880389014
TX,2021-10-04,0.927147375318458
TX,2021-10-11,1.0021311191133486
TX,2021-10-18,1.0157639799180649
TX,2021-10-25,1.0257944335636642
TX,2021-11-01,0.9937611473444788
TX,2021-11-08,1.0355356827024005
TX,2021-11-15,1.046756716638616
TX,2021-11-22,1.1191603983651566
TX,2021-11-29,1.0635394159183995
TX,2021-12-06,1.0143072517668987
TX,2021-12-13,0.9968257189951744
TX,2021-12-20,1.0787604391239587
TX,2021-12-27,1.1582164594201134
TX,2022-01-03,1.187667964182559
TX,2022-01-10,1.14342469253117
TX,2022-01-17,1.081763306755716
TX,2022-01-24,0.9182664478168792
TX,2022-01-31,0.7959300637770715
TX,2022-02-07,0.7783576199084178
TX,2022-02-14,0.80130598756223
TX,2022-02-21,0.9520612798311902
TX,2022-02-28,0.998851622705649
TX,2022-03-07,1.094520355862458
TX,2022-03-14,1.0821797439003065
TX,2022-03-21,1.0698674845463552
TX,2022-03-28,0.9984925188477224
TX,2022-04-04,0.9683348538535264
TX,2022-04-11,0.9541349148344984
TX,2022-04-18,0.9589081821116382
TX,2022-04-25,0.9836720440593364
TX,2022-05-02,0.9893060021988014
TX,2022-05-09,0.985338897406836
TX,2022-05-16,0.9868470908201116
TX,2022-05-23,0.9972663555380878
TX,2022-05-30,0.9588994409817528
TX,2022-06-06,1.0171586780257391
TX,2022-06-13,0.9948456761703282
TX,2022-06-20,1.001286251974009
TX,2022-06-27,0.9208339168630132
TX,2022-07-04,0.9916981820038042
TX,2022-07-11,1.0371009960550444
TX,2022-07-18,1.0218014518361538
TX,2022-07-25,1.0048806816083693
TX,2022-08-01,0.98806499334548
TX,2022-08-08,0.9593726297860004
TX,2022-08-15,0.9319476926675035
TX,2022-08-22,1.023973177208731
TX,2022-08-29,1.2091129873854416
TX,2022-09-05,1.2584996004943148
TX,2022-09-12,1.16013892324093
TX,2022-09-19,1.0310549442809378
TX,2022-09-26,1.068860242185495
TX,2022-10-03,1.053885460094237
TX,2022-10-10,1.112549633731402
TX,2022-10-17,1.061850205259374
TX,2022-10-24,1.11449548628831
TX,2022-10-31,1.1797719560151367
TX,2022-11-07,1.1704965441547577
TX,2022-11-14,1.177630323956273
TX,2022-11-21,1.0762131270194435
TX,2022-11-28,1.0351705001049092
TX,2022-12-05,0.9782735561864292
TX,2022-12-12,0.9850924597232554
TX,2022-12-19,0.941694746824356
TX,2022-12-26,0.9475442213996254
TX,2023-01-02,0.9233815174593176
TX,2023-01-09,0.8813557966784422
TX,2023-01-16,0.8176319837387227
TX,2023-01-23,0.8190636751052519
TX,2023-01-30,0.903539944349441
TX,2023-02-06,0.9566370704778644
TX,2023-02-13,0.9717425124304188
TX,2023-02-20,0.9526915659709876
TX,2023-02-27,0.957317124909238
TX,2023-03-06,0.9800489192771596
TX,2023-03-13,0.9767929315141002
TX,2023-03-20,0.9557415742447236
TX,2023-03-27,0.9444166016419794
TX,2023-04-03,0.9482434392020376
TX,2023-04-10,1.0049028415368175
TX,2023-04-17,0.999984117993306
TX,2023-04-24,0.995363430921304
TX,2023-05-01,0.9774469962483568
TX,2023-05-08,1.0355808664912725
TX,2023-05-15,0.9824446329371762
TX,2023-05-22,1.0046885526366178
TX,2023-05-29,0.9558216049876122
TX,2023-06-05,0.9619664754089772
TX,2023-06-12,0.8523982476584728
TX,2023-06-19,0.8926499723454366
TX,2023-06-26,0.8779188623717553
TX,2023-07-03,1.013001910755978
TX,2023-07-10,0.9472041068374164
TX,2023-07-17,1.0090610286638038
TX,2023-07-24,0.9357186543537592
TX,2023-07-31,1.0155220280792123
TX,2023-08-07,1.05921798148081
TX,2023-08-14,1.1012455348293635
TX,2023-08-21,1.1350362461023322
TX,2023-08-28,1.1647153845782376
TX,2023-09-04,1.293327267602789
TX,2023-09-11,1.1948968632875152
TX,2023-09-18,1.0649846973280055
TX,2023-09-25,0.8957056422427616
TX,2023-10-02,0.951037272748264
TX,2023-10-09,1.0735666491138431
TX,2023-10-16,1.1247017003958484
TX,2023-10-23,1.1285440118053414
TX,2023-10-30,1.0648531194964272
TX,2023-11-06,1.0947076394569693
TX,2023-11-13,1.1168226462557358
TX,2023-11-20,1.1207121961119784
TX,2023-11-27,1.1010799253650911
TX,2023-12-04,1.0104320537244678
TX,2023-12-11,1.0083649300426
TX,2023-12-18,1.0567183767286137
TX,2023-12-25,1.1383539554921829
TX,2024-01-01,1.0820037105881533
TX,2024-01-08,1.0166463377421424
TX,2024-01-15,0.8800549274957065
TX,2024-01-22,0.9384187390703396
TX,2024-01-29,0.9920420297921426
TX,2024-02-05,1.1101659517111817
TX,2024-02-12,1.0461972236734862
TX,2024-02-19,0.9657696829505514
TX,2024-02-26,0.90097951872379
TX,2024-03-04,0.9021860086654988
TX,2024-03-11,0.9291430083666956
TX,2024-03-18,0.9262994100618824
TX,2024-03-25,0.8991190247427531
TX,2024-04-01,0.920762308745407
TX,2024-04-08,0.9073920427546924
TX,2024-04-15,0.9833369450212912
TX,2024-04-22,0.9268709277740182
TX,2024-04-29,0.9467625745992808
TX,2024-05-06,0.9382478894447608
TX,2024-05-13,0.9803659458989964
TX,2024-05-20,0.9621580744689516
TX,2024-05-27,0.9703548462801886
TX,2024-06-03,0.9722170504177594
TX,2024-06-10,0.9338110476254194
TX,2024-06-17,0.9513070992125776
TX,2024-06-24,0.932578054996976
TX,2024-07-01,0.9883131897862556
TX,2024-07-08,0.8763449425842715
TX,2024-07-15,1.0693356302912913
TX,2024-07-22,1.055433940413657
TX,2024-07-29,1.1728527291029764
TX,2024-08-05,1.0184936413410584
TX,2024-08-12,1.0255248110251078
TX,2024-08-19,0.9893536270771974
TX,2024-08-26,1.0889268669860834
TX,2024-09-02,1.196962479504133
TX,2024-09-09,1.1347751785574558
TX,2024-09-16,1.0649333634787088
TX,2024-09-23,0.9386303876479212
TX,2024-09-30,0.9637495567662406
TX,2024-10-07,0.953541351505531
TX,2024-10-14,0.9921276926081264
TX,2024-10-21,0.9932112026912876
TX,2024-10-28,1.0120300874190398
TX,2024-11-04,1.022587067225747
TX,2024-11-11,1.0456835271849467
TX,2024-11-18,1.113284955032556
TX,2024-11-25,1.0838932469292342
TX,2024-12-02,1.0974294988309776
TX,2024-12-09,0.9996092929071174
TX,2024-12-16,1.058353901454591
TX,2024-12-23,1.142442625044772
TX,2024-12-30,1.2664873200089437
TX,2025-01-06,1.1557664455142975
TX,2025-01-13,1.008709732802492
TX,2025-01-20,0.9393705085214772
TX,2025-01-27,1.106985712049604
TX,2025-02-03,1.2420869210133545
TX,2025-02-10,1.1464365924575053
TX,2025-02-17,0.9419893861956322
TX,2025-02-24,0.8269269440881805
TX,2025-03-03,0.8612781628158129
TX,2025-03-10,0.8907116166122854
TX,2025-03-17,0.8711842308226285
TX,2025-03-24,0.860588233534496
TX,2025-03-31,0.8675300712317568
TX,2025-04-07,0.8968248811616785
TX,2025-04-14,0.9315073308916724
TX,2025-04-21,0.963372811431248
TX,2025-04-28,0.9771608892205668
TX,2025-05-05,0.9607992457440157
TX,2025-05-12,0.9379997181855146
TX,2025-05-19,0.9644615287534772
TX,2025-05-26,0.9531685793659964
TX,2025-06-02,0.984713768638918
TX,2025-06-09,0.8912824712378242
TX,2025-06-16,0.8838631172016953
TX,2025-06-23,0.8774317962245892
TX,2025-06-30,0.8971864234906365
TX,2025-07-07,0.941657093253499
TX,2025-07-14,1.0949972286237786
TX,2025-07-21,1.0437904450413515
TX,2025-07-28,1.028270970924246
TX,2025-08-04,0.9211336579460117
TX,2025-08-11,1.0439776814243475
TX,2025-08-18,1.1137320853359147
TX,2025-08-25,1.1938447753389714
TX,2025-09-01,1.3198380256732714
TX,2025-09-08,1.203877894588615
TX,2025-09-15,1.075501774979756
UT,2016-10-10,1.0
UT,2016-10-17,0.9356963132366112
UT,2016-10-24,0.9990907641279856
UT,2016-10-31,0.9785255802589744
UT,2016-11-07,1.0079788506987843
UT,2016-11-14,1.014821247732462
UT,2016-11-21,1.0375905994232852
UT,2016-11-28,1.0913932489732132
UT,2016-12-05,1.0598093526532115
UT,2016-12-12,1.067626186083602
UT,2016-12-19,1.101524429574375
UT,2016-12-26,1.2536787786105563
UT,2017-01-02,1.2935881072951507
UT,2017-01-09,1.1805723442695195
UT,2017-01-16,0.987942624330425
UT,2017-01-23,0.951173603594816
UT,2017-01-30,0.9588621325950424
UT,2017-02-06,0.9820412916439818
UT,2017-02-13,0.9993538382210724
UT,2017-02-20,1.0106022931158964
UT,2017-02-27,1.0106264542577144
UT,2017-03-06,0.8657902843776097
UT,2017-03-13,0.8944228159704511
UT,2017-03-20,0.8598608007602108
UT,2017-03-27,0.9814688028373934
UT,2017-04-03,0.9317242461422178
UT,2017-04-10,0.922276488663831
UT,2017-04-17,0.8702032416434096
UT,2017-04-24,0.8914773492095083
UT,2017-05-01,0.9044408715505416
UT,2017-05-08,0.985719938999674
UT,2017-05-15,0.9343516292192288
UT,2017-05-22,0.962268384493974
UT,2017-05-29,0.9179837051528074
UT,2017-06-05,1.005629330364441
UT,2017-06-12,0.9307586507489204
UT,2017-06-19,0.903032187550926
UT,2017-06-26,0.8769889917600495
UT,2017-07-03,0.943997078867322
UT,2017-07-10,0.994622588159726
UT,2017-07-17,0.9633538275665816
UT,2017-07-24,0.9848932692478166
UT,2017-07-31,1.0015372660304676
UT,2017-08-07,1.042401225246341
UT,2017-08-14,1.0357756556460838
UT,2017-08-21,1.0222380831688898
UT,2017-08-28,1.0558707671571783
UT,2017-09-04,1.117363804292428
UT,2017-09-11,1.122842489661997
UT,2017-09-18,1.0583835203979188
UT,2017-09-25,0.9696369400986342
UT,2017-10-02,0.980531307954058
UT,2017-10-09,0.9854378359256312
UT,2017-10-16,1.0444566935370383
UT,2017-10-23,1.0462323886073903
UT,2017-10-30,1.1478661446345877
UT,2017-11-06,1.0670993414836782
UT,2017-11-13,1.0490376175584692
UT,2017-11-20,1.010886967095187
UT,2017-11-27,1.0694793578165058
UT,2017-12-04,1.069170265103849
UT,2017-12-11,1.048543867490145
UT,2017-12-18,1.116309319948204
UT,2017-12-25,1.3120157671352417
UT,2018-01-01,1.4100444002876893
UT,2018-01-08,1.3079500538715092
UT,2018-01-15,1.130057739156681
UT,2018-01-22,1.053031296941454
UT,2018-01-29,1.0338358894531718
UT,2018-02-05,1.0487119464185064
UT,2018-02-12,1.0345255048080506
UT,2018-02-19,1.0412811743115635
UT,2018-02-26,0.9838702112407
UT,2018-03-05,0.8337817271341831
UT,2018-03-12,0.8221516111342672
UT,2018-03-19,0.8038705171899571
UT,2018-03-26,0.8666983739446056
UT,2018-04-02,0.8941850702000107
UT,2018-04-09,0.9433050362539492
UT,2018-04-16,0.9465308679242792
UT,2018-04-23,0.9020989475872134
UT,2018-04-30,0.912315076822689
UT,2018-05-07,0.9888173163587528
UT,2018-05-14,0.9536541402268208
UT,2018-05-21,0.9720268477128124
UT,2018-05-28,0.9644658176088914
UT,2018-06-04,1.1662386381047567
UT,2018-06-11,1.0074920396393985
UT,2018-06-18,0.8987306793182557
UT,2018-06-25,0.8598372863031121
UT,2018-07-02,0.8776094330847724
UT,2018-07-09,0.9139020605058396
UT,2018-07-16,0.8965041539541296
UT,2018-07-23,0.985676830825042
UT,2018-07-30,1.0103309114266636
UT,2018-08-06,0.9999616642264382
UT,2018-08-13,1.1467343476627117
UT,2018-08-20,1.2157317964932444
UT,2018-08-27,1.05090852501935
UT,2018-09-03,1.1345212593568887
UT,2018-09-10,1.2414811415519054
UT,2018-09-17,1.311186985451528
UT,2018-09-24,1.3098687873759651
UT,2018-10-01,1.1533529321021267
UT,2018-10-08,1.215547391375816
UT,2018-10-15,0.941771129142578
UT,2018-10-22,1.0544231970852391
UT,2018-10-29,1.079390008565028
UT,2018-11-05,1.1024620898134947
UT,2018-11-12,1.115372655833142
UT,2018-11-19,1.0531476380980629
UT,2018-11-26,1.1715095364055863
UT,2018-12-03,1.059656549619556
UT,2018-12-10,1.0645153864721355
UT,2018-12-17,0.975765357687593
UT,2018-12-24,1.1221384278733493
UT,2018-12-31,1.2401222769386702
UT,2019-01-07,1.187919137201886
UT,2019-01-14,1.0538012534439731
UT,2019-01-21,0.8981791964883511
UT,2019-01-28,1.004673784419272
UT,2019-02-04,1.1509041868438632
UT,2019-02-11,1.199461105251858
UT,2019-02-18,1.1343669514954644
UT,2019-02-25,1.055914832108944
UT,2019-03-04,0.9854563733986248
UT,2019-03-11,0.949390887761488
UT,2019-03-18,0.910294761894281
UT,2019-03-25,0.8897275460675762
UT,2019-04-01,0.8699046282943645
UT,2019-04-08,0.8683621021990661
UT,2019-04-15,0.8515623017328009
UT,2019-04-22,0.9137871972421908
UT,2019-04-29,0.8947173425906112
UT,2019-05-06,0.97527287801175
UT,2019-05-13,0.9367227337089884
UT,2019-05-20,0.990081027137726
UT,2019-05-27,0.949087504811883
UT,2019-06-03,1.0130756463181048
UT,2019-06-10,0.9748826259206534
UT,2019-06-17,0.9557174294851044
UT,2019-06-24,0.8900386004095061
UT,2019-07-01,0.9267554842468034
UT,2019-07-08,0.9894121234007676
UT,2019-07-15,0.9431956071426492
UT,2019-07-22,0.9675547414183336
UT,2019-07-29,0.9743784531130248
UT,2019-08-05,0.9871633655998964
UT,2019-08-12,0.994585226208188
UT,2019-08-19,0.961159330588756
UT,2019-08-26,1.0298772839736752
UT,2019-09-02,1.0581047030335229
UT,2019-09-09,1.1568255498013935
UT,2019-09-16,1.1254407143781069
UT,2019-09-23,1.0648803027704206
UT,2019-09-30,0.9797585352133324
UT,2019-10-07,1.0157401001028457
UT,2019-10-14,0.9926996073256552
UT,2019-10-21,1.0503002490716633
UT,2019-10-28,1.0738313473858965
UT,2019-11-04,1.0541930511796398
UT,2019-11-11,1.0692720610541733
UT,2019-11-18,1.0662908361212258
UT,2019-11-25,1.113528043511255
UT,2019-12-02,1.1644154125415127
UT,2019-12-09,1.06275575884194
UT,2019-12-16,1.1301814656424831
UT,2019-12-23,1.1011232070201296
UT,2019-12-30,1.3375206511639013
UT,2020-01-06,1.216959302585764
UT,2020-01-13,1.0683093728160016
UT,2020-01-20,0.9804404402525904
UT,2020-01-27,1.048604118188683
UT,2020-02-03,1.1303768116671544
UT,2020-02-10,1.0617915449161626
UT,2020-02-17,0.9701214644970216
UT,2020-02-24,0.9655528993181944
UT,2020-03-02,0.910023317413498
UT,2020-03-09,0.9816638991677789
UT,2020-03-16,0.9818891935399864
UT,2020-03-23,1.0495833700019592
UT,2020-03-30,0.9310750640129576
UT,2020-04-06,0.8296657837197533
UT,2020-04-13,0.7565018880727418
UT,2020-04-20,0.7521750782498694
UT,2020-04-27,0.8128652180180962
UT,2020-05-04,0.8114737131792096
UT,2020-05-11,0.8854530159784503
UT,2020-05-18,0.8618712330563426
UT,2020-05-25,0.9112794125084008
UT,2020-06-01,0.9439699263115108
UT,2020-06-08,0.9485530708490812
UT,2020-06-15,0.9666185873377686
UT,2020-06-22,0.9665544746235692
UT,2020-06-29,1.0280350366871849
UT,2020-07-06,1.0697100853495
UT,2020-07-13,1.1011183287762172
UT,2020-07-20,1.035302892030478
UT,2020-07-27,1.0333333347626286
UT,2020-08-03,0.9677812021601662
UT,2020-08-10,0.9863738466465628
UT,2020-08-17,1.0269133200534812
UT,2020-08-24,0.9811280936374353
UT,2020-08-31,1.0155134705755986
UT,2020-09-07,0.975886793217487
UT,2020-09-14,1.070135847013048
UT,2020-09-21,1.0050256368836956
UT,2020-09-28,1.0253163105670635
UT,2020-10-05,0.9928127870829856
UT,2020-10-12,1.07383445512746
UT,2020-10-19,1.0007766985234
UT,2020-10-26,1.0697208745572095
UT,2020-11-02,1.0296324362116
UT,2020-11-09,1.097748963087422
UT,2020-11-16,1.0398562520230046
UT,2020-11-23,1.0396802477245128
UT,2020-11-30,1.005779841229826
UT,2020-12-07,0.97172163659098
UT,2020-12-14,0.9603654525616108
UT,2020-12-21,0.941246075705854
UT,2020-12-28,0.9930524118963212
UT,2021-01-04,1.0295562519442558
UT,2021-01-11,0.9903108372498656
UT,2021-01-18,0.9546267562048124
UT,2021-01-25,0.9392320088510748
UT,2021-02-01,0.9566448635638476
UT,2021-02-08,0.9811820674505508
UT,2021-02-15,0.962221373836898
UT,2021-02-22,0.9979132836091136
UT,2021-03-01,0.9365524292272608
UT,2021-03-08,0.9654795656138944
UT,2021-03-15,0.9809538316616772
UT,2021-03-22,1.020333004681093
UT,2021-03-29,0.9910509650505392
UT,2021-04-05,1.013003472321597
UT,2021-04-12,1.001924764110551
UT,2021-04-19,1.0037560221889144
UT,2021-04-26,0.9543141853909056
UT,2021-05-03,1.006599395726122
UT,2021-05-10,1.0335007973460526
UT,2021-05-17,1.0617923077375582
UT,2021-05-24,1.0906467258252668
UT,2021-05-31,1.0978832928798787
UT,2021-06-07,1.1177080002852002
UT,2021-06-14,1.0562266636578883
UT,2021-06-21,1.0412186739579634
UT,2021-06-28,0.9939326663893264
UT,2021-07-05,1.0073470749198374
UT,2021-07-12,1.0581965550292702
UT,2021-07-19,1.058574222449625
UT,2021-07-26,1.1159745421502234
UT,2021-08-02,1.0349392690309842
UT,2021-08-09,1.0567306474140523
UT,2021-08-16,1.0047937538367429
UT,2021-08-23,1.077663461328782
UT,2021-08-30,1.11263582418404
UT,2021-09-06,1.0986300380366223
UT,2021-09-13,1.061400014426547
UT,2021-09-20,0.9694480527685102
UT,2021-09-27,0.9691738138780724
UT,2021-10-04,0.94325862823175
UT,2021-10-11,0.9783929034103628
UT,2021-10-18,1.0069738747051251
UT,2021-10-25,1.003324259156903
UT,2021-11-01,1.0234162370837534
UT,2021-11-08,1.0495927219659509
UT,2021-11-15,1.0665983693223473
UT,2021-11-22,1.0572521654624425
UT,2021-11-29,1.0520678437397013
UT,2021-12-06,1.0020241466745317
UT,2021-12-13,0.9998928880127456
UT,2021-12-20,1.004738427127223
UT,2021-12-27,1.112843224337053
UT,2022-01-03,1.1487135277085108
UT,2022-01-10,1.0840344209845716
UT,2022-01-17,0.993527594998204
UT,2022-01-24,0.8721801880560415
UT,2022-01-31,0.8357215385655543
UT,2022-02-07,0.7980390935622993
UT,2022-02-14,0.8533698034064142
UT,2022-02-21,0.9588732316480048
UT,2022-02-28,1.0704711393763255
UT,2022-03-07,1.0843184957653742
UT,2022-03-14,1.0972769817688086
UT,2022-03-21,1.056464360088577
UT,2022-03-28,1.068685391719162
UT,2022-04-04,1.026222621494029
UT,2022-04-11,0.998782534252244
UT,2022-04-18,0.9587792885912833
UT,2022-04-25,0.9565105289331558
UT,2022-05-02,0.9577651264557924
UT,2022-05-09,0.972357649653273
UT,2022-05-16,0.9773482562354114
UT,2022-05-23,1.0009307472455045
UT,2022-05-30,1.0086874521856957
UT,2022-06-06,1.025384692415999
UT,2022-06-13,0.9906746114821328
UT,2022-06-20,0.9370489489741144
UT,2022-06-27,0.9300671924763508
UT,2022-07-04,0.7516179530201803
UT,2022-07-11,1.3535692915550497
UT,2022-07-18,1.330256047938002
UT,2022-07-25,1.5662215341827517
UT,2022-08-01,0.994483232491195
UT,2022-08-08,0.982892604472172
UT,2022-08-15,0.9635983083421328
UT,2022-08-22,0.9991461385922344
UT,2022-08-29,1.111274571922239
UT,2022-09-05,1.1032161529956668
UT,2022-09-12,1.1148026822405073
UT,2022-09-19,1.0022902065226116
UT,2022-09-26,0.9771639718088316
UT,2022-10-03,0.9658782265770134
UT,2022-10-10,1.0486026974662983
UT,2022-10-17,1.0615152004187765
UT,2022-10-24,1.0801860251906126
UT,2022-10-31,1.100694272212849
UT,2022-11-07,1.1852906394383216
UT,2022-11-14,1.193393288595013
UT,2022-11-21,1.1517326845156948
UT,2022-11-28,1.1581260797522406
UT,2022-12-05,1.1194173800609364
UT,2022-12-12,1.0930097354904984
UT,2022-12-19,0.998524603664284
UT,2022-12-26,1.0070870249384605
UT,2023-01-02,0.9530703673394606
UT,2023-01-09,0.849099706245791
UT,2023-01-16,0.747362213491176
UT,2023-01-23,0.7827202595928664
UT,2023-01-30,0.8572441538574268
UT,2023-02-06,0.973333385983047
UT,2023-02-13,0.9721195110066642
UT,2023-02-20,1.023846120716403
UT,2023-02-27,1.0554116219331198
UT,2023-03-06,1.0256220281040316
UT,2023-03-13,0.9949692944765226
UT,2023-03-20,0.9429210700584288
UT,2023-03-27,1.008429469936975
UT,2023-04-03,1.002286856006195
UT,2023-04-10,0.9666484166937556
UT,2023-04-17,0.9586411405721446
UT,2023-04-24,0.9378186754940326
UT,2023-05-01,0.9856218615015
UT,2023-05-08,0.9726229507917998
UT,2023-05-15,0.9814730144653117
UT,2023-05-22,0.9659471270838136
UT,2023-05-29,0.946671373763502
UT,2023-06-05,0.932404301110066
UT,2023-06-12,0.9038227775519734
UT,2023-06-19,0.9532084555590876
UT,2023-06-26,0.9269088466652612
UT,2023-07-03,0.947459457794835
UT,2023-07-10,0.9170515674189892
UT,2023-07-17,0.9514788808067284
UT,2023-07-24,0.9719887874081582
UT,2023-07-31,1.0166497067038895
UT,2023-08-07,1.0365574373503352
UT,2023-08-14,1.0430064059798736
UT,2023-08-21,1.03252699145899
UT,2023-08-28,1.0981756837934695
UT,2023-09-04,1.1355317077174811
UT,2023-09-11,1.133245458614075
UT,2023-09-18,1.0449325505599367
UT,2023-09-25,1.034274457970782
UT,2023-10-02,1.0099516007830596
UT,2023-10-09,1.0230737260870444
UT,2023-10-16,0.9984118028368564
UT,2023-10-23,1.0311900516104515
UT,2023-10-30,1.010265195123324
UT,2023-11-06,1.075604252669234
UT,2023-11-13,1.1391642020078832
UT,2023-11-20,1.1569664601078884
UT,2023-11-27,1.147893282437509
UT,2023-12-04,1.058968173109086
UT,2023-12-11,1.0711445835124562
UT,2023-12-18,1.0731236537211886
UT,2023-12-25,1.138361163392278
UT,2024-01-01,1.1583487127243368
UT,2024-01-08,1.0317415270316936
UT,2024-01-15,0.9347070343079344
UT,2024-01-22,0.8537757683179518
UT,2024-01-29,0.9073465702145508
UT,2024-02-05,0.9669556331726668
UT,2024-02-12,0.9717504008733728
UT,2024-02-19,0.9959346606061372
UT,2024-02-26,0.9773155029194036
UT,2024-03-04,0.9744966839124152
UT,2024-03-11,0.9474620661196356
UT,2024-03-18,0.951508093709582
UT,2024-03-25,0.940664747359617
UT,2024-04-01,0.9216101138654508
UT,2024-04-08,0.9162183141522858
UT,2024-04-15,0.9262156150391986
UT,2024-04-22,0.9287367134981156
UT,2024-04-29,0.9140631974705884
UT,2024-05-06,0.943164150828386
UT,2024-05-13,0.9791788391330823
UT,2024-05-20,1.0002177302118638
UT,2024-05-27,0.9665428427812714
UT,2024-06-03,0.9987306852892108
UT,2024-06-10,1.027599201176718
UT,2024-06-17,0.9612633450813028
UT,2024-06-24,0.9061998386162292
UT,2024-07-01,0.8912526585803029
UT,2024-07-08,0.9890465870277856
UT,2024-07-15,1.0089846368875075
UT,2024-07-22,0.979717397175008
UT,2024-07-29,1.0133767755976395
UT,2024-08-05,1.0115251718740468
UT,2024-08-12,1.0170035245491005
UT,2024-08-19,1.049717282822783
UT,2024-08-26,1.069545744343391
UT,2024-09-02,1.1137659983892036
UT,2024-09-09,1.0804990254441589
UT,2024-09-16,1.0455646830012424
UT,2024-09-23,1.0061697594899208
UT,2024-09-30,0.9516044871419088
UT,2024-10-07,0.9684987855439444
UT,2024-10-14,1.006159889880642
UT,2024-10-21,0.9715922122524638
UT,2024-10-28,1.0765898881853933
UT,2024-11-04,1.0522914298790331
UT,2024-11-11,1.1330995975759568
UT,2024-11-18,1.0730076651671785
UT,2024-11-25,1.1044324631984257
UT,2024-12-02,1.092852742816932
UT,2024-12-09,1.0469653077455965
UT,2024-12-16,1.078031372837026
UT,2024-12-23,1.180216872717943
UT,2024-12-30,1.324464044622349
UT,2025-01-06,1.2264898499946562
UT,2025-01-13,1.0345488720602958
UT,2025-01-20,0.9270497225886496
UT,2025-01-27,1.0268680282743945
UT,2025-02-03,1.1041312814014108
UT,2025-02-10,1.09308028738019
UT,2025-02-17,0.9882289762821448
UT,2025-02-24,0.9439178390579238
UT,2025-03-03,0.8820853476365491
UT,2025-03-10,0.8762822168567407
UT,2025-03-17,0.8666420529206655
UT,2025-03-24,0.8713516571234354
UT,2025-03-31,0.8879763412894385
UT,2025-04-07,0.909048808185082
UT,2025-04-14,0.9278444070868388
UT,2025-04-21,0.9371433718531644
UT,2025-04-28,0.9341576226310456
UT,2025-05-05,0.9650952171430112
UT,2025-05-12,0.971475032631446
UT,2025-05-19,0.9852022661130032
UT,2025-05-26,0.9697538861691126
UT,2025-06-02,0.9886446911582836
UT,2025-06-09,0.9014853894342364
UT,2025-06-16,0.9367353341256592
UT,2025-06-23,0.9427184802729394
UT,2025-06-30,0.9779745050092048
UT,2025-07-07,0.9954762218165272
UT,2025-07-14,0.9382540080966212
UT,2025-07-21,0.9854170405421292
UT,2025-07-28,0.9783675864867494
UT,2025-08-04,0.9696067057081296
UT,2025-08-11,1.0370304415753246
UT,2025-08-18,0.9674674624892712
UT,2025-08-25,1.123683014008732
UT,2025-09-01,1.070990815667924
UT,2025-09-08,1.1650567944251151
UT,2025-09-15,0.9447080373618052
VA,2016-10-10,1.0
VA,2016-10-17,0.9460126332008558
VA,2016-10-24,0.9549888079128674
VA,2016-10-31,1.0026253621478909
VA,2016-11-07,1.046905455947873
VA,2016-11-14,1.0489573399590133
VA,2016-11-21,1.01678002324423
VA,2016-11-28,1.049114614196408
VA,2016-12-05,1.035664251650914
VA,2016-12-12,1.0270700922304588
VA,2016-12-19,1.0128612539539317
VA,2016-12-26,1.126520067403287
VA,2017-01-02,1.160102158279228
VA,2017-01-09,1.0973128621793629
VA,2017-01-16,1.0319691456572084
VA,2017-01-23,0.9807667672730366
VA,2017-01-30,1.048723753811396
VA,2017-02-06,1.073174135195622
VA,2017-02-13,1.1865630288885014
VA,2017-02-20,1.175208766647175
VA,2017-02-27,1.1376063955724105
VA,2017-03-06,0.8911732142618487
VA,2017-03-13,0.8925250407279834
VA,2017-03-20,0.8654404822930643
VA,2017-03-27,1.030409289717197
VA,2017-04-03,0.9872962427581324
VA,2017-04-10,0.8978770898442595
VA,2017-04-17,0.7954195167555406
VA,2017-04-24,0.7609513482073178
VA,2017-05-01,0.8240340143004673
VA,2017-05-08,0.8944747847070434
VA,2017-05-15,0.9146471263958164
VA,2017-05-22,0.9501699552507584
VA,2017-05-29,0.9607370261680138
VA,2017-06-05,1.0098110789263068
VA,2017-06-12,0.9546693001795924
VA,2017-06-19,0.9287523081168152
VA,2017-06-26,0.918156344130825
VA,2017-07-03,0.9759511875990776
VA,2017-07-10,0.9664358133005588
VA,2017-07-17,0.9389900813881046
VA,2017-07-24,0.9589743686569836
VA,2017-07-31,0.9894543978938036
VA,2017-08-07,1.0473837521208569
VA,2017-08-14,1.0210828519299424
VA,2017-08-21,1.0416757223206408
VA,2017-08-28,1.0271555943547013
VA,2017-09-04,1.0764934948207006
VA,2017-09-11,1.0963353646438216
VA,2017-09-18,1.0538410919618324
VA,2017-09-25,1.0666377508260836
VA,2017-10-02,1.0451660598461072
VA,2017-10-09,1.151876038177519
VA,2017-10-16,1.098614989611965
VA,2017-10-23,1.113362221963476
VA,2017-10-30,1.0571270713491454
VA,2017-11-06,1.063191835862532
VA,2017-11-13,1.0537221468970763
VA,2017-11-20,1.0676973876960318
VA,2017-11-27,1.0774278065065046
VA,2017-12-04,1.0634176245594733
VA,2017-12-11,1.0464069268126026
VA,2017-12-18,1.0733481025890113
VA,2017-12-25,1.1621902442572831
VA,2018-01-01,1.2348921103652943
VA,2018-01-08,1.181776435233536
VA,2018-01-15,1.1290475807464004
VA,2018-01-22,1.1076918800602054
VA,2018-01-29,1.1849061664821232
VA,2018-02-05,1.204216981896403
VA,2018-02-12,1.1415540130830932
VA,2018-02-19,1.0243147403456916
VA,2018-02-26,0.8772214982756418
VA,2018-03-05,0.7677908783016857
VA,2018-03-12,0.7447995992608248
VA,2018-03-19,0.8358152382530204
VA,2018-03-26,0.9261832559680192
VA,2018-04-02,0.9576493112443342
VA,2018-04-09,0.8935963131811716
VA,2018-04-16,0.8650475642240053
VA,2018-04-23,0.8362082497572606
VA,2018-04-30,0.8958881690083267
VA,2018-05-07,0.9350985852700427
VA,2018-05-14,0.8388489877739804
VA,2018-05-21,0.923684118692614
VA,2018-05-28,0.9584034698564106
VA,2018-06-04,1.0700467487360823
VA,2018-06-11,0.92315447045305
VA,2018-06-18,0.9500608942504613
VA,2018-06-25,0.9606460018507784
VA,2018-07-02,1.0145956136781775
VA,2018-07-09,0.980590726020048
VA,2018-07-16,0.9555933296466782
VA,2018-07-23,0.9521384388423352
VA,2018-07-30,0.9467992534560736
VA,2018-08-06,0.9749526798254772
VA,2018-08-13,0.9978031006962036
VA,2018-08-20,1.021303501002301
VA,2018-08-27,1.10131267668962
VA,2018-09-03,1.089344273150351
VA,2018-09-10,1.1534555916729077
VA,2018-09-17,1.1265594754948198
VA,2018-09-24,1.109630762829102
VA,2018-10-01,1.074984748909633
VA,2018-10-08,1.0790702446474347
VA,2018-10-15,1.0872579691545972
VA,2018-10-22,1.0898986355469056
VA,2018-10-29,1.0269370102896065
VA,2018-11-05,1.0549894107432527
VA,2018-11-12,1.046823089280563
VA,2018-11-19,1.0763941617569617
VA,2018-11-26,1.069942980299741
VA,2018-12-03,1.0378725247997171
VA,2018-12-10,1.0179970187563994
VA,2018-12-17,1.034224112709954
VA,2018-12-24,1.085905304554878
VA,2018-12-31,1.1521418553211056
VA,2019-01-07,1.0710090605823137
VA,2019-01-14,1.02972945894669
VA,2019-01-21,0.9666104695764977
VA,2019-01-28,1.0700792298388184
VA,2019-02-04,1.1681582927849294
VA,2019-02-11,1.2018036857009873
VA,2019-02-18,1.132671911135996
VA,2019-02-25,1.09103411770993
VA,2019-03-04,0.9795405730329964
VA,2019-03-11,0.9767048006615138
VA,2019-03-18,0.9371169121987412
VA,2019-03-25,0.913844276029634
VA,2019-04-01,0.864518611392952
VA,2019-04-08,0.8302107379574383
VA,2019-04-15,0.832616447328796
VA,2019-04-22,0.8129338330686146
VA,2019-04-29,0.8200588928809559
VA,2019-05-06,0.8768566015273144
VA,2019-05-13,0.9207098472286808
VA,2019-05-20,0.9799932283585672
VA,2019-05-27,0.9821449834690342
VA,2019-06-03,0.9803557112510818
VA,2019-06-10,0.9481218500622128
VA,2019-06-17,0.9313642340274914
VA,2019-06-24,0.9344791689665408
VA,2019-07-01,0.922132123514071
VA,2019-07-08,0.9444123230264472
VA,2019-07-15,0.9376876054540836
VA,2019-07-22,0.9668507039941908
VA,2019-07-29,0.9730695974454464
VA,2019-08-05,0.9791463798160422
VA,2019-08-12,0.998879634665593
VA,2019-08-19,1.034108030426929
VA,2019-08-26,1.0755751600221204
VA,2019-09-02,1.1024446304460125
VA,2019-09-09,1.117042756155459
VA,2019-09-16,1.111101924553531
VA,2019-09-23,1.1361502916575497
VA,2019-09-30,1.1042937719510817
VA,2019-10-07,1.067458386479182
VA,2019-10-14,1.0244099577996808
VA,2019-10-21,1.0465749043320716
VA,2019-10-28,1.0668318012822104
VA,2019-11-04,1.039318064976155
VA,2019-11-11,1.031884348348367
VA,2019-11-18,1.0742290551577152
VA,2019-11-25,1.1140009844864545
VA,2019-12-02,1.141974423667765
VA,2019-12-09,1.0793707043400125
VA,2019-12-16,1.1491787977609522
VA,2019-12-23,1.1849867062648076
VA,2019-12-30,1.3139111654301283
VA,2020-01-06,1.149507648987398
VA,2020-01-13,0.9988799427250754
VA,2020-01-20,0.8900452592898366
VA,2020-01-27,1.016297614145112
VA,2020-02-03,1.139531442591756
VA,2020-02-10,1.148611253838396
VA,2020-02-17,1.0506295874244769
VA,2020-02-24,0.9575939410473628
VA,2020-03-02,0.9123997162787169
VA,2020-03-09,0.960365714432369
VA,2020-03-16,1.0392235618523644
VA,2020-03-23,1.0190224655698945
VA,2020-03-30,0.8923173099109772
VA,2020-04-06,0.779378417521304
VA,2020-04-13,0.7596407388426928
VA,2020-04-20,0.8379841847446552
VA,2020-04-27,0.8180153591776401
VA,2020-05-04,0.8395085895734562
VA,2020-05-11,0.8396397202126367
VA,2020-05-18,0.879030534085431
VA,2020-05-25,0.8848769675365991
VA,2020-06-01,0.8461091924991053
VA,2020-06-08,0.8449090074103262
VA,2020-06-15,0.8519004628265108
VA,2020-06-22,0.9734328474173618
VA,2020-06-29,1.0464953951488234
VA,2020-07-06,1.1298965762259592
VA,2020-07-13,1.1276096398832889
VA,2020-07-20,1.0919723372494028
VA,2020-07-27,1.042175981890048
VA,2020-08-03,1.0082271961802516
VA,2020-08-10,0.9793095426459554
VA,2020-08-17,0.9907213441503754
VA,2020-08-24,0.9982412410121544
VA,2020-08-31,1.032405390585064
VA,2020-09-07,0.9977181811679486
VA,2020-09-14,1.017056597304851
VA,2020-09-21,0.974260287570137
VA,2020-09-28,1.0331797476602809
VA,2020-10-05,1.0553864872544974
VA,2020-10-12,1.0918207545108616
VA,2020-10-19,1.0304937077787957
VA,2020-10-26,1.012934785796278
VA,2020-11-02,0.9806727232695548
VA,2020-11-09,1.0926282930569184
VA,2020-11-16,1.047125094905237
VA,2020-11-23,1.084352163537267
VA,2020-11-30,1.0491510190986026
VA,2020-12-07,1.0363410204808836
VA,2020-12-14,0.9903742653209108
VA,2020-12-21,0.965533837135278
VA,2020-12-28,1.0139342431388287
VA,2021-01-04,1.0498631032672707
VA,2021-01-11,1.0186648839100636
VA,2021-01-18,0.952212587014865
VA,2021-01-25,0.9225543714799768
VA,2021-02-01,0.9247034295457628
VA,2021-02-08,0.9267655201596342
VA,2021-02-15,0.92878657876864
VA,2021-02-22,0.9000098909340497
VA,2021-03-01,0.9286078412400074
VA,2021-03-08,0.94292070153261
VA,2021-03-15,0.9953476301058016
VA,2021-03-22,1.015474954208746
VA,2021-03-29,1.0378895711485523
VA,2021-04-05,0.9948294027271112
VA,2021-04-12,1.0122244953119195
VA,2021-04-19,0.9863906870546788
VA,2021-04-26,1.018315671740036
VA,2021-05-03,1.0223115414899435
VA,2021-05-10,1.0232478940288052
VA,2021-05-17,1.0528313725038831
VA,2021-05-24,1.035536157613829
VA,2021-05-31,1.0343667645572872
VA,2021-06-07,1.010622776605515
VA,2021-06-14,0.9980719277764496
VA,2021-06-21,1.0394640489982454
VA,2021-06-28,1.044945132426635
VA,2021-07-05,1.0477276860674856
VA,2021-07-12,1.0400023475786215
VA,2021-07-19,1.034906976696785
VA,2021-07-26,1.1019595296843785
VA,2021-08-02,1.0961949570470648
VA,2021-08-09,1.124220984076636
VA,2021-08-16,1.0899620256789158
VA,2021-08-23,1.1203416040721998
VA,2021-08-30,1.0796422093264972
VA,2021-09-06,1.0905664581888457
VA,2021-09-13,1.044685158848192
VA,2021-09-20,1.033076472771079
VA,2021-09-27,0.979863517146319
VA,2021-10-04,0.6722099848147342
VA,2021-10-11,3.0
VA,2021-10-18,3.0
VA,2021-10-25,3.0
VA,2021-11-01,0.8971042346218583
VA,2021-11-08,0.9809775712147488
VA,2021-11-15,1.0154964236612822
VA,2021-11-22,1.0275492157323551
VA,2021-11-29,1.0608767322898696
VA,2021-12-06,1.0768255882929685
VA,2021-12-13,1.0599371510041309
VA,2021-12-20,1.0811597948628566
VA,2021-12-27,1.206471407699674
VA,2022-01-03,1.305753055059845
VA,2022-01-10,1.203923074751098
VA,2022-01-17,0.9678496691517756
VA,2022-01-24,0.7873649732002457
VA,2022-01-31,0.7457684752363515
VA,2022-02-07,0.7404685690048338
VA,2022-02-14,0.7826890955657719
VA,2022-02-21,0.9006150909437443
VA,2022-02-28,0.9721562536931404
VA,2022-03-07,1.0179358966941126
VA,2022-03-14,1.0373995129087024
VA,2022-03-21,1.0659914251753226
VA,2022-03-28,1.0342968392103278
VA,2022-04-04,1.0436805276193228
VA,2022-04-11,1.0459445091622877
VA,2022-04-18,1.055271642869592
VA,2022-04-25,1.0206763968264605
VA,2022-05-02,1.023927708184821
VA,2022-05-09,1.065628338280055
VA,2022-05-16,1.099394157879562
VA,2022-05-23,1.0854824151698366
VA,2022-05-30,1.0147018808986843
VA,2022-06-06,0.9988917343010976
VA,2022-06-13,0.9476175558612762
VA,2022-06-20,0.9537927720357308
VA,2022-06-27,0.9693009728876572
VA,2022-07-04,0.9526907991976504
VA,2022-07-11,0.9975346513983974
VA,2022-07-18,0.9519692596528448
VA,2022-07-25,1.0295750934383203
VA,2022-08-01,1.0024036729459571
VA,2022-08-08,1.0092225940320072
VA,2022-08-15,0.968323213279918
VA,2022-08-22,1.0054134019789784
VA,2022-08-29,1.0362409976440452
VA,2022-09-05,1.0532729347901064
VA,2022-09-12,1.0429511206608173
VA,2022-09-19,1.0563114440627177
VA,2022-09-26,1.0618356640442423
VA,2022-10-03,1.080646613539168
VA,2022-10-10,1.0796870495034083
VA,2022-10-17,1.0897808810153855
VA,2022-10-24,1.14007295958197
VA,2022-10-31,1.264287849982408
VA,2022-11-07,1.3177419329271498
VA,2022-11-14,1.2130250354559424
VA,2022-11-21,1.0308340583499012
VA,2022-11-28,1.0267437447420935
VA,2022-12-05,1.0329010230162172
VA,2022-12-12,1.0131044124551356
VA,2022-12-19,0.9058266648570008
VA,2022-12-26,0.9167552614705824
VA,2023-01-02,0.9082312751066552
VA,2023-01-09,0.8581120159151828
VA,2023-01-16,0.779496482506255
VA,2023-01-23,0.8318235102780226
VA,2023-01-30,0.9029007356467468
VA,2023-02-06,0.9928411593596592
VA,2023-02-13,0.9937575875357052
VA,2023-02-20,0.974324475685142
VA,2023-02-27,0.9544526590079366
VA,2023-03-06,0.9783617632047744
VA,2023-03-13,0.9864249390749424
VA,2023-03-20,1.0059441466368872
VA,2023-03-27,0.9944161263403972
VA,2023-04-03,0.979962264551407
VA,2023-04-10,0.9485064678548876
VA,2023-04-17,0.9258063759099128
VA,2023-04-24,0.9385066255824244
VA,2023-05-01,0.982349665650857
VA,2023-05-08,1.0215946058214196
VA,2023-05-15,1.0196367616109767
VA,2023-05-22,0.9834265195681232
VA,2023-05-29,0.965530734681494
VA,2023-06-05,0.9797335973135476
VA,2023-06-12,0.9695124106020352
VA,2023-06-19,0.9456395240073328
VA,2023-06-26,0.913717173414952
VA,2023-07-03,0.9006059125225537
VA,2023-07-10,0.9502497556141476
VA,2023-07-17,0.9428993454809076
VA,2023-07-24,1.0162987325608093
VA,2023-07-31,0.996491641955198
VA,2023-08-07,1.0449421628051316
VA,2023-08-14,1.046644258933541
VA,2023-08-21,1.0862147237640882
VA,2023-08-28,1.123621538864004
VA,2023-09-04,1.1555556580864448
VA,2023-09-11,1.1312929017907216
VA,2023-09-18,1.0696714035306254
VA,2023-09-25,1.0424637680648712
VA,2023-10-02,1.021004628369954
VA,2023-10-09,1.033608618231246
VA,2023-10-16,1.0195129639997875
VA,2023-10-23,1.0546439994791377
VA,2023-10-30,1.0491138941003244
VA,2023-11-06,1.041239794403873
VA,2023-11-13,1.0622206544540396
VA,2023-11-20,1.054607072185116
VA,2023-11-27,1.0557865616177378
VA,2023-12-04,1.0425924885622957
VA,2023-12-11,1.063074971203627
VA,2023-12-18,1.126469180296235
VA,2023-12-25,1.1957187800810103
VA,2024-01-01,1.1782258109201416
VA,2024-01-08,1.0148706166158932
VA,2024-01-15,0.8992460603447969
VA,2024-01-22,0.8440638960351006
VA,2024-01-29,0.9324955764476324
VA,2024-02-05,0.9760538373166822
VA,2024-02-12,1.0249118288533174
VA,2024-02-19,1.024893240738963
VA,2024-02-26,1.0122452402561957
VA,2024-03-04,0.9913677325627424
VA,2024-03-11,0.9520992586974324
VA,2024-03-18,0.9135140306176855
VA,2024-03-25,0.8942791355447435
VA,2024-04-01,0.91660942398696
VA,2024-04-08,0.9287470470594232
VA,2024-04-15,0.9105068351103814
VA,2024-04-22,0.875813493156142
VA,2024-04-29,0.912910931046491
VA,2024-05-06,0.9633072735401113
VA,2024-05-13,0.9692521474732628
VA,2024-05-20,0.9803764389112898
VA,2024-05-27,0.964986031335584
VA,2024-06-03,0.9668260671793828
VA,2024-06-10,0.9377048141636136
VA,2024-06-17,0.9435783993734852
VA,2024-06-24,0.9429870510755636
VA,2024-07-01,0.9753022380920712
VA,2024-07-08,0.9851069099336686
VA,2024-07-15,1.0042063342014425
VA,2024-07-22,1.0240600934735806
VA,2024-07-29,1.0590896193589612
VA,2024-08-05,1.0946824510054316
VA,2024-08-12,1.0604317725575647
VA,2024-08-19,1.056278700874591
VA,2024-08-26,1.0657155797990503
VA,2024-09-02,1.0782814999707475
VA,2024-09-09,1.0763106649565597
VA,2024-09-16,1.0317579135841033
VA,2024-09-23,1.0061772587270297
VA,2024-09-30,0.9925890001358512
VA,2024-10-07,1.013981823063182
VA,2024-10-14,1.0363137032261511
VA,2024-10-21,1.0652199522320889
VA,2024-10-28,1.0569107710479877
VA,2024-11-04,1.0297129548457018
VA,2024-11-11,0.9985793580579896
VA,2024-11-18,0.9989423269625252
VA,2024-11-25,1.0561294628780304
VA,2024-12-02,1.0542373714294613
VA,2024-12-09,1.0421476598038613
VA,2024-12-16,1.0431293650605549
VA,2024-12-23,1.112497685142547
VA,2024-12-30,1.2043452753441466
VA,2025-01-06,1.1432772741697497
VA,2025-01-13,0.9923126174554574
VA,2025-01-20,0.9460163592898956
VA,2025-01-27,1.0899385476174563
VA,2025-02-03,1.2038202355113476
VA,2025-02-10,1.2088796360962746
VA,2025-02-17,1.050991916853774
VA,2025-02-24,0.9195010534059412
VA,2025-03-03,0.8179990662934953
VA,2025-03-10,0.8454822748776725
VA,2025-03-17,0.9025355067905886
VA,2025-03-24,0.9093274844560348
VA,2025-03-31,0.8910048957611013
VA,2025-04-07,0.8722833849083816
VA,2025-04-14,0.8601949060625569
VA,2025-04-21,0.9101597700261838
VA,2025-04-28,0.9208392810101186
VA,2025-05-05,0.9510579023522698
VA,2025-05-12,0.9310167019375436
VA,2025-05-19,0.967322345927954
VA,2025-05-26,0.9877879842330228
VA,2025-06-02,1.0174948980642995
VA,2025-06-09,0.9481177538645276
VA,2025-06-16,0.9381575756475012
VA,2025-06-23,0.8948039305876091
VA,2025-06-30,0.9225407602113364
VA,2025-07-07,0.9212111035595982
VA,2025-07-14,0.9369747603861271
VA,2025-07-21,1.0010698640638345
VA,2025-07-28,1.0157760730808696
VA,2025-08-04,1.0082807508893754
VA,2025-08-11,1.048641356403332
VA,2025-08-18,1.0606600770621752
VA,2025-08-25,1.1220366368556125
VA,2025-09-01,1.1568408332178417
VA,2025-09-08,1.1577098585994317
VA,2025-09-15,1.0945805250641616
VT,2016-10-10,1.0
VT,2016-10-17,1.0165071454757366
VT,2016-10-24,0.978063572432012
VT,2016-10-31,0.9607390203214056
VT,2016-11-07,0.9317935647246786
VT,2016-11-14,0.9749605097047036
VT,2016-11-21,1.0171887427353574
VT,2016-11-28,1.0856556947032698
VT,2016-12-05,1.0990559323513736
VT,2016-12-12,1.046639437403178
VT,2016-12-19,1.050753109443354
VT,2016-12-26,1.1371969955823766
VT,2017-01-02,1.2056941459811354
VT,2017-01-09,1.141361280523162
VT,2017-01-16,1.041458713034333
VT,2017-01-23,1.0332118773102057
VT,2017-01-30,1.1004706777947515
VT,2017-02-06,1.1492893364041428
VT,2017-02-13,1.1290376876368096
VT,2017-02-20,1.058625449130007
VT,2017-02-27,1.0075546178550172
VT,2017-03-06,0.9651923564271884
VT,2017-03-13,0.9855265134215436
VT,2017-03-20,0.9272058068065274
VT,2017-03-27,0.9627673427134646
VT,2017-04-03,0.9217733761595808
VT,2017-04-10,0.9308100170393996
VT,2017-04-17,0.8842980499361182
VT,2017-04-24,0.8788824088122734
VT,2017-05-01,0.8482434956104491
VT,2017-05-08,0.9813626671811524
VT,2017-05-15,0.9217544729001486
VT,2017-05-22,1.0564913356195125
VT,2017-05-29,0.8879802190912202
VT,2017-06-05,1.1624449996688002
VT,2017-06-12,1.0576264963629152
VT,2017-06-19,1.0356366127639112
VT,2017-06-26,0.8767285639121325
VT,2017-07-03,0.9319748582262032
VT,2017-07-10,1.0379423556417868
VT,2017-07-17,1.0011978915329482
VT,2017-07-24,0.984608422619386
VT,2017-07-31,0.96988703657866
VT,2017-08-07,1.0032749108300896
VT,2017-08-14,0.9090501184784472
VT,2017-08-21,1.0690528884808848
VT,2017-08-28,1.0830906592545828
VT,2017-09-04,1.2516836365689996
VT,2017-09-11,1.105716313693341
VT,2017-09-18,1.0106244280647672
VT,2017-09-25,1.0049751394297524
VT,2017-10-02,0.9568132567960038
VT,2017-10-09,1.0142755431328918
VT,2017-10-16,0.9851280642838876
VT,2017-10-23,0.9869896992802042
VT,2017-10-30,1.0267524194445743
VT,2017-11-06,1.0244814199419443
VT,2017-11-13,1.081568598827981
VT,2017-11-20,1.060413177711314
VT,2017-11-27,1.1286228478949714
VT,2017-12-04,1.09009560324316
VT,2017-12-11,1.092374445279838
VT,2017-12-18,1.156749046395296
VT,2017-12-25,1.1959596390890714
VT,2018-01-01,1.291251197636048
VT,2018-01-08,1.1671224071626554
VT,2018-01-15,1.1587187915153698
VT,2018-01-22,1.0910787863316562
VT,2018-01-29,1.0928909514004477
VT,2018-02-05,1.1214039083621568
VT,2018-02-12,1.1043829940191194
VT,2018-02-19,1.0027639865145384
VT,2018-02-26,0.9109120689247322
VT,2018-03-05,0.8469363058435563
VT,2018-03-12,0.8569900108522718
VT,2018-03-19,0.8375886567559584
VT,2018-03-26,0.8999277467676936
VT,2018-04-02,0.9488260418673612
VT,2018-04-09,1.00295821494292
VT,2018-04-16,0.9470257058788628
VT,2018-04-23,0.9390984092134844
VT,2018-04-30,0.9502025312651834
VT,2018-05-07,0.9320862001779728
VT,2018-05-14,0.909892957419814
VT,2018-05-21,0.9037420679174512
VT,2018-05-28,0.9277449038674296
VT,2018-06-04,0.9479620970625238
VT,2018-06-11,1.0376316605438736
VT,2018-06-18,1.027118659699536
VT,2018-06-25,0.9861584476476448
VT,2018-07-02,0.9750589224168892
VT,2018-07-09,1.0102382962869974
VT,2018-07-16,0.986220445491814
VT,2018-07-23,0.9741417665772576
VT,2018-07-30,0.932614416598839
VT,2018-08-06,1.038171511564523
VT,2018-08-13,1.0309059103988163
VT,2018-08-20,0.9967822505049818
VT,2018-08-27,1.0490428293126215
VT,2018-09-03,1.0914706510937524
VT,2018-09-10,1.257423034460346
VT,2018-09-17,1.1111989123340638
VT,2018-09-24,0.9656763108071303
VT,2018-10-01,1.0334202096703182
VT,2018-10-08,0.9862394417977852
VT,2018-10-15,1.0367952612197455
VT,2018-10-22,0.8797466484923543
VT,2018-10-29,1.045912275557154
VT,2018-11-05,1.0432210898753465
VT,2018-11-12,1.0194970939871206
VT,2018-11-19,0.9923923560417212
VT,2018-11-26,0.9935068703887816
VT,2018-12-03,1.038770274961316
VT,2018-12-10,1.03102754413176
VT,2018-12-17,1.1589476660011158
VT,2018-12-24,1.1598837740680734
VT,2018-12-31,1.2664487207278663
VT,2019-01-07,1.1185892780977948
VT,2019-01-14,1.1311940360432893
VT,2019-01-21,1.0035287055613251
VT,2019-01-28,1.108951735339925
VT,2019-02-04,1.1596733979780045
VT,2019-02-11,1.0644144472410098
VT,2019-02-18,1.0594700135546578
VT,2019-02-25,0.977995129945926
VT,2019-03-04,1.0151564021074502
VT,2019-03-11,0.9414886793258304
VT,2019-03-18,0.92100367559055
VT,2019-03-25,0.9264958292198956
VT,2019-04-01,0.9032222590199258
VT,2019-04-08,0.8771469394432381
VT,2019-04-15,0.861647129761971
VT,2019-04-22,0.8761070455360855
VT,2019-04-29,0.8277001521097184
VT,2019-05-06,0.8873561239755317
VT,2019-05-13,0.8975714025380966
VT,2019-05-20,1.0001658499426995
VT,2019-05-27,0.9661752345673006
VT,2019-06-03,0.987269243695022
VT,2019-06-10,0.9477010913523454
VT,2019-06-17,0.9719604869845214
VT,2019-06-24,0.960742296553804
VT,2019-07-01,0.92209042303912
VT,2019-07-08,0.9200799067536124
VT,2019-07-15,0.9065489826658252
VT,2019-07-22,0.9698536830054966
VT,2019-07-29,0.9468520830891723
VT,2019-08-05,1.106449431856281
VT,2019-08-12,1.011496759482304
VT,2019-08-19,0.9824570522534246
VT,2019-08-26,0.9673067489261732
VT,2019-09-02,1.0931320342654507
VT,2019-09-09,1.1352130218317282
VT,2019-09-16,1.079705147529472
VT,2019-09-23,1.0757022832165724
VT,2019-09-30,1.0803020715648073
VT,2019-10-07,1.159001680432111
VT,2019-10-14,1.0311728691618525
VT,2019-10-21,1.0747198810823535
VT,2019-10-28,0.9998485435988088
VT,2019-11-04,1.1256479701304731
VT,2019-11-11,1.0591527050494396
VT,2019-11-18,1.0873292200584144
VT,2019-11-25,1.0219042062194126
VT,2019-12-02,1.1560147681844086
VT,2019-12-09,1.089594201767641
VT,2019-12-16,1.1541042153542227
VT,2019-12-23,1.10898219398937
VT,2019-12-30,1.2872430904580858
VT,2020-01-06,1.2287935254130091
VT,2020-01-13,1.0319663259348046
VT,2020-01-20,0.9542953611934536
VT,2020-01-27,1.0126708433613605
VT,2020-02-03,1.27320459144426
VT,2020-02-10,1.1815668048662225
VT,2020-02-17,1.1054195943233014
VT,2020-02-24,0.8990621019738715
VT,2020-03-02,0.9874910870178224
VT,2020-03-09,0.945431512680762
VT,2020-03-16,1.0154952828091035
VT,2020-03-23,0.9910866127180328
VT,2020-03-30,1.0090365761721714
VT,2020-04-06,0.9540862611850652
VT,2020-04-13,0.8080112836404197
VT,2020-04-20,0.7884132067337565
VT,2020-04-27,0.7245467733385909
VT,2020-05-04,0.8953636192823579
VT,2020-05-11,0.8811935649238845
VT,2020-05-18,0.9933680702273816
VT,2020-05-25,0.8500284362817657
VT,2020-06-01,0.8408874123409315
VT,2020-06-08,0.8750606526168344
VT,2020-06-15,0.9369151663092522
VT,2020-06-22,0.99652166542861
VT,2020-06-29,1.0347665801005363
VT,2020-07-06,1.0917862841359376
VT,2020-07-13,1.1137359583848894
VT,2020-07-20,1.0392221540899251
VT,2020-07-27,0.9915849526334388
VT,2020-08-03,1.0189378104098137
VT,2020-08-10,1.023076246645504
VT,2020-08-17,0.982574267521338
VT,2020-08-24,0.9982794440263266
VT,2020-08-31,0.9851269743726097
VT,2020-09-07,1.0570366817451613
VT,2020-09-14,1.0014790195216343
VT,2020-09-21,0.961988823265602
VT,2020-09-28,0.9663001863108585
VT,2020-10-05,1.1288493718480097
VT,2020-10-12,1.0795150214434928
VT,2020-10-19,1.0422241512894164
VT,2020-10-26,0.9834164627448904
VT,2020-11-02,1.0568230507037255
VT,2020-11-09,1.1464402138688534
VT,2020-11-16,1.0444975539572747
VT,2020-11-23,1.0720201441452886
VT,2020-11-30,0.9821463481402622
VT,2020-12-07,0.9654714660495496
VT,2020-12-14,0.8768305680232035
VT,2020-12-21,0.9633418438173088
VT,2020-12-28,0.9871479606588436
VT,2021-01-04,1.0667025820009728
VT,2021-01-11,0.965543392053587
VT,2021-01-18,0.9448554545426626
VT,2021-01-25,0.8940948973084112
VT,2021-02-01,0.962914137716506
VT,2021-02-08,0.978469049528036
VT,2021-02-15,0.984970963359692
VT,2021-02-22,0.9203797332651348
VT,2021-03-01,0.9205610455607504
VT,2021-03-08,0.9457225733625468
VT,2021-03-15,1.0090546181604332
VT,2021-03-22,0.9816169841179204
VT,2021-03-29,1.0165036050544862
VT,2021-04-05,0.9954546961986552
VT,2021-04-12,1.0311647245850395
VT,2021-04-19,1.0540056001486913
VT,2021-04-26,0.9884708212516596
VT,2021-05-03,1.0714584837720291
VT,2021-05-10,1.0470006388866098
VT,2021-05-17,1.077151844697835
VT,2021-05-24,0.993571693306674
VT,2021-05-31,0.9985020199388976
VT,2021-06-07,1.1278501541494728
VT,2021-06-14,1.069168105421522
VT,2021-06-21,1.1014141940670128
VT,2021-06-28,0.9601615964994904
VT,2021-07-05,1.0216565595108424
VT,2021-07-12,1.0031832155468137
VT,2021-07-19,1.0398116548168268
VT,2021-07-26,1.0768230348864891
VT,2021-08-02,1.1012903606257984
VT,2021-08-09,1.1254151988946737
VT,2021-08-16,1.0943749347637848
VT,2021-08-23,1.0203533483356415
VT,2021-08-30,1.0825609491737809
VT,2021-09-06,1.0072495818628877
VT,2021-09-13,1.0486468186372393
VT,2021-09-20,0.9667008748892648
VT,2021-09-27,1.008073006187019
VT,2021-10-04,0.97802033431215
VT,2021-10-11,0.983752375064734
VT,2021-10-18,0.98925597406625
VT,2021-10-25,0.9591650930107274
VT,2021-11-01,0.9854658251073092
VT,2021-11-08,1.0126024657040256
VT,2021-11-15,1.0532283416257755
VT,2021-11-22,1.0368377207209964
VT,2021-11-29,1.0471383235990237
VT,2021-12-06,1.0612744905953646
VT,2021-12-13,1.0313120629062873
VT,2021-12-20,1.0557148394165106
VT,2021-12-27,1.0909035588079952
VT,2022-01-03,1.152881005979931
VT,2022-01-10,1.0822458325923787
VT,2022-01-17,0.9601869304500602
VT,2022-01-24,0.8306855370380797
VT,2022-01-31,0.8292990404853545
VT,2022-02-07,0.8496516617654174
VT,2022-02-14,0.8516931912250362
VT,2022-02-21,0.8810297459409153
VT,2022-02-28,0.9219641041697068
VT,2022-03-07,1.0566577840470115
VT,2022-03-14,1.0687995012340985
VT,2022-03-21,1.077834877489614
VT,2022-03-28,1.028977759047076
VT,2022-04-04,1.0925189379056393
VT,2022-04-11,1.1159193788746788
VT,2022-04-18,1.090056731163059
VT,2022-04-25,1.0026769968945903
VT,2022-05-02,0.9893850313952294
VT,2022-05-09,0.983740095169988
VT,2022-05-16,1.017993791056492
VT,2022-05-23,0.9578055601600765
VT,2022-05-30,0.9540320628792576
VT,2022-06-06,0.9967709654759784
VT,2022-06-13,0.97361350807278
VT,2022-06-20,1.0081540422557227
VT,2022-06-27,0.908834259514926
VT,2022-07-04,0.9190014157875998
VT,2022-07-11,0.938320570348333
VT,2022-07-18,0.9476212151534806
VT,2022-07-25,0.9919829944958688
VT,2022-08-01,0.9767208126461489
VT,2022-08-08,1.0203747088813993
VT,2022-08-15,0.9630087817666444
VT,2022-08-22,1.046599672864912
VT,2022-08-29,1.0766452059840437
VT,2022-09-05,1.1305187926002438
VT,2022-09-12,1.0477842704484934
VT,2022-09-19,1.0302088378857983
VT,2022-09-26,1.0306659955908115
VT,2022-10-03,1.1311521535993727
VT,2022-10-10,1.0963416277434972
VT,2022-10-17,1.052622988075205
VT,2022-10-24,1.0382471367322517
VT,2022-10-31,1.1423832206871345
VT,2022-11-07,1.2912353450696723
VT,2022-11-14,1.2101747011845037
VT,2022-11-21,1.098494340234059
VT,2022-11-28,1.089619852484493
VT,2022-12-05,1.1763905894462867
VT,2022-12-12,1.1886870940599814
VT,2022-12-19,1.0722727288740646
VT,2022-12-26,1.0594092682062102
VT,2023-01-02,0.962779480011005
VT,2023-01-09,0.8517203629825866
VT,2023-01-16,0.6706870079672519
VT,2023-01-23,0.7086899736055449
VT,2023-01-30,0.8139682266526926
VT,2023-02-06,0.9374366670919436
VT,2023-02-13,0.9836576380108198
VT,2023-02-20,0.9923292605284736
VT,2023-02-27,0.9556728872715938
VT,2023-03-06,1.0169601299822963
VT,2023-03-13,0.9739904910472852
VT,2023-03-20,0.97582441438776
VT,2023-03-27,0.9778065244686308
VT,2023-04-03,1.0171397849895676
VT,2023-04-10,0.9782206785603986
VT,2023-04-17,0.9491204135241756
VT,2023-04-24,0.9196397962165004
VT,2023-05-01,1.0063198658864927
VT,2023-05-08,0.9974687879674764
VT,2023-05-15,1.0208128898563185
VT,2023-05-22,0.9634085475423636
VT,2023-05-29,0.984405827992936
VT,2023-06-05,0.9797473173616082
VT,2023-06-12,0.9566915065116868
VT,2023-06-19,0.9741583128755028
VT,2023-06-26,0.9515757844454016
VT,2023-07-03,0.951507887316698
VT,2023-07-10,0.9699611987811918
VT,2023-07-17,0.9449217931973382
VT,2023-07-24,1.0086740904884894
VT,2023-07-31,0.9588968495982404
VT,2023-08-07,0.9959744086786644
VT,2023-08-14,1.038510863494643
VT,2023-08-21,1.0928869017297942
VT,2023-08-28,1.0830489004663657
VT,2023-09-04,1.1154428258554627
VT,2023-09-11,1.1030577003205218
VT,2023-09-18,1.022391025851517
VT,2023-09-25,1.0755747259266188
VT,2023-10-02,1.0790873439661155
VT,2023-10-09,1.0923162892313931
VT,2023-10-16,1.0190500193132987
VT,2023-10-23,1.0058186425584776
VT,2023-10-30,1.0467452224037603
VT,2023-11-06,1.106678978431745
VT,2023-11-13,1.0888010576164813
VT,2023-11-20,1.078213932907967
VT,2023-11-27,1.03483647909205
VT,2023-12-04,1.0949884207170273
VT,2023-12-11,1.080757578332112
VT,2023-12-18,1.0865486454529316
VT,2023-12-25,1.0926100255058648
VT,2024-01-01,1.194644386294137
VT,2024-01-08,1.0726456594250742
VT,2024-01-15,0.970716860003929
VT,2024-01-22,0.8515777029681008
VT,2024-01-29,0.9149670158376744
VT,2024-02-05,1.0613904578431763
VT,2024-02-12,1.0592967636281128
VT,2024-02-19,1.0377135059930782
VT,2024-02-26,0.9275938670064172
VT,2024-03-04,1.0148367445253954
VT,2024-03-11,0.9960666503504434
VT,2024-03-18,0.9455668900022852
VT,2024-03-25,0.8608380357870105
VT,2024-04-01,0.955311602249624
VT,2024-04-08,0.9503787802892572
VT,2024-04-15,0.9424406303279902
VT,2024-04-22,0.9078166915600104
VT,2024-04-29,0.9274878933667428
VT,2024-05-06,0.963667060277048
VT,2024-05-13,0.9166043055577332
VT,2024-05-20,0.9661765428846578
VT,2024-05-27,0.9329149671355192
VT,2024-06-03,1.0321279378460666
VT,2024-06-10,0.9229625734351892
VT,2024-06-17,0.9671096649167774
VT,2024-06-24,0.9024426572665104
VT,2024-07-01,0.9679963856738928
VT,2024-07-08,1.0130280624832375
VT,2024-07-15,1.0360911375866315
VT,2024-07-22,0.9785191147643306
VT,2024-07-29,0.9855133821286304
VT,2024-08-05,1.0380021739878431
VT,2024-08-12,1.0502295390281204
VT,2024-08-19,1.0267559995927371
VT,2024-08-26,1.0208742445897687
VT,2024-09-02,1.0930031376081395
VT,2024-09-09,1.0416102168874777
VT,2024-09-16,1.0474393391890129
VT,2024-09-23,0.999480335501306
VT,2024-09-30,1.003396672096371
VT,2024-10-07,1.091687452432049
VT,2024-10-14,1.0286075284812373
VT,2024-10-21,1.0810490496947414
VT,2024-10-28,1.0146395584433914
VT,2024-11-04,1.1255382065352348
VT,2024-11-11,1.01311211854129
VT,2024-11-18,1.023858519962474
VT,2024-11-25,0.9913495032302376
VT,2024-12-02,1.0947939295766738
VT,2024-12-09,1.0367227538184776
VT,2024-12-16,1.059823637299771
VT,2024-12-23,1.1133682523126152
VT,2024-12-30,1.287546277660113
VT,2025-01-06,1.2990658448228851
VT,2025-01-13,1.0664818855443805
VT,2025-01-20,1.021297214627223
VT,2025-01-27,1.0812906051973223
VT,2025-02-03,1.289589729742234
VT,2025-02-10,1.183232565341765
VT,2025-02-17,1.0759160169029902
VT,2025-02-24,0.8841777487250673
VT,2025-03-03,0.8913235454852351
VT,2025-03-10,0.8299950781306417
VT,2025-03-17,0.851065198623054
VT,2025-03-24,0.8676817493794627
VT,2025-03-31,0.90511921609085
VT,2025-04-07,0.9659772217790654
VT,2025-04-14,0.9338928585866758
VT,2025-04-21,0.9288816160921436
VT,2025-04-28,0.8957749505275882
VT,2025-05-05,0.9587816241983894
VT,2025-05-12,0.9900097751224468
VT,2025-05-19,0.9663716470887648
VT,2025-05-26,0.927797044680274
VT,2025-06-02,0.9352054850160696
VT,2025-06-09,0.9291616502415928
VT,2025-06-16,0.978352617623838
VT,2025-06-23,0.939827517837398
VT,2025-06-30,0.9669709693429612
VT,2025-07-07,0.9593662424926422
VT,2025-07-14,0.9504257375812464
VT,2025-07-21,0.976481520215912
VT,2025-07-28,0.8908122644606614
VT,2025-08-04,1.0298158064328669
VT,2025-08-11,0.989900952677612
VT,2025-08-18,1.0404977981702426
VT,2025-08-25,1.0386077400434373
VT,2025-09-01,1.1412598402013956
VT,2025-09-08,1.123384512136675
VT,2025-09-15,1.101509876475511
WA,2016-10-10,1.0
WA,2016-10-17,0.9972185981015168
WA,2016-10-24,0.990307927727104
WA,2016-10-31,1.021797774817407
WA,2016-11-07,1.0218918177181346
WA,2016-11-14,1.0668230502368363
WA,2016-11-21,1.0689525447161008
WA,2016-11-28,1.1182554808725624
WA,2016-12-05,1.0652208009021136
WA,2016-12-12,1.0143220775018609
WA,2016-12-19,1.207477637651989
WA,2016-12-26,1.390656885754439
WA,2017-01-02,1.4779960297359696
WA,2017-01-09,1.169158531992872
WA,2017-01-16,0.9891321125516386
WA,2017-01-23,1.1298123270024991
WA,2017-01-30,1.116847765820336
WA,2017-02-06,1.121158565403348
WA,2017-02-13,0.9022302506992612
WA,2017-02-20,0.9806730857453418
WA,2017-02-27,0.94628402509482
WA,2017-03-06,0.9083420134236118
WA,2017-03-13,0.8788903729885446
WA,2017-03-20,0.9234237101944685
WA,2017-03-27,0.949961815421044
WA,2017-04-03,0.9868900266883808
WA,2017-04-10,0.8678998359310521
WA,2017-04-17,0.8324565550676912
WA,2017-04-24,0.8100222712731971
WA,2017-05-01,0.8662809343006949
WA,2017-05-08,0.9214862812549156
WA,2017-05-15,0.9468918758407228
WA,2017-05-22,1.00134111078707
WA,2017-05-29,0.92397171343208
WA,2017-06-05,1.0015650206558078
WA,2017-06-12,0.8551635510080646
WA,2017-06-19,1.1021408227442793
WA,2017-06-26,1.024190741176636
WA,2017-07-03,1.0651757579004082
WA,2017-07-10,0.9002580931375935
WA,2017-07-17,0.8424076164511872
WA,2017-07-24,0.997237794704253
WA,2017-07-31,0.9585415857393172
WA,2017-08-07,1.2335695648895404
WA,2017-08-14,1.038279948606442
WA,2017-08-21,1.126036846916957
WA,2017-08-28,1.0656659997684057
WA,2017-09-04,1.2222150233597198
WA,2017-09-11,1.219188869248978
WA,2017-09-18,1.030106455174757
WA,2017-09-25,1.1151297221442895
WA,2017-10-02,1.057758170807843
WA,2017-10-09,1.0231214177937935
WA,2017-10-16,1.0303519867714452
WA,2017-10-23,1.0765762540397217
WA,2017-10-30,1.0915144102750374
WA,2017-11-06,1.1526249669782525
WA,2017-11-13,1.1081776496696945
WA,2017-11-20,1.1429331490012276
WA,2017-11-27,1.0989795276467302
WA,2017-12-04,1.0660920881117562
WA,2017-12-11,1.041143715990377
WA,2017-12-18,1.0542533143346882
WA,2017-12-25,1.2921059267251211
WA,2018-01-01,1.746669058829306
WA,2018-01-08,1.5891299709137037
WA,2018-01-15,1.3379331157779455
WA,2018-01-22,0.9323659842829464
WA,2018-01-29,0.9908208396401776
WA,2018-02-05,1.0095419887208508
WA,2018-02-12,0.9920815654053272
WA,2018-02-19,0.9034652925406828
WA,2018-02-26,0.8974151047812922
WA,2018-03-05,0.8563889215377883
WA,2018-03-12,0.8348416533782145
WA,2018-03-19,0.9375009579680686
WA,2018-03-26,0.9460973490001392
WA,2018-04-02,0.9590195070978644
WA,2018-04-09,0.849140803132496
WA,2018-04-16,0.836141081146624
WA,2018-04-23,0.8477830626899238
WA,2018-04-30,0.792347135453653
WA,2018-05-07,0.8994862318958736
WA,2018-05-14,0.9079793566325466
WA,2018-05-21,0.9850802602640998
WA,2018-05-28,0.9248265323493616
WA,2018-06-04,0.8578939703797702
WA,2018-06-11,0.8871503870003052
WA,2018-06-18,0.9761727367530496
WA,2018-06-25,1.0474321819588832
WA,2018-07-02,1.1280685347688897
WA,2018-07-09,0.9610641110197936
WA,2018-07-16,0.9195947990949233
WA,2018-07-23,0.8758295367590115
WA,2018-07-30,0.98482853818682
WA,2018-08-06,0.9181495929627485
WA,2018-08-13,1.1057631294669037
WA,2018-08-20,1.0003212471513716
WA,2018-08-27,1.213618215408138
WA,2018-09-03,1.045990616346988
WA,2018-09-10,1.233478734464452
WA,2018-09-17,1.1663628847836542
WA,2018-09-24,1.1334607136734745
WA,2018-10-01,0.9981261145764564
WA,2018-10-08,1.0850734508991124
WA,2018-10-15,1.0997818103757695
WA,2018-10-22,1.0739268521743108
WA,2018-10-29,1.0662988130001347
WA,2018-11-05,1.0339842867497788
WA,2018-11-12,1.1247130321426797
WA,2018-11-19,1.0296227265418971
WA,2018-11-26,1.1316987640002985
WA,2018-12-03,1.0742758516185529
WA,2018-12-10,1.0464985756692835
WA,2018-12-17,1.0439002639311097
WA,2018-12-24,1.137836801688994
WA,2018-12-31,1.2667073569852156
WA,2019-01-07,1.227125479608178
WA,2019-01-14,1.139492766736025
WA,2019-01-21,1.0369602413346783
WA,2019-01-28,1.071213112520308
WA,2019-02-04,1.1365226594366915
WA,2019-02-11,1.1135660633932971
WA,2019-02-18,1.1483163443372388
WA,2019-02-25,1.031313924037995
WA,2019-03-04,1.0340226304623974
WA,2019-03-11,1.0109741571515494
WA,2019-03-18,1.1230637535916437
WA,2019-03-25,1.0289431270553844
WA,2019-04-01,0.8500166366245477
WA,2019-04-08,0.7240975221021243
WA,2019-04-15,0.7200252591534507
WA,2019-04-22,0.8109152052688177
WA,2019-04-29,0.7937146750155394
WA,2019-05-06,0.9296597624057676
WA,2019-05-13,0.9027259421521404
WA,2019-05-20,0.9665488441713942
WA,2019-05-27,0.980813980339584
WA,2019-06-03,1.0072555927942966
WA,2019-06-10,0.9977867854804728
WA,2019-06-17,0.8813412827935337
WA,2019-06-24,0.8925213805779033
WA,2019-07-01,0.8473021216696929
WA,2019-07-08,1.1120281468154558
WA,2019-07-15,1.0107717385319754
WA,2019-07-22,1.0942880928765446
WA,2019-07-29,0.903099272058236
WA,2019-08-05,0.968806162375104
WA,2019-08-12,1.0133914937643136
WA,2019-08-19,0.8857510557558022
WA,2019-08-26,1.2677063781787243
WA,2019-09-02,1.088997998642027
WA,2019-09-09,1.3478687196041976
WA,2019-09-16,1.125651032817016
WA,2019-09-23,1.1793681600283312
WA,2019-09-30,1.226404896013144
WA,2019-10-07,1.2706137520691465
WA,2019-10-14,1.3437420902310164
WA,2019-10-21,1.1461948994844875
WA,2019-10-28,0.9969194288315528
WA,2019-11-04,1.0407930854011345
WA,2019-11-11,1.0417213697084495
WA,2019-11-18,1.162067697530065
WA,2019-11-25,1.2014723491524777
WA,2019-12-02,1.25327182939445
WA,2019-12-09,1.2222324580099384
WA,2019-12-16,1.229911155286475
WA,2019-12-23,1.21491972975028
WA,2019-12-30,1.2571202133264212
WA,2020-01-06,1.077345390275808
WA,2020-01-13,0.8970229770424524
WA,2020-01-20,0.8179252857769843
WA,2020-01-27,0.9592338207422562
WA,2020-02-03,1.0870162096024547
WA,2020-02-10,1.056262776363987
WA,2020-02-17,0.9907341235649184
WA,2020-02-24,0.9550092612908238
WA,2020-03-02,1.0117936178034426
WA,2020-03-09,1.1235319908960022
WA,2020-03-16,1.1074519017362083
WA,2020-03-23,1.0449101752367027
WA,2020-03-30,0.8288361869101536
WA,2020-04-06,0.7618183395751972
WA,2020-04-13,0.683673276464733
WA,2020-04-20,0.7468507532053755
WA,2020-04-27,0.8167705812785667
WA,2020-05-04,0.8748762205814997
WA,2020-05-11,0.8630542933740741
WA,2020-05-18,0.8431001002034508
WA,2020-05-25,0.8459687313807797
WA,2020-06-01,0.9010130306721956
WA,2020-06-08,0.9235314921472464
WA,2020-06-15,0.9664319864235972
WA,2020-06-22,0.9411428700934922
WA,2020-06-29,1.0718082656222567
WA,2020-07-06,1.1071007865728475
WA,2020-07-13,1.1475597200981669
WA,2020-07-20,1.059487686645399
WA,2020-07-27,0.964082703729885
WA,2020-08-03,0.9988240220240922
WA,2020-08-10,0.9471030357006084
WA,2020-08-17,1.006083760876448
WA,2020-08-24,0.9700602691328298
WA,2020-08-31,1.0031240139988582
WA,2020-09-07,1.0246155935208434
WA,2020-09-14,1.0505072449842672
WA,2020-09-21,0.9954497313372498
WA,2020-09-28,1.0723967752365478
WA,2020-10-05,1.0512680051859216
WA,2020-10-12,1.1363310877448354
WA,2020-10-19,0.9594229873934202
WA,2020-10-26,1.035076646011783
WA,2020-11-02,1.0237105009144822
WA,2020-11-09,1.1315962322655313
WA,2020-11-16,1.0807647723908496
WA,2020-11-23,1.0366305185666465
WA,2020-11-30,1.0026348569123442
WA,2020-12-07,0.9335682265635952
WA,2020-12-14,0.9532905565480124
WA,2020-12-21,0.9763232307854924
WA,2020-12-28,0.9923963268430848
WA,2021-01-04,0.9826359676672156
WA,2021-01-11,0.9717793595172226
WA,2021-01-18,1.068879367692825
WA,2021-01-25,1.0080395465169865
WA,2021-02-01,0.9960262648520276
WA,2021-02-08,0.8786668405896745
WA,2021-02-15,0.9901707806193504
WA,2021-02-22,0.9682854362324548
WA,2021-03-01,0.9809768918331886
WA,2021-03-08,0.9164258680603876
WA,2021-03-15,0.9823823227891522
WA,2021-03-22,1.0346464840474423
WA,2021-03-29,1.0573768713786302
WA,2021-04-05,1.040236604875973
WA,2021-04-12,0.9987691721541536
WA,2021-04-19,1.0415155506286211
WA,2021-04-26,1.017708116494297
WA,2021-05-03,1.06249869526718
WA,2021-05-10,1.0412205052501202
WA,2021-05-17,1.0356257841178875
WA,2021-05-24,0.9872591506839692
WA,2021-05-31,1.024407700746255
WA,2021-06-07,0.9933032416773754
WA,2021-06-14,1.0167799890141938
WA,2021-06-21,1.0211571590900483
WA,2021-06-28,1.0084444130189167
WA,2021-07-05,1.006874768136175
WA,2021-07-12,0.99867779378001
WA,2021-07-19,1.055125611262093
WA,2021-07-26,1.121670984424453
WA,2021-08-02,1.1111389454288725
WA,2021-08-09,1.132787969872842
WA,2021-08-16,1.0562204574886946
WA,2021-08-23,1.059926583675183
WA,2021-08-30,1.0484991887601534
WA,2021-09-06,1.0471191421954775
WA,2021-09-13,1.0359073891357375
WA,2021-09-20,1.0212771327134929
WA,2021-09-27,1.0161051870196018
WA,2021-10-04,1.0033210924388296
WA,2021-10-11,1.003839878837011
WA,2021-10-18,0.9956142076208402
WA,2021-10-25,0.9938010314056128
WA,2021-11-01,0.9637683355860752
WA,2021-11-08,1.0003277626738398
WA,2021-11-15,1.016672731407942
WA,2021-11-22,1.03786345378706
WA,2021-11-29,1.0237146772819152
WA,2021-12-06,1.0473480172991796
WA,2021-12-13,1.017521219718818
WA,2021-12-20,1.0643009861768515
WA,2021-12-27,1.134540986393469
WA,2022-01-03,1.2149122486992805
WA,2022-01-10,1.1244930429996371
WA,2022-01-17,0.9892368914876912
WA,2022-01-24,0.8374170267868484
WA,2022-01-31,0.814207361583739
WA,2022-02-07,0.7507462677159032
WA,2022-02-14,0.8260458101452762
WA,2022-02-21,0.8712144720258671
WA,2022-02-28,0.9585584935646754
WA,2022-03-07,1.015336675853353
WA,2022-03-14,1.0583095079975118
WA,2022-03-21,1.1088591411807205
WA,2022-03-28,1.1050323093099177
WA,2022-04-04,1.0874217053048667
WA,2022-04-11,1.0586230837969768
WA,2022-04-18,1.0276211082832822
WA,2022-04-25,1.0705999325393656
WA,2022-05-02,1.1282803949353886
WA,2022-05-09,1.1084709051284305
WA,2022-05-16,1.078133281427471
WA,2022-05-23,1.0067117583393408
WA,2022-05-30,1.0082547831670214
WA,2022-06-06,0.982019902155033
WA,2022-06-13,0.9309016251167394
WA,2022-06-20,0.910831215472808
WA,2022-06-27,0.9160183905246884
WA,2022-07-04,0.9091303760738152
WA,2022-07-11,0.9205601662446776
WA,2022-07-18,0.8985906783583689
WA,2022-07-25,0.9134521530384944
WA,2022-08-01,0.9406379366840149
WA,2022-08-08,0.9553652303634936
WA,2022-08-15,0.985676952035244
WA,2022-08-22,1.0008362904565962
WA,2022-08-29,1.023013543028289
WA,2022-09-05,1.0323980546971738
WA,2022-09-12,1.0758277533577614
WA,2022-09-19,1.0941608952971127
WA,2022-09-26,1.1348808660276402
WA,2022-10-03,1.0257423723085426
WA,2022-10-10,1.027136845388761
WA,2022-10-17,1.0473507089561085
WA,2022-10-24,1.1736780807660816
WA,2022-10-31,1.2189084848582
WA,2022-11-07,1.2912723793989875
WA,2022-11-14,1.2933892211716502
WA,2022-11-21,1.3363303723030726
WA,2022-11-28,1.3960705662781514
WA,2022-12-05,1.2254687355235043
WA,2022-12-12,1.0882344076800257
WA,2022-12-19,0.8912474390231736
WA,2022-12-26,0.883828598609965
WA,2023-01-02,0.7961097803941717
WA,2023-01-09,0.7304768109350913
WA,2023-01-16,0.7116043526984422
WA,2023-01-23,0.7788073556824626
WA,2023-01-30,0.9049444392629512
WA,2023-02-06,0.941631996762445
WA,2023-02-13,1.010560251101985
WA,2023-02-20,0.9831159600380722
WA,2023-02-27,1.023159790591207
WA,2023-03-06,0.979760784716972
WA,2023-03-13,1.000662149791778
WA,2023-03-20,0.977608723782229
WA,2023-03-27,1.009469452248508
WA,2023-04-03,0.9939217257799648
WA,2023-04-10,0.9682934112127128
WA,2023-04-17,0.9354016578130984
WA,2023-04-24,0.9614870295180143
WA,2023-05-01,0.9498126716296248
WA,2023-05-08,1.0063343155061215
WA,2023-05-15,0.95277561991131
WA,2023-05-22,0.966477494883505
WA,2023-05-29,1.0027009437265857
WA,2023-06-05,1.0081238457497173
WA,2023-06-12,1.045235740669198
WA,2023-06-19,0.9526413012223528
WA,2023-06-26,0.9887130380544508
WA,2023-07-03,0.8965851181806477
WA,2023-07-10,0.9647034588060608
WA,2023-07-17,0.8722907649255712
WA,2023-07-24,0.9863976097040932
WA,2023-07-31,0.9515557715292862
WA,2023-08-07,1.0673251035584748
WA,2023-08-14,1.05295455345523
WA,2023-08-21,1.090535231861845
WA,2023-08-28,1.0721553600901443
WA,2023-09-04,1.1733497710161234
WA,2023-09-11,1.1936553749827925
WA,2023-09-18,1.0999523325943517
WA,2023-09-25,1.065321647451957
WA,2023-10-02,0.986805505383631
WA,2023-10-09,0.9746483925187704
WA,2023-10-16,0.9806723849388268
WA,2023-10-23,0.9836123759898474
WA,2023-10-30,1.0287870047492784
WA,2023-11-06,1.0434400757079068
WA,2023-11-13,1.0957551203111058
WA,2023-11-20,1.116380169397811
WA,2023-11-27,1.115672958759585
WA,2023-12-04,1.088412946007376
WA,2023-12-11,1.1011768624921978
WA,2023-12-18,1.12257903441007
WA,2023-12-25,1.1848207426300112
WA,2024-01-01,1.1575446202016808
WA,2024-01-08,1.0137314537814426
WA,2024-01-15,0.8731010317338124
WA,2024-01-22,0.8666240357059604
WA,2024-01-29,0.8966569061084194
WA,2024-02-05,0.9875774202172688
WA,2024-02-12,0.9819253954427484
WA,2024-02-19,0.9971313487658738
WA,2024-02-26,0.9945461024571528
WA,2024-03-04,0.9633826744105984
WA,2024-03-11,0.9647562675148424
WA,2024-03-18,0.9440393854709742
WA,2024-03-25,0.935529677546749
WA,2024-04-01,0.945919133920419
WA,2024-04-08,0.9378079385535176
WA,2024-04-15,0.9253137095434742
WA,2024-04-22,0.9147512691277035
WA,2024-04-29,0.9498019464668144
WA,2024-05-06,0.9846420876113148
WA,2024-05-13,0.9738462880297692
WA,2024-05-20,0.956420957728606
WA,2024-05-27,0.9523018710275748
WA,2024-06-03,1.0093858554370612
WA,2024-06-10,0.9492342014999712
WA,2024-06-17,0.9640784579328544
WA,2024-06-24,0.9400438329656612
WA,2024-07-01,0.9216301379393724
WA,2024-07-08,0.9535353922563816
WA,2024-07-15,0.912770263703348
WA,2024-07-22,0.9702809832426054
WA,2024-07-29,0.9759659843511352
WA,2024-08-05,1.0151373173011882
WA,2024-08-12,1.0335665950287471
WA,2024-08-19,1.0124566815096967
WA,2024-08-26,1.036689369388957
WA,2024-09-02,1.0453040109246452
WA,2024-09-09,1.0466770606535942
WA,2024-09-16,1.07795576328895
WA,2024-09-23,1.0349205605275589
WA,2024-09-30,1.023689426749153
WA,2024-10-07,1.036664330125641
WA,2024-10-14,1.0483018964040791
WA,2024-10-21,1.0516266233912237
WA,2024-10-28,1.0632640734615022
WA,2024-11-04,1.0516143975547587
WA,2024-11-11,1.0428786204300164
WA,2024-11-18,1.0452181138389258
WA,2024-11-25,1.085642181039301
WA,2024-12-02,1.1147751436558628
WA,2024-12-09,1.0814228648328288
WA,2024-12-16,1.1871096380442374
WA,2024-12-23,1.2800047223023965
WA,2024-12-30,1.3988847465041208
WA,2025-01-06,1.216807124331243
WA,2025-01-13,0.976562429766474
WA,2025-01-20,0.9009752509612994
WA,2025-01-27,1.069971985647877
WA,2025-02-03,1.2064871894196336
WA,2025-02-10,1.1981147624433943
WA,2025-02-17,1.064426383537819
WA,2025-02-24,0.965749196558664
WA,2025-03-03,0.8327831848970044
WA,2025-03-10,0.8093313152418506
WA,2025-03-17,0.7922562228279372
WA,2025-03-24,0.8602101192454438
WA,2025-03-31,0.8637662033965955
WA,2025-04-07,0.8611054257062623
WA,2025-04-14,0.8735181762579961
WA,2025-04-21,0.9057057162572848
WA,2025-04-28,0.9512085140726692
WA,2025-05-05,0.944322686018508
WA,2025-05-12,0.9697550623168908
WA,2025-05-19,0.9817625994095448
WA,2025-05-26,0.9795900611501784
WA,2025-06-02,0.9876423401873178
WA,2025-06-09,0.9213640196134356
WA,2025-06-16,0.9280307200044948
WA,2025-06-23,0.8931714863234771
WA,2025-06-30,0.9497730257267274
WA,2025-07-07,0.8964237989806367
WA,2025-07-14,0.9166581764402156
WA,2025-07-21,0.8801398559390208
WA,2025-07-28,0.984755425068904
WA,2025-08-04,0.9590969465770128
WA,2025-08-11,1.0427532676482334
WA,2025-08-18,1.0164573736394975
WA,2025-08-25,1.0985520791890746
WA,2025-09-01,1.1079695197456183
WA,2025-09-08,1.0971758834752845
WA,2025-09-15,1.076099742160102
WI,2016-10-10,1.0
WI,2016-10-17,0.9501277225298592
WI,2016-10-24,1.0079583631308624
WI,2016-10-31,0.9850855998543356
WI,2016-11-07,1.0966538110445805
WI,2016-11-14,1.045198659830979
WI,2016-11-21,1.032629790468521
WI,2016-11-28,0.9523642088984772
WI,2016-12-05,0.9981963595620744
WI,2016-12-12,1.087488072648044
WI,2016-12-19,1.039005886587533
WI,2016-12-26,1.1415325774433394
WI,2017-01-02,1.0939691902106954
WI,2017-01-09,1.1310925816153137
WI,2017-01-16,1.04719078265337
WI,2017-01-23,1.118645751891198
WI,2017-01-30,1.1637775533921244
WI,2017-02-06,1.172914339011062
WI,2017-02-13,1.1413383391983751
WI,2017-02-20,1.0858956526060382
WI,2017-02-27,1.013658610842372
WI,2017-03-06,0.903819375912263
WI,2017-03-13,0.9309997031414856
WI,2017-03-20,0.9121350716196476
WI,2017-03-27,0.9643346467103052
WI,2017-04-03,0.884528331331413
WI,2017-04-10,0.9132320201461956
WI,2017-04-17,0.8957987802425565
WI,2017-04-24,0.9034764546900934
WI,2017-05-01,0.8903312187542302
WI,2017-05-08,0.9224542891678098
WI,2017-05-15,0.9357786013449144
WI,2017-05-22,0.8514952385334319
WI,2017-05-29,0.8483482946373908
WI,2017-06-05,0.8530023195845351
WI,2017-06-12,0.9572886807583956
WI,2017-06-19,0.9485350809133348
WI,2017-06-26,0.9798665815742644
WI,2017-07-03,0.9954877601564576
WI,2017-07-10,0.923923785071095
WI,2017-07-17,0.9192862900078684
WI,2017-07-24,0.8735491722151072
WI,2017-07-31,0.9797977274270362
WI,2017-08-07,1.0281194990415503
WI,2017-08-14,1.0264000008482903
WI,2017-08-21,1.182688711993556
WI,2017-08-28,1.1035064399780337
WI,2017-09-04,1.1831472066256803
WI,2017-09-11,1.039799570664656
WI,2017-09-18,1.2696195102750765
WI,2017-09-25,1.287658880410559
WI,2017-10-02,1.260309140593612
WI,2017-10-09,1.08679082279394
WI,2017-10-16,1.0126518319226674
WI,2017-10-23,0.9946395473407448
WI,2017-10-30,1.0056151086432483
WI,2017-11-06,1.0248339198129452
WI,2017-11-13,1.05060973499189
WI,2017-11-20,0.9365711698852393
WI,2017-11-27,1.123535910678671
WI,2017-12-04,1.0654799923046974
WI,2017-12-11,1.2060773843439658
WI,2017-12-18,1.0455482793932789
WI,2017-12-25,1.2309927960934304
WI,2018-01-01,1.2661115584515727
WI,2018-01-08,1.2334835410201563
WI,2018-01-15,1.1237268923712127
WI,2018-01-22,1.043708079322499
WI,2018-01-29,1.0706381697045937
WI,2018-02-05,1.0562923882062576
WI,2018-02-12,1.0524885851481616
WI,2018-02-19,0.9683324680077996
WI,2018-02-26,0.9037066640870264
WI,2018-03-05,0.8541617419415388
WI,2018-03-12,0.8763605325453397
WI,2018-03-19,0.8406932252476235
WI,2018-03-26,0.8796710772519274
WI,2018-04-02,0.8714003490207549
WI,2018-04-09,0.937587501828432
WI,2018-04-16,0.965850485183714
WI,2018-04-23,0.9698864965407366
WI,2018-04-30,0.9646882208146372
WI,2018-05-07,0.9491808471432018
WI,2018-05-14,0.9028391486047196
WI,2018-05-21,0.9608855053015348
WI,2018-05-28,0.9992370846107452
WI,2018-06-04,1.057583543074289
WI,2018-06-11,0.975750993649108
WI,2018-06-18,0.7527891559031059
WI,2018-06-25,0.7617379609925523
WI,2018-07-02,0.7839188956106443
WI,2018-07-09,1.0116230931037908
WI,2018-07-16,1.0304156794026278
WI,2018-07-23,1.0990763163926909
WI,2018-07-30,1.0019335817133657
WI,2018-08-06,0.9329665706703412
WI,2018-08-13,0.9572535425448576
WI,2018-08-20,1.0511618755865677
WI,2018-08-27,1.135374539308286
WI,2018-09-03,1.099007667301181
WI,2018-09-10,1.17590518375967
WI,2018-09-17,1.1775578329776566
WI,2018-09-24,1.1931620026828542
WI,2018-10-01,1.073265968105351
WI,2018-10-08,1.106136716076367
WI,2018-10-15,1.060119744519885
WI,2018-10-22,1.062899297168134
WI,2018-10-29,1.0072035546125278
WI,2018-11-05,1.0311768688630458
WI,2018-11-12,1.0242072790108443
WI,2018-11-19,1.0411192341091573
WI,2018-11-26,1.0325363573361794
WI,2018-12-03,1.0549348644199508
WI,2018-12-10,1.0005658420971275
WI,2018-12-17,1.039125073385111
WI,2018-12-24,1.0823024761016895
WI,2018-12-31,1.152609545728536
WI,2019-01-07,1.0827681841932173
WI,2019-01-14,1.0239474326003888
WI,2019-01-21,0.9731490019640976
WI,2019-01-28,1.0467356404809791
WI,2019-02-04,1.1181967679708618
WI,2019-02-11,1.0724764185014908
WI,2019-02-18,1.0586792481813485
WI,2019-02-25,1.0242612327754002
WI,2019-03-04,1.0864052989609745
WI,2019-03-11,1.0412832298167942
WI,2019-03-18,1.017088289374456
WI,2019-03-25,0.9545774063416634
WI,2019-04-01,0.9319954676859706
WI,2019-04-08,0.8818662907734793
WI,2019-04-15,0.8577846119808669
WI,2019-04-22,0.8746786547664926
WI,2019-04-29,0.8389495313951782
WI,2019-05-06,0.926727074978295
WI,2019-05-13,0.8836185874348387
WI,2019-05-20,1.0114442001859054
WI,2019-05-27,0.9379233503140564
WI,2019-06-03,1.0214218064657732
WI,2019-06-10,0.9225445327815084
WI,2019-06-17,0.9596856162144431
WI,2019-06-24,0.9321403919074864
WI,2019-07-01,0.9479594163929804
WI,2019-07-08,0.9500942832972736
WI,2019-07-15,0.9270322582743832
WI,2019-07-22,1.0098723454994178
WI,2019-07-29,0.9223779463324312
WI,2019-08-05,0.9720523905970784
WI,2019-08-12,0.9020873617059127
WI,2019-08-19,0.9757703841429471
WI,2019-08-26,1.0127799894184888
WI,2019-09-02,1.0984312138950565
WI,2019-09-09,1.1159035575913008
WI,2019-09-16,1.2056749977295946
WI,2019-09-23,1.1282427202186205
WI,2019-09-30,1.145921831768886
WI,2019-10-07,1.0280893874641874
WI,2019-10-14,1.0673287668138405
WI,2019-10-21,1.042225536378451
WI,2019-10-28,1.0605972615549917
WI,2019-11-04,1.0555192979331254
WI,2019-11-11,1.0574252884112174
WI,2019-11-18,1.0773767235321106
WI,2019-11-25,1.0474660638015667
WI,2019-12-02,1.0905221946985413
WI,2019-12-09,1.0997887084125038
WI,2019-12-16,1.1117423730076557
WI,2019-12-23,1.1650197845473915
WI,2019-12-30,1.2750417314074722
WI,2020-01-06,1.2125466822503983
WI,2020-01-13,1.0123190018999138
WI,2020-01-20,0.9326446379429733
WI,2020-01-27,1.0013182920522274
WI,2020-02-03,1.1896999733492046
WI,2020-02-10,1.1369682977307465
WI,2020-02-17,1.076159262175138
WI,2020-02-24,0.946535468581186
WI,2020-03-02,0.9989052074986844
WI,2020-03-09,0.96111651004507
WI,2020-03-16,1.0327961676724795
WI,2020-03-23,1.0263422621324243
WI,2020-03-30,0.9858342059397184
WI,2020-04-06,0.8948174255099817
WI,2020-04-13,0.7955539207113095
WI,2020-04-20,0.8637467811405283
WI,2020-04-27,0.8901193081863682
WI,2020-05-04,0.9596616131105468
WI,2020-05-11,0.9694700148026067
WI,2020-05-18,1.0005006060223047
WI,2020-05-25,1.0178713128414718
WI,2020-06-01,0.8146065402994428
WI,2020-06-08,0.7275406157869899
WI,2020-06-15,0.7230405287481012
WI,2020-06-22,0.992690597468564
WI,2020-06-29,1.105489115864198
WI,2020-07-06,1.1282587680936986
WI,2020-07-13,1.0857226937589832
WI,2020-07-20,1.0566028664469131
WI,2020-07-27,0.9833358258890572
WI,2020-08-03,1.0120759815821354
WI,2020-08-10,0.971225103896023
WI,2020-08-17,0.9536331660783952
WI,2020-08-24,0.9338719152902974
WI,2020-08-31,0.9855854658220128
WI,2020-09-07,1.0417905382500483
WI,2020-09-14,1.0587704680881722
WI,2020-09-21,1.0088553554200337
WI,2020-09-28,1.0496634286777526
WI,2020-10-05,1.0702127596260662
WI,2020-10-12,1.0782715930375468
WI,2020-10-19,1.012293316512675
WI,2020-10-26,0.9967733195772064
WI,2020-11-02,1.025571055136639
WI,2020-11-09,1.0519092196882809
WI,2020-11-16,1.015012870766848
WI,2020-11-23,0.9461406377428436
WI,2020-11-30,0.9396839460172683
WI,2020-12-07,0.9600357920998376
WI,2020-12-14,0.9654390624537316
WI,2020-12-21,0.9422295808713388
WI,2020-12-28,0.9119441823621884
WI,2021-01-04,0.9779321539772848
WI,2021-01-11,0.9948835908951824
WI,2021-01-18,0.9969803854834058
WI,2021-01-25,0.9555464873199704
WI,2021-02-01,0.9745421233338164
WI,2021-02-08,0.9486443336443504
WI,2021-02-15,0.9634702203743568
WI,2021-02-22,0.9441390386560644
WI,2021-03-01,0.9761010576993694
WI,2021-03-08,0.9393712921727576
WI,2021-03-15,1.0016380253247874
WI,2021-03-22,1.0000299159996062
WI,2021-03-29,1.0741011021168418
WI,2021-04-05,1.0273710951166566
WI,2021-04-12,1.0475553666066808
WI,2021-04-19,1.019541313389365
WI,2021-04-26,1.0229168088517244
WI,2021-05-03,1.038221177357634
WI,2021-05-10,1.0546951563005798
WI,2021-05-17,1.0284013124817293
WI,2021-05-24,1.03198434236504
WI,2021-05-31,1.0080763553893954
WI,2021-06-07,1.0727022476773516
WI,2021-06-14,1.0005786454747203
WI,2021-06-21,1.0371567994889683
WI,2021-06-28,0.976163496146545
WI,2021-07-05,1.0432618391294135
WI,2021-07-12,1.0244248405824727
WI,2021-07-19,1.0636112365163564
WI,2021-07-26,1.043310874062661
WI,2021-08-02,1.0717617570046578
WI,2021-08-09,1.0582860099006777
WI,2021-08-16,1.0568153121618755
WI,2021-08-23,1.0311758239700657
WI,2021-08-30,1.0937441512221728
WI,2021-09-06,1.0615665052320682
WI,2021-09-13,1.0767461656119923
WI,2021-09-20,1.033178097177235
WI,2021-09-27,1.015029036364168
WI,2021-10-04,0.9723313036887108
WI,2021-10-11,0.940056647897378
WI,2021-10-18,0.9556315311950052
WI,2021-10-25,0.957554126381974
WI,2021-11-01,0.974948206329606
WI,2021-11-08,1.0279354027336474
WI,2021-11-15,1.0229555280393527
WI,2021-11-22,1.0269170090783184
WI,2021-11-29,1.0468963261823676
WI,2021-12-06,1.075680091253482
WI,2021-12-13,1.0426519298406625
WI,2021-12-20,1.0386817415995164
WI,2021-12-27,1.129140190878972
WI,2022-01-03,1.2226850672739524
WI,2022-01-10,1.1183365563756464
WI,2022-01-17,0.9618294074547576
WI,2022-01-24,0.8139467823878107
WI,2022-01-31,0.8010719658109456
WI,2022-02-07,0.8173099112225438
WI,2022-02-14,0.8456577253587856
WI,2022-02-21,0.943186749783536
WI,2022-02-28,0.97706543525405
WI,2022-03-07,1.0683200613972057
WI,2022-03-14,1.0507711007169105
WI,2022-03-21,1.093074118090934
WI,2022-03-28,1.0420355845237723
WI,2022-04-04,1.065227084284699
WI,2022-04-11,1.0471102768370648
WI,2022-04-18,1.020130243152548
WI,2022-04-25,1.0116088377335757
WI,2022-05-02,1.000790429846802
WI,2022-05-09,1.0442675638385328
WI,2022-05-16,1.041306040192641
WI,2022-05-23,0.990837410019673
WI,2022-05-30,0.9705094981303736
WI,2022-06-06,0.9631029610244616
WI,2022-06-13,0.9483777946137594
WI,2022-06-20,0.9320423882251072
WI,2022-06-27,0.899628111100006
WI,2022-07-04,0.9403499431144988
WI,2022-07-11,0.9672593016770776
WI,2022-07-18,0.974526949447943
WI,2022-07-25,0.9636886047005702
WI,2022-08-01,0.99633501396068
WI,2022-08-08,0.9920861636690764
WI,2022-08-15,0.9870659752866968
WI,2022-08-22,1.0003939759702012
WI,2022-08-29,1.0650920432963042
WI,2022-09-05,1.0753486826064564
WI,2022-09-12,1.0770094421652474
WI,2022-09-19,1.0453042073021424
WI,2022-09-26,1.0729441818157095
WI,2022-10-03,1.0804551759795094
WI,2022-10-10,1.081011792830944
WI,2022-10-17,1.0680238983128891
WI,2022-10-24,1.1102086016853787
WI,2022-10-31,1.15892402354462
WI,2022-11-07,1.2479800169624644
WI,2022-11-14,1.1800377163534708
WI,2022-11-21,1.1156820564623753
WI,2022-11-28,1.1154536324439417
WI,2022-12-05,1.1699559400834136
WI,2022-12-12,1.1325548666857514
WI,2022-12-19,0.9990677536471728
WI,2022-12-26,0.9130541342900156
WI,2023-01-02,0.8932528587328057
WI,2023-01-09,0.8185127049202615
WI,2023-01-16,0.7478936930133319
WI,2023-01-23,0.7890327981418213
WI,2023-01-30,0.8658923695217895
WI,2023-02-06,0.9397754843667576
WI,2023-02-13,0.9720989650379064
WI,2023-02-20,0.9907988207177152
WI,2023-02-27,0.988091063654666
WI,2023-03-06,0.9984195845454352
WI,2023-03-13,0.996619404528552
WI,2023-03-20,0.997884400213028
WI,2023-03-27,1.0145697767733302
WI,2023-04-03,1.0060072237756854
WI,2023-04-10,0.9806870208080724
WI,2023-04-17,0.9444341309793608
WI,2023-04-24,0.948169398449136
WI,2023-05-01,0.9663163743226258
WI,2023-05-08,0.9962731031850612
WI,2023-05-15,1.0030572467655636
WI,2023-05-22,0.9745013338752844
WI,2023-05-29,0.9931704242793156
WI,2023-06-05,1.0053925824769123
WI,2023-06-12,0.9762492583815506
WI,2023-06-19,0.9520103011038996
WI,2023-06-26,0.90081529787812
WI,2023-07-03,0.9483893529454628
WI,2023-07-10,0.9433839484537196
WI,2023-07-17,0.9097935848840532
WI,2023-07-24,0.9474502181441397
WI,2023-07-31,0.9756100613510782
WI,2023-08-07,1.0685530249459938
WI,2023-08-14,1.0885150453253702
WI,2023-08-21,1.053604749656852
WI,2023-08-28,1.0535268445242942
WI,2023-09-04,1.1028658923251355
WI,2023-09-11,1.128624638368933
WI,2023-09-18,1.083363839328799
WI,2023-09-25,1.1122291450865436
WI,2023-10-02,1.0763121268947609
WI,2023-10-09,1.0311567016193393
WI,2023-10-16,0.9954342358359464
WI,2023-10-23,1.00240682847922
WI,2023-10-30,1.0249882754805777
WI,2023-11-06,1.0735363705476515
WI,2023-11-13,1.0678610022119788
WI,2023-11-20,1.0773892343695617
WI,2023-11-27,1.0522160825009303
WI,2023-12-04,1.117211313384821
WI,2023-12-11,1.077455999583833
WI,2023-12-18,1.1029762578716795
WI,2023-12-25,1.1211192047425091
WI,2024-01-01,1.1946366227093774
WI,2024-01-08,1.064451450760325
WI,2024-01-15,0.9626329771026318
WI,2024-01-22,0.8538124526555189
WI,2024-01-29,0.9028051904619968
WI,2024-02-05,1.0153665015390727
WI,2024-02-12,1.059497933298099
WI,2024-02-19,1.059958095209583
WI,2024-02-26,0.9813419940922148
WI,2024-03-04,1.0125673735542922
WI,2024-03-11,0.9795549452003316
WI,2024-03-18,0.970422202246137
WI,2024-03-25,0.9001069172358563
WI,2024-04-01,0.9698355527115302
WI,2024-04-08,0.9217140351675824
WI,2024-04-15,0.9423888071326048
WI,2024-04-22,0.871785138141735
WI,2024-04-29,0.9467039968232336
WI,2024-05-06,0.9411673563450604
WI,2024-05-13,0.9546724280359256
WI,2024-05-20,0.9276834725501696
WI,2024-05-27,0.9390372300032582
WI,2024-06-03,0.9901004616754993
WI,2024-06-10,0.945606608305242
WI,2024-06-17,0.9488445034673948
WI,2024-06-24,0.9125195946017978
WI,2024-07-01,0.9613093868161005
WI,2024-07-08,0.9602729604701096
WI,2024-07-15,1.0172009138307296
WI,2024-07-22,0.9629599671344928
WI,2024-07-29,1.0374293732670208
WI,2024-08-05,1.0360823603098466
WI,2024-08-12,1.0348074248118808
WI,2024-08-19,1.0009096929131722
WI,2024-08-26,1.061099537496932
WI,2024-09-02,1.0736649221857115
WI,2024-09-09,1.0496310781537397
WI,2024-09-16,1.051638068573152
WI,2024-09-23,1.056343471027348
WI,2024-09-30,1.0232649549070214
WI,2024-10-07,1.0043123267407363
WI,2024-10-14,1.0141294294298104
WI,2024-10-21,1.0457273034205596
WI,2024-10-28,1.0659458558266537
WI,2024-11-04,1.0466207585701783
WI,2024-11-11,1.0008281380914643
WI,2024-11-18,0.9951620577083032
WI,2024-11-25,1.0440152291534897
WI,2024-12-02,1.084416021975262
WI,2024-12-09,1.0694451787651578
WI,2024-12-16,1.0673310825416644
WI,2024-12-23,1.117477869439805
WI,2024-12-30,1.241136181461142
WI,2025-01-06,1.2250772030171468
WI,2025-01-13,1.048681533555069
WI,2025-01-20,1.0224291023404637
WI,2025-01-27,1.0609927612257388
WI,2025-02-03,1.20377316592498
WI,2025-02-10,1.1210304707090788
WI,2025-02-17,1.0352180876774897
WI,2025-02-24,0.8957379099372713
WI,2025-03-03,0.892721428269371
WI,2025-03-10,0.842153364263229
WI,2025-03-17,0.8563705592472728
WI,2025-03-24,0.8414876511702681
WI,2025-03-31,0.8819740421911392
WI,2025-04-07,0.9063515133487232
WI,2025-04-14,0.917506042639326
WI,2025-04-21,0.9318686765080444
WI,2025-04-28,0.9502650217167034
WI,2025-05-05,0.9580557187365412
WI,2025-05-12,0.9398140103730472
WI,2025-05-19,0.934343656038722
WI,2025-05-26,0.9290212461851712
WI,2025-06-02,0.986774918430257
WI,2025-06-09,0.9658238682947402
WI,2025-06-16,0.956881611743265
WI,2025-06-23,0.9051051478815576
WI,2025-06-30,0.8912033441114492
WI,2025-07-07,0.9285467995443571
WI,2025-07-14,0.9523252632968752
WI,2025-07-21,0.9731291077438516
WI,2025-07-28,0.9350645668416894
WI,2025-08-04,1.0235856513124773
WI,2025-08-11,1.0548575605135573
WI,2025-08-18,1.0506959959782147
WI,2025-08-25,1.084062824603013
WI,2025-09-01,1.1124243146878496
WI,2025-09-08,1.141661852644299
WI,2025-09-15,1.1064100501600196
WV,2016-10-10,1.0
WV,2016-10-17,1.0157849212153438
WV,2016-10-24,0.9268470439794336
WV,2016-10-31,0.952857440082088
WV,2016-11-07,0.9594892452327418
WV,2016-11-14,1.0478912103283713
WV,2016-11-21,1.0693132943658286
WV,2016-11-28,1.086590358357835
WV,2016-12-05,1.0615320751954018
WV,2016-12-12,1.0407218641737113
WV,2016-12-19,1.048761914528158
WV,2016-12-26,1.1330523466648377
WV,2017-01-02,1.204193349981103
WV,2017-01-09,1.1133713514756922
WV,2017-01-16,1.056096912459291
WV,2017-01-23,1.0326036702442647
WV,2017-01-30,1.102586271751981
WV,2017-02-06,1.146500782164738
WV,2017-02-13,1.103493588810825
WV,2017-02-20,1.108985976341637
WV,2017-02-27,1.038174640941244
WV,2017-03-06,0.9649565978263676
WV,2017-03-13,0.9275785757413948
WV,2017-03-20,0.9311376098877144
WV,2017-03-27,0.966161824220739
WV,2017-04-03,0.9429207610015186
WV,2017-04-10,0.8632770829327725
WV,2017-04-17,0.794552321150731
WV,2017-04-24,0.7808348879240107
WV,2017-05-01,0.8027953591417188
WV,2017-05-08,0.8985412843931663
WV,2017-05-15,0.9020604684906808
WV,2017-05-22,0.9421384681238548
WV,2017-05-29,0.9401720474159396
WV,2017-06-05,0.9862183419178412
WV,2017-06-12,0.964092422358694
WV,2017-06-19,0.9248435677585056
WV,2017-06-26,0.945990975216262
WV,2017-07-03,0.984756872444686
WV,2017-07-10,0.993335488953206
WV,2017-07-17,0.971586807367248
WV,2017-07-24,0.951425768575148
WV,2017-07-31,0.9697178107358628
WV,2017-08-07,0.9695824459176496
WV,2017-08-14,1.0180268698090218
WV,2017-08-21,1.0229925842055827
WV,2017-08-28,1.0485673069025288
WV,2017-09-04,1.136882654999374
WV,2017-09-11,1.16901057472704
WV,2017-09-18,1.1102279667285666
WV,2017-09-25,1.0657713120973389
WV,2017-10-02,1.0381053919648249
WV,2017-10-09,1.109717345101376
WV,2017-10-16,1.0707716201592063
WV,2017-10-23,1.0455838920598743
WV,2017-10-30,1.0119458113941806
WV,2017-11-06,1.0152415008602014
WV,2017-11-13,1.0375258372699177
WV,2017-11-20,1.0417905380968202
WV,2017-11-27,1.1346750720051615
WV,2017-12-04,1.0964549490737738
WV,2017-12-11,1.1038928188548782
WV,2017-12-18,1.1295030407096562
WV,2017-12-25,1.3306095493936398
WV,2018-01-01,1.487558910377746
WV,2018-01-08,1.2850509007756103
WV,2018-01-15,1.1577645312326332
WV,2018-01-22,0.9988463133267762
WV,2018-01-29,1.0623629591979435
WV,2018-02-05,1.033278789418427
WV,2018-02-12,1.0370095317743624
WV,2018-02-19,0.9859106539132028
WV,2018-02-26,0.8799271303226033
WV,2018-03-05,0.7931317557443932
WV,2018-03-12,0.7563011758602171
WV,2018-03-19,0.8203723981735235
WV,2018-03-26,0.8743165534359312
WV,2018-04-02,0.9674262595702204
WV,2018-04-09,1.0054758159622084
WV,2018-04-16,1.002683689695339
WV,2018-04-23,0.9019028719952674
WV,2018-04-30,0.8561214518779949
WV,2018-05-07,0.9001948153711258
WV,2018-05-14,0.8717517224166093
WV,2018-05-21,0.9116310998440726
WV,2018-05-28,0.8978037090379111
WV,2018-06-04,0.9424759376777452
WV,2018-06-11,0.907327407551722
WV,2018-06-18,0.901789686352574
WV,2018-06-25,0.9444906727090157
WV,2018-07-02,0.9707826600323002
WV,2018-07-09,1.0199011866182823
WV,2018-07-16,1.0061625867204258
WV,2018-07-23,0.9804095878970868
WV,2018-07-30,0.9232908905242044
WV,2018-08-06,0.9630348232580688
WV,2018-08-13,0.9921815265058626
WV,2018-08-20,1.0327951257619086
WV,2018-08-27,1.0450633858223466
WV,2018-09-03,1.0964596949710697
WV,2018-09-10,1.1300081435409126
WV,2018-09-17,1.138490887622766
WV,2018-09-24,1.1171285860730906
WV,2018-10-01,1.089465003346428
WV,2018-10-08,1.0922258122912385
WV,2018-10-15,1.0414938255774753
WV,2018-10-22,1.0357436496268106
WV,2018-10-29,1.0256540821987965
WV,2018-11-05,1.0555618713988757
WV,2018-11-12,1.051951140890893
WV,2018-11-19,1.0331130813364469
WV,2018-11-26,1.0611145924512373
WV,2018-12-03,1.051724100227624
WV,2018-12-10,1.0134358694233327
WV,2018-12-17,1.0499489128853423
WV,2018-12-24,1.1120787114220438
WV,2018-12-31,1.2194613878093776
WV,2019-01-07,1.0986592217027529
WV,2019-01-14,1.0588517577767576
WV,2019-01-21,1.003601736666779
WV,2019-01-28,1.0927918933345009
WV,2019-02-04,1.294989596132389
WV,2019-02-11,1.1757317158319476
WV,2019-02-18,1.1676315738414025
WV,2019-02-25,1.0212920857125651
WV,2019-03-04,1.1326191722115986
WV,2019-03-11,0.9734034753559764
WV,2019-03-18,0.9099947701871582
WV,2019-03-25,0.8033685038160173
WV,2019-04-01,0.9199603057051274
WV,2019-04-08,0.8686007293005903
WV,2019-04-15,0.8717011698406678
WV,2019-04-22,0.8046788617645908
WV,2019-04-29,0.8744981816463924
WV,2019-05-06,0.8901318095864241
WV,2019-05-13,0.8861027058056151
WV,2019-05-20,0.8911846469977789
WV,2019-05-27,0.9260047357711372
WV,2019-06-03,1.0191947075533472
WV,2019-06-10,0.9382595169841772
WV,2019-06-17,0.9587471176585798
WV,2019-06-24,0.9448078943375808
WV,2019-07-01,1.0614740809199643
WV,2019-07-08,0.9957698471765146
WV,2019-07-15,0.9134117544357818
WV,2019-07-22,0.9188435453293884
WV,2019-07-29,0.9307600233392298
WV,2019-08-05,1.0995763070455526
WV,2019-08-12,1.0114189242213028
WV,2019-08-19,1.0834998863725045
WV,2019-08-26,0.9401520666878292
WV,2019-09-02,1.134756448982781
WV,2019-09-09,1.0998193263305098
WV,2019-09-16,1.1591096751131136
WV,2019-09-23,0.9901877188627064
WV,2019-09-30,1.0300813932976696
WV,2019-10-07,1.22909062781319
WV,2019-10-14,1.1650080277853945
WV,2019-10-21,1.151232155077072
WV,2019-10-28,0.9863332115171696
WV,2019-11-04,1.1417075697445762
WV,2019-11-11,1.0916742392077707
WV,2019-11-18,1.07703921507124
WV,2019-11-25,0.9920402964019184
WV,2019-12-02,1.1873747751526067
WV,2019-12-09,1.0729192168235138
WV,2019-12-16,1.109588501530776
WV,2019-12-23,1.121839973157203
WV,2019-12-30,1.38065141375114
WV,2020-01-06,1.372197772859419
WV,2020-01-13,1.082196295981735
WV,2020-01-20,0.952762624028882
WV,2020-01-27,0.9956246997985518
WV,2020-02-03,1.3414060769572544
WV,2020-02-10,1.2339197220296154
WV,2020-02-17,1.097647494801342
WV,2020-02-24,0.8313614536799683
WV,2020-03-02,1.025947479401102
WV,2020-03-09,1.0047181231687328
WV,2020-03-16,1.0261449442148058
WV,2020-03-23,0.891829040041439
WV,2020-03-30,0.9023240457939772
WV,2020-04-06,0.8972536699666795
WV,2020-04-13,0.7413597518836492
WV,2020-04-20,0.7423463347743479
WV,2020-04-27,0.7358615632898422
WV,2020-05-04,0.9473640995368202
WV,2020-05-11,0.9165207269043464
WV,2020-05-18,1.0089402293512288
WV,2020-05-25,0.8727851177268358
WV,2020-06-01,1.0836819699849087
WV,2020-06-08,0.8982645594972648
WV,2020-06-15,1.031523875786135
WV,2020-06-22,0.9456410357388833
WV,2020-06-29,1.111815564610303
WV,2020-07-06,1.1765222074182076
WV,2020-07-13,1.0870598756250276
WV,2020-07-20,0.9912277402623452
WV,2020-07-27,0.9084755328597705
WV,2020-08-03,1.1431899320777426
WV,2020-08-10,1.0957925361579808
WV,2020-08-17,1.1016411192536302
WV,2020-08-24,0.946865564305372
WV,2020-08-31,1.0040758823536813
WV,2020-09-07,1.0000173155858776
WV,2020-09-14,0.971701475290226
WV,2020-09-21,0.8776414047724533
WV,2020-09-28,1.5015137392351965
WV,2020-10-05,1.4862977656270064
WV,2020-10-12,1.597729353192345
WV,2020-10-19,0.8342166068531597
WV,2020-10-26,0.8916841940668528
WV,2020-11-02,1.072391040517986
WV,2020-11-09,1.1465718446260384
WV,2020-11-16,1.071015268193405
WV,2020-11-23,0.8897614017676503
WV,2020-11-30,0.9809678219222926
WV,2020-12-07,1.1196337148432212
WV,2020-12-14,1.030290152546832
WV,2020-12-21,0.9677946792489504
WV,2020-12-28,0.8786213289835224
WV,2021-01-04,1.0104174396556265
WV,2021-01-11,0.9903294824926734
WV,2021-01-18,0.9497322256098132
WV,2021-01-25,0.8970240480229742
WV,2021-02-01,1.030865183075793
WV,2021-02-08,0.99350005191578
WV,2021-02-15,1.0094398652116436
WV,2021-02-22,0.8845936833678392
WV,2021-03-01,1.0432979819227293
WV,2021-03-08,0.9785344023353698
WV,2021-03-15,0.9993028106320432
WV,2021-03-22,0.9119575995359216
WV,2021-03-29,1.0672394609356648
WV,2021-04-05,1.08741821701646
WV,2021-04-12,1.0712266425510604
WV,2021-04-19,0.9846674021311128
WV,2021-04-26,0.98555683753481
WV,2021-05-03,1.1063673519502144
WV,2021-05-10,1.0564535122171008
WV,2021-05-17,1.0490454253741803
WV,2021-05-24,0.8917136258359725
WV,2021-05-31,0.9501905691414692
WV,2021-06-07,1.0368573549890856
WV,2021-06-14,1.0297537236783174
WV,2021-06-21,1.0366220580962833
WV,2021-06-28,0.9599953362679298
WV,2021-07-05,1.0625609320875282
WV,2021-07-12,1.0340562685128352
WV,2021-07-19,1.040982007128923
WV,2021-07-26,1.0476603706145171
WV,2021-08-02,1.1703743653250551
WV,2021-08-09,1.1193238789815254
WV,2021-08-16,1.0703694068898724
WV,2021-08-23,1.0035533862775456
WV,2021-08-30,1.1329024335247266
WV,2021-09-06,1.1774895160644048
WV,2021-09-13,1.056365931760274
WV,2021-09-20,0.952608568808833
WV,2021-09-27,0.8707400626719968
WV,2021-10-04,1.0126706561579728
WV,2021-10-11,1.121961355856228
WV,2021-10-18,1.1172373212758282
WV,2021-10-25,1.027286149460113
WV,2021-11-01,0.9866076331895208
WV,2021-11-08,0.972897249213113
WV,2021-11-15,1.011381874982364
WV,2021-11-22,0.9426076760475072
WV,2021-11-29,1.0265277421399124
WV,2021-12-06,1.1461441377830917
WV,2021-12-13,1.0673296603865885
WV,2021-12-20,1.1138449955614838
WV,2021-12-27,1.0331707657939873
WV,2022-01-03,1.255790124185976
WV,2022-01-10,1.1057817313392575
WV,2022-01-17,1.0222499417788304
WV,2022-01-24,0.8309068177138617
WV,2022-01-31,0.8766366062609853
WV,2022-02-07,0.9024436829469404
WV,2022-02-14,0.8798052846732164
WV,2022-02-21,0.943366245812406
WV,2022-02-28,0.9065030506494623
WV,2022-03-07,1.1471682350689771
WV,2022-03-14,1.1154108738184394
WV,2022-03-21,1.1693054963314853
WV,2022-03-28,0.9934412849817196
WV,2022-04-04,1.117137273786414
WV,2022-04-11,1.0012343594962712
WV,2022-04-18,0.9781593971137172
WV,2022-04-25,0.8468016080041026
WV,2022-05-02,1.0440546501340375
WV,2022-05-09,1.0116584040142007
WV,2022-05-16,1.0637696344064471
WV,2022-05-23,0.9738027356285276
WV,2022-05-30,0.9962198969934686
WV,2022-06-06,1.0606566527734111
WV,2022-06-13,0.9680664605692804
WV,2022-06-20,0.950629236091446
WV,2022-06-27,0.8777783935183813
WV,2022-07-04,0.982551416945982
WV,2022-07-11,1.0507082044648006
WV,2022-07-18,1.0120664138484765
WV,2022-07-25,0.9983892853061684
WV,2022-08-01,1.0131022734228248
WV,2022-08-08,1.008829449296445
WV,2022-08-15,0.9809718209163558
WV,2022-08-22,0.9964961070849616
WV,2022-08-29,1.0789335591470175
WV,2022-09-05,1.118816199157183
WV,2022-09-12,1.0450698621929624
WV,2022-09-19,1.0797430972146305
WV,2022-09-26,1.0435604792761397
WV,2022-10-03,1.2104172604690169
WV,2022-10-10,1.0890842028200003
WV,2022-10-17,1.0678112173136731
WV,2022-10-24,1.0216804123050731
WV,2022-10-31,1.2185194324249289
WV,2022-11-07,1.404296048739658
WV,2022-11-14,1.2210170541519216
WV,2022-11-21,1.0845052497257224
WV,2022-11-28,0.9840964842030436
WV,2022-12-05,1.150874276232849
WV,2022-12-12,1.083671853438124
WV,2022-12-19,0.9956741341099276
WV,2022-12-26,0.9299424723190588
WV,2023-01-02,0.9353586102689668
WV,2023-01-09,0.8300840931928088
WV,2023-01-16,0.78374656505322
WV,2023-01-23,0.7772839759299704
WV,2023-01-30,0.9079286022022862
WV,2023-02-06,0.9509837748808246
WV,2023-02-13,0.9898870558681112
WV,2023-02-20,1.008651612447896
WV,2023-02-27,0.9847743411568652
WV,2023-03-06,1.0426869645294674
WV,2023-03-13,0.9703215853906962
WV,2023-03-20,1.023450737138127
WV,2023-03-27,0.9847773244131324
WV,2023-04-03,1.0365217660959605
WV,2023-04-10,0.946829770718371
WV,2023-04-17,0.9132175914735652
WV,2023-04-24,0.8810115331318455
WV,2023-05-01,0.9734496399927474
WV,2023-05-08,1.2771531476967668
WV,2023-05-15,1.2947627204594658
WV,2023-05-22,1.0988833640094686
WV,2023-05-29,0.811351797039723
WV,2023-06-05,0.834132598621002
WV,2023-06-12,0.9546218918297508
WV,2023-06-19,0.9397437136082442
WV,2023-06-26,0.9089803689336456
WV,2023-07-03,0.9307677642081392
WV,2023-07-10,0.9509121334213352
WV,2023-07-17,0.9459412486269588
WV,2023-07-24,0.9826640672660074
WV,2023-07-31,0.9991657370652745
WV,2023-08-07,1.0817955304877545
WV,2023-08-14,1.054825620204604
WV,2023-08-21,1.0473868927767525
WV,2023-08-28,1.0598130573979192
WV,2023-09-04,1.2977273915891667
WV,2023-09-11,1.28236608580867
WV,2023-09-18,1.1640433338024034
WV,2023-09-25,1.0028707810374926
WV,2023-10-02,1.0415071343150195
WV,2023-10-09,1.039058885924749
WV,2023-10-16,0.9729674224468426
WV,2023-10-23,0.949218656894851
WV,2023-10-30,0.99979993659144
WV,2023-11-06,1.099752264201496
WV,2023-11-13,1.09453501905895
WV,2023-11-20,1.0668452178919148
WV,2023-11-27,1.0167470566404635
WV,2023-12-04,1.1453079768534953
WV,2023-12-11,1.077242994021201
WV,2023-12-18,1.0999655783085531
WV,2023-12-25,1.0693393459784593
WV,2024-01-01,1.2396767391023846
WV,2024-01-08,1.0944354246141064
WV,2024-01-15,0.9919741186032424
WV,2024-01-22,0.8684591580712113
WV,2024-01-29,0.9417239025056012
WV,2024-02-05,1.1017829446206715
WV,2024-02-12,1.061849153137456
WV,2024-02-19,1.0538380489397416
WV,2024-02-26,0.9383626540047189
WV,2024-03-04,1.0466715119115753
WV,2024-03-11,0.9809605661004768
WV,2024-03-18,0.9354391213618196
WV,2024-03-25,0.8226516391404063
WV,2024-04-01,0.9195204272970716
WV,2024-04-08,0.8821576729019016
WV,2024-04-15,0.9010507963597564
WV,2024-04-22,0.8565177709995712
WV,2024-04-29,0.939637793778621
WV,2024-05-06,0.9888834084405096
WV,2024-05-13,0.9896188509360748
WV,2024-05-20,0.9507572922686236
WV,2024-05-27,0.9549835084784756
WV,2024-06-03,1.0104766911236067
WV,2024-06-10,0.9909860509258342
WV,2024-06-17,0.9671070499845636
WV,2024-06-24,0.8827853661571992
WV,2024-07-01,1.0096043068433027
WV,2024-07-08,0.9828568842097306
WV,2024-07-15,1.0233836703741976
WV,2024-07-22,0.9481920528876392
WV,2024-07-29,1.025368769913569
WV,2024-08-05,1.0906423439126378
WV,2024-08-12,1.0739409039611827
WV,2024-08-19,1.0574509826572256
WV,2024-08-26,1.0661239102597624
WV,2024-09-02,1.214897792611247
WV,2024-09-09,1.1544099737201765
WV,2024-09-16,1.1361852521075269
WV,2024-09-23,0.937584780243404
WV,2024-09-30,0.939958638472956
WV,2024-10-07,0.9383165069819048
WV,2024-10-14,0.9934154727453156
WV,2024-10-21,1.0180632560944474
WV,2024-10-28,0.9866233137799156
WV,2024-11-04,1.0739045264279088
WV,2024-11-11,1.0347633652076742
WV,2024-11-18,1.0138322379676068
WV,2024-11-25,0.9998686031519244
WV,2024-12-02,1.068481851529129
WV,2024-12-09,1.056513168674999
WV,2024-12-16,1.023478945868863
WV,2024-12-23,1.086881177197056
WV,2024-12-30,1.2708778780200007
WV,2025-01-06,1.268729781186515
WV,2025-01-13,1.0633423050898414
WV,2025-01-20,0.9346327408385336
WV,2025-01-27,0.9606765804918512
WV,2025-02-03,1.3293581726713817
WV,2025-02-10,1.2654679714146164
WV,2025-02-17,1.1956235001396278
WV,2025-02-24,0.897435188170827
WV,2025-03-03,0.9669772680003034
WV,2025-03-10,0.8821860170486712
WV,2025-03-17,0.878245061581096
WV,2025-03-24,0.8275355495410646
WV,2025-03-31,0.8708298299231098
WV,2025-04-07,0.903713508421812
WV,2025-04-14,0.8641369145281208
WV,2025-04-21,0.9218438388308658
WV,2025-04-28,0.8801393560139725
WV,2025-05-05,0.9867020000288038
WV,2025-05-12,0.9273530233910496
WV,2025-05-19,0.9568401897825208
WV,2025-05-26,0.9196698000183412
WV,2025-06-02,1.161025060562288
WV,2025-06-09,1.070299297563858
WV,2025-06-16,1.0418514771713163
WV,2025-06-23,0.8331541548557425
WV,2025-06-30,0.9052332924243132
WV,2025-07-07,0.9518571715737826
WV,2025-07-14,0.9038920347158284
WV,2025-07-21,0.9959555372782748
WV,2025-07-28,0.9364687533823872
WV,2025-08-04,1.1130036352749042
WV,2025-08-11,1.0301437586528086
WV,2025-08-18,1.0579675955814627
WV,2025-08-25,1.0294748828342497
WV,2025-09-01,1.2545334198855638
WV,2025-09-08,1.2305431549982435
WV,2025-09-15,1.1452839282692684
WY,2016-10-10,1.0
WY,2016-10-17,1.0839130843616418
WY,2016-10-24,1.0713739978158945
WY,2016-10-31,1.0660581373346578
WY,2016-11-07,1.0326580230937783
WY,2016-11-14,1.0496600037538464
WY,2016-11-21,1.028356905317597
WY,2016-11-28,1.018660792708336
WY,2016-12-05,0.9664868921233076
WY,2016-12-12,1.044404664234844
WY,2016-12-19,1.1255817386272224
WY,2016-12-26,1.2419923283931242
WY,2017-01-02,1.2009910953647176
WY,2017-01-09,1.1110551205505068
WY,2017-01-16,1.138866794480027
WY,2017-01-23,1.125113054806001
WY,2017-01-30,1.1504580843929422
WY,2017-02-06,1.1177199490881171
WY,2017-02-13,1.140851824702297
WY,2017-02-20,1.068241248277133
WY,2017-02-27,0.9303912862002108
WY,2017-03-06,0.86143725450732
WY,2017-03-13,0.9244084672490748
WY,2017-03-20,0.9190213963851728
WY,2017-03-27,0.9788386494379766
WY,2017-04-03,0.9160288518881512
WY,2017-04-10,0.9134559097939956
WY,2017-04-17,0.8413754135649196
WY,2017-04-24,0.873573267205514
WY,2017-05-01,0.8809421525126744
WY,2017-05-08,0.9916649575583408
WY,2017-05-15,0.9412368475261786
WY,2017-05-22,0.9317556065763182
WY,2017-05-29,0.9196346236339856
WY,2017-06-05,0.9689367989364852
WY,2017-06-12,1.0246003230738336
WY,2017-06-19,0.9605516415662142
WY,2017-06-26,1.0164233454249294
WY,2017-07-03,0.956624268611299
WY,2017-07-10,0.9064691532670078
WY,2017-07-17,0.8774148198572841
WY,2017-07-24,0.920569447974366
WY,2017-07-31,0.9683291605551304
WY,2017-08-07,0.9002082146137083
WY,2017-08-14,0.989393240089684
WY,2017-08-21,1.0057174820931665
WY,2017-08-28,1.0997111303211813
WY,2017-09-04,1.1462982554703744
WY,2017-09-11,1.2541817795738497
WY,2017-09-18,1.119062159563443
WY,2017-09-25,1.0270272114346428
WY,2017-10-02,1.039593405862254
WY,2017-10-09,1.144478038575662
WY,2017-10-16,1.2696679870033811
WY,2017-10-23,1.097719608178788
WY,2017-10-30,1.139937948331881
WY,2017-11-06,1.038575664437138
WY,2017-11-13,1.0875370600166048
WY,2017-11-20,0.949998609386556
WY,2017-11-27,0.9518671656153228
WY,2017-12-04,0.9977929742588546
WY,2017-12-11,1.1209893671155826
WY,2017-12-18,1.1521700664537395
WY,2017-12-25,1.2352112827219974
WY,2018-01-01,1.3221095081962475
WY,2018-01-08,1.3100922109847213
WY,2018-01-15,1.1918053460568985
WY,2018-01-22,1.0957320081009447
WY,2018-01-29,1.051461520130193
WY,2018-02-05,1.0801699417368515
WY,2018-02-12,1.034824508447916
WY,2018-02-19,0.993157569047807
WY,2018-02-26,0.9378923388480428
WY,2018-03-05,0.8688052244586523
WY,2018-03-12,0.8612538266591626
WY,2018-03-19,0.8682158521562189
WY,2018-03-26,0.9067568638874992
WY,2018-04-02,0.8725480445083473
WY,2018-04-09,0.8381490447265058
WY,2018-04-16,0.8090926222942648
WY,2018-04-23,0.8402601644565586
WY,2018-04-30,0.8750306474494612
WY,2018-05-07,0.8876952730951515
WY,2018-05-14,0.8707419439836455
WY,2018-05-21,0.8896801285355479
WY,2018-05-28,0.961143504685205
WY,2018-06-04,0.9594150602187554
WY,2018-06-11,0.976712943349653
WY,2018-06-18,0.9544819824755416
WY,2018-06-25,1.0351258787710516
WY,2018-07-02,1.0274062590765174
WY,2018-07-09,1.0510187082163915
WY,2018-07-16,1.0323520174079444
WY,2018-07-23,0.9648085950081238
WY,2018-07-30,0.9071025855248164
WY,2018-08-06,0.9479237311605678
WY,2018-08-13,1.0204245037331912
WY,2018-08-20,1.075718458744626
WY,2018-08-27,1.0338027009918325
WY,2018-09-03,1.0030503766060803
WY,2018-09-10,1.0817658936022376
WY,2018-09-17,1.0416416555456596
WY,2018-09-24,1.053448820484394
WY,2018-10-01,0.9111251757572608
WY,2018-10-08,1.2530058299279427
WY,2018-10-15,1.2773758544128306
WY,2018-10-22,1.2697884996172073
WY,2018-10-29,0.943845363866009
WY,2018-11-05,0.9330232320915351
WY,2018-11-12,1.0129114965151804
WY,2018-11-19,1.0026274593360054
WY,2018-11-26,0.9894698236051552
WY,2018-12-03,1.0026162115432746
WY,2018-12-10,1.0581388016681494
WY,2018-12-17,1.1384453538165953
WY,2018-12-24,1.1348391545694092
WY,2018-12-31,1.2466797984249751
WY,2019-01-07,1.1339113638892968
WY,2019-01-14,1.138572796475737
WY,2019-01-21,1.030887973794262
WY,2019-01-28,1.160695919166121
WY,2019-02-04,1.1989391551953477
WY,2019-02-11,1.2105842133839582
WY,2019-02-18,1.1592676874609391
WY,2019-02-25,1.094285908554459
WY,2019-03-04,1.000022754698803
WY,2019-03-11,0.959573213088886
WY,2019-03-18,0.9247479935294624
WY,2019-03-25,0.8720827526712716
WY,2019-04-01,0.7678523942245057
WY,2019-04-08,0.7779508060498858
WY,2019-04-15,0.7542283178949283
WY,2019-04-22,0.8487716868114908
WY,2019-04-29,0.8541099521565326
WY,2019-05-06,0.915459666458734
WY,2019-05-13,0.8558021514671473
WY,2019-05-20,0.8510990035608335
WY,2019-05-27,0.8794566878534984
WY,2019-06-03,0.9473725955729632
WY,2019-06-10,0.942563525053378
WY,2019-06-17,0.9427579238026558
WY,2019-06-24,0.9458955147398906
WY,2019-07-01,0.9736766191673896
WY,2019-07-08,1.0043398446374578
WY,2019-07-15,0.9625511058865592
WY,2019-07-22,0.9663378837346872
WY,2019-07-29,0.9166796750806548
WY,2019-08-05,0.9551057423276784
WY,2019-08-12,0.9973929894728628
WY,2019-08-19,1.051841698489465
WY,2019-08-26,1.0883535456398947
WY,2019-09-02,1.074351226398802
WY,2019-09-09,1.067476614799174
WY,2019-09-16,1.3585607673260314
WY,2019-09-23,1.1687491502163987
WY,2019-09-30,1.2039913819769623
WY,2019-10-07,1.08016243063235
WY,2019-10-14,1.1966482177136388
WY,2019-10-21,1.1660045729815691
WY,2019-10-28,1.0334656148609491
WY,2019-11-04,1.0471565925328703
WY,2019-11-11,1.0379768816463728
WY,2019-11-18,1.0593681544680542
WY,2019-11-25,1.0608009891745331
WY,2019-12-02,1.0589701859317628
WY,2019-12-09,1.1020718774175784
WY,2019-12-16,1.1742496343053148
WY,2019-12-23,1.2613804235612256
WY,2019-12-30,1.348030948355481
WY,2020-01-06,1.1980266896535807
WY,2020-01-13,1.0657688423879097
WY,2020-01-20,0.9676052509015216
WY,2020-01-27,1.088956518518874
WY,2020-02-03,1.1533603905058216
WY,2020-02-10,1.0947780046113185
WY,2020-02-17,0.9928864696836948
WY,2020-02-24,0.9208729621193694
WY,2020-03-02,0.9040610104444724
WY,2020-03-09,0.8962211558825133
WY,2020-03-16,0.9548369950709892
WY,2020-03-23,1.0411347590117626
WY,2020-03-30,1.0247312474586825
WY,2020-04-06,0.928359530167322
WY,2020-04-13,0.7706315327783207
WY,2020-04-20,0.7491124558828065
WY,2020-04-27,0.8375348822325679
WY,2020-05-04,0.8539029044304379
WY,2020-05-11,0.9154564137975894
WY,2020-05-18,0.8964286276542569
WY,2020-05-25,0.8844138028314472
WY,2020-06-01,0.8486190576559277
WY,2020-06-08,0.8121760399613954
WY,2020-06-15,1.0038054501650584
WY,2020-06-22,1.0564800338833238
WY,2020-06-29,1.072231653374464
WY,2020-07-06,0.9483075280170944
WY,2020-07-13,1.0009503218699285
WY,2020-07-20,0.979755789675436
WY,2020-07-27,0.99304642713512
WY,2020-08-03,0.9458385504110648
WY,2020-08-10,0.981271498640248
WY,2020-08-17,0.9695922865159884
WY,2020-08-24,0.9769142878092284
WY,2020-08-31,1.0648836806872208
WY,2020-09-07,1.052548859153905
WY,2020-09-14,1.0713763153011369
WY,2020-09-21,0.9771768963088684
WY,2020-09-28,1.2375210155730614
WY,2020-10-05,1.1954204815598988
WY,2020-10-12,1.1487786091426393
WY,2020-10-19,0.929133393491734
WY,2020-10-26,0.9655469148132132
WY,2020-11-02,1.0635115835939355
WY,2020-11-09,1.0574861166994474
WY,2020-11-16,1.0849775416671317
WY,2020-11-23,0.9887139775635287
WY,2020-11-30,0.9941490051755808
WY,2020-12-07,0.9641904181813256
WY,2020-12-14,1.0276056927331632
WY,2020-12-21,0.9924828642052156
WY,2020-12-28,0.96310751217905
WY,2021-01-04,0.9391881822037178
WY,2021-01-11,0.9976376832477668
WY,2021-01-18,1.0202741931269874
WY,2021-01-25,1.004695697624537
WY,2021-02-01,0.9290631622600504
WY,2021-02-08,0.8839675236970964
WY,2021-02-15,1.0032591012988092
WY,2021-02-22,0.9934401798611155
WY,2021-03-01,0.993712726368708
WY,2021-03-08,0.902051935415228
WY,2021-03-15,0.9652076963623544
WY,2021-03-22,1.0161628360523012
WY,2021-03-29,1.0197907281786016
WY,2021-04-05,1.039021627693411
WY,2021-04-12,1.0064900844159206
WY,2021-04-19,1.00975270310127
WY,2021-04-26,1.0176697205770988
WY,2021-05-03,1.0895062441226375
WY,2021-05-10,1.0939972641271165
WY,2021-05-17,1.0438898722753442
WY,2021-05-24,0.9980550123428844
WY,2021-05-31,0.9627020812936756
WY,2021-06-07,1.075697472213226
WY,2021-06-14,1.0590449252735183
WY,2021-06-21,1.0690652693537106
WY,2021-06-28,1.0305422431024267
WY,2021-07-05,0.9953390449444396
WY,2021-07-12,0.9692960389141978
WY,2021-07-19,0.934144310093571
WY,2021-07-26,1.1072731538253984
WY,2021-08-02,1.1631777216105326
WY,2021-08-09,1.1591975604889726
WY,2021-08-16,1.0144698024841567
WY,2021-08-23,0.9936865952573092
WY,2021-08-30,1.179253366681975
WY,2021-09-06,1.2381040145682018
WY,2021-09-13,1.1730698061939335
WY,2021-09-20,1.0358789031115678
WY,2021-09-27,0.9652598447558928
WY,2021-10-04,0.9563759934459916
WY,2021-10-11,0.9465451497291216
WY,2021-10-18,1.051787785630813
WY,2021-10-25,1.1189062270382115
WY,2021-11-01,1.0880168107135708
WY,2021-11-08,0.999944414492436
WY,2021-11-15,0.9280622407321708
WY,2021-11-22,0.9931638039571594
WY,2021-11-29,0.924087236787313
WY,2021-12-06,0.9653723732787938
WY,2021-12-13,1.0544943535341913
WY,2021-12-20,1.181831811897193
WY,2021-12-27,1.2472755851822237
WY,2022-01-03,1.063193177199574
WY,2022-01-10,1.0244297249914465
WY,2022-01-17,1.014765893286304
WY,2022-01-24,1.0707192399802097
WY,2022-01-31,1.0383321068564215
WY,2022-02-07,0.8726678095088777
WY,2022-02-14,0.8416978858027531
WY,2022-02-21,0.8387002878944496
WY,2022-02-28,0.87904784228535
WY,2022-03-07,0.8672048857463603
WY,2022-03-14,0.9299096750313216
WY,2022-03-21,1.0548029365707214
WY,2022-03-28,1.0691003912398518
WY,2022-04-04,1.0781534676688846
WY,2022-04-11,0.997350955873829
WY,2022-04-18,0.968433502577138
WY,2022-04-25,0.9729659998614814
WY,2022-05-02,1.0076616464236994
WY,2022-05-09,1.0785142949590962
WY,2022-05-16,1.0524329978043947
WY,2022-05-23,1.01757506714598
WY,2022-05-30,0.9880854781027352
WY,2022-06-06,0.9816175148614344
WY,2022-06-13,0.971871717624955
WY,2022-06-20,1.0410667691736248
WY,2022-06-27,0.9044733135365002
WY,2022-07-04,0.9282665567592212
WY,2022-07-11,0.9433813438220788
WY,2022-07-18,1.0112438035565978
WY,2022-07-25,0.955822343602038
WY,2022-08-01,0.9031404892371504
WY,2022-08-08,0.9927696850431352
WY,2022-08-15,1.0810607560122854
WY,2022-08-22,1.0581000742735285
WY,2022-08-29,1.0421641369388568
WY,2022-09-05,1.052287186332854
WY,2022-09-12,1.125750628178008
WY,2022-09-19,1.0605974351459702
WY,2022-09-26,0.9997469536004102
WY,2022-10-03,1.0287138700906815
WY,2022-10-10,1.1846793490169705
WY,2022-10-17,1.1449986064635225
WY,2022-10-24,1.1059907022829376
WY,2022-10-31,1.1286564808968405
WY,2022-11-07,1.230749009113491
WY,2022-11-14,1.4049770505295536
WY,2022-11-21,1.2188410000023242
WY,2022-11-28,1.237663486161544
WY,2022-12-05,1.063817303995759
WY,2022-12-12,1.049231910392948
WY,2022-12-19,1.0399055117602554
WY,2022-12-26,1.0138938023097783
WY,2023-01-02,1.0144856041305923
WY,2023-01-09,0.8364564376578184
WY,2023-01-16,0.6967084237877361
WY,2023-01-23,0.6955022851736338
WY,2023-01-30,0.7993787685011284
WY,2023-02-06,0.9400448268281866
WY,2023-02-13,1.0189235701247863
WY,2023-02-20,1.03074482411478
WY,2023-02-27,1.0032781197430636
WY,2023-03-06,0.9783666568769775
WY,2023-03-13,0.9756986811772104
WY,2023-03-20,0.9889367399458826
WY,2023-03-27,0.9426029739286416
WY,2023-04-03,0.9034726739967304
WY,2023-04-10,0.9159428450462068
WY,2023-04-17,1.0100253414456573
WY,2023-04-24,0.9847825191828125
WY,2023-05-01,0.9522000875937828
WY,2023-05-08,0.9600305433976952
WY,2023-05-15,1.0849776928849837
WY,2023-05-22,0.9936812438403616
WY,2023-05-29,0.9769329605021808
WY,2023-06-05,0.932300164798292
WY,2023-06-12,1.055116677105031
WY,2023-06-19,0.9860469376094666
WY,2023-06-26,0.9169620026762209
WY,2023-07-03,0.9505110962520404
WY,2023-07-10,1.020247511425386
WY,2023-07-17,0.9631313081569992
WY,2023-07-24,0.9656758138097375
WY,2023-07-31,1.0127510576086942
WY,2023-08-07,1.0535191959374317
WY,2023-08-14,1.100760234470871
WY,2023-08-21,1.0043702194663915
WY,2023-08-28,1.169291656211306
WY,2023-09-04,1.1893023429982816
WY,2023-09-11,1.293310159058443
WY,2023-09-18,1.1824424606947566
WY,2023-09-25,1.4674673196388983
WY,2023-10-02,1.2261618910148822
WY,2023-10-09,1.1603326772578832
WY,2023-10-16,0.8543789968545221
WY,2023-10-23,1.0720683575799328
WY,2023-10-30,1.094964176793998
WY,2023-11-06,1.0960114936049052
WY,2023-11-13,1.0103627890412712
WY,2023-11-20,1.0363411165303067
WY,2023-11-27,1.0676635650101824
WY,2023-12-04,1.062709349635755
WY,2023-12-11,1.0771311876260494
WY,2023-12-18,1.087333659139819
WY,2023-12-25,1.180966485100176
WY,2024-01-01,1.165702213538342
WY,2024-01-08,1.0823702224959957
WY,2024-01-15,0.9789590998526748
WY,2024-01-22,0.8789809098146447
WY,2024-01-29,0.9677102600494124
WY,2024-02-05,1.0375909222994164
WY,2024-02-12,1.1169864644541163
WY,2024-02-19,1.040595290948181
WY,2024-02-26,0.9664476876037754
WY,2024-03-04,0.9121074034964668
WY,2024-03-11,0.9166332460498752
WY,2024-03-18,0.955621055913376
WY,2024-03-25,0.929496961606424
WY,2024-04-01,0.922911181046438
WY,2024-04-08,0.8273087081189322
WY,2024-04-15,0.9536364228188788
WY,2024-04-22,0.9608419156505412
WY,2024-04-29,1.0459808809618365
WY,2024-05-06,0.9293738414106684
WY,2024-05-13,0.8688959918929913
WY,2024-05-20,0.8407253420263151
WY,2024-05-27,0.883024176313211
WY,2024-06-03,1.019761612724265
WY,2024-06-10,0.958600377969176
WY,2024-06-17,0.8997403177074008
WY,2024-06-24,0.7980887918823832
WY,2024-07-01,0.9214925546660576
WY,2024-07-08,1.0185462519104855
WY,2024-07-15,1.027106776261387
WY,2024-07-22,0.9447986036798208
WY,2024-07-29,0.9548435445687732
WY,2024-08-05,1.0229980809956658
WY,2024-08-12,1.0146308666468304
WY,2024-08-19,0.993339759119888
WY,2024-08-26,1.0392219357480323
WY,2024-09-02,1.0748701083186938
WY,2024-09-09,1.1711856894092303
WY,2024-09-16,1.0969778273636588
WY,2024-09-23,1.0889240001781826
WY,2024-09-30,0.9175213818736512
WY,2024-10-07,1.0352775541479016
WY,2024-10-14,1.0828908532381067
WY,2024-10-21,1.0950940798887838
WY,2024-10-28,1.0463289848905062
WY,2024-11-04,0.962439497737324
WY,2024-11-11,1.0220124094284355
WY,2024-11-18,1.0189508109199297
WY,2024-11-25,1.1041322613068294
WY,2024-12-02,1.060799211821613
WY,2024-12-09,1.017848276773523
WY,2024-12-16,0.9676747629822596
WY,2024-12-23,1.2197480500946996
WY,2024-12-30,1.4014763015536733
WY,2025-01-06,1.3672456813837446
WY,2025-01-13,1.0584673643555158
WY,2025-01-20,0.9742464577018088
WY,2025-01-27,1.0112759563869609
WY,2025-02-03,1.0760587563739608
WY,2025-02-10,1.0999183646853907
WY,2025-02-17,1.0761521004392105
WY,2025-02-24,0.9979322119152404
WY,2025-03-03,0.9143954540945016
WY,2025-03-10,0.8760413299252757
WY,2025-03-17,0.8876603973549055
WY,2025-03-24,0.8281510633015984
WY,2025-03-31,0.8550435250143464
WY,2025-04-07,0.8784615516843562
WY,2025-04-14,0.8686048816919852
WY,2025-04-21,0.9170544513714772
WY,2025-04-28,0.95100981636658
WY,2025-05-05,1.0796612885777903
WY,2025-05-12,1.039512699486466
WY,2025-05-19,1.0100013396240997
WY,2025-05-26,0.9181906207842662
WY,2025-06-02,0.9103433192124918
WY,2025-06-09,0.9635845306877642
WY,2025-06-16,0.9586630849738332
WY,2025-06-23,0.988753280250974
WY,2025-06-30,0.958279768936834
WY,2025-07-07,0.9873458159066176
WY,2025-07-14,0.9596816518442652
WY,2025-07-21,0.9458409784882832
WY,2025-07-28,0.9453092559322204
WY,2025-08-04,1.0023559763170442
WY,2025-08-11,0.99304539502227
WY,2025-08-18,0.9290225798863012
WY,2025-08-25,1.1265711960557996
WY,2025-09-01,1.117179871229168
WY,2025-09-08,1.1952156906541105
WY,2025-09-15,1.012192954564975
